template,category,references
docs/announcement-bar/announcementbar-examples.tpl,Marketing,
docs/announcement-bar/announcementbar-header-integration.tpl,Marketing,
docs/announcement-bar/cloudhost247-variant/templates/includes/announcementbar-examples.tpl,Marketing,
docs/announcement-bar/cloudhost247-variant/templates/includes/announcementbar-header-integration.tpl,Marketing,
docs/announcement-bar/cloudhost247-variant/templates/includes/announcementbar.tpl,Marketing,{$announcement.url|escape:
modules/addons/cloudhost247_broker/templates/detail.tpl,Administrative/internal,clientarea.php?action=invoices; clientarea.php?action=domains; index.php?m=cloudhost247_broker&amp;a=list
modules/addons/cloudhost247_broker/templates/list.tpl,Administrative/internal,index.php?m=cloudhost247_broker&amp;a=new; index.php?m=cloudhost247_broker&amp;a=detail&amp;id={$c->id|intval}; index.php?m=cloudhost247_broker&amp;a=list&amp;page={$smarty.section.p.index}
modules/addons/cloudhost247_broker/templates/new.tpl,Administrative/internal,domain-brokerage-terms.php
modules/addons/cloudhost247_cart_recovery/templates/admin/index.tpl,Administrative/internal,<?php echo $e($link . $separator . ; <?php echo $e($base . $page); ?>
modules/addons/cloudhost247_domain_lookup/templates/admin/dashboard.tpl,Administrative/internal,{$moduleLink}&action=logs; configaddonmods.php?module=cloudhost247_domain_lookup; https://www.whatismyip.com/; https://ipinfo.io/
modules/addons/cloudhost247_domain_lookup/templates/admin/logs.tpl,Administrative/internal,{$moduleLink}&action=dashboard
modules/addons/cloudhost247_domain_lookup/templates/client/tool.tpl,Domains,index.php?m=cloudhost247_domain_lookup
modules/addons/cloudhost247_domain_lookup/templates/client/tools.tpl,Domains,{$tool.url}
modules/addons/cloudhost247_passkey/templates/admin/index.tpl,Administrative/internal,<?php echo $e($link .
modules/addons/cloudhost247_passkey/templates/client/login.tpl,Authentication,
modules/addons/cloudhost247_passkey/templates/client/security.tpl,Authentication,
modules/addons/cloudhost247_smm/templates/orders.tpl,Administrative/internal,
modules/addons/cloudhost247_tools/templates/client/category.tpl,Developer,{$base_url|escape}; {$base_url|escape}&action=tool&tool={$toolId|escape}
modules/addons/cloudhost247_tools/templates/client/dashboard.tpl,Developer,{$base_url|escape}&action=tool&tool={$toolId|escape}; {$base_url|escape}&action=category&cat={$catKey|escape}
modules/addons/cloudhost247_tools/templates/client/tool.tpl,Developer,{$base_url|escape}; {$base_url|escape}&action=category&cat={$tool.category|escape}; {$base_url|escape}&action=tool&tool={$rId|escape}
modules/addons/customaffiliate/templates/admin/commissions.tpl,Administrative/internal,<?php echo $moduleLink; ?>&amp;action=commissions; clientssummary.php?userid=<?php echo (int) $payout->client_id; ?>; invoices.php?action=edit&amp;id=<?php echo (int) $payout->invoice_id; ?>
modules/addons/customaffiliate/templates/admin/dashboard.tpl,Administrative/internal,<?php echo $moduleLink; ?>&amp;action=settings; invoices.php?action=edit&amp;id=<?php echo (int) $payout->invoice_id; ?>; <?php echo $moduleLink; ?>&amp;action=commissions; <?php echo $moduleLink; ?>&amp;action=ledger
modules/addons/customaffiliate/templates/admin/ledger.tpl,Administrative/internal,<?php echo $moduleLink; ?>&amp;action=ledger; clientssummary.php?userid=<?php echo (int) $row->client_id; ?>
modules/addons/customaffiliate/templates/admin/logs.tpl,Administrative/internal,<?php echo $moduleLink; ?>&amp;action=logs<?php echo $value !==
modules/addons/customaffiliate/templates/admin/settings.tpl,Administrative/internal,<?php echo $moduleLink; ?>
modules/addons/digitalproducts/templates/client/downloads.tpl,Administrative/internal,
modules/addons/dnschecker/templates/clientarea.tpl,Client Area,
modules/addons/phoneservices/templates/admin/api_config.tpl,Administrative/internal,<?php echo $moduleLink; ?>&amp;action=providers
modules/addons/phoneservices/templates/admin/dashboard.tpl,Administrative/internal,<?php echo $moduleLink; ?>&amp;action=<?php echo $e($card[; <?php echo $moduleLink; ?>&amp;action=api_config; <?php echo $moduleLink; ?>&amp;action=logs
modules/addons/phoneservices/templates/admin/esim.tpl,Administrative/internal,clientssummary.php?userid=<?php echo (int) $esim[
modules/addons/phoneservices/templates/admin/logs.tpl,Administrative/internal,<?php echo $moduleLink; ?>&amp;action=logs<?php echo $value !==
modules/addons/phoneservices/templates/admin/numbers.tpl,Administrative/internal,<?php echo $moduleLink; ?>&amp;action=numbers; clientssummary.php?userid=<?php echo (int) $number[
modules/addons/phoneservices/templates/admin/pricing.tpl,Administrative/internal,
modules/addons/phoneservices/templates/admin/providers.tpl,Administrative/internal,<?php echo $moduleLink; ?>&amp;action=api_config#ps-<?php echo $e($provider[
modules/addons/phoneservices/templates/admin/sms.tpl,Administrative/internal,clientssummary.php?userid=<?php echo (int) $message[
modules/addons/phoneservices/templates/admin/transactions.tpl,Administrative/internal,<?php echo $moduleLink; ?>&amp;action=transactions; clientssummary.php?userid=<?php echo (int) $transaction[; invoices.php?action=edit&amp;id=<?php echo (int) $transaction[
modules/addons/phoneservices/templates/admin/usage.tpl,Administrative/internal,
modules/addons/phoneservices/templates/admin/users.tpl,Administrative/internal,<?php echo $moduleLink; ?>&amp;action=users; clientssummary.php?userid=<?php echo (int) $user[; clientssummary.php?userid=<?php echo (int) $subscription[
modules/addons/phoneservices/templates/admin/voip.tpl,Administrative/internal,clientssummary.php?userid=<?php echo (int) $call[
modules/addons/phoneservices/templates/client/dashboard.tpl,Administrative/internal,<?php echo $e($link . $card[; <?php echo $e($link .
modules/addons/phoneservices/templates/client/esim.tpl,Administrative/internal,
modules/addons/phoneservices/templates/client/numbers.tpl,Administrative/internal,
modules/addons/phoneservices/templates/client/sms.tpl,Administrative/internal,
modules/addons/phoneservices/templates/client/usage.tpl,Administrative/internal,viewinvoice.php?id=<?php echo (int) $transaction[
modules/addons/phoneservices/templates/client/voip.tpl,Administrative/internal,
modules/addons/phoneservices/templates/clientarea.tpl,Client Area,{$modulelink}; {$modulelink}&amp;action=numbers; {$modulelink}&amp;action=voip; {$modulelink}&amp;action=sms; {$modulelink}&amp;action=esim; {$modulelink}&amp;action=usage
modules/addons/soyoustart/templates/admin/addimap.tpl,Administrative/internal,https://wiki.whmcsglobalservices.com/index.php?title=OVH_whmcs_module#Email_Import_Settings; {$tplVar.moduleLink}&action=imapsetting; https://console.developers.google.com/
modules/addons/soyoustart/templates/admin/consumersetting.tpl,Administrative/internal,https://cdn.jsdelivr.net/npm/sweetalert2@11; https://wiki.whmcsglobalservices.com/index.php?title=WHMCS_OVH_Module_Installation_Guide_%26_Documentation#Generate_the_OVH_API_Key; https://api.ovh.com/createApp/; images/spacer.gif; {$tplVar[; https://wiki.whmcsglobalservices.com/index.php?title=WHMCS_OVH_Module_Installation_Guide_%26_Documentation#Price_Margin_Setting; https://wiki.whmcsglobalservices.com/index.php?title=WHMCS_OVH_Module_Installation_Guide_%26_Documentation#Notification_Settings; https://wiki.whmcsglobalservices.com/index.php?title=WHMCS_OVH_Module_Installation_Guide_%26_Documentation#Price_Margin_Setting; https://wiki.whmcsglobalservices.com/index.php?title=WHMCS_OVH_Module_Installation_Guide_%26_Documentation#ACL_settings; https://wiki.whmcsglobalservices.com/index.php?title=WHMCS_OVH_Module_Installation_Guide_%26_Documentation#OVH_Order_Form_Settings
modules/addons/soyoustart/templates/admin/dasboard.tpl,Administrative/internal,
modules/addons/soyoustart/templates/admin/existingserver.tpl,Administrative/internal,https://wiki.whmcsglobalservices.com/index.php?title=WHMCS_OVH_Module_Installation_Guide_%26_Documentation#How_to_Assign_Existing_OVH_server_in_WHMCS; https://wiki.whmcsglobalservices.com/index.php?title=WHMCS_OVH_Module_Installation_Guide_%26_Documentation#How_to_Assign_Existing_OVH_server_in_WHMCS
modules/addons/soyoustart/templates/admin/footer.tpl,Administrative/internal,https://whmcsglobalservices.com/; {$tplVar.urlPath}templates/assets/images/logo.png; https://whmcsglobalservices.com/; https://whmcsglobalservices.com/members/submitticket.php?step=2&deptid=2
modules/addons/soyoustart/templates/admin/header.tpl,Administrative/internal,{$tplVar.urlPath}templates/assets/css/style.css?v={$unique_id}; {$tplVar.urlPath}templates/assets/js/script.js?v={$unique_id}; https://ajax.aspnetcdn.com/ajax/jquery.validate/1.14.0/jquery.validate.js; https://cdnjs.cloudflare.com/ajax/libs/jquery-validate/1.19.2/additional-methods.min.js; https://cdn.jsdelivr.net/npm/sweetalert2@11; https://whmcsglobalservices.com/; {$tplVar.urlPath}templates/assets/images/logo.png; {$tplVar.moduleLink}; {$tplVar.urlPath}templates/assets/images/icon_1.svg; {$tplVar.moduleLink}&action=consumerSetting; {$tplVar.urlPath}templates/assets/images/icon_11.svg; {$tplVar.moduleLink}&action=productsetting; {$tplVar.urlPath}templates/assets/images/icon_4.svg; {$tplVar.moduleLink}&action=imapsetting; {$tplVar.urlPath}templates/assets/images/envelope.png; {$tplVar.moduleLink}&action=existingserver; {$tplVar.urlPath}templates/assets/images/icon_existing.svg; {$tplVar.moduleLink}&action=manageemailtemplates; {$tplVar.urlPath}templates/assets/images/icon_2.svg; {$tplVar.moduleLink}&action=serversstatus; {$tplVar.urlPath}templates/assets/images/icon_12.svg; {$tplVar.moduleLink}&action=logs; {$tplVar.urlPath}templates/assets/images/icon_5.svg; {$tplVar.moduleLink}&action=ordermanagement; {$tplVar.urlPath}templates/assets/images/delivery-status.svg; https://wiki.whmcsglobalservices.com/index.php?title=WHMCS_OVH_Module_Installation_Guide_%26_Documentation; {$tplVar.urlPath}templates/assets/images/icon_doc.svg
modules/addons/soyoustart/templates/admin/imapsetting.tpl,Administrative/internal,https://wiki.whmcsglobalservices.com/index.php?title=WHMCS_OVH_Module_Installation_Guide_%26_Documentation#Email_Import_Settings; {$tplVar.moduleLink}&action=addimap&tab=imapsetting; {$tplVar.moduleLink}&amp;tab=editWebMail&amp;action=addimap&amp;id={$value->id}; images/edit.gif; {$tplVar.moduleLink}&amp;tab=delete&amp;action=imapsetting&amp;id={$value->id}; images/delete.gif; {$tplVar.moduleLink}&action=imapsetting&account={$value->account_user}; {$tplVar.urlPath}templates/assets/images/google-login-button-asif18.png; {$tplVar.moduleLink}&amp;tab=edit&amp;action=addimap&amp;id={$value->id}; images/edit.gif; {$tplVar.moduleLink}&amp;tab=delete&amp;action=imapsetting&amp;id={$value->id}; images/delete.gif
modules/addons/soyoustart/templates/admin/logs.tpl,Administrative/internal,https://cdn.datatables.net/1.13.6/css/jquery.dataTables.min.css; https://cdn.datatables.net/1.13.6/js/jquery.dataTables.min.js; https://cdn.jsdelivr.net/npm/sweetalert2@11; https://wiki.whmcsglobalservices.com/index.php?title=WHMCS_OVH_Module_Installation_Guide_%26_Documentation#Logs
modules/addons/soyoustart/templates/admin/manageemailtemplates.tpl,Administrative/internal,{$tplVar.urlPath}templates/assets/tinymce/tinymce.min.js; https://wiki.whmcsglobalservices.com/index.php?title=WHMCS_OVH_Module_Installation_Guide_%26_Documentation#Email_Template_Setup; {$tplVar.urlPath}templates/assets/images/disable.png; {$tplVar.urlPath}templates/assets/images/enable.png; {$tplVar.moduleLink}&action=manageemailtemplates&tab=edittemplate&templateId={$emailTemplate->id}; {$tplVar.urlPath}templates/assets/images/edit.png; {$tplVar.moduleLink}&action=manageemailtemplates
modules/addons/soyoustart/templates/admin/ordermanagement.tpl,Administrative/internal,https://cdn.datatables.net/1.13.6/css/jquery.dataTables.min.css; https://cdn.datatables.net/1.13.6/js/jquery.dataTables.min.js; https://wiki.whmcsglobalservices.com/index.php?title=WHMCS_OVH_Module_Installation_Guide_%26_Documentation#Order_Tracking; clientsservices.php?id={$order->id}; clientssummary.php?userid={$order->clientid}; configproducts.php?action=edit&id={$order->productId}; orders.php?action=view&id={$order->orderid}
modules/addons/soyoustart/templates/admin/productpricesetting.tpl,Administrative/internal,{$tplVar[
modules/addons/soyoustart/templates/admin/productsetting.tpl,Administrative/internal,https://cdn.jsdelivr.net/npm/sweetalert2@11; https://wiki.whmcsglobalservices.com/index.php?title=WHMCS_OVH_Module_Installation_Guide_%26_Documentation#Setup_the_OVH_VPS_.2F_Dedicated_Products; images/loading.gif; {$tplVar.urlPath}templates/assets/images/loading.gif; {$tplVar.urlPath}templates/assets/images/loading.gif; https://ovh-new.shinedezign.pro/modules/addons/soyoustart/templates/assets/images/loading.gif; {$tplVar.urlPath}templates/assets/images/loading.gif; configproducts.php?action=edit&id={$product->id}; ../cart.php?a=add&pid={$product->id}; {$tplVar[; {$tplVar[
modules/addons/soyoustart/templates/admin/serversstatus.tpl,Administrative/internal,https://cdn.datatables.net/1.11.5/css/jquery.dataTables.min.css; https://cdn.datatables.net/1.11.5/js/jquery.dataTables.min.js; https://cdn.jsdelivr.net/npm/sweetalert2@11; https://wiki.whmcsglobalservices.com/index.php?title=WHMCS_OVH_Module_Installation_Guide_%26_Documentation#Server_Status; clientssummary.php?userid={$package->clientid}; clientsservices.php?id={$package->id}
modules/addons/soyoustart/templates/admin/settings.tpl,Administrative/internal,{$tplVar.moduleLink}&amp;action=settings&amp;tab=delete&amp;id={$value->id}_{$value->name}
modules/addons/tools_center/templates/tools/category.tpl,Developer,index.php?m=tools_center; index.php?m=tools_center
modules/addons/tools_center/templates/tools/dashboard.tpl,Developer,index.php?m=tools_center&cat={$catKey}
modules/addons/tools_center/templates/tools/tool.tpl,Developer,index.php?m=tools_center; index.php?m=tools_center&cat={$currentCategory}
modules/gateways/blockonomics/assets/templates/checkout.tpl,Checkout,{$WEB_ROOT}/modules/gateways/blockonomics/assets/css/order.css; {$payment_uri}; {$payment_uri}; {$WEB_ROOT}/modules/gateways/blockonomics/assets/js/vendors/reconnecting-websocket.min.js; {$WEB_ROOT}/modules/gateways/blockonomics/assets/js/vendors/qrious.min.js; {$WEB_ROOT}/modules/gateways/blockonomics/assets/js/checkout.js
modules/gateways/blockonomics/assets/templates/crypto_options.tpl,Administrative/internal,{$WEB_ROOT}/modules/gateways/blockonomics/assets/css/order.css; {$WEB_ROOT}/modules/gateways/blockonomics/payment.php?show_order={$order_hash}&crypto={$code}
modules/gateways/blockonomics/assets/templates/no_crypto_selected.tpl,Administrative/internal,{$WEB_ROOT}/modules/gateways/blockonomics/assets/css/order.css
modules/gateways/blockonomics/assets/templates/web3_checkout.tpl,Checkout,{$WEB_ROOT}/modules/gateways/blockonomics/assets/css/order.css; {$WEB_ROOT}/modules/gateways/blockonomics/assets/js/vendors/ethers.min.js; {$WEB_ROOT}/modules/gateways/blockonomics/assets/js/web3_checkout.js
modules/servers/RDP/templates/error.tpl,Administrative/internal,clientarea.php?action=services
modules/servers/RDP/templates/overview.tpl,Administrative/internal,{$assets_link}css/client-style.css; {$assets_link}js/client-script.js
modules/servers/Smtphosting/App/UI/Admin/Templates/home/pages/homePage.tpl,Administrative/internal,http://git.mglocal/modulesgardenlive/mgmoduleframework/wikis/home; http://zavoloklom.github.io/material-design-iconic-font/icons.html; http://dev.rsstudio.net/mg/statistics.html; http://dev.rsstudio.net/mg/docs/getting-started/introduction.html
modules/servers/Smtphosting/App/UI/Admin/Templates/loggerManager/buttons/deleteAllLoggersButton.tpl,Administrative/internal,
modules/servers/Smtphosting/templates/admin/controlers/addonIntegration.tpl,Administrative/internal,{$customAssetsURL}/css/integration.css
modules/servers/Smtphosting/templates/admin/controlers/adminServicesTabFieldsIntegration.tpl,Administrative/internal,{$customAssetsURL}/css/integration.css
modules/servers/Smtphosting/templates/admin/controlers/assets/css_assets.tpl,Administrative/internal,"https://fonts.googleapis.com/css?family=Roboto:300,400,500,700; {$assetsURL}/css/layers-ui.css; {$assetsURL}/css/mg_styles.css; {$customAssetsURL}/css/module_styles.css"
modules/servers/Smtphosting/templates/admin/controlers/assets/js_assets.tpl,Administrative/internal,https://unpkg.com/vue; https://unpkg.com/vuex; {$assetsURL}/js/vue.min.js; {$assetsURL}/js/vuex.min.js; {$assetsURL}/js/moment.js; {$assetsURL}/js/mgComponents.js; {$assetsURL}/js/jscolor.min.js; {$assetsURL}/js/layers-ui.js; {$assetsURL}/js/layers-ui-table.js; {$assetsURL}/js/chart.min.js
modules/servers/Smtphosting/templates/admin/controlers/configOptionsIntegration.tpl,Administrative/internal,{$customAssetsURL}/css/integration.css
modules/servers/Smtphosting/templates/admin/controlers/errorPage.tpl,Administrative/internal,{$mainURL}; {$assetsURL}/img/products/{$tagImageModule}.svg; {$mainURL}; {$assetsURL}/img/products/{$tagImageModule}.svg; https://www.modulesgarden.com; {$assetsURL}/img/logo.png; {$category.url}; {$subCategory.externalUrl}; {$subCategory.url}; {if $category.externalUrl}{$category.externalUrl}{else}{$category.url}{/if}; javascript:;
modules/servers/Smtphosting/templates/admin/controlers/integration.tpl,Administrative/internal,
modules/servers/Smtphosting/templates/admin/controlers/integrationsWrapper.tpl,Administrative/internal,{$customAssetsURL}/css/integration.css
modules/servers/Smtphosting/templates/admin/controlers/main.tpl,Administrative/internal,{$mainURL}; {$assetsURL}/img/products/{$tagImageModule}.svg; {$mainURL}; {$assetsURL}/img/products/{$tagImageModule}.svg; https://www.modulesgarden.com; {$assetsURL}/img/logo.png; {$category.url}; {$subCategory.externalUrl}; {$subCategory.url}; {if $category.externalUrl}{$category.externalUrl}{else}{$category.url}{/if}; {$brItem->getUrl()}
modules/servers/Smtphosting/templates/admin/controlers/pageNotFound.tpl,Administrative/internal,{$mainURL}; {$assetsURL}/img/products/{$tagImageModule}.svg; {$mainURL}; {$assetsURL}/img/products/{$tagImageModule}.svg; https://www.modulesgarden.com; {$assetsURL}/img/logo.png; {$category.url}; {$subCategory.externalUrl}; {$subCategory.url}; {if $category.externalUrl}{$category.externalUrl}{else}{$category.url}{/if}; javascript:;
modules/servers/Smtphosting/templates/admin/pages/home/home.tpl,Administrative/internal,
modules/servers/Smtphosting/templates/admin/ui/core/default/appLayouts/navbarLeft.tpl,Administrative/internal,{$mainURL}; {$assetsURL}/img/products/{$tagImageModule}.svg; {$mainURL}; {$assetsURL}/img/products/{$tagImageModule}.svg; https://www.modulesgarden.com; {$assetsURL}/img/logo.png; {$category.url}; {$subCategory.externalUrl}; {$subCategory.url}; {if $category.externalUrl}{$category.externalUrl}{else}{$category.url}{/if}; {$brItem.url}
modules/servers/Smtphosting/templates/admin/ui/core/default/appLayouts/navbarLeftThin.tpl,Administrative/internal,{$mainURL}; {$assetsURL}/img/products/{$tagImageModule}.svg; {$mainURL}; {$assetsURL}/img/products/{$tagImageModule}.svg; https://www.modulesgarden.com; {$assetsURL}/img/logo.png; {$category.url}; {$subCategory.externalUrl}; {$subCategory.url}; {if $category.externalUrl}{$category.externalUrl}{else}{$category.url}{/if}; {$brItem.url}
modules/servers/Smtphosting/templates/admin/ui/core/default/appLayouts/navbarRight.tpl,Administrative/internal,{$mainURL}; {$assetsURL}/img/products/{$tagImageModule}.svg; {$mainURL}; {$assetsURL}/img/products/{$tagImageModule}.svg; https://www.modulesgarden.com; {$assetsURL}/img/logo.png; {$category.url}; {$subCategory.externalUrl}; {$subCategory.url}; {if $category.externalUrl}{$category.externalUrl}{else}{$category.url}{/if}; {$brItem.url}
modules/servers/Smtphosting/templates/admin/ui/core/default/appLayouts/navbarRightThin.tpl,Administrative/internal,{$mainURL}; {$assetsURL}/img/products/{$tagImageModule}.svg; {$mainURL}; {$assetsURL}/img/products/{$tagImageModule}.svg; https://www.modulesgarden.com; {$assetsURL}/img/logo.png; {$category.url}; {$subCategory.externalUrl}; {$subCategory.url}; {if $category.externalUrl}{$category.externalUrl}{else}{$category.url}{/if}; {$brItem.url}
modules/servers/Smtphosting/templates/admin/ui/core/default/appLayouts/navbarTop.tpl,Administrative/internal,
modules/servers/Smtphosting/templates/admin/ui/core/default/builder/container.tpl,Administrative/internal,
modules/servers/Smtphosting/templates/admin/ui/core/default/hiddenSearchable.tpl,Administrative/internal,
modules/servers/Smtphosting/templates/admin/ui/core/default/mainContainer.tpl,Administrative/internal,
modules/servers/Smtphosting/templates/admin/ui/core/default/mainContainerIntegrationAddon.tpl,Administrative/internal,
modules/servers/Smtphosting/templates/admin/ui/core/default/searchable.tpl,Administrative/internal,
modules/servers/Smtphosting/templates/admin/ui/core/default/widget/buttons/buttonBase.tpl,Administrative/internal,
modules/servers/Smtphosting/templates/admin/ui/core/default/widget/buttons/buttonCreate.tpl,Administrative/internal,
modules/servers/Smtphosting/templates/admin/ui/core/default/widget/buttons/buttonCustomAction.tpl,Administrative/internal,
modules/servers/Smtphosting/templates/admin/ui/core/default/widget/buttons/buttonDataTableModalAction.tpl,Administrative/internal,
modules/servers/Smtphosting/templates/admin/ui/core/default/widget/buttons/buttonDatatableModalContextLang.tpl,Administrative/internal,
modules/servers/Smtphosting/templates/admin/ui/core/default/widget/buttons/buttonDatatableShowModal.tpl,Administrative/internal,
modules/servers/Smtphosting/templates/admin/ui/core/default/widget/buttons/buttonMassAction.tpl,Administrative/internal,
modules/servers/Smtphosting/templates/admin/ui/core/default/widget/buttons/buttonMassActionContextLang.tpl,Administrative/internal,
modules/servers/Smtphosting/templates/admin/ui/core/default/widget/buttons/buttonModal.tpl,Administrative/internal,
modules/servers/Smtphosting/templates/admin/ui/core/default/widget/buttons/buttonRedirect.tpl,Administrative/internal,
modules/servers/Smtphosting/templates/admin/ui/core/default/widget/buttons/buttonSubmitForm.tpl,Administrative/internal,
modules/servers/Smtphosting/templates/admin/ui/core/default/widget/buttons/buttonSwitchAjax.tpl,Administrative/internal,
modules/servers/Smtphosting/templates/admin/ui/core/default/widget/buttons/dropdawnButtonWrappers/buttonDropdown.tpl,Administrative/internal,
modules/servers/Smtphosting/templates/admin/ui/core/default/widget/buttons/dropdawnButtonWrappers/buttonDropdownItem.tpl,Administrative/internal,
modules/servers/Smtphosting/templates/admin/ui/core/default/widget/buttons/dropdawnButtonWrappers/buttonDropdown_components.tpl,Administrative/internal,
modules/servers/Smtphosting/templates/admin/ui/core/default/widget/buttons/modalActionButtons/baseAcceptButton.tpl,Administrative/internal,
modules/servers/Smtphosting/templates/admin/ui/core/default/widget/buttons/modalActionButtons/baseCancelButton.tpl,Administrative/internal,
modules/servers/Smtphosting/templates/admin/ui/core/default/widget/categoryMenu/categoryMenuDynamicContent.tpl,Administrative/internal,javascript:;; javascript:;
modules/servers/Smtphosting/templates/admin/ui/core/default/widget/categoryMenu/categoryMenuDynamicContent_components.tpl,Administrative/internal,
modules/servers/Smtphosting/templates/admin/ui/core/default/widget/categoryMenu/itemContent.tpl,Administrative/internal,
modules/servers/Smtphosting/templates/admin/ui/core/default/widget/container.tpl,Administrative/internal,
modules/servers/Smtphosting/templates/admin/ui/core/default/widget/dataTable/dataTable.tpl,Administrative/internal,
modules/servers/Smtphosting/templates/admin/ui/core/default/widget/dataTable/dataTable_components.tpl,Administrative/internal,javascript:;; javascript:;; #{$elementId}; #{$elementId}
modules/servers/Smtphosting/templates/admin/ui/core/default/widget/dataTable/datatableCategorisedTabsContainer.tpl,Administrative/internal,#contTab{$tplValue->getId()}
modules/servers/Smtphosting/templates/admin/ui/core/default/widget/dataTable/datatableTabsContainer.tpl,Administrative/internal,#contTab{$tplValue->getId()}
modules/servers/Smtphosting/templates/admin/ui/core/default/widget/dataTable/filters/select.tpl,Administrative/internal,
modules/servers/Smtphosting/templates/admin/ui/core/default/widget/dataTable/filters/select_components.tpl,Administrative/internal,
modules/servers/Smtphosting/templates/admin/ui/core/default/widget/dataTable/filters/text.tpl,Administrative/internal,
modules/servers/Smtphosting/templates/admin/ui/core/default/widget/dataTable/filters/text_components.tpl,Administrative/internal,
modules/servers/Smtphosting/templates/admin/ui/core/default/widget/forms/ajaxFields/select.tpl,Administrative/internal,
modules/servers/Smtphosting/templates/admin/ui/core/default/widget/forms/ajaxFields/selectRemoteSearch.tpl,Administrative/internal,
modules/servers/Smtphosting/templates/admin/ui/core/default/widget/forms/ajaxFields/selectRemoteSearch_components.tpl,Administrative/internal,
modules/servers/Smtphosting/templates/admin/ui/core/default/widget/forms/ajaxFields/select_components.tpl,Administrative/internal,
modules/servers/Smtphosting/templates/admin/ui/core/default/widget/forms/baseAutoSaveFormExtSections.tpl,Administrative/internal,
modules/servers/Smtphosting/templates/admin/ui/core/default/widget/forms/baseForm.tpl,Administrative/internal,
modules/servers/Smtphosting/templates/admin/ui/core/default/widget/forms/baseStandaloneForm.tpl,Administrative/internal,
modules/servers/Smtphosting/templates/admin/ui/core/default/widget/forms/baseStandaloneFormExtSections.tpl,Administrative/internal,
modules/servers/Smtphosting/templates/admin/ui/core/default/widget/forms/fields/autoSaveFields/select2vueByValueOnly.tpl,Administrative/internal,
modules/servers/Smtphosting/templates/admin/ui/core/default/widget/forms/fields/autoSaveFields/switcher.tpl,Administrative/internal,
modules/servers/Smtphosting/templates/admin/ui/core/default/widget/forms/fields/checkbox.tpl,Administrative/internal,
modules/servers/Smtphosting/templates/admin/ui/core/default/widget/forms/fields/colorPicker.tpl,Administrative/internal,
modules/servers/Smtphosting/templates/admin/ui/core/default/widget/forms/fields/date.tpl,Administrative/internal,
modules/servers/Smtphosting/templates/admin/ui/core/default/widget/forms/fields/datePicker.tpl,Administrative/internal,
modules/servers/Smtphosting/templates/admin/ui/core/default/widget/forms/fields/hidden.tpl,Administrative/internal,
modules/servers/Smtphosting/templates/admin/ui/core/default/widget/forms/fields/inputGroupElements/inputAddon.tpl,Administrative/internal,
modules/servers/Smtphosting/templates/admin/ui/core/default/widget/forms/fields/inputGroupElements/select.tpl,Administrative/internal,
modules/servers/Smtphosting/templates/admin/ui/core/default/widget/forms/fields/inputGroupElements/text.tpl,Administrative/internal,
modules/servers/Smtphosting/templates/admin/ui/core/default/widget/forms/fields/number.tpl,Administrative/internal,
modules/servers/Smtphosting/templates/admin/ui/core/default/widget/forms/fields/password.tpl,Administrative/internal,
modules/servers/Smtphosting/templates/admin/ui/core/default/widget/forms/fields/passwordGenerate.tpl,Administrative/internal,
modules/servers/Smtphosting/templates/admin/ui/core/default/widget/forms/fields/passwordGenerate_components.tpl,Administrative/internal,
modules/servers/Smtphosting/templates/admin/ui/core/default/widget/forms/fields/pricingField.tpl,Administrative/internal,
modules/servers/Smtphosting/templates/admin/ui/core/default/widget/forms/fields/select.tpl,Administrative/internal,
modules/servers/Smtphosting/templates/admin/ui/core/default/widget/forms/fields/select2vue.tpl,Administrative/internal,
modules/servers/Smtphosting/templates/admin/ui/core/default/widget/forms/fields/select2vueByValueOnly.tpl,Administrative/internal,
modules/servers/Smtphosting/templates/admin/ui/core/default/widget/forms/fields/selectGlobalLang.tpl,Administrative/internal,
modules/servers/Smtphosting/templates/admin/ui/core/default/widget/forms/fields/selectLang.tpl,Administrative/internal,
modules/servers/Smtphosting/templates/admin/ui/core/default/widget/forms/fields/switcher.tpl,Administrative/internal,
modules/servers/Smtphosting/templates/admin/ui/core/default/widget/forms/fields/tagger.tpl,Administrative/internal,
modules/servers/Smtphosting/templates/admin/ui/core/default/widget/forms/fields/text.tpl,Administrative/internal,
modules/servers/Smtphosting/templates/admin/ui/core/default/widget/forms/fields/textarea.tpl,Administrative/internal,
modules/servers/Smtphosting/templates/admin/ui/core/default/widget/forms/formInTab.tpl,Administrative/internal,
modules/servers/Smtphosting/templates/admin/ui/core/default/widget/forms/formIntegration.tpl,Administrative/internal,
modules/servers/Smtphosting/templates/admin/ui/core/default/widget/forms/formTabsWidget.tpl,Administrative/internal,#contTab{$tplValue->getId()}
modules/servers/Smtphosting/templates/admin/ui/core/default/widget/forms/formWidgetStandalone.tpl,Administrative/internal,
modules/servers/Smtphosting/templates/admin/ui/core/default/widget/forms/sections/baseSection.tpl,Administrative/internal,
modules/servers/Smtphosting/templates/admin/ui/core/default/widget/forms/sections/boxSection.tpl,Administrative/internal,
modules/servers/Smtphosting/templates/admin/ui/core/default/widget/forms/sections/halfPageSection.tpl,Administrative/internal,
modules/servers/Smtphosting/templates/admin/ui/core/default/widget/forms/sections/hiddenPricingSection.tpl,Administrative/internal,
modules/servers/Smtphosting/templates/admin/ui/core/default/widget/forms/sections/inputGroup.tpl,Administrative/internal,
modules/servers/Smtphosting/templates/admin/ui/core/default/widget/forms/sections/rawSection.tpl,Administrative/internal,
modules/servers/Smtphosting/templates/admin/ui/core/default/widget/forms/sections/sectionLuRow.tpl,Administrative/internal,
modules/servers/Smtphosting/templates/admin/ui/core/default/widget/forms/sections/tabSection.tpl,Administrative/internal,
modules/servers/Smtphosting/templates/admin/ui/core/default/widget/graph.tpl,Administrative/internal,
modules/servers/Smtphosting/templates/admin/ui/core/default/widget/graphs/bar.tpl,Administrative/internal,
modules/servers/Smtphosting/templates/admin/ui/core/default/widget/graphs/bar_components.tpl,Administrative/internal,
modules/servers/Smtphosting/templates/admin/ui/core/default/widget/graphs/bubble.tpl,Administrative/internal,
modules/servers/Smtphosting/templates/admin/ui/core/default/widget/graphs/doughnut.tpl,Administrative/internal,
modules/servers/Smtphosting/templates/admin/ui/core/default/widget/graphs/emptyGraph.tpl,Administrative/internal,
modules/servers/Smtphosting/templates/admin/ui/core/default/widget/graphs/line.tpl,Administrative/internal,
modules/servers/Smtphosting/templates/admin/ui/core/default/widget/graphs/line_components.tpl,Administrative/internal,
modules/servers/Smtphosting/templates/admin/ui/core/default/widget/graphs/pie.tpl,Administrative/internal,
modules/servers/Smtphosting/templates/admin/ui/core/default/widget/graphs/polarArea.tpl,Administrative/internal,
modules/servers/Smtphosting/templates/admin/ui/core/default/widget/graphs/radar.tpl,Administrative/internal,
modules/servers/Smtphosting/templates/admin/ui/core/default/widget/grid.tpl,Administrative/internal,
modules/servers/Smtphosting/templates/admin/ui/core/default/widget/modals/baseEditModal.tpl,Administrative/internal,
modules/servers/Smtphosting/templates/admin/ui/core/default/widget/modals/baseModal.tpl,Administrative/internal,
modules/servers/Smtphosting/templates/admin/ui/core/default/widget/modals/modalTabsEdit.tpl,Administrative/internal,#modalTab{$sectionID}
modules/servers/Smtphosting/templates/admin/ui/core/default/widget/others/ajaxFieldForDataTable.tpl,Administrative/internal,
modules/servers/Smtphosting/templates/admin/ui/core/default/widget/others/ajaxFieldForDataTable_components.tpl,Administrative/internal,
modules/servers/Smtphosting/templates/admin/ui/core/default/widget/others/configurableOptionsWidget.tpl,Administrative/internal,
modules/servers/Smtphosting/templates/admin/ui/core/default/widget/others/copyKeyForDataTable.tpl,Administrative/internal,
modules/servers/Smtphosting/templates/admin/ui/core/default/widget/others/copyKeyForDataTable_components.tpl,Administrative/internal,
modules/servers/Smtphosting/templates/admin/ui/core/default/widget/others/customFieldsWidget.tpl,Administrative/internal,
modules/servers/Smtphosting/templates/admin/ui/core/default/widget/others/detailsWidget.tpl,Administrative/internal,
modules/servers/Smtphosting/templates/admin/ui/core/default/widget/others/detailsWidget_components.tpl,Administrative/internal,
modules/servers/Smtphosting/templates/admin/ui/core/default/widget/others/infoWidget.tpl,Administrative/internal,
modules/servers/Smtphosting/templates/admin/ui/core/default/widget/others/label.tpl,Administrative/internal,
modules/servers/Smtphosting/templates/admin/ui/core/default/widget/others/moduleDescription.tpl,Administrative/internal,
modules/servers/Smtphosting/templates/admin/ui/core/default/widget/others/passwordToggleButton.tpl,Administrative/internal,
modules/servers/Smtphosting/templates/admin/ui/core/default/widget/others/passwordToggleButton_components.tpl,Administrative/internal,
modules/servers/Smtphosting/templates/admin/ui/core/default/widget/rawDataTable/rawDataTable.tpl,Administrative/internal,
modules/servers/Smtphosting/templates/admin/ui/core/default/widget/rawDataTable/rawDataTable_components.tpl,Administrative/internal,javascript:;; javascript:;; javascript:;; #{$elementId}; #{$elementId}
modules/servers/Smtphosting/templates/admin/ui/core/default/widget/sidebar/sidebar.tpl,Administrative/internal,
modules/servers/Smtphosting/templates/admin/ui/core/default/widget/sidebar/sidebarAjax.tpl,Administrative/internal,
modules/servers/Smtphosting/templates/admin/ui/core/default/widget/sidebar/sidebarAjax_components.tpl,Administrative/internal,item.htmlAtributes.href
modules/servers/Smtphosting/templates/admin/ui/core/default/widget/sidebar/sidebarItem.tpl,Administrative/internal,
modules/servers/Smtphosting/templates/admin/ui/core/default/widget/tab.tpl,Administrative/internal,
modules/servers/Smtphosting/templates/admin/ui/core/default/widget/tabContainer.tpl,Administrative/internal,#contTab{$tplValue->getId()}
modules/servers/Smtphosting/templates/admin/ui/core/default/widget/tabContainerLeft.tpl,Administrative/internal,#contTab{$tplValue->getId()}
modules/servers/Smtphosting/templates/admin/ui/core/default/widget/tabContainerRight.tpl,Administrative/internal,#contTab{$tplValue->getId()}
modules/servers/Smtphosting/templates/admin/ui/core/default/widget/tabs/tab.tpl,Administrative/internal,
modules/servers/Smtphosting/templates/admin/ui/core/default/widget/tabs.tpl,Administrative/internal,
modules/servers/Smtphosting/templates/admin/ui/core/default/widget/tabsWidget/tabsWidget.tpl,Administrative/internal,#contTab{$tplValue->getId()}
modules/servers/Smtphosting/templates/admin/ui/view.tpl,Administrative/internal,
modules/servers/Smtphosting/templates/assets/tpl/DefaultSSLSubmodule/clientarea.tpl,Client Area,{$configURL}
modules/servers/Smtphosting/templates/assets/tpl/DefaultSubmodule/clientarea.tpl,Client Area,/modules/servers/Smtphosting/templates/assets/css/sh.css; /modules/servers/Smtphosting/branding-sh.css; /clientarea.php?action=addfunds; /clientarea.php?action=productdetails&id={$serviceid}#tabChangepw; /upgrade.php?type=package&id={$serviceid}; /service-renewals/{$serviceid}; /clientarea.php?action=cancel&id={$serviceid}; {$configURL}
modules/servers/Smtphosting/templates/assets/tpl/EasyDCIM/details.tpl,Email,
modules/servers/Smtphosting/templates/assets/tpl/EasyDCIM/graphs.tpl,Email,{$graph}; {$jsDir}/bootstrap-datepicker.js; admin/images/loading.gif
modules/servers/Smtphosting/templates/assets/tpl/EasyDCIM/home.tpl,Email,
modules/servers/Smtphosting/templates/assets/tpl/GoDaddySSL/home.tpl,Email,{$configURL}; http://{$commonName}
modules/servers/Smtphosting/templates/assets/tpl/Licensing/details.tpl,Email,
modules/servers/Smtphosting/templates/assets/tpl/OpenstackProjects/clientarea.tpl,Client Area,{$panelLogin}; {$imgSrc}
modules/servers/Smtphosting/templates/assets/tpl/PleskKeyAdministrator/details.tpl,Email,
modules/servers/Smtphosting/templates/assets/tpl/ProxmoxVPS/details.tpl,Email,
modules/servers/Smtphosting/templates/assets/tpl/ProxmoxVPS/graphs.tpl,Email,https://cdnjs.cloudflare.com/ajax/libs/Chart.js/2.9.3/Chart.bundle.min.js
modules/servers/Smtphosting/templates/assets/tpl/ProxmoxVPS/home.tpl,Email,{$configURL}
modules/servers/Smtphosting/templates/assets/tpl/ProxmoxVPS/novnc.tpl,Email,
modules/servers/Smtphosting/templates/assets/tpl/ProxmoxVPS/reinstall.tpl,Email,
modules/servers/Smtphosting/templates/assets/tpl/ProxmoxVPS/xtermjs.tpl,Email,{$appUrl}/xterm/css/xterm.css; {$appUrl}/xterm/css/style.css; {$appUrl}/xterm/lib/xterm.js; {$appUrl}/xterm/lib/util.js; {$appUrl}/xterm-addon-fit/lib/xterm-addon-fit.js
modules/servers/Smtphosting/templates/assets/tpl/SSLCENTERWHMCS/home.tpl,Email,{$configurationURL}; {$btndownload}
modules/servers/Smtphosting/templates/assets/tpl/SSLCENTERWHMCS/stepTwo.tpl,Email,
modules/servers/Smtphosting/templates/assets/tpl/Virtualizor/clientarea.tpl,Client Area,
modules/servers/Smtphosting/templates/assets/tpl/Virtualizor/graphs.tpl,Email,https://cdnjs.cloudflare.com/ajax/libs/Chart.js/2.9.3/Chart.bundle.min.js; admin/images/loading.gif
modules/servers/Smtphosting/templates/assets/tpl/Virtualizor/vncconsole.tpl,Email,javascript:void(0);
modules/servers/Smtphosting/templates/assets/tpl/clientarea.tpl,Client Area,{$configURL}
modules/servers/Smtphosting/templates/assets/tpl/configOptions.tpl,Email,javascript:;; javascript:;; {$jsDir}/toast.js; {$jsDir}/configOptions.js
modules/servers/Smtphosting/templates/assets/tpl/controller/css_assets.tpl,Email,"https://fonts.googleapis.com/css?family=Roboto:300,400,500,700; {$cssDir}/mg_styles.css"
modules/servers/Smtphosting/templates/assets/tpl/customFields.tpl,Email,javascript:;; javascript:;; {$jsDir}/toast.js; {$jsDir}/customFields.js
modules/servers/Smtphosting/templates/assets/tpl/error.tpl,Email,#
modules/servers/Smtphosting/templates/assets/tpl/graphs.tpl,Email,https://cdnjs.cloudflare.com/ajax/libs/Chart.js/2.9.3/Chart.bundle.min.js
modules/servers/Smtphosting/templates/client/default/controlers/addonIntegration.tpl,Email,{$customAssetsURL}/css/integration.css
modules/servers/Smtphosting/templates/client/default/controlers/css_assets.tpl,Email,"https://fonts.googleapis.com/css?family=Roboto:300,400,500,700; {$assetsURL}/css/layers-ui.css; {$assetsURL}/css/mg_styles.css; {$customAssetsURL}/css/module_styles.css"
modules/servers/Smtphosting/templates/client/default/controlers/errorPage.tpl,Email,"https://fonts.googleapis.com/css?family=Roboto:300,400,500,700; {$assetsURL}/css/layers-ui.css; {$assetsURL}/css/mg_styles.css; {$assetsURL}/css/module_styles.css; javascript:;"
modules/servers/Smtphosting/templates/client/default/controlers/integration.tpl,Email,
modules/servers/Smtphosting/templates/client/default/controlers/integrationsWrapper.tpl,Email,{$customAssetsURL}/css/integration.css
modules/servers/Smtphosting/templates/client/default/controlers/js_assets.tpl,Email,https://unpkg.com/vue; https://unpkg.com/vuex; {$assetsURL}/js/vue.min.js; {$assetsURL}/js/vuex.min.js; {$assetsURL}/js/moment.js; {$assetsURL}/js/mgComponents.js; {$assetsURL}/js/jscolor.min.js; {$assetsURL}/js/layers-ui.js; {$assetsURL}/js/layers-ui-table.js; {$assetsURL}/js/chart.min.js
modules/servers/Smtphosting/templates/client/default/controlers/main.tpl,Email,"https://fonts.googleapis.com/css?family=Roboto:300,400,500,700; {$assetsURL}/css/layers-ui.css; {$assetsURL}/css/mg_styles.css; {$customAssetsURL}/css/module_styles.css; https://unpkg.com/vue; https://unpkg.com/vuex; {$assetsURL}/js/vue.min.js; {$assetsURL}/js/vuex.min.js; {$assetsURL}/js/mgComponents.js; {$assetsURL}/js/jscolor.min.js; {$assetsURL}/js/layers-ui.js; {$assetsURL}/js/chart.min.js"
modules/servers/Smtphosting/templates/client/default/controlers/pageNotFound.tpl,Email,"https://fonts.googleapis.com/css?family=Roboto:300,400,500,700; {$assetsURL}/css/layers-ui.css; {$assetsURL}/css/styles.css; javascript:;"
modules/servers/Smtphosting/templates/client/default/pages/home/home.tpl,Email,
modules/servers/Smtphosting/templates/client/default/ui/core/default/appLayouts/navbarLeft.tpl,Email,
modules/servers/Smtphosting/templates/client/default/ui/core/default/appLayouts/navbarLeftThin.tpl,Email,{$mainURL}; {$assetsURL}/img/products/{$tagImageModule}.svg; {$mainURL}; {$assetsURL}/img/products/{$tagImageModule}.svg; https://www.modulesgarden.com; {$assetsURL}/img/logo.png; {$category.url}; {$subCategory.externalUrl}; {$subCategory.url}; {if $category.externalUrl}{$category.externalUrl}{else}{$category.url}{/if}; {$brItem.url}
modules/servers/Smtphosting/templates/client/default/ui/core/default/appLayouts/navbarRight.tpl,Email,{$mainURL}; {$assetsURL}/img/products/{$tagImageModule}.svg; {$mainURL}; {$assetsURL}/img/products/{$tagImageModule}.svg; https://www.modulesgarden.com; {$assetsURL}/img/logo.png; {$category.url}; {$subCategory.externalUrl}; {$subCategory.url}; {if $category.externalUrl}{$category.externalUrl}{else}{$category.url}{/if}; {$brItem.url}
modules/servers/Smtphosting/templates/client/default/ui/core/default/appLayouts/navbarRightThin.tpl,Email,{$mainURL}; {$assetsURL}/img/products/{$tagImageModule}.svg; {$mainURL}; {$assetsURL}/img/products/{$tagImageModule}.svg; https://www.modulesgarden.com; {$assetsURL}/img/logo.png; {$category.url}; {$subCategory.externalUrl}; {$subCategory.url}; {if $category.externalUrl}{$category.externalUrl}{else}{$category.url}{/if}; {$brItem.url}
modules/servers/Smtphosting/templates/client/default/ui/core/default/appLayouts/navbarTop.tpl,Email,
modules/servers/Smtphosting/templates/client/default/ui/core/default/builder/container.tpl,Email,
modules/servers/Smtphosting/templates/client/default/ui/core/default/hiddenSearchable.tpl,Email,
modules/servers/Smtphosting/templates/client/default/ui/core/default/mainContainer.tpl,Email,
modules/servers/Smtphosting/templates/client/default/ui/core/default/mainContainerIntegrationAddon.tpl,Email,
modules/servers/Smtphosting/templates/client/default/ui/core/default/searchable.tpl,Email,
modules/servers/Smtphosting/templates/client/default/ui/core/default/widget/buttons/buttonBase.tpl,Email,
modules/servers/Smtphosting/templates/client/default/ui/core/default/widget/buttons/buttonCreate.tpl,Email,
modules/servers/Smtphosting/templates/client/default/ui/core/default/widget/buttons/buttonCustomAction.tpl,Email,
modules/servers/Smtphosting/templates/client/default/ui/core/default/widget/buttons/buttonDataTableModalAction.tpl,Email,
modules/servers/Smtphosting/templates/client/default/ui/core/default/widget/buttons/buttonDatatableModalContextLang.tpl,Email,
modules/servers/Smtphosting/templates/client/default/ui/core/default/widget/buttons/buttonDatatableShowModal.tpl,Email,
modules/servers/Smtphosting/templates/client/default/ui/core/default/widget/buttons/buttonMassAction.tpl,Email,
modules/servers/Smtphosting/templates/client/default/ui/core/default/widget/buttons/buttonMassActionContextLang.tpl,Email,
modules/servers/Smtphosting/templates/client/default/ui/core/default/widget/buttons/buttonModal.tpl,Email,
modules/servers/Smtphosting/templates/client/default/ui/core/default/widget/buttons/buttonRedirect.tpl,Email,
modules/servers/Smtphosting/templates/client/default/ui/core/default/widget/buttons/buttonSubmitForm.tpl,Email,
modules/servers/Smtphosting/templates/client/default/ui/core/default/widget/buttons/buttonSwitchAjax.tpl,Email,
modules/servers/Smtphosting/templates/client/default/ui/core/default/widget/buttons/dropdawnButtonWrappers/buttonDropdown.tpl,Email,
modules/servers/Smtphosting/templates/client/default/ui/core/default/widget/buttons/dropdawnButtonWrappers/buttonDropdownItem.tpl,Email,
modules/servers/Smtphosting/templates/client/default/ui/core/default/widget/buttons/dropdawnButtonWrappers/buttonDropdown_components.tpl,Email,
modules/servers/Smtphosting/templates/client/default/ui/core/default/widget/buttons/modalActionButtons/baseAcceptButton.tpl,Email,
modules/servers/Smtphosting/templates/client/default/ui/core/default/widget/buttons/modalActionButtons/baseCancelButton.tpl,Email,
modules/servers/Smtphosting/templates/client/default/ui/core/default/widget/categoryMenu/categoryMenuDynamicContent.tpl,Email,javascript:;; javascript:;
modules/servers/Smtphosting/templates/client/default/ui/core/default/widget/categoryMenu/categoryMenuDynamicContent_components.tpl,Email,
modules/servers/Smtphosting/templates/client/default/ui/core/default/widget/categoryMenu/itemContent.tpl,Email,
modules/servers/Smtphosting/templates/client/default/ui/core/default/widget/container.tpl,Email,
modules/servers/Smtphosting/templates/client/default/ui/core/default/widget/dataTable/dataTable.tpl,Email,
modules/servers/Smtphosting/templates/client/default/ui/core/default/widget/dataTable/dataTable_components.tpl,Email,javascript:;; javascript:;; #{$elementId}; #{$elementId}
modules/servers/Smtphosting/templates/client/default/ui/core/default/widget/dataTable/datatableCategorisedTabsContainer.tpl,Email,#contTab{$tplValue->getId()}
modules/servers/Smtphosting/templates/client/default/ui/core/default/widget/dataTable/datatableTabsContainer.tpl,Email,#contTab{$tplValue->getId()}
modules/servers/Smtphosting/templates/client/default/ui/core/default/widget/dataTable/filters/select.tpl,Email,
modules/servers/Smtphosting/templates/client/default/ui/core/default/widget/dataTable/filters/select_components.tpl,Email,
modules/servers/Smtphosting/templates/client/default/ui/core/default/widget/dataTable/filters/text.tpl,Email,
modules/servers/Smtphosting/templates/client/default/ui/core/default/widget/dataTable/filters/text_components.tpl,Email,
modules/servers/Smtphosting/templates/client/default/ui/core/default/widget/forms/ajaxFields/select.tpl,Email,
modules/servers/Smtphosting/templates/client/default/ui/core/default/widget/forms/ajaxFields/selectRemoteSearch.tpl,Email,
modules/servers/Smtphosting/templates/client/default/ui/core/default/widget/forms/ajaxFields/selectRemoteSearch_components.tpl,Email,
modules/servers/Smtphosting/templates/client/default/ui/core/default/widget/forms/ajaxFields/select_components.tpl,Email,
modules/servers/Smtphosting/templates/client/default/ui/core/default/widget/forms/baseAutoSaveFormExtSections.tpl,Email,
modules/servers/Smtphosting/templates/client/default/ui/core/default/widget/forms/baseForm.tpl,Email,
modules/servers/Smtphosting/templates/client/default/ui/core/default/widget/forms/baseStandaloneForm.tpl,Email,
modules/servers/Smtphosting/templates/client/default/ui/core/default/widget/forms/baseStandaloneFormExtSections.tpl,Email,
modules/servers/Smtphosting/templates/client/default/ui/core/default/widget/forms/fields/autoSaveFields/select2vueByValueOnly.tpl,Email,
modules/servers/Smtphosting/templates/client/default/ui/core/default/widget/forms/fields/autoSaveFields/switcher.tpl,Email,
modules/servers/Smtphosting/templates/client/default/ui/core/default/widget/forms/fields/checkbox.tpl,Email,
modules/servers/Smtphosting/templates/client/default/ui/core/default/widget/forms/fields/colorPicker.tpl,Email,
modules/servers/Smtphosting/templates/client/default/ui/core/default/widget/forms/fields/date.tpl,Email,
modules/servers/Smtphosting/templates/client/default/ui/core/default/widget/forms/fields/datePicker.tpl,Email,
modules/servers/Smtphosting/templates/client/default/ui/core/default/widget/forms/fields/hidden.tpl,Email,
modules/servers/Smtphosting/templates/client/default/ui/core/default/widget/forms/fields/inputGroupElements/inputAddon.tpl,Email,
modules/servers/Smtphosting/templates/client/default/ui/core/default/widget/forms/fields/inputGroupElements/select.tpl,Email,
modules/servers/Smtphosting/templates/client/default/ui/core/default/widget/forms/fields/inputGroupElements/text.tpl,Email,
modules/servers/Smtphosting/templates/client/default/ui/core/default/widget/forms/fields/number.tpl,Email,
modules/servers/Smtphosting/templates/client/default/ui/core/default/widget/forms/fields/password.tpl,Authentication,
modules/servers/Smtphosting/templates/client/default/ui/core/default/widget/forms/fields/passwordGenerate.tpl,Authentication,
modules/servers/Smtphosting/templates/client/default/ui/core/default/widget/forms/fields/passwordGenerate_components.tpl,Authentication,
modules/servers/Smtphosting/templates/client/default/ui/core/default/widget/forms/fields/pricingField.tpl,Email,
modules/servers/Smtphosting/templates/client/default/ui/core/default/widget/forms/fields/select.tpl,Email,
modules/servers/Smtphosting/templates/client/default/ui/core/default/widget/forms/fields/select2vue.tpl,Email,
modules/servers/Smtphosting/templates/client/default/ui/core/default/widget/forms/fields/select2vueByValueOnly.tpl,Email,
modules/servers/Smtphosting/templates/client/default/ui/core/default/widget/forms/fields/selectGlobalLang.tpl,Email,
modules/servers/Smtphosting/templates/client/default/ui/core/default/widget/forms/fields/selectLang.tpl,Email,
modules/servers/Smtphosting/templates/client/default/ui/core/default/widget/forms/fields/switcher.tpl,Email,
modules/servers/Smtphosting/templates/client/default/ui/core/default/widget/forms/fields/tagger.tpl,Email,
modules/servers/Smtphosting/templates/client/default/ui/core/default/widget/forms/fields/text.tpl,Email,
modules/servers/Smtphosting/templates/client/default/ui/core/default/widget/forms/fields/textarea.tpl,Email,
modules/servers/Smtphosting/templates/client/default/ui/core/default/widget/forms/formInTab.tpl,Email,
modules/servers/Smtphosting/templates/client/default/ui/core/default/widget/forms/formIntegration.tpl,Email,
modules/servers/Smtphosting/templates/client/default/ui/core/default/widget/forms/formTabsWidget.tpl,Email,#contTab{$tplValue->getId()}
modules/servers/Smtphosting/templates/client/default/ui/core/default/widget/forms/formWidgetStandalone.tpl,Email,
modules/servers/Smtphosting/templates/client/default/ui/core/default/widget/forms/sections/baseSection.tpl,Email,
modules/servers/Smtphosting/templates/client/default/ui/core/default/widget/forms/sections/boxSection.tpl,Email,
modules/servers/Smtphosting/templates/client/default/ui/core/default/widget/forms/sections/halfPageSection.tpl,Email,
modules/servers/Smtphosting/templates/client/default/ui/core/default/widget/forms/sections/hiddenPricingSection.tpl,Email,
modules/servers/Smtphosting/templates/client/default/ui/core/default/widget/forms/sections/inputGroup.tpl,Email,
modules/servers/Smtphosting/templates/client/default/ui/core/default/widget/forms/sections/rawSection.tpl,Email,
modules/servers/Smtphosting/templates/client/default/ui/core/default/widget/forms/sections/sectionLuRow.tpl,Email,
modules/servers/Smtphosting/templates/client/default/ui/core/default/widget/forms/sections/tabSection.tpl,Email,
modules/servers/Smtphosting/templates/client/default/ui/core/default/widget/graph.tpl,Email,
modules/servers/Smtphosting/templates/client/default/ui/core/default/widget/graphs/bar.tpl,Email,
modules/servers/Smtphosting/templates/client/default/ui/core/default/widget/graphs/bar_components.tpl,Email,
modules/servers/Smtphosting/templates/client/default/ui/core/default/widget/graphs/bubble.tpl,Email,
modules/servers/Smtphosting/templates/client/default/ui/core/default/widget/graphs/doughnut.tpl,Email,
modules/servers/Smtphosting/templates/client/default/ui/core/default/widget/graphs/emptyGraph.tpl,Email,
modules/servers/Smtphosting/templates/client/default/ui/core/default/widget/graphs/line.tpl,Email,
modules/servers/Smtphosting/templates/client/default/ui/core/default/widget/graphs/line_components.tpl,Email,
modules/servers/Smtphosting/templates/client/default/ui/core/default/widget/graphs/pie.tpl,Email,
modules/servers/Smtphosting/templates/client/default/ui/core/default/widget/graphs/polarArea.tpl,Email,
modules/servers/Smtphosting/templates/client/default/ui/core/default/widget/graphs/radar.tpl,Email,
modules/servers/Smtphosting/templates/client/default/ui/core/default/widget/grid.tpl,Email,
modules/servers/Smtphosting/templates/client/default/ui/core/default/widget/modals/baseEditModal.tpl,Email,
modules/servers/Smtphosting/templates/client/default/ui/core/default/widget/modals/baseModal.tpl,Email,
modules/servers/Smtphosting/templates/client/default/ui/core/default/widget/modals/modalTabsEdit.tpl,Email,#modalTab{$sectionID}
modules/servers/Smtphosting/templates/client/default/ui/core/default/widget/others/ajaxFieldForDataTable.tpl,Email,
modules/servers/Smtphosting/templates/client/default/ui/core/default/widget/others/ajaxFieldForDataTable_components.tpl,Email,
modules/servers/Smtphosting/templates/client/default/ui/core/default/widget/others/copyKeyForDataTable.tpl,Email,
modules/servers/Smtphosting/templates/client/default/ui/core/default/widget/others/copyKeyForDataTable_components.tpl,Email,
modules/servers/Smtphosting/templates/client/default/ui/core/default/widget/others/detailsWidget.tpl,Email,
modules/servers/Smtphosting/templates/client/default/ui/core/default/widget/others/detailsWidget_components.tpl,Email,
modules/servers/Smtphosting/templates/client/default/ui/core/default/widget/others/infoWidget.tpl,Email,
modules/servers/Smtphosting/templates/client/default/ui/core/default/widget/others/label.tpl,Email,
modules/servers/Smtphosting/templates/client/default/ui/core/default/widget/others/moduleDescription.tpl,Email,
modules/servers/Smtphosting/templates/client/default/ui/core/default/widget/others/passwordToggleButton.tpl,Authentication,
modules/servers/Smtphosting/templates/client/default/ui/core/default/widget/others/passwordToggleButton_components.tpl,Authentication,
modules/servers/Smtphosting/templates/client/default/ui/core/default/widget/rawDataTable/rawDataTable.tpl,Email,
modules/servers/Smtphosting/templates/client/default/ui/core/default/widget/rawDataTable/rawDataTable_components.tpl,Email,javascript:;; javascript:;; javascript:;; #{$elementId}; #{$elementId}
modules/servers/Smtphosting/templates/client/default/ui/core/default/widget/sidebar/sidebar.tpl,Email,
modules/servers/Smtphosting/templates/client/default/ui/core/default/widget/sidebar/sidebarAjax.tpl,Email,
modules/servers/Smtphosting/templates/client/default/ui/core/default/widget/sidebar/sidebarAjax_components.tpl,Email,item.htmlAtributes.href
modules/servers/Smtphosting/templates/client/default/ui/core/default/widget/sidebar/sidebarItem.tpl,Email,
modules/servers/Smtphosting/templates/client/default/ui/core/default/widget/tab.tpl,Email,
modules/servers/Smtphosting/templates/client/default/ui/core/default/widget/tabContainer.tpl,Email,#contTab{$tplValue->getId()}
modules/servers/Smtphosting/templates/client/default/ui/core/default/widget/tabContainerLeft.tpl,Email,#contTab{$tplValue->getId()}
modules/servers/Smtphosting/templates/client/default/ui/core/default/widget/tabContainerRight.tpl,Email,#contTab{$tplValue->getId()}
modules/servers/Smtphosting/templates/client/default/ui/core/default/widget/tabs/tab.tpl,Email,
modules/servers/Smtphosting/templates/client/default/ui/core/default/widget/tabs.tpl,Email,
modules/servers/Smtphosting/templates/client/default/ui/core/default/widget/tabsWidget/tabsWidget.tpl,Email,#contTab{$tplValue->getId()}
modules/servers/Smtphosting/templates/client/default/ui/view.tpl,Email,
modules/servers/Smtphosting/templates/error.tpl,Email,#
modules/servers/cloudhost247_email/templates/error.tpl,Email,supporttickets.php; clientarea.php?action=services; supporttickets.php?action=open
modules/servers/cloudhost247_email/templates/overview.tpl,Email,{$login_urls.webmail}; {$login_urls.admin}; {$login_urls.webmail}; {$login_urls.admin}; {$login_urls.webmail}; https://mxtoolbox.com/SuperTool.aspx?action=mx%3a{$domain}&run=toolpage
modules/servers/cloudhost247_email_hosting/templates/error.tpl,Email,
modules/servers/cloudhost247_email_hosting/templates/overview.tpl,Email,{$loginUrl|escape}
modules/servers/cloudhost247_lteproxy/templates/admin/dashboard.tpl,Administrative/internal,clientsservices.php?userid={$svc.clientId}&id={$svc.id}
modules/servers/cloudhost247_lteproxy/templates/admin/settings.tpl,Administrative/internal,?module=cloudhost247_lteproxy&action=logs
modules/servers/cloudhost247_lteproxy/templates/client/dashboard.tpl,Administrative/internal,
modules/servers/cloudhost247_lteproxy/templates/client/error.tpl,Administrative/internal,
modules/servers/cloudhost247_ovh/templates/clientarea.tpl,Client Area,submitticket.php; clientarea.php?action=invoices
modules/servers/cloudhost247_smm/templates/clientarea.tpl,Client Area,
modules/servers/phoneservices_esim/templates/overview.tpl,Administrative/internal,{$portalUrl}
modules/servers/phoneservices_numbers/templates/overview.tpl,Administrative/internal,{$portalUrl}
modules/servers/phoneservices_sms/templates/overview.tpl,Administrative/internal,{$portalUrl}
modules/servers/phoneservices_voip/templates/overview.tpl,Administrative/internal,{$portalUrl}
modules/servers/smmprovisioning/templates/clientarea.tpl,Client Area,<?php echo $order[
modules/servers/soyoustart/templates/clientareanew.tpl,Client Area,{$assets}/css/style.css?v={$unique_id}; {$assets}/js/script.js?v={$unique_id}; {$assets}/js/highcharts.js; https://cdn.jsdelivr.net/npm/sweetalert2@11; {$assets}/js/jquerygrowl.js; {$assets}/css/jquerygrowl.css; //cdn.datatables.net/1.13.1/css/jquery.dataTables.min.css; //cdn.datatables.net/1.13.1/js/jquery.dataTables.min.js; {$assets}/css/compatible_lagom.css?v={$unique_id}; {$assets}/css/compatible_twenty-x.css?v={$unique_id}; {$assets}/css/compatible_six.css?v={$unique_id}; {$assets}/css/compatible_clientx_child.css?v={$unique_id}; {$assets}/css/compatible_cloudx.css?v={$unique_id}; {$assets}/css/compatible_cloudhost247.css?v={$unique_id}; #; #detail; #ftp_backup; #power; #manage_ips; #impi; #monitoring; #interventions; #serverDetailInfo; #hardware_info; #reboot; #reInstall; #netBoot; #rescue; #hardDisk; #network; #rescue; #impiTest; #rebootImpi; #browserImpi; #htmlImpi; #javaImpi
modules/servers/soyoustart_vps/templates/clientareanew.tpl,Client Area,{$assets}/css/style.css?v={$unique_id}; {$assets}/js/script.js?v={$unique_id}; {$assets}/js/highcharts.js; https://cdn.jsdelivr.net/npm/sweetalert2@11; {$assets}/js/jquerygrowl.js; {$assets}/css/jquerygrowl.css; {$assets}/css/compatible_lagom.css?v={$unique_id}; {$assets}/css/compatible_twenty-x.css?v={$unique_id}; {$assets}/css/compatible_six.css?v={$unique_id}; {$assets}/css/compatible_clientx_child.css?v={$unique_id}; {$assets}/css/compatible_cloudx.css?v={$unique_id}; {$assets}/css/compatible_cloudhost247.css?v={$unique_id}; #detail; #power; #impi; #usage; #monitoring; #manage_ips; #snapshot; #disk; #ftp_backup; #automated_backup; #serverDetailInfo; #hardware_info; #onOff; #reboot; #netBoot; #reinstall; #console
templates/cloudhost247/cloudhost247-builder-page.tpl,Administrative/internal,{$ch247Builder.login_url|escape}; index.php
templates/cloudhost247/cloudhost247-email-hosting.tpl,Email,{$WEB_ROOT}/templates/{$template}/css/email-hosting.css; #ch247-email-plans; #ch247-email-compare; #ch247-plans-{$key|escape}; submitticket.php; submitticket.php; {$plan.cart_url|escape}; submitticket.php; submitticket.php
templates/cloudhost247/cloudhost247-page.tpl,Administrative/internal,{$product.order_url|escape:
templates/cloudhost247/cloudhost247-product-catalog.tpl,Administrative/internal,cloudhost247-hosting.php; cloudhost247-hosting.php?type=hosting; cloudhost247-hosting.php?type=vps; cloudhost247-hosting.php?type=dedicated; {$product.cart_url|escape}
templates/cloudhost247/domainbrokerageterms.tpl,Legal,#main-content; mailto:{$brokerageTerms.contact.email|escape:; https://{$brokerageTerms.contact.website|escape:; {$WEB_ROOT}/submitticket.php
templates/cloudhost247/homepage.tpl,Marketing,#main-content; {$cloudhost247.settings.hero_cta_url|escape:; {$banner.image_url|escape:; {$banner.url|escape:
templates/cloudhost247/includes/announcementbar-config.tpl,Marketing,
templates/cloudhost247/includes/announcementbar-header-integration.tpl,Marketing,
templates/cloudhost247/includes/announcementbar.tpl,Marketing,{$WEB_ROOT}/templates/{$template}/css/announcementbar.css; {$ann.url|escape:
templates/cloudhost247_legacy/3dsecure.tpl,Administrative/internal,about:blank
templates/cloudhost247_legacy/aboutus.tpl,Marketing,#; {$WEB_ROOT}/templates/{$template}/images/abt-banner-inner.png; {$WEB_ROOT}/templates/{$template}/images/coma-about.png; {$WEB_ROOT}/templates/{$template}/images/about-metus-left.png; {$WEB_ROOT}/templates/{$template}/images/why-choos-icon-1.png; {$WEB_ROOT}/templates/{$template}/images/why-choos-icon-2.png; {$WEB_ROOT}/templates/{$template}/images/why-choos-icon-3.png; {$WEB_ROOT}/templates/{$template}/images/we-take-care-img.png; {$WEB_ROOT}/templates/{$template}/images/award-wining-supports.png; {$cloudhost247.settings.header_logo}; {$WEB_ROOT}/templates/{$template}/images/star-img-rat.png; #; {$WEB_ROOT}/templates/{$template}/images/great-services-peoples-1.png; #; #; {$WEB_ROOT}/templates/{$template}/images/great-services-peoples-2.png; #; #; {$WEB_ROOT}/templates/{$template}/images/great-services-peoples-3.png; #; #; {$WEB_ROOT}/templates/{$template}/images/great-services-peoples-4.png; #; #; {$WEB_ROOT}/templates/{$template}/images/great-services-peoples-5.png; #; #; {$WEB_ROOT}/templates/{$template}/images/great-services-peoples-6.png; #; #; {$WEB_ROOT}/templates/{$template}/images/great-services-peoples-7.png; #; #; {$WEB_ROOT}/templates/{$template}/images/great-services-peoples-8.png; #; #; #collapseTwo; #collapseTwo1; #collapseThree; #headingfour; #collapsefive; #
templates/cloudhost247_legacy/acceptableusepolicy.tpl,Legal,
templates/cloudhost247_legacy/access-denied.tpl,Administrative/internal,javascript:history.go(-1); {$WEB_ROOT}/index.php
templates/cloudhost247_legacy/account-contacts-manage.tpl,Client Area,{$BASE_PATH_JS}/StatesDropdown.js
templates/cloudhost247_legacy/account-contacts-new.tpl,Client Area,{$BASE_PATH_JS}/StatesDropdown.js
templates/cloudhost247_legacy/account-paymentmethods-billing-contacts.tpl,Checkout,
templates/cloudhost247_legacy/account-paymentmethods-manage.tpl,Checkout,{$BASE_PATH_JS}/StatesDropdown.js; {$BASE_PATH_IMG}/ccv.gif; #; {routePath(; about:blank; {$BASE_PATH_JS}/jquery.payment.js
templates/cloudhost247_legacy/account-paymentmethods.tpl,Checkout,{routePath(; {routePathWithQuery(; {routePath(; {routePath(; {routePath(
templates/cloudhost247_legacy/account-user-management.tpl,Client Area,{routePath(; #
templates/cloudhost247_legacy/account-user-permissions.tpl,Client Area,{routePath(
templates/cloudhost247_legacy/affiliates.tpl,Business,{$smarty.server.PHP_SELF}?action=withdrawrequest
templates/cloudhost247_legacy/affiliatessignup.tpl,Business,
templates/cloudhost247_legacy/all-element-cloudhost247.tpl,Administrative/internal,{$WEB_ROOT}/templates/{$template}/images/bnr-b-icon.svg; {$WEB_ROOT}/templates/{$template}/images/bnr-b-icon.svg; {$WEB_ROOT}/templates/{$template}/images/feature-b-icon.svg; {$WEB_ROOT}/templates/{$template}/images/feature-b-icon.svg; {$WEB_ROOT}/templates/{$template}/images/pricein-b-icon.svg; {$WEB_ROOT}/templates/{$template}/images/pricein-b-icon.svg; {$WEB_ROOT}/templates/{$template}/images/review-b-icon.svg; {$WEB_ROOT}/templates/{$template}/images/review-b-icon.svg; {$WEB_ROOT}/templates/{$template}/images/faq-b-icon.svg; {$WEB_ROOT}/templates/{$template}/images/faq-b-icon.svg; {$WEB_ROOT}/templates/{$template}/images/offer-b-icon.svg; {$WEB_ROOT}/templates/{$template}/images/offer-b-icon.svg; {$WEB_ROOT}/templates/{$template}/images/extra-b-icon.svg; {$WEB_ROOT}/templates/{$template}/images/extra-b-icon.svg; {$WEB_ROOT}/templates/{$template}/images/hx-img1.svg; {$WEB_ROOT}/templates/{$template}/images/hx-img2.svg; {$WEB_ROOT}/templates/{$template}/images/hx-img3.svg; {$WEB_ROOT}/templates/{$template}/images/hx-img4.png; #; {$WEB_ROOT}/templates/{$template}/images/hx-business-icon1.svg; {$WEB_ROOT}/templates/{$template}/images/hx-business-icon2.svg; {$WEB_ROOT}/templates/{$template}/images/hx-business-icon3.svg; {$WEB_ROOT}/cart.php; {$WEB_ROOT}/templates/{$template}/images/business-right-arrow3.svg; {$WEB_ROOT}/templates/{$template}/images/hx-right-img.png; {$WEB_ROOT}/templates/{$template}/images/hx-business-icon1.svg; {$WEB_ROOT}/templates/{$template}/images/hx-business-icon2.svg; {$WEB_ROOT}/templates/{$template}/images/hx-business-icon3.svg; {$WEB_ROOT}/cart.php; #; {$WEB_ROOT}/templates/{$template}/images/icon2.svg; #; {$WEB_ROOT}/templates/{$template}/images/icon2.svg; #; {$WEB_ROOT}/templates/{$template}/images/icon3.svg; #; {$WEB_ROOT}/templates/{$template}/images/icon4.svg; cpanelhosting.php; #; #; #; #; #; #; #; {$WEB_ROOT}/templates/{$template}/images/cpanel-img.png; #; {$WEB_ROOT}/templates/{$template}/images/developer_friendly-img.png; #; {$WEB_ROOT}/templates/{$template}/images/enterprise_servers_back.png; #; {$WEB_ROOT}/templates/{$template}/images/game_back.png; #; {$WEB_ROOT}/templates/{$template}/images/hosting_server_back.png; #; {$WEB_ROOT}/templates/{$template}/images/plesk-hosting_back.png; #; {$WEB_ROOT}/templates/{$template}/images/vps_public_cloud_back.png; #; {$WEB_ROOT}/templates/{$template}/images/vps_public_cloud_back1.png; #; {$WEB_ROOT}/templates/{$template}/images/vps_ssd_back.png; #; {$WEB_ROOT}/templates/{$template}/images/window-hosting_back.png; #; {$WEB_ROOT}/templates/{$template}/images/window-hosting_back.png; {$WEB_ROOT}/templates/{$template}/images/{$layoutStyle}/fgr-icon1.svg; {$WEB_ROOT}/templates/{$template}/images/{$layoutStyle}/fgr-icon3.svg; {$WEB_ROOT}/templates/{$template}/images/{$layoutStyle}/fgr-icon2.svg; {$WEB_ROOT}/templates/{$template}/images/{$layoutStyle}/fgr-icon4.svg; {$WEB_ROOT}/templates/{$template}/images/{$layoutStyle}/fgr-icon5.svg; {$WEB_ROOT}/templates/{$template}/images/{$layoutStyle}/fgr-icon6.svg; {$WEB_ROOT}/templates/{$template}/images/{$layoutStyle}/fgr-icon7.svg; {$WEB_ROOT}/templates/{$template}/images/{$layoutStyle}/fgr-icon8.svg; {$WEB_ROOT}/templates/{$template}/images/ddos-icon.svg; {$WEB_ROOT}/templates/{$template}/images/rpn.svg; {$WEB_ROOT}/templates/{$template}/images/icon05.svg; {$WEB_ROOT}/templates/{$template}/images/kvm-over-ip.svg; {$WEB_ROOT}/templates/{$template}/images/rpn1.svg; {$WEB_ROOT}/templates/{$template}/images/support.svg; {$WEB_ROOT}/templates/{$template}/images/certified-datacenter.svg; {$WEB_ROOT}/templates/{$template}/images/premium-network.svg; {$WEB_ROOT}/templates/{$template}/images/cpu.png; {$WEB_ROOT}/templates/{$template}/images/EASY.png; {$WEB_ROOT}/templates/{$template}/images/support1.png; {$WEB_ROOT}/templates/{$template}/images/custom.png; {$WEB_ROOT}/templates/{$template}/images/PRIVATe.png; {$WEB_ROOT}/templates/{$template}/images/cloud.png; {$WEB_ROOT}/templates/{$template}/images/icon001.svg; {$WEB_ROOT}/templates/{$template}/images/icon002.svg; {$WEB_ROOT}/templates/{$template}/images/icon003.svg; {$WEB_ROOT}/templates/{$template}/images/icon004.svg; {$WEB_ROOT}/templates/{$template}/images/icon005.svg; {$WEB_ROOT}/templates/{$template}/images/icon006.svg; {$WEB_ROOT}/templates/{$template}/images/{$layoutStyle}/blk-icon1.svg; {$WEB_ROOT}/templates/{$template}/images/{$layoutStyle}/blk-icon2.svg; {$WEB_ROOT}/templates/{$template}/images/{$layoutStyle}/blk-icon3.svg; {$WEB_ROOT}/templates/{$template}/images/{$layoutStyle}/blk-icon4.svg; {$WEB_ROOT}/templates/{$template}/images/new/closed-lock-.svg; {$WEB_ROOT}/templates/{$template}/images/new/icon.svg; {$WEB_ROOT}/templates/{$template}/images/new/history-clock-button.svg; {$WEB_ROOT}/templates/{$template}/images/new/worldwide.svg; {$WEB_ROOT}/templates/{$template}/images/new/shield-checked.svg; {$WEB_ROOT}/templates/{$template}/images/new/wordpress-logo.svg; {$WEB_ROOT}/templates/{$template}/images/{$layoutStyle}/icon-a1.svg; {$WEB_ROOT}/templates/{$template}/images/{$layoutStyle}/icon-a2.svg; {$WEB_ROOT}/templates/{$template}/images/{$layoutStyle}/icon-a3.svg; {$WEB_ROOT}/templates/{$template}/images/{$layoutStyle}/icon-a4.svg; {$WEB_ROOT}/templates/{$template}/images/{$layoutStyle}/icon-a5.svg; {$WEB_ROOT}/templates/{$template}/images/{$layoutStyle}/icon-a6.svg; {$WEB_ROOT}/templates/{$template}/images/{$layoutStyle}/blc-icon1.svg; {$WEB_ROOT}/templates/{$template}/images/{$layoutStyle}/blc-icon2.svg; {$WEB_ROOT}/templates/{$template}/images/{$layoutStyle}/blc-icon3.svg; #tab1; {$WEB_ROOT}/templates/{$template}/images/icon007.svg; #tab2; {$WEB_ROOT}/templates/{$template}/images/icon008.svg; #tab3; {$WEB_ROOT}/templates/{$template}/images/icon009.svg; {$WEB_ROOT}/templates/{$template}/images/icon011.svg; {$WEB_ROOT}/templates/{$template}/images/icon012.svg; {$WEB_ROOT}/templates/{$template}/images/icon013.svg; {$WEB_ROOT}/templates/{$template}/images/AntiddosShe2.png; #; {$WEB_ROOT}/templates/{$template}/images/system_icon1.png; {$WEB_ROOT}/templates/{$template}/images/system_icon2.png; {$WEB_ROOT}/templates/{$template}/images/system_icon3.png; {$WEB_ROOT}/templates/{$template}/images/system_icon4.png; {$WEB_ROOT}/templates/{$template}/images/system_icon5.png; {$WEB_ROOT}/templates/{$template}/images/system_icon6.png; {$WEB_ROOT}/templates/{$template}/images/system_icon7.png; {$WEB_ROOT}/templates/{$template}/images/system_icon8.png; {$WEB_ROOT}/templates/{$template}/images/icon-b1.png; {$WEB_ROOT}/templates/{$template}/images/Secure-Environment.png; {$WEB_ROOT}/templates/{$template}/images/key.png; {$WEB_ROOT}/templates/{$template}/images/network.png; {$WEB_ROOT}/templates/{$template}/images/server-img.png; #; #; {$WEB_ROOT}/templates/{$template}/images/server-img.png; #; #; {$WEB_ROOT}/templates/{$template}/images/icon_b1.png; {$WEB_ROOT}/templates/{$template}/images/icon_b2.png; {$WEB_ROOT}/templates/{$template}/images/icon_b3.png; {$WEB_ROOT}/templates/{$template}/images/choose_icon1.png; {$WEB_ROOT}/templates/{$template}/images/choose_icon2.png; {$WEB_ROOT}/templates/{$template}/images/choose_icon3.png; {$WEB_ROOT}/templates/{$template}/images/choose_icon4.png; {$WEB_ROOT}/templates/{$template}/images/ssl-icon-1.png; {$WEB_ROOT}/templates/{$template}/images/ssl-icon-2.png; {$WEB_ROOT}/templates/{$template}/images/ssl-icon-3.png; {$WEB_ROOT}/templates/{$template}/images/ssl-icon-4.png; {$WEB_ROOT}/templates/{$template}/images/icon-01.png; {$WEB_ROOT}/templates/{$template}/images/icon-02.png; {$WEB_ROOT}/templates/{$template}/images/icon-03.png; javascript:;; javascript:;; javascript:;; javascript:;; javascript:;; javascript:;; cart.php?a=add&amp;pid=1&amp;billingcycle=monthly; #; #; #; #; #; cart.php?a=add&amp;pid=1&amp;billingcycle=monthly; #; #; #; #; #; #; #; #; #; #; #; #; #; #; #; #; #; {$WEB_ROOT}/templates/{$template}/images/tag.svg; #; {$WEB_ROOT}/templates/{$template}/images/tag.svg; #; {$WEB_ROOT}/templates/{$template}/images/tag.svg; #; {$WEB_ROOT}/templates/{$template}/images/tag.svg; #; #v-pills-home; {$WEB_ROOT}/templates/{$template}/caticons/hx_blueicon1.svg; #v-pills-group-content{$newBlkData.groupId}; {$WEB_ROOT}/templates/{$template}/caticons/{$newBlkData.groupIcon}; {$WEB_ROOT}/templates/{$template}/images/loaderforblock.gif; /cart.php?a=add&domain=register; {$WEB_ROOT}/templates/{$template}/images/hx-right-arrow.svg; #; {$WEB_ROOT}/templates/{$template}/images/hx_hand.svg; {$WEB_ROOT}/templates/{$template}/images/hx_headphone.svg; {$WEB_ROOT}/templates/{$template}/images/hx_db.svg; {$WEB_ROOT}/templates/{$template}/images/hx_attchment.svg; {$WEB_ROOT}/templates/{$template}/images/hx-mail.svg; {$WEB_ROOT}/cart.php?a=add&pid={$productArrayData[; {$WEB_ROOT}/cart.php?gid={$newBlkData.groupId}; {$WEB_ROOT}/templates/{$template}/images/{$layoutStyle}/blc-5-icon1.png; #; {$WEB_ROOT}/templates/{$template}/images/{$layoutStyle}/blc-5-icon2.png; #; {$WEB_ROOT}/templates/{$template}/images/{$layoutStyle}/blc-5-icon3.png; #; {$WEB_ROOT}/templates/{$template}/images/{$layoutStyle}/blc-5-icon4.png; #; {$WEB_ROOT}/templates/{$template}/images/{$layoutStyle}/blc-5-icon5.png; #; {$WEB_ROOT}/templates/{$template}/images/{$layoutStyle}/blc-5-icon6.png; #; #; #; #; {$WEB_ROOT}/templates/{$template}/images/user05.png; {$WEB_ROOT}/templates/{$template}/images/user05.png; #tabs1; {$WEB_ROOT}/templates/{$template}/images/user01.png; #tabs2; {$WEB_ROOT}/templates/{$template}/images/user02.png; #tabs3; {$WEB_ROOT}/templates/{$template}/images/user03.png; #tabs4; {$WEB_ROOT}/templates/{$template}/images/user04.png; #tabs2; {$WEB_ROOT}/templates/{$template}/images/user02.png; #tabs3; {$WEB_ROOT}/templates/{$template}/images/user03.png; #tabs4; {$WEB_ROOT}/templates/{$template}/images/user04.png; javascript:;; {$WEB_ROOT}/templates/{$template}/images/bottom-arro.svg; javascript:;; {$WEB_ROOT}/templates/{$template}/images/bottom-arro.svg; javascript:;; {$WEB_ROOT}/templates/{$template}/images/bottom-arro.svg; javascript:;; {$WEB_ROOT}/templates/{$template}/images/bottom-arro.svg; javascript:;; {$WEB_ROOT}/templates/{$template}/images/bottom-arro.svg; javascript:;; {$WEB_ROOT}/templates/{$template}/images/bottom-arro.svg; javascript:;; {$WEB_ROOT}/templates/{$template}/images/bottom-arro.svg; javascript:;; {$WEB_ROOT}/templates/{$template}/images/bottom-arro.svg; #collapseTwo; #collapseTwo1; #collapseThree; #headingfour; #collapsefive; #; #; #; {$WEB_ROOT}/templates/{$template}/images/search-icon.svg; {$WEB_ROOT}/templates/{$template}/domain_icons/{$tld_d->tld_id|replace:; {$WEB_ROOT}/templates/{$template}/images/http-domain-ssl.png; {$WEB_ROOT}/templates/{$template}/images/b-support-img.png; #; #; {$WEB_ROOT}/templates/{$template}/images/ssl-effect-img.png; {$WEB_ROOT}/templates/{$template}/images/toll-free.svg; {$WEB_ROOT}/templates/{$template}/images/chart.svg; {$WEB_ROOT}/templates/{$template}/images/30day.png; {$WEB_ROOT}/templates/{$template}/images/img01.png
templates/cloudhost247_legacy/announcements.tpl,Marketing,{$WEB_ROOT}/templates/{$template}/images/user-icon.png; {routePath(; {fqdnRoutePath(; {fqdnRoutePath(; {routePath(; {$item.link}
templates/cloudhost247_legacy/backuppolicy.tpl,Legal,mailto:{$backupData.contact.email}; https://{$backupData.contact.website}; {$WEB_ROOT}/submitticket.php
templates/cloudhost247_legacy/banned.tpl,Administrative/internal,
templates/cloudhost247_legacy/blog.tpl,Marketing,{$announce.image}; {$WEB_ROOT}/templates/{$template}/og_images/default-image.png; {$announce.link}
templates/cloudhost247_legacy/bulkdomainmanagement.tpl,Domains,clientarea.php?action=bulkdomain#{$contactdetailx}; clientarea.php?action=bulkdomain#; clientarea.php?action=domains
templates/cloudhost247_legacy/clientareaaddcontact.tpl,Client Area,{$BASE_PATH_JS}/StatesDropdown.js
templates/cloudhost247_legacy/clientareaaddfunds.tpl,Client Area,
templates/cloudhost247_legacy/clientareacancelrequest.tpl,Client Area,clientarea.php?action=productdetails&amp;id={$id}; clientarea.php?action=productdetails&amp;id={$id}; clientarea.php?action=productdetails&id={$id}
templates/cloudhost247_legacy/clientareachangepw.tpl,Client Area,
templates/cloudhost247_legacy/clientareacontacts.tpl,Client Area,{$BASE_PATH_JS}/StatesDropdown.js; clientarea.php?action=contacts&delete=true&id={$contactid}&token={$token}
templates/cloudhost247_legacy/clientareacreditcard.tpl,Client Area,
templates/cloudhost247_legacy/clientareadetails.tpl,Client Area,{$BASE_PATH_JS}/StatesDropdown.js
templates/cloudhost247_legacy/clientareadomainaddons.tpl,Client Area,clientarea.php?action=domaindetails&id={$domainid}
templates/cloudhost247_legacy/clientareadomaincontactinfo.tpl,Client Area,
templates/cloudhost247_legacy/clientareadomaindetails.tpl,Client Area,viewinvoice.php?id={$unpaidInvoice}; templates/{$template}/images/{if $status eq ; http://{$domain}; templates/{$template}/images/d-icon1.png; templates/{$template}/images/d-icon2.png; templates/{$template}/images/d-icon3.png; templates/{$template}/images/d-icon4.png; templates/{$template}/images/d-icon5.png; {$sslStatus->getImagePath()}; #tabNameservers; templates/{$template}/images/{$layoutStyle}/cloud-iconn.png; clientarea.php?action=domaincontacts&domainid={$domainid}; templates/{$template}/images/{$layoutStyle}/cloud-iconn.png; #tabReglock; templates/{$template}/images/{$layoutStyle}/cloud-iconn.png; {routePath(; templates/{$template}/images/{$layoutStyle}/cloud-iconn.png; clientarea.php?action=domaindns&domainid={$domainid}; clientarea.php?action=domainemailforwarding&domainid={$domainid}
templates/cloudhost247_legacy/clientareadomaindns.tpl,Client Area,
templates/cloudhost247_legacy/clientareadomainemailforwarding.tpl,Client Area,
templates/cloudhost247_legacy/clientareadomaingetepp.tpl,Client Area,
templates/cloudhost247_legacy/clientareadomainregisterns.tpl,Authentication,
templates/cloudhost247_legacy/clientareadomains.tpl,Client Area,{$domain.sslStatus->getImagePath()}; {$BASE_PATH_IMG}/ssl/ssl-inactive-domain.png; http://{$domain.domain}; clientarea.php?action=domaindetails&id={$domain.id}; clientarea.php?action=domaindetails&id={$domain.id}#tabNameservers; clientarea.php?action=domaincontacts&domainid={$domain.id}; clientarea.php?action=domaindetails&id={$domain.id}#tabAutorenew; clientarea.php?action=domaindetails&id={$domain.id}; {routePath(; #; #; #; #; #; #
templates/cloudhost247_legacy/clientareaemails.tpl,Client Area,
templates/cloudhost247_legacy/clientareahome.tpl,Client Area,{$WEB_ROOT}/templates/{$cloudhost247.settings.template_name_custom}/marketconnect/ssl/ssl.png; {$WEB_ROOT}/templates/{$cloudhost247.settings.template_name_custom}/marketconnect/weebly/weebly.png; {$WEB_ROOT}/templates/{$cloudhost247.settings.template_name_custom}/marketconnect/codeguard/codeguard.png; {$WEB_ROOT}/templates/{$cloudhost247.settings.template_name_custom}/marketconnect/marketgoo/marketgoo.png; {$WEB_ROOT}/templates/{$cloudhost247.settings.template_name_custom}/marketconnect/sitelock/sitelock.png; {$WEB_ROOT}/templates/{$cloudhost247.settings.template_name_custom}/marketconnect/spamexperts/spamexpert.png; {$WEB_ROOT}/templates/{$cloudhost247.settings.template_name_custom}/marketconnect/sitelockvpn/sitelockvpn.png; {$WEB_ROOT}/templates/{$cloudhost247.settings.template_name_custom}/marketconnect/sitebuilder/sitebuilder.png; {$WEB_ROOT}/templates/{$cloudhost247.settings.template_name_custom}/marketconnect/cpanelseo/cpanel-seo-logo.svg; {$WEB_ROOT}/templates/{$cloudhost247.settings.template_name_custom}/images/cart-order-home.png; {$WEB_ROOT}/cart.php; clientarea.php?action=services; cart.php; clientarea.php?action=domains; domainchecker.php; affiliates.php; clientarea.php?action=quotes; supporttickets.php; submitticket.php; clientarea.php?action=invoices; clientarea.php?action=masspay&all=true; {$item->getExtra(; {$childItem->getUri()}
templates/cloudhost247_legacy/clientareainvoices.tpl,Checkout,viewinvoice.php?id={$invoice.id}
templates/cloudhost247_legacy/clientareaproductdetails.tpl,Client Area,viewinvoice.php?id={$unpaidInvoice}; templates/{$template}/images/cercle-icon.png; templates/{$template}/images/terminate.png; templates/{$template}/images/pending-icon.png; upgrade.php?type=package&amp;id={$id}; clientarea.php?action=cancel&amp;id={$id}; templates/{$template}/images/d-icon1.png; templates/{$template}/images/d-icon2.png; templates/{$template}/images/d-icon3.png; templates/{$template}/images/d-icon4.png; templates/{$template}/images/d-icon-qty.png; templates/{$template}/images/d-icon3.png; templates/{$template}/images/d-icon5.png; templates/{$template}/images/d-icon3.png; templates/{$template}/images/d-icon3.png; #domain; #manage; #configoptions; #metrics; #additionalinfo; #resourceusage; http://{$domain}; {$sslStatus->getImagePath()}; http://{$domain}; clientarea.php?action=domaindetails&id={$domainId}; {$BASE_PATH_JS}/jquery.knob.js; {$BASE_PATH_JS}/bootstrap-tabdrop.js; {$download.link}
templates/cloudhost247_legacy/clientareaproducts.tpl,Client Area,http://{$service.domain}; clientarea.php?action=productdetails&amp;id={$service.id}
templates/cloudhost247_legacy/clientareaproductusagebilling.tpl,Client Area,
templates/cloudhost247_legacy/clientareaquotes.tpl,Checkout,viewquote.php?id={$quote.id}
templates/cloudhost247_legacy/clientareasecurity.tpl,Client Area,
templates/cloudhost247_legacy/clientregister.tpl,Authentication,{$BASE_PATH_JS}/StatesDropdown.js; {$BASE_PATH_JS}/PasswordStrength.js; #personal_information; #account_security; {$tosurl}; javascript:;
templates/cloudhost247_legacy/cloudhost247_legacy.tpl,Administrative/internal,{$WEB_ROOT}/templates/{$template}/images/has_no_block.png; https://whmcsglobalservices.com/members/knowledgebase/93/How-to-Assign-a-Block-to-a-page.html
templates/cloudhost247_legacy/cloudhost247_legacy_includes/cookie-offers.tpl,Marketing,{$WEB_ROOT}/templates/{$template}/css/cookies_library_style_cloudhost247.css; {$WEB_ROOT}/templates/{$template}/js/cookies_library_cloudhost247_file.js; {$WEB_ROOT}/templates/{$template}/css/style_offer_pop_up.css; {$WEB_ROOT}/templates/{$template}/js/pop-offer-cookies-lib.js; {if $cloudhost247.settings.offer_logo_style_one != ; {$WEB_ROOT}/templates/{$template}/images/cloase-icon-bg.png
templates/cloudhost247_legacy/cloudhost247_legacy_includes/livechatoptions.tpl,Administrative/internal,https://cdn.livechatinc.com/tracking.js; https://www.livechatinc.com/chat-with/{/literal}{$cloudhost247.settings.live_chat_id}{literal}/; https://www.livechatinc.com/?welcome; https://static.zdassets.com/ekr/snippet.js?key={/literal}{$cloudhost247.settings.live_chat_id}{literal}
templates/cloudhost247_legacy/cloudhost247_legacy_includes/login-register-logout-psw-view.tpl,Authentication,{$cloudhost247.settings.lg_pw_logo}; {$cloudhost247.settings.header_logo}; {$cloudhost247.settings.lg_pw_logo}; {$cloudhost247.settings.header_logo}; {$WEB_ROOT}/login.php; {$WEB_ROOT}/register.php
templates/cloudhost247_legacy/cloudhost247_legacy_includes/mega-menu-hover-setting.tpl,Administrative/internal,
templates/cloudhost247_legacy/cloudhost247_legacy_includes/mobile-menu.tpl,Administrative/internal,{if $topMenuData.menuthirdparty eq ; {if $submenu.menuthirdparty eq ; {if $childsubmenu.menuthirdparty eq
templates/cloudhost247_legacy/cloudhost247_legacy_includes/page-css.tpl,Administrative/internal,
templates/cloudhost247_legacy/cloudhost247_legacy_includes/second-side-menu-helper.tpl,Support,
templates/cloudhost247_legacy/cloudhost247_legacy_includes/seo-meta-tags.tpl,Administrative/internal,{$systemurl}; {$systemurl}{$breadcrumb[2].link|ltrim:; {$systemurl}{$filename}.php; {$WEB_ROOT}/templates/{$template}/images/favicon.ico; {$WEB_ROOT}/templates/{$template}/images/favicon.ico; {$cloudhost247.settings.favicon}; {$cloudhost247.settings.favicon}
templates/cloudhost247_legacy/cloudhost247_legacy_includes/seo-trackers.tpl,Administrative/internal,https://www.googletagmanager.com/gtag/js?id={/literal}{$cloudhost247.settings.google_analytics_code}{literal}; https://www.facebook.com/tr?id={/literal}{$cloudhost247.settings.facebook_pixel_code}{literal}&ev=PageView&noscript=1; https://www.googletagmanager.com/ns.html?id={$cloudhost247.settings.google_tag_manager_code}
templates/cloudhost247_legacy/cloudhost247_legacy_includes/side-menu-custom.tpl,Administrative/internal,{if $sidebarLink->submenus|@count neq 0}javascript:void(0);{else}{if $sidebarLink->is_third_party  eq ; {if $submenusLink->is_third_party eq
templates/cloudhost247_legacy/cloudhost247_legacy_includes/social-sharing.tpl,Administrative/internal,https://www.facebook.com/sharer/sharer.php?u={$cloudhost247.current_page_link}; http://www.linkedin.com/shareArticle?mini=true&amp;url={$cloudhost247.current_page_link}; https://twitter.com/share?url={$cloudhost247.current_page_link}
templates/cloudhost247_legacy/cloudhost247_legacy_includes/sticky-header-setting.tpl,Administrative/internal,
templates/cloudhost247_legacy/cloudhost247_legacy_includes/top-mega-menu-default.tpl,Administrative/internal,{if $cloudhost247.settings.header_logo_link neq ; {$cloudhost247.settings.header_logo}; {if $cloudhost247.settings.header_logo_link neq ; {if $topMenuData.menuthirdparty eq ; {$topMenuData.menu_caption_url}; {if $childsubmenu.menuthirdparty eq ; {if $submenu.menuthirdparty eq ; {$WEB_ROOT}/cart.php?&a=add&domain=register&tld=.{$sale_item->tld_id}&sld=; {$cloudhost247.settings.header_button_link}; {$WEB_ROOT}/templates/{$template}/images/search-icon-p.png; {$WEB_ROOT}/templates/{$template}/images/www-img.png; {$WEB_ROOT}/index.php; tel:{$LANG.headerphone}; tel:+{$cloudhost247.settings.country_calling_code_phone}{$cloudhost247.settings.phone}; #; {$WEB_ROOT}/templates/{$template}/flags/blank.gif; {$currentpagelinkback}language={$locale.language}; {$WEB_ROOT}/templates/{$template}/flags/blank.gif; #; {$currentpagelinkback}currency={$listcurr.id}; {$WEB_ROOT}/clientarea.php; {$WEB_ROOT}/clientarea.php; {$WEB_ROOT}/logout.php; {$WEB_ROOT}/cart.php?a=view; {$WEB_ROOT}/logout.php?returntoadmin=1
templates/cloudhost247_legacy/cloudhost247_legacy_includes/top-mega-menu-latest.tpl,Administrative/internal,{if $cloudhost247.settings.header_logo_link neq ; {$cloudhost247.settings.header_logo}; {if $cloudhost247.settings.header_logo_link neq ; #; {$currentpagelinkback}language={$locale.language}; {$WEB_ROOT}/templates/{$template}/flags/blank.gif; {if $topMenuData.menuthirdparty eq ; {if $childsubmenu.menuthirdparty eq ; {if $submenu.menuthirdparty eq ; {$WEB_ROOT}/index.php; tel:{$LANG.headerphone}; tel:+{$cloudhost247.settings.country_calling_code_phone}{$cloudhost247.settings.phone}; #; {$WEB_ROOT}/templates/{$template}/flags/blank.gif; {$currentpagelinkback}language={$locale.language}; {$WEB_ROOT}/templates/{$template}/flags/blank.gif; #; {$currentpagelinkback}currency={$listcurr.id}; {$WEB_ROOT}/clientarea.php; {$WEB_ROOT}/clientarea.php; {$WEB_ROOT}/logout.php; {$WEB_ROOT}/cart.php?a=view; {$WEB_ROOT}/logout.php?returntoadmin=1
templates/cloudhost247_legacy/cloudhost247_legacy_includes/top-menu-dropdown.tpl,Administrative/internal,{if $cloudhost247.settings.header_logo_link neq ; {$cloudhost247.settings.header_logo}; {if $cloudhost247.settings.header_logo_link neq ; {if $topMenuData.menuthirdparty eq ; {if $submenu.menuthirdparty eq ; {if $childsubmenu.menuthirdparty eq ; {$cloudhost247.settings.header_button_link}; {$WEB_ROOT}/templates/{$template}/images/search-icon-p.png; {$WEB_ROOT}/templates/{$template}/images/www-img.png; {$WEB_ROOT}/index.php; tel:{$LANG.headerphone}; tel:+{$cloudhost247.settings.country_calling_code_phone}{$cloudhost247.settings.phone}; #; {$WEB_ROOT}/templates/{$template}/flags/blank.gif; {$currentpagelinkback}language={$locale.language}; {$WEB_ROOT}/templates/{$template}/flags/blank.gif; #; {$currentpagelinkback}currency={$listcurr.id}; {$WEB_ROOT}/clientarea.php; {$WEB_ROOT}/clientarea.php; {$WEB_ROOT}/logout.php; {$WEB_ROOT}/cart.php?a=view; {$WEB_ROOT}/logout.php?returntoadmin=1
templates/cloudhost247_legacy/cloudhost247_legacy_includes/top-menu-header.tpl,Administrative/internal,
templates/cloudhost247_legacy/cloudhost247_legacy_includes/top-most-header.tpl,Administrative/internal,{if $cloudhost247.settings.header_logo_link neq ; {$cloudhost247.settings.header_logo}; {if $cloudhost247.settings.header_logo_link neq ; tel:+{$LANG.headerphone}; tel:+{$cloudhost247.settings.country_calling_code_phone}{$cloudhost247.settings.phone}; #; {$WEB_ROOT}/templates/{$template}/flags/blank.gif; {$currentpagelinkback}language={$locale.language}; {$WEB_ROOT}/templates/{$template}/flags/blank.gif; #; {$currentpagelinkback}currency={$listcurr.id}; {$WEB_ROOT}/clientarea.php; {$WEB_ROOT}/clientarea.php; {$WEB_ROOT}/logout.php; {$WEB_ROOT}/cart.php?a=view; {$WEB_ROOT}/logout.php?returntoadmin=1; {if $cloudhost247.settings.header_logo_link neq ; {$cloudhost247.settings.header_logo}; {if $cloudhost247.settings.header_logo_link neq ; tel:+{$LANG.headerphone}; tel:+{$cloudhost247.settings.country_calling_code_phone}{$cloudhost247.settings.phone}; #; {$WEB_ROOT}/templates/{$template}/flags/blank.gif; {$currentpagelinkback}language={$locale.language}; {$WEB_ROOT}/templates/{$template}/flags/blank.gif; #; {$currentpagelinkback}currency={$listcurr.id}; {$WEB_ROOT}/clientarea.php; {$WEB_ROOT}/clientarea.php; {$WEB_ROOT}/logout.php; {$WEB_ROOT}/cart.php?a=view; {$WEB_ROOT}/logout.php?returntoadmin=1; {if $cloudhost247.settings.header_logo_link neq ; {$cloudhost247.settings.header_logo}; {if $cloudhost247.settings.header_logo_link neq ; tel:+{$LANG.headerphone}; tel:+{$cloudhost247.settings.country_calling_code_phone}{$cloudhost247.settings.phone}; #; {$WEB_ROOT}/templates/{$template}/flags/blank.gif; {$currentpagelinkback}language={$locale.language}; {$WEB_ROOT}/templates/{$template}/flags/blank.gif; #; {$currentpagelinkback}currency={$listcurr.id}; {$WEB_ROOT}/clientarea.php; {$WEB_ROOT}/clientarea.php; {$WEB_ROOT}/logout.php; {$WEB_ROOT}/cart.php?a=view; {$WEB_ROOT}/logout.php?returntoadmin=1
templates/cloudhost247_legacy/comingsoon.tpl,Marketing,{$WEB_ROOT}/templates/{$template}/images/comingsoon.png
templates/cloudhost247_legacy/configuressl-complete.tpl,Administrative/internal,{$WEB_ROOT}/assets/img/clippy.svg; {$WEB_ROOT}/assets/img/clippy.svg; {$WEB_ROOT}/assets/img/clippy.svg
templates/cloudhost247_legacy/configuressl-stepone.tpl,Administrative/internal,
templates/cloudhost247_legacy/configuressl-steptwo.tpl,Administrative/internal,
templates/cloudhost247_legacy/contact.tpl,Support,submitticket.php; #; submitticket.php; #; submitticket.php; #
templates/cloudhost247_legacy/contactaccessdenied.tpl,Support,
templates/cloudhost247_legacy/cookiepolicy.tpl,Legal,{$WEB_ROOT}/templates/{$template}/images/term_bg_1.jpg; https://support.google.com/chrome/answer/95647; https://support.mozilla.org/en-US/kb/enable-and-disable-cookies; https://support.apple.com/guide/safari/manage-cookies; mailto:privacy@cloudhost247.com; https://www.cloudhost247.com
templates/cloudhost247_legacy/creditcard.tpl,Administrative/internal,
templates/cloudhost247_legacy/cybercrimepolicy.tpl,Legal,mailto:{$cybercrimeData.contact.email}; mailto:{$cybercrimeData.contact.email_secondary}; https://{$cybercrimeData.contact.website}; {$WEB_ROOT}/submitticket.php
templates/cloudhost247_legacy/datadeletion.tpl,Administrative/internal,index.php; mailto:privacy@cloudhost247.com; mailto:privacy@cloudhost247.com; https://www.cloudhost247.com
templates/cloudhost247_legacy/dataprivacynoticeandconsentform.tpl,Legal,{$WEB_ROOT}/index.php
templates/cloudhost247_legacy/dataprotectionstandards.tpl,Administrative/internal,mailto:privacy@cloudhost247.com; mailto:privacy@cloudhost247.com; https://www.cloudhost247.com
templates/cloudhost247_legacy/domain-pricing.tpl,Domains,{$BASE_PATH_IMG}/tld_logos/{$tldinfo.tldNoDots}.png; #
templates/cloudhost247_legacy/domainagreement.tpl,Legal,https://www.icann.org/resources/pages/help/dndr/udrp-en; mailto:support@{$systemurl}; mailto:abuse@{$systemurl}
templates/cloudhost247_legacy/domainbrokerageterms.tpl,Legal,mailto:{$brokerageTerms.contact.email}; https://{$brokerageTerms.contact.website}; {$WEB_ROOT}/submitticket.php
templates/cloudhost247_legacy/domainregistrationaddendum.tpl,Legal,
templates/cloudhost247_legacy/domainrenewalpolicy.tpl,Legal,
templates/cloudhost247_legacy/downloaddenied.tpl,Administrative/internal,
templates/cloudhost247_legacy/downloads.tpl,Administrative/internal,{routePath(; {$download.link}
templates/cloudhost247_legacy/downloadscat.tpl,Administrative/internal,{routePath(; {$download.link}
templates/cloudhost247_legacy/error/internal-error.tpl,Administrative/internal,mailto:{{email}}; {{systemurl}}
templates/cloudhost247_legacy/error/page-not-found.tpl,Administrative/internal,{$WEB_ROOT}/templates/{$template}/images/404_not_found.png; {$systemurl}; {$systemurl}submitticket.php
templates/cloudhost247_legacy/error/unknown-routepath.tpl,Administrative/internal,{$referrer|escape}
templates/cloudhost247_legacy/fairusagepolicy.tpl,Legal,
templates/cloudhost247_legacy/faqs.tpl,Support,index.php; contact.php; contact.php; submitticket.php
templates/cloudhost247_legacy/footer.tpl,Administrative/internal,#; {$WEB_ROOT}/templates/{$template}/js/slick.js; {$WEB_ROOT}/templates/{$template}/js/hc-offcanvas-nav.js; {$WEB_ROOT}/templates/{$template}/js/popper.min.js; {$WEB_ROOT}/templates/{$template}/js/wow.min.js; {$WEB_ROOT}/templates/{$template}/js/owl.carousel.js; {$WEB_ROOT}/templates/{$template}/js/ion.rangeSlider.min.js; {$WEB_ROOT}/templates/{$template}/js/custom.js; {$WEB_ROOT}/templates/{$template}/js/custom_scripts.js; {$WEB_ROOT}/templates/{$template}/js/overrides/override.js; {$WEB_ROOT}/assets/img/overlay-spinner.svg
templates/cloudhost247_legacy/forwardpage.tpl,Administrative/internal,{$BASE_PATH_IMG}/loading.gif
templates/cloudhost247_legacy/future-element.tpl,Administrative/internal,#; {$WEB_ROOT}/templates/{$template}/images/icon2.svg; #; {$WEB_ROOT}/templates/{$template}/images/icon2.svg; #; {$WEB_ROOT}/templates/{$template}/images/icon3.svg; #; {$WEB_ROOT}/templates/{$template}/images/icon4.svg; cpanelhosting.php; #; #; #; #; #; #; #; {$WEB_ROOT}/templates/{$template}/images/cpanel-img.png; #; {$WEB_ROOT}/templates/{$template}/images/developer_friendly-img.png; #; {$WEB_ROOT}/templates/{$template}/images/enterprise_servers_back.png; #; {$WEB_ROOT}/templates/{$template}/images/game_back.png; #; {$WEB_ROOT}/templates/{$template}/images/hosting_server_back.png; #; {$WEB_ROOT}/templates/{$template}/images/plesk-hosting_back.png; #; {$WEB_ROOT}/templates/{$template}/images/vps_public_cloud_back.png; #; {$WEB_ROOT}/templates/{$template}/images/vps_public_cloud_back1.png; #; {$WEB_ROOT}/templates/{$template}/images/vps_ssd_back.png; #; {$WEB_ROOT}/templates/{$template}/images/window-hosting_back.png; #; {$WEB_ROOT}/templates/{$template}/images/window-hosting_back.png; {$WEB_ROOT}/templates/{$template}/images/ddos-icon.svg; {$WEB_ROOT}/templates/{$template}/images/rpn.svg; {$WEB_ROOT}/templates/{$template}/images/icon05.svg; {$WEB_ROOT}/templates/{$template}/images/kvm-over-ip.svg; {$WEB_ROOT}/templates/{$template}/images/rpn1.svg; {$WEB_ROOT}/templates/{$template}/images/support.svg; {$WEB_ROOT}/templates/{$template}/images/certified-datacenter.svg; {$WEB_ROOT}/templates/{$template}/images/premium-network.svg; {$WEB_ROOT}/templates/{$template}/images/new/closed-lock-.svg; {$WEB_ROOT}/templates/{$template}/images/new/icon.svg; {$WEB_ROOT}/templates/{$template}/images/new/history-clock-button.svg; {$WEB_ROOT}/templates/{$template}/images/new/worldwide.svg; {$WEB_ROOT}/templates/{$template}/images/new/shield-checked.svg; {$WEB_ROOT}/templates/{$template}/images/new/wordpress-logo.svg; {$WEB_ROOT}/templates/{$template}/images/icon001.svg; {$WEB_ROOT}/templates/{$template}/images/icon002.svg; {$WEB_ROOT}/templates/{$template}/images/icon003.svg; {$WEB_ROOT}/templates/{$template}/images/icon004.svg; {$WEB_ROOT}/templates/{$template}/images/icon005.svg; {$WEB_ROOT}/templates/{$template}/images/icon006.svg; #
templates/cloudhost247_legacy/header.tpl,Administrative/internal,
templates/cloudhost247_legacy/helpcenter.tpl,Support,https://www.cloudhost247.com; refund-policy.php; mailto:billing@cloudhost247.com; cart.php; mailto:support@cloudhost247.com; clientarea.php; data-protection-standards.php; data-deletion.php; terms-of-service.php; privacy-policy.php; refund-policy.php; cookie-policy.php; data-protection-standards.php; mailto:info@cloudhost247.com; mailto:support@cloudhost247.com; mailto:billing@cloudhost247.com; https://www.cloudhost247.com
templates/cloudhost247_legacy/homepage.tpl,Marketing,
templates/cloudhost247_legacy/includes/active-products-services-item.tpl,Administrative/internal,clientarea.php?action=productdetails&id={$service->id}
templates/cloudhost247_legacy/includes/alert.tpl,Administrative/internal,
templates/cloudhost247_legacy/includes/announcementbar.tpl,Marketing,{$announcement.url|escape:
templates/cloudhost247_legacy/includes/blocks/all_hosting_features.tpl,Hosting,{$WEB_ROOT}/templates/{$template}/images/{$layoutStyle}/fgr-icon1.svg; {$WEB_ROOT}/templates/{$template}/images/{$layoutStyle}/fgr-icon3.svg; {$WEB_ROOT}/templates/{$template}/images/{$layoutStyle}/fgr-icon2.svg; {$WEB_ROOT}/templates/{$template}/images/{$layoutStyle}/fgr-icon4.svg; {$WEB_ROOT}/templates/{$template}/images/{$layoutStyle}/fgr-icon5.svg; {$WEB_ROOT}/templates/{$template}/images/{$layoutStyle}/fgr-icon6.svg; {$WEB_ROOT}/templates/{$template}/images/{$layoutStyle}/fgr-icon7.svg; {$WEB_ROOT}/templates/{$template}/images/{$layoutStyle}/fgr-icon8.svg
templates/cloudhost247_legacy/includes/blocks/all_services.tpl,Administrative/internal,{$WEB_ROOT}/templates/{$template}/images/{$layoutStyle}/blc-5-icon1.png; #; {$WEB_ROOT}/templates/{$template}/images/{$layoutStyle}/blc-5-icon2.png; #; {$WEB_ROOT}/templates/{$template}/images/{$layoutStyle}/blc-5-icon3.png; #; {$WEB_ROOT}/templates/{$template}/images/{$layoutStyle}/blc-5-icon4.png; #; {$WEB_ROOT}/templates/{$template}/images/{$layoutStyle}/blc-5-icon5.png; #; {$WEB_ROOT}/templates/{$template}/images/{$layoutStyle}/blc-5-icon6.png; #
templates/cloudhost247_legacy/includes/blocks/all_tlds_below.tpl,Administrative/internal,{$WEB_ROOT}/templates/{$template}/images/check.svg; {$WEB_ROOT}/templates/{$template}/images/check.svg; {$WEB_ROOT}/templates/{$template}/images/check.svg
templates/cloudhost247_legacy/includes/blocks/available_operating_system.tpl,Operating Systems,#tab1; {$WEB_ROOT}/templates/{$template}/images/icon007.svg; #tab2; {$WEB_ROOT}/templates/{$template}/images/icon008.svg; #tab3; {$WEB_ROOT}/templates/{$template}/images/icon009.svg; {$WEB_ROOT}/templates/{$template}/images/icon011.svg; {$WEB_ROOT}/templates/{$template}/images/icon012.svg; {$WEB_ROOT}/templates/{$template}/images/icon013.svg; {$WEB_ROOT}/templates/{$template}/images/AntiddosShe2.png; #; {$WEB_ROOT}/templates/{$template}/images/system_icon1.png; {$WEB_ROOT}/templates/{$template}/images/system_icon2.png; {$WEB_ROOT}/templates/{$template}/images/system_icon3.png; {$WEB_ROOT}/templates/{$template}/images/system_icon4.png; {$WEB_ROOT}/templates/{$template}/images/system_icon5.png; {$WEB_ROOT}/templates/{$template}/images/system_icon6.png; {$WEB_ROOT}/templates/{$template}/images/system_icon7.png; {$WEB_ROOT}/templates/{$template}/images/system_icon8.png
templates/cloudhost247_legacy/includes/blocks/banner.tpl,Administrative/internal,
templates/cloudhost247_legacy/includes/blocks/banner_bottombar.tpl,Administrative/internal,{$WEB_ROOT}/templates/{$template}/images/24hras.png; {$WEB_ROOT}/templates/{$template}/images/clock.png; {$WEB_ROOT}/templates/{$template}/images/doller.png
templates/cloudhost247_legacy/includes/blocks/banner_v1.tpl,Administrative/internal,{$WEB_ROOT}/templates/{$template}/images/hx-img1.svg; {$WEB_ROOT}/templates/{$template}/images/hx-img2.svg; {$WEB_ROOT}/templates/{$template}/images/hx-img3.svg; {$WEB_ROOT}/templates/{$template}/images/hx-img4.png; #
templates/cloudhost247_legacy/includes/blocks/banner_v2.tpl,Administrative/internal,{$WEB_ROOT}/templates/{$template}/images/hx-business-icon1.svg; {$WEB_ROOT}/templates/{$template}/images/hx-business-icon2.svg; {$WEB_ROOT}/templates/{$template}/images/hx-business-icon3.svg; {$WEB_ROOT}/cart.php; {$WEB_ROOT}/templates/{$template}/images/business-right-arrow3.svg; {$WEB_ROOT}/templates/{$template}/images/hx-right-img.png
templates/cloudhost247_legacy/includes/blocks/banner_v3.tpl,Administrative/internal,{$WEB_ROOT}/templates/{$template}/images/hx-business-icon1.svg; {$WEB_ROOT}/templates/{$template}/images/hx-business-icon2.svg; {$WEB_ROOT}/templates/{$template}/images/hx-business-icon3.svg; {$WEB_ROOT}/cart.php
templates/cloudhost247_legacy/includes/blocks/best_vps_server.tpl,VPS,{$WEB_ROOT}/templates/{$template}/images/cpu.png; {$WEB_ROOT}/templates/{$template}/images/EASY.png; {$WEB_ROOT}/templates/{$template}/images/support1.png; {$WEB_ROOT}/templates/{$template}/images/custom.png; {$WEB_ROOT}/templates/{$template}/images/PRIVATe.png; {$WEB_ROOT}/templates/{$template}/images/cloud.png
templates/cloudhost247_legacy/includes/blocks/build_sites.tpl,Administrative/internal,
templates/cloudhost247_legacy/includes/blocks/call_us.tpl,Administrative/internal,{$WEB_ROOT}/templates/{$template}/images/toll-free.svg; {$WEB_ROOT}/templates/{$template}/images/chart.svg
templates/cloudhost247_legacy/includes/blocks/cloudhost247_web_hosting.tpl,Hosting,{$WEB_ROOT}/templates/{$template}/images/tag.svg; {$homePageDeData.pHomeLink}
templates/cloudhost247_legacy/includes/blocks/cloudhost247_web_hosting_2.tpl,Hosting,{$homePageSData.pHomeLink}
templates/cloudhost247_legacy/includes/blocks/copyright.tpl,Administrative/internal,{$WEB_ROOT}/aboutus.php
templates/cloudhost247_legacy/includes/blocks/cpanel_pricing.tpl,Hosting,javascript:;; javascript:;; javascript:;; javascript:;; javascript:;; javascript:;; cart.php?a=add&pid={$productData.pid}; cart.php?a=add&pid={$productData.pid}; cart.php?a=add&pid={$productData.pid}&billingcycle=monthly; cart.php?a=add&pid={$productData.pid}&billingcycle=quarterly; cart.php?a=add&pid={$productData.pid}&billingcycle=semiannually; cart.php?a=add&pid={$productData.pid}&billingcycle=annually; cart.php?a=add&pid={$productData.pid}&billingcycle=biennially; cart.php?a=add&pid={$productData.pid}&billingcycle=triennially
templates/cloudhost247_legacy/includes/blocks/custom.tpl,Administrative/internal,
templates/cloudhost247_legacy/includes/blocks/dedicated_server.tpl,Dedicated,{$WEB_ROOT}/templates/{$template}/images/server-img.png; {$WEB_ROOT}/templates/{$template}/images/server-img.png; #; #; {$WEB_ROOT}/templates/{$template}/images/server-img.png; #; #
templates/cloudhost247_legacy/includes/blocks/dedicated_side_bar.tpl,Dedicated,javascript:;; javascript:;; {$WEB_ROOT}/templates/{$template}/flags/blank.gif
templates/cloudhost247_legacy/includes/blocks/dedicated_why_choose_us.tpl,Dedicated,{$WEB_ROOT}/templates/{$template}/images/choose_icon1.png; {$WEB_ROOT}/templates/{$template}/images/choose_icon2.png; {$WEB_ROOT}/templates/{$template}/images/choose_icon3.png; {$WEB_ROOT}/templates/{$template}/images/choose_icon4.png
templates/cloudhost247_legacy/includes/blocks/domain_services.tpl,Domains,
templates/cloudhost247_legacy/includes/blocks/find_best_domain.tpl,Domains,
templates/cloudhost247_legacy/includes/blocks/find_ideal_domain_name.tpl,Domains,{$WEB_ROOT}/templates/{$template}/images/search-icon.svg; {$WEB_ROOT}/templates/{$template}/domain_icons/{$tld_d->tld_id|replace:
templates/cloudhost247_legacy/includes/blocks/footer_block.tpl,Administrative/internal,#; #; #; #; {$cloudhost247.settings.facebook_handle_code}; {$cloudhost247.settings.instagram_handle_code}; {$cloudhost247.settings.pinrest_handle_code}; {$cloudhost247.settings.linkedin_handle_code}; {$cloudhost247.settings.twitter_handle_code}; {$WEB_ROOT}/dedeicated-server.php; {$WEB_ROOT}/windows-hosting.php; {$WEB_ROOT}/vps-hosting.php; {$WEB_ROOT}/cpanel-hosting.php
templates/cloudhost247_legacy/includes/blocks/footer_block_latest.tpl,Administrative/internal,{$WEB_ROOT}/templates/{$template}/images/logo-white.png; #; #; #; #; #; #; #; #; #; #; #; #; #; #; #; #; #; #; #; #; #; #; #; #; #; #; #; #; #; #; {$cloudhost247.settings.linkedin_handle_code}; {$cloudhost247.settings.twitter_handle_code}; {$cloudhost247.settings.facebook_handle_code}; {$cloudhost247.settings.instagram_handle_code}; {$cloudhost247.settings.pinrest_handle_code}; #
templates/cloudhost247_legacy/includes/blocks/free_trial.tpl,Administrative/internal,{$WEB_ROOT}/templates/{$template}/images/30day.png
templates/cloudhost247_legacy/includes/blocks/frequently_asked.tpl,Administrative/internal,javascript:;; {$WEB_ROOT}/templates/{$template}/images/bottom-arro.svg; javascript:;; {$WEB_ROOT}/templates/{$template}/images/bottom-arro.svg; javascript:;; {$WEB_ROOT}/templates/{$template}/images/bottom-arro.svg; javascript:;; {$WEB_ROOT}/templates/{$template}/images/bottom-arro.svg; javascript:;; {$WEB_ROOT}/templates/{$template}/images/bottom-arro.svg
templates/cloudhost247_legacy/includes/blocks/frequently_asked_advanced.tpl,Administrative/internal,#collapseTwo; #collapseTwo1; #collapseThree; #headingfour; #collapsefive
templates/cloudhost247_legacy/includes/blocks/frequently_asked_basic.tpl,Administrative/internal,javascript:;; {$WEB_ROOT}/templates/{$template}/images/bottom-arro.svg; javascript:;; {$WEB_ROOT}/templates/{$template}/images/bottom-arro.svg; javascript:;; {$WEB_ROOT}/templates/{$template}/images/bottom-arro.svg; javascript:;; {$WEB_ROOT}/templates/{$template}/images/bottom-arro.svg; javascript:;; {$WEB_ROOT}/templates/{$template}/images/bottom-arro.svg
templates/cloudhost247_legacy/includes/blocks/get_your_custom_email_address.tpl,Email,#
templates/cloudhost247_legacy/includes/blocks/google_recent_changes_effact.tpl,Administrative/internal,{$WEB_ROOT}/templates/{$template}/images/http-domain-ssl.png
templates/cloudhost247_legacy/includes/blocks/highest_rated_hosting_block.tpl,Hosting,{$WEB_ROOT}/templates/{$template}/images/review-logo-hostingseeker.svg; {$WEB_ROOT}/templates/{$template}/images/review-logo-google.png; {$WEB_ROOT}/templates/{$template}/images/review-logo-trustpilot.png; {$WEB_ROOT}/templates/{$template}/images/review-logo-hostadvice.png; {$WEB_ROOT}/templates/{$template}/images/review-logo-searchen.png; {$WEB_ROOT}/templates/{$template}/images/review-logo-hostreview.png
templates/cloudhost247_legacy/includes/blocks/how_it_works.tpl,Administrative/internal,
templates/cloudhost247_legacy/includes/blocks/include_all_features.tpl,Administrative/internal,{$WEB_ROOT}/templates/{$template}/images/{$imageArrays.{$turnsImg}}; {$WEB_ROOT}/templates/{$template}/images/ddos-icon.svg; {$WEB_ROOT}/templates/{$template}/images/rpn.svg; {$WEB_ROOT}/templates/{$template}/images/icon05.svg; {$WEB_ROOT}/templates/{$template}/images/kvm-over-ip.svg; {$WEB_ROOT}/templates/{$template}/images/rpn1.svg; {$WEB_ROOT}/templates/{$template}/images/support.svg; {$WEB_ROOT}/templates/{$template}/images/certified-datacenter.svg; {$WEB_ROOT}/templates/{$template}/images/premium-network.svg
templates/cloudhost247_legacy/includes/blocks/more_feature.tpl,Administrative/internal,{$WEB_ROOT}/templates/{$template}/images/icon001.svg; {$WEB_ROOT}/templates/{$template}/images/icon002.svg; {$WEB_ROOT}/templates/{$template}/images/icon003.svg; {$WEB_ROOT}/templates/{$template}/images/icon004.svg; {$WEB_ROOT}/templates/{$template}/images/icon005.svg; {$WEB_ROOT}/templates/{$template}/images/icon006.svg
templates/cloudhost247_legacy/includes/blocks/offer_block_2.tpl,Administrative/internal,#
templates/cloudhost247_legacy/includes/blocks/offers.tpl,Marketing,
templates/cloudhost247_legacy/includes/blocks/other_options.tpl,Administrative/internal,{$WEB_ROOT}/templates/{$template}/images/{$layoutStyle}/blk-icon1.svg; {$WEB_ROOT}/templates/{$template}/images/{$layoutStyle}/blk-icon2.svg; {$WEB_ROOT}/templates/{$template}/images/{$layoutStyle}/blk-icon3.svg; {$WEB_ROOT}/templates/{$template}/images/{$layoutStyle}/blk-icon4.svg
templates/cloudhost247_legacy/includes/blocks/our_products.tpl,Administrative/internal,{$WEB_ROOT}/templates/{$template}/images/{$layoutStyle}/icon-a1.svg; {$WEB_ROOT}/templates/{$template}/images/{$layoutStyle}/icon-a2.svg; {$WEB_ROOT}/templates/{$template}/images/{$layoutStyle}/icon-a3.svg; {$WEB_ROOT}/templates/{$template}/images/{$layoutStyle}/icon-a4.svg; {$WEB_ROOT}/templates/{$template}/images/{$layoutStyle}/icon-a5.svg; {$WEB_ROOT}/templates/{$template}/images/{$layoutStyle}/icon-a6.svg
templates/cloudhost247_legacy/includes/blocks/perfect_domain_name.tpl,Domains,#
templates/cloudhost247_legacy/includes/blocks/premium_everything.tpl,Administrative/internal,{$WEB_ROOT}/templates/{$template}/images/b-support-img.png; #; #
templates/cloudhost247_legacy/includes/blocks/price_compare_table_block.tpl,Administrative/internal,#featureTabBlock; #compareTabBlock; #faqTabBlock; #; #; #; #faq1; #faq2; #faq3; #faq4; #faq5; #faq6; #faq7
templates/cloudhost247_legacy/includes/blocks/pricing_vps_block.tpl,VPS,cart.php?a=add&pid={$productData.pid}; cart.php?a=add&pid={$productData.pid}; cart.php?a=add&pid={$productData.pid}&billingcycle=monthly; cart.php?a=add&pid={$productData.pid}&billingcycle=quarterly; cart.php?a=add&pid={$productData.pid}&billingcycle=semiannually; cart.php?a=add&pid={$productData.pid}&billingcycle=annually; cart.php?a=add&pid={$productData.pid}&billingcycle=biennially; cart.php?a=add&pid={$productData.pid}&billingcycle=triennially
templates/cloudhost247_legacy/includes/blocks/ready_to_grab.tpl,Administrative/internal,#; #; #
templates/cloudhost247_legacy/includes/blocks/security_optimizations.tpl,Administrative/internal,{$WEB_ROOT}/templates/{$template}/images/{$layoutStyle}/blc-icon1.svg; {$WEB_ROOT}/templates/{$template}/images/{$layoutStyle}/blc-icon2.svg; {$WEB_ROOT}/templates/{$template}/images/{$layoutStyle}/blc-icon3.svg
templates/cloudhost247_legacy/includes/blocks/ssl_effect_site.tpl,Administrative/internal,{$WEB_ROOT}/templates/{$template}/images/ssl-effect-img.png; {$WEB_ROOT}/templates/{$template}/images/ssl-effect-img.png
templates/cloudhost247_legacy/includes/blocks/ssl_four_easy_steps.tpl,Administrative/internal,{$WEB_ROOT}/templates/{$template}/images/ssl-icon-1.png; {$WEB_ROOT}/templates/{$template}/images/ssl-icon-2.png; {$WEB_ROOT}/templates/{$template}/images/ssl-icon-3.png; {$WEB_ROOT}/templates/{$template}/images/ssl-icon-4.png
templates/cloudhost247_legacy/includes/blocks/sslpricing_section.tpl,Administrative/internal,javascript:;; javascript:;; javascript:;; javascript:;; javascript:;; javascript:;; cart.php?a=add&pid={$productData.pid}; cart.php?a=add&pid={$productData.pid}; cart.php?a=add&pid={$productData.pid}&billingcycle=monthly; cart.php?a=add&pid={$productData.pid}&billingcycle=quarterly; cart.php?a=add&pid={$productData.pid}&billingcycle=semiannually; cart.php?a=add&pid={$productData.pid}&billingcycle=annually; cart.php?a=add&pid={$productData.pid}&billingcycle=biennially; cart.php?a=add&pid={$productData.pid}&billingcycle=triennially
templates/cloudhost247_legacy/includes/blocks/sslpricing_sections.tpl,Administrative/internal,javascript:;; javascript:;; javascript:;; javascript:;; javascript:;; javascript:;; cart.php?a=add&pid={$productData.pid}; cart.php?a=add&pid={$productData.pid}; cart.php?a=add&pid={$productData.pid}&billingcycle=monthly; cart.php?a=add&pid={$productData.pid}&billingcycle=quarterly; cart.php?a=add&pid={$productData.pid}&billingcycle=semiannually; cart.php?a=add&pid={$productData.pid}&billingcycle=annually; cart.php?a=add&pid={$productData.pid}&billingcycle=biennially; cart.php?a=add&pid={$productData.pid}&billingcycle=triennially
templates/cloudhost247_legacy/includes/blocks/technical_specifications.tpl,Administrative/internal,{$WEB_ROOT}/templates/{$template}/images/icon-b1.png; {$WEB_ROOT}/templates/{$template}/images/Secure-Environment.png; {$WEB_ROOT}/templates/{$template}/images/key.png; {$WEB_ROOT}/templates/{$template}/images/network.png
templates/cloudhost247_legacy/includes/blocks/testimonial_manager.tpl,Administrative/internal,{$WEB_ROOT}/templates/{$template}/testimonial_images/{$crouselData->reviewer_image}; {$crouselData->reviewer_url}; {$crouselData->facebook_url}; {$crouselData->twitter_url}; {$crouselData->linkedin_url}; {$crouselData->instagram_url}; {$crouselData->youtube_url}; {$crouselData->skype_id}
templates/cloudhost247_legacy/includes/blocks/testimonials.tpl,Administrative/internal,{$WEB_ROOT}/templates/{$template}/images/user05.png; {$WEB_ROOT}/templates/{$template}/images/user05.png
templates/cloudhost247_legacy/includes/blocks/testimonials_new.tpl,Administrative/internal,{$WEB_ROOT}/templates/{$template}/images/user05.png; {$WEB_ROOT}/templates/{$template}/images/user05.png
templates/cloudhost247_legacy/includes/blocks/the_best_managed_cloud_hosting.tpl,Cloud,#
templates/cloudhost247_legacy/includes/blocks/three_in_one_price.tpl,Administrative/internal,#v-pills-home; {$WEB_ROOT}/templates/{$template}/caticons/hx_blueicon1.svg; #v-pills-group-content{$newBlkData.groupId}; {$WEB_ROOT}/templates/{$template}/caticons/{$newBlkData.groupIcon}; {$WEB_ROOT}/templates/{$template}/images/loaderforblock.gif; /cart.php?a=add&domain=register; {$WEB_ROOT}/templates/{$template}/images/hx-right-arrow.svg; #; {$WEB_ROOT}/templates/{$template}/images/hx_hand.svg; {$WEB_ROOT}/templates/{$template}/images/hx_headphone.svg; {$WEB_ROOT}/templates/{$template}/images/hx_db.svg; {$WEB_ROOT}/templates/{$template}/images/hx_attchment.svg; {$WEB_ROOT}/templates/{$template}/images/hx-mail.svg; {$WEB_ROOT}/cart.php?a=add&pid={$productArrayData[; {$WEB_ROOT}/cart.php?gid={$newBlkData.groupId}
templates/cloudhost247_legacy/includes/blocks/three_simple_steps.tpl,Administrative/internal,{$WEB_ROOT}/templates/{$template}/images/icon-01.png; {$WEB_ROOT}/templates/{$template}/images/icon-02.png; {$WEB_ROOT}/templates/{$template}/images/icon-03.png
templates/cloudhost247_legacy/includes/blocks/unlimited_bandwidth.tpl,Administrative/internal,{$WEB_ROOT}/templates/{$template}/images/img01.png
templates/cloudhost247_legacy/includes/blocks/vps_pricing_plan.tpl,VPS,#; #; #
templates/cloudhost247_legacy/includes/blocks/we_have_hosting_solution.tpl,Hosting,{$WEB_ROOT}/templates/{$template}/images/new/closed-lock-.svg; {$WEB_ROOT}/templates/{$template}/images/new/icon.svg; {$WEB_ROOT}/templates/{$template}/images/new/history-clock-button.svg; {$WEB_ROOT}/templates/{$template}/images/new/worldwide.svg; {$WEB_ROOT}/templates/{$template}/images/new/shield-checked.svg; {$WEB_ROOT}/templates/{$template}/images/new/wordpress-logo.svg
templates/cloudhost247_legacy/includes/blocks/what_customers_have_to_say.tpl,Administrative/internal,#tabs1; {$WEB_ROOT}/templates/{$template}/images/user01.png; #tabs2; {$WEB_ROOT}/templates/{$template}/images/user02.png; #tabs3; {$WEB_ROOT}/templates/{$template}/images/user03.png; #tabs4; {$WEB_ROOT}/templates/{$template}/images/user04.png; #tabs2; {$WEB_ROOT}/templates/{$template}/images/user02.png; #tabs3; {$WEB_ROOT}/templates/{$template}/images/user03.png; #tabs4; {$WEB_ROOT}/templates/{$template}/images/user04.png
templates/cloudhost247_legacy/includes/blocks/why_choose_us.tpl,Administrative/internal,#tab1; {$WEB_ROOT}/templates/{$template}/images/icon007.svg; #tab2; {$WEB_ROOT}/templates/{$template}/images/icon008.svg; #tab3; {$WEB_ROOT}/templates/{$template}/images/icon009.svg; #tab4; {$WEB_ROOT}/templates/{$template}/images/icon010.svg; {$WEB_ROOT}/templates/{$template}/images/icon011.svg; {$WEB_ROOT}/templates/{$template}/images/icon012.svg; {$WEB_ROOT}/templates/{$template}/images/icon013.svg; {$WEB_ROOT}/templates/{$template}/images/csm-icon.png; #; {$WEB_ROOT}/templates/{$template}/images/img004.png; #; {$WEB_ROOT}/templates/{$template}/images/banner-logo.png; {$WEB_ROOT}/templates/{$template}/images/icon-01.svg; {$WEB_ROOT}/templates/{$template}/images/icon-02.svg; {$WEB_ROOT}/templates/{$template}/images/icon-03.svg
templates/cloudhost247_legacy/includes/blocks/why_choose_vps_hosting.tpl,VPS,{$WEB_ROOT}/templates/{$template}/images/icon_b1.png; {$WEB_ROOT}/templates/{$template}/images/icon_b2.png; {$WEB_ROOT}/templates/{$template}/images/icon_b3.png
templates/cloudhost247_legacy/includes/blocks/why_cloudhost247.tpl,Administrative/internal,
templates/cloudhost247_legacy/includes/breadcrumb.tpl,Administrative/internal,{$item.link}
templates/cloudhost247_legacy/includes/captcha.tpl,Administrative/internal,{$systemurl}includes/verifyimage.php; {$systemurl}includes/verifyimage.php
templates/cloudhost247_legacy/includes/confirmation.tpl,Administrative/internal,
templates/cloudhost247_legacy/includes/existing-paymethods.tpl,Administrative/internal,
templates/cloudhost247_legacy/includes/flashmessage.tpl,Administrative/internal,
templates/cloudhost247_legacy/includes/generate-password.tpl,Authentication,{$WEB_ROOT}/assets/img/clippy.svg
templates/cloudhost247_legacy/includes/head.tpl,Administrative/internal,"{assetPath file=; {$WEB_ROOT}/templates/{$template}/css/opensans-300-800.css; https://fonts.googleapis.com/css2?family=Poppins:ital,wght@0,100;0,200;0,300;0,400;0,500;0,600;0,700;0,800;0,900;1,100;1,200;1,300;1,400;1,500;1,600;1,700;1,800;1,900&display=swap; https://stackpath.bootstrapcdn.com/font-awesome/4.7.0/css/font-awesome.min.css; {$WEB_ROOT}/templates/{$template}/css/owl.carousel.css; {$WEB_ROOT}/templates/{$template}/css/ion.rangeSlider.css; {$WEB_ROOT}/templates/{$template}/css/bootstrap.min.css; {$WEB_ROOT}/templates/{$template}/css/main-style.css; {$WEB_ROOT}/templates/{$template}/css/animate.css; {$WEB_ROOT}/templates/{$template}/css/hc-offcanvas-nav.css; {$WEB_ROOT}/templates/{$template}/flags/flags.css; {$WEB_ROOT}/templates/{$template}/css/custom.css; {$WEB_ROOT}/templates/{$template}/css/custom-responsive.css; {$WEB_ROOT}/templates/{$template}/css/slick.css; {$WEB_ROOT}/templates/{$template}/css/thirdpartymodule.css; {$WEB_ROOT}/templates/{$template}/css/{$layoutStyle}/custom-color-scheme.css; {$WEB_ROOT}/templates/{$template}/css/style-rtl.css; {$WEB_ROOT}/templates/{$template}/css/overrides/override.css; {assetPath file=; {$WEB_ROOT}/templates/{$template}/js/scrollBarWgs.js"
templates/cloudhost247_legacy/includes/linkedaccounts.tpl,Client Area,
templates/cloudhost247_legacy/includes/modal.tpl,Administrative/internal,
templates/cloudhost247_legacy/includes/navbar.tpl,Administrative/internal,javascript:;; {$item->getUri()}; {$childItem->getUri()}
templates/cloudhost247_legacy/includes/pageheader.tpl,Administrative/internal,
templates/cloudhost247_legacy/includes/panel.tpl,Administrative/internal,
templates/cloudhost247_legacy/includes/pwstrength.tpl,Administrative/internal,
templates/cloudhost247_legacy/includes/sidebar.tpl,Administrative/internal,{$WEB_ROOT}/clientarea.php?action=details; {$childItem->getUri()}
templates/cloudhost247_legacy/includes/subheader.tpl,Administrative/internal,
templates/cloudhost247_legacy/includes/tablelist.tpl,Administrative/internal,{$BASE_PATH_CSS}/dataTables.bootstrap.css; {$BASE_PATH_CSS}/dataTables.responsive.css; {$BASE_PATH_JS}/jquery.dataTables.min.js; {$BASE_PATH_JS}/dataTables.bootstrap.min.js; {$BASE_PATH_JS}/dataTables.responsive.min.js
templates/cloudhost247_legacy/includes/validateuser.tpl,Administrative/internal,#
templates/cloudhost247_legacy/includes/verifyemail.tpl,Email,
templates/cloudhost247_legacy/invoice-payment.tpl,Checkout,about:blank
templates/cloudhost247_legacy/invoicepdf.tpl,Checkout,
templates/cloudhost247_legacy/knowledgebase.tpl,Support,{routePath(; {routePath(
templates/cloudhost247_legacy/knowledgebasearticle.tpl,Support,#; {routePath(
templates/cloudhost247_legacy/knowledgebasecat.tpl,Support,{routePath(; {routePath(
templates/cloudhost247_legacy/legal.tpl,Legal,{$section.link}; submitticket.php; contact.php
templates/cloudhost247_legacy/legalnotice.tpl,Legal,mailto:privacy@cloudhost247.com; mailto:legal@cloudhost247.com; mailto:privacy@cloudhost247.com; mailto:legal@cloudhost247.com; https://www.cloudhost247.com
templates/cloudhost247_legacy/login.tpl,Authentication,{routePath(
templates/cloudhost247_legacy/logintwofa.tpl,Authentication,clientarea.php?backupcode=1
templates/cloudhost247_legacy/logout.tpl,Administrative/internal,#; index.php
templates/cloudhost247_legacy/managessl.tpl,Administrative/internal,{$sslProduct->getConfigurationUrl()}; {$sslProduct->getConfigurationUrl()}
templates/cloudhost247_legacy/markdown-guide.tpl,Administrative/internal,
templates/cloudhost247_legacy/masspay.tpl,Administrative/internal,
templates/cloudhost247_legacy/notfound.tpl,Marketing,{$WEB_ROOT}/templates/{$template}/images/404_not_found.png
templates/cloudhost247_legacy/oauth/authorize.tpl,Authentication,{$appLogo}
templates/cloudhost247_legacy/oauth/error.tpl,Authentication,
templates/cloudhost247_legacy/oauth/layout.tpl,Authentication,{assetPath file=; {$__assetPath__}; {assetPath file=; https://oss.maxcdn.com/html5shiv/3.7.2/html5shiv.min.js; https://oss.maxcdn.com/respond/1.4.2/respond.min.js; {$logo}; #; {assetPath file=
templates/cloudhost247_legacy/oauth/login-twofactorauth.tpl,Authentication,#
templates/cloudhost247_legacy/oauth/login.tpl,Authentication,{$appLogo}; {routePath(
templates/cloudhost247_legacy/oauth/redirect.tpl,Authentication,#
templates/cloudhost247_legacy/password-reset-change-prompt.tpl,Authentication,
templates/cloudhost247_legacy/password-reset-container.tpl,Authentication,
templates/cloudhost247_legacy/password-reset-email-prompt.tpl,Authentication,
templates/cloudhost247_legacy/password-reset-security-prompt.tpl,Authentication,
templates/cloudhost247_legacy/payment/bank/inputs.tpl,Checkout,
templates/cloudhost247_legacy/payment/bank/select.tpl,Checkout,
templates/cloudhost247_legacy/payment/bank/validate.tpl,Checkout,{$BASE_PATH_JS}/jquery.payment.js; {$BASE_PATH_JS}/StatesDropdown.js
templates/cloudhost247_legacy/payment/billing-address.tpl,Checkout,
templates/cloudhost247_legacy/payment/card/inputs.tpl,Checkout,{$BASE_PATH_IMG}/ccv.gif
templates/cloudhost247_legacy/payment/card/select.tpl,Checkout,
templates/cloudhost247_legacy/payment/card/validate.tpl,Checkout,{$BASE_PATH_JS}/jquery.payment.js; {$BASE_PATH_JS}/StatesDropdown.js
templates/cloudhost247_legacy/payment/invoice-summary.tpl,Checkout,
templates/cloudhost247_legacy/privacypolicy.tpl,Legal,https://www.whmcs.com/
templates/cloudhost247_legacy/pwreset.tpl,Authentication,
templates/cloudhost247_legacy/pwresetvalidation.tpl,Authentication,clientarea.php
templates/cloudhost247_legacy/quotepdf.tpl,Checkout,
templates/cloudhost247_legacy/refund-and-vancellation-policy.tpl,Legal,{$WEB_ROOT}/templates/{$template}/images/chcek_price_icon.png; {$WEB_ROOT}/templates/{$template}/images/chcek_price_icon.png; {$WEB_ROOT}/templates/{$template}/images/chcek_price_icon.png; {$WEB_ROOT}/templates/{$template}/images/chcek_price_icon.png; {$WEB_ROOT}/templates/{$template}/images/chcek_price_icon.png; {$WEB_ROOT}/templates/{$template}/images/chcek_price_icon.png; {$WEB_ROOT}/templates/{$template}/images/chcek_price_icon.png
templates/cloudhost247_legacy/refundpolicy.tpl,Legal,mailto:{$refundData.contact.email}; https://{$refundData.contact.website}; {$WEB_ROOT}/submitticket.php
templates/cloudhost247_legacy/serverstatus.tpl,Support,{if $prevpage}{$smarty.server.PHP_SELF}?{if $view}view={$view}&amp;{/if}page={$prevpage}{else}#{/if}; {if $nextpage}{$smarty.server.PHP_SELF}?{if $view}view={$view}&amp;{/if}page={$nextpage}{else}#{/if}; {$server.phpinfourl}
templates/cloudhost247_legacy/ssl-certificate.tpl,Administrative/internal,
templates/cloudhost247_legacy/sslcloudhost247.tpl,Administrative/internal,
templates/cloudhost247_legacy/store/addon/wp-toolkit-cpanel.tpl,Hosting,{assetPath file=; {$WEB_ROOT}/assets/img/store/wp-toolkit/cpanel.png; {fqdnRoutePath(; {$WEB_ROOT}/assets/img/store/wp-toolkit/feature-laptop.png; {$WEB_ROOT}/assets/img/store/wp-toolkit/graphic.png; {$WEB_ROOT}/assets/img/store/wp-toolkit/icon-create.png; {$WEB_ROOT}/assets/img/store/wp-toolkit/icon-experiment.png; {$WEB_ROOT}/assets/img/store/wp-toolkit/icon-security.png; {$WEB_ROOT}/assets/img/store/wp-toolkit/icon-updates.png; {$WEB_ROOT}/assets/img/store/wp-toolkit/icon-cloning.png; {$WEB_ROOT}/assets/img/store/wp-toolkit/icon-maintenance.png; {$WEB_ROOT}/assets/img/store/wp-toolkit/screen-01-full.png; {$WEB_ROOT}/assets/img/store/wp-toolkit/screen-01.png; {$WEB_ROOT}/assets/img/store/wp-toolkit/zoom.png; {$WEB_ROOT}/assets/img/store/wp-toolkit/screen-02-full.png; {$WEB_ROOT}/assets/img/store/wp-toolkit/screen-02.png; {$WEB_ROOT}/assets/img/store/wp-toolkit/zoom.png; {$WEB_ROOT}/assets/img/store/wp-toolkit/screen-03-full.png; {$WEB_ROOT}/assets/img/store/wp-toolkit/screen-03.png; {$WEB_ROOT}/assets/img/store/wp-toolkit/zoom.png; {$WEB_ROOT}/assets/img/store/wp-toolkit/screen-04-full.png; {$WEB_ROOT}/assets/img/store/wp-toolkit/screen-04.png; {$WEB_ROOT}/assets/img/store/wp-toolkit/zoom.png; {$WEB_ROOT}/assets/img/store/wp-toolkit/in-cart.png; {routePath(
templates/cloudhost247_legacy/store/addon/wp-toolkit-plesk.tpl,Hosting,{assetPath file=; {$WEB_ROOT}/assets/img/store/wp-toolkit/plesk.png; {fqdnRoutePath(; {$WEB_ROOT}/assets/img/store/wp-toolkit/feature-laptop-plesk.png; {$WEB_ROOT}/assets/img/store/wp-toolkit/graphic-plesk.png; {$WEB_ROOT}/assets/img/store/wp-toolkit/icon-how.png; {$WEB_ROOT}/assets/img/store/wp-toolkit/icon-safe.png; {$WEB_ROOT}/assets/img/store/wp-toolkit/icon-unsafe.png; {$WEB_ROOT}/assets/img/store/wp-toolkit/icon-create.png; {$WEB_ROOT}/assets/img/store/wp-toolkit/icon-experiment.png; {$WEB_ROOT}/assets/img/store/wp-toolkit/icon-security.png; {$WEB_ROOT}/assets/img/store/wp-toolkit/icon-updates.png; {$WEB_ROOT}/assets/img/store/wp-toolkit/icon-focus.png; {$WEB_ROOT}/assets/img/store/wp-toolkit/icon-star.png; {$WEB_ROOT}/assets/img/store/wp-toolkit/screen-01-full.png; {$WEB_ROOT}/assets/img/store/wp-toolkit/screen-01.png; {$WEB_ROOT}/assets/img/store/wp-toolkit/zoom.png; {$WEB_ROOT}/assets/img/store/wp-toolkit/screen-02-full.png; {$WEB_ROOT}/assets/img/store/wp-toolkit/screen-02.png; {$WEB_ROOT}/assets/img/store/wp-toolkit/zoom.png; {$WEB_ROOT}/assets/img/store/wp-toolkit/screen-03-full.png; {$WEB_ROOT}/assets/img/store/wp-toolkit/screen-03.png; {$WEB_ROOT}/assets/img/store/wp-toolkit/zoom.png; {$WEB_ROOT}/assets/img/store/wp-toolkit/screen-04-full.png; {$WEB_ROOT}/assets/img/store/wp-toolkit/screen-04.png; {$WEB_ROOT}/assets/img/store/wp-toolkit/zoom.png; {$WEB_ROOT}/assets/img/store/wp-toolkit/in-cart.png; {routePath(
templates/cloudhost247_legacy/store/codeguard/index.tpl,Administrative/internal,https://cdnjs.cloudflare.com/ajax/libs/html5shiv/3.7.3/html5shiv.min.js; {$BASE_PATH_CSS}/ion.rangeSlider.css; {$BASE_PATH_CSS}/ion.rangeSlider.skinHTML5.css; {assetPath file=; {$WEB_ROOT}/templates/{$template}/store/css/store-custom.css; {$WEB_ROOT}/assets/img/marketconnect/codeguard/logo.png; #; #; #; #; {$WEB_ROOT}/assets/img/marketconnect/codeguard/hero-image-a.png; {$WEB_ROOT}/templates/{$template}/images/backup-icon.svg; {$WEB_ROOT}/templates/{$template}/images/client-icon.svg; {$WEB_ROOT}/templates/{$template}/images/wp-icon.svg; {$WEB_ROOT}/templates/{$template}/images/alert-icon.svg; {$WEB_ROOT}/templates/{$template}/images/malware-icon.svg; {$WEB_ROOT}/templates/{$template}/images/pick-backup.svg; {$WEB_ROOT}/templates/{$template}/images/daily-backups-feature.svg; {$WEB_ROOT}/templates/{$template}/images/unlimited-files-feature.svg; {$WEB_ROOT}/templates/{$template}/images/click-restore-feature.svg; {$WEB_ROOT}/templates/{$template}/images/malware-feature.svg; {$WEB_ROOT}/templates/{$template}/images/wp-feature.svg; {$WEB_ROOT}/templates/{$template}/images/file-monitoring-feature.svg; {$WEB_ROOT}/templates/{$template}/images/servers-feature.svg; {$WEB_ROOT}/templates/{$template}/images/email-feature.svg; {$WEB_ROOT}/templates/{$template}/images/api-feature.svg; javascript:;; {$WEB_ROOT}/templates/{$template}/images/bottom-arro.svg; {$WEB_ROOT}/assets/img/marketconnect/codeguard/logo.png; {$BASE_PATH_JS}/ion.rangeSlider.js
templates/cloudhost247_legacy/store/cpanelseo/index.tpl,Hosting,{assetPath file=; {$WEB_ROOT}/templates/{$template}/store/css/store-custom.css; {$WEB_ROOT}/assets/img/marketconnect/cpanelseo/logo-inverse.png; {$WEB_ROOT}/assets/img/marketconnect/cpanelseo/header-img.png; {$WEB_ROOT}/assets/img/marketconnect/cpanelseo/screenshots/dashboard.png; {$WEB_ROOT}/assets/img/marketconnect/cpanelseo/screenshots/rankings.png; {$WEB_ROOT}/assets/img/marketconnect/cpanelseo/screenshots/keyword_research_keywords.png; {$WEB_ROOT}/assets/img/marketconnect/cpanelseo/screenshots/tracked_keywords.png; {$WEB_ROOT}/assets/img/marketconnect/cpanelseo/screenshots/projects.png; {$WEB_ROOT}/assets/img/marketconnect/cpanelseo/screenshots/site_audit.png; {$WEB_ROOT}/assets/img/marketconnect/cpanelseo/screenshots/advisor_overview_column.png; {$WEB_ROOT}/assets/img/marketconnect/cpanelseo/screenshots/advisor_task_details.png; #cpanelseo-screenshots; #cpanelseo-screenshots; #keywords; #advisor; #ranktracker; #siteaudit; #textoptimizer; #benchmarking; {$WEB_ROOT}/assets/img/marketconnect/cpanelseo/keywords.svg; {$WEB_ROOT}/assets/img/marketconnect/cpanelseo/advisor.svg; {$WEB_ROOT}/assets/img/marketconnect/cpanelseo/rank-tracker.svg; {$WEB_ROOT}/assets/img/marketconnect/cpanelseo/site-audit.svg; {$WEB_ROOT}/assets/img/marketconnect/cpanelseo/text-optimizer.svg; {$WEB_ROOT}/assets/img/marketconnect/cpanelseo/benchmarking.svg; {$WEB_ROOT}/assets/img/marketconnect/cpanelseo/logo.png; #collapse1; #collapse2; #collapse3; #collapse4; #collapse5; #collapse6; #collapse7; #collapse8; #collapse9; #collapse10; #collapse11; {$WEB_ROOT}/assets/img/marketconnect/cpanelseo/faq-advisor.png; {$WEB_ROOT}/assets/img/marketconnect/cpanelseo/faq-googlectrchart.png; {$WEB_ROOT}/assets/img/marketconnect/cpanelseo/faq-googlectrpages.png; #collapse12
templates/cloudhost247_legacy/store/marketgoo/index.tpl,Administrative/internal,{assetPath file=; {$WEB_ROOT}/templates/{$template}/store/css/store-custom.css; {$WEB_ROOT}/assets/img/marketconnect/marketgoo/logo.svg; https://player.vimeo.com/video/394484913; #; #; #; #; {$WEB_ROOT}/assets/img/marketconnect/marketgoo/1-signup.svg; {$WEB_ROOT}/assets/img/marketconnect/marketgoo/2-get-seo-plan.svg; {$WEB_ROOT}/assets/img/marketconnect/marketgoo/3-follow-instructions.svg; {$WEB_ROOT}/assets/img/marketconnect/marketgoo/4-start-improving.svg; {$WEB_ROOT}/assets/img/marketconnect/marketgoo/5-track-monitor.svg; {$WEB_ROOT}/assets/img/marketconnect/marketgoo/icon-check.svg; {$WEB_ROOT}/assets/img/marketconnect/marketgoo/user-testimonial-1.jpg; https://www.marketgoo.com/blog-post/2018/08/30/review-music-for-violinists/; {$WEB_ROOT}/assets/img/marketconnect/marketgoo/user-testimonial-2.jpg; https://www.marketgoo.com/blog-post/2019/10/29/review-ian-glass-fitness/; {$WEB_ROOT}/assets/img/marketconnect/marketgoo/user-testimonial-3.jpg; https://www.marketgoo.com/blog-post/2019/09/09/review-wanderlust-ironworks/; {$WEB_ROOT}/assets/img/marketconnect/marketgoo/user-testimonial-4.jpg; https://www.marketgoo.com/blog-post/2018/06/24/marketgoo-review-koningen-art/; https://vimeo.com/whmcs/marketgoo-lite-vs-pro; {$WEB_ROOT}/assets/img/marketconnect/marketgoo/video-comparison.png
templates/cloudhost247_legacy/store/nordvpn/index.tpl,Administrative/internal,{assetPath file=; {$WEB_ROOT}/templates/{$template}/store/css/store-custom.css; {$WEB_ROOT}/assets/img/marketconnect/nordvpn/header-logo.png; {$WEB_ROOT}/assets/img/marketconnect/nordvpn/header-image.png; {$WEB_ROOT}/assets/img/marketconnect/nordvpn/header-icons.png; {$WEB_ROOT}/assets/img/marketconnect/nordvpn/icon-video.png; {$WEB_ROOT}/assets/img/marketconnect/nordvpn/icon-global.png; {$WEB_ROOT}/assets/img/marketconnect/nordvpn/icon-hacker.png; {$WEB_ROOT}/assets/img/marketconnect/nordvpn/icon-property.png; {$WEB_ROOT}/assets/img/marketconnect/nordvpn/vpn-nord.png; {$WEB_ROOT}/assets/img/marketconnect/nordvpn/vpn-express.png; {$WEB_ROOT}/assets/img/marketconnect/nordvpn/vpn-private.png; {$WEB_ROOT}/assets/img/marketconnect/nordvpn/vpn-proton.png; {$WEB_ROOT}/assets/img/marketconnect/nordvpn/vpn-pure.png; {$WEB_ROOT}/assets/img/marketconnect/nordvpn/tick-yes.png; {$WEB_ROOT}/assets/img/marketconnect/nordvpn/tick-no.png; {$WEB_ROOT}/assets/img/marketconnect/nordvpn/tick-yes.png; {$WEB_ROOT}/assets/img/marketconnect/nordvpn/tick-yes.png; {$WEB_ROOT}/assets/img/marketconnect/nordvpn/tick-no.png; {$WEB_ROOT}/assets/img/marketconnect/nordvpn/tick-yes.png; {$WEB_ROOT}/assets/img/marketconnect/nordvpn/tick-yes.png; {$WEB_ROOT}/assets/img/marketconnect/nordvpn/tick-yes.png; {$WEB_ROOT}/assets/img/marketconnect/nordvpn/tick-yes.png; {$WEB_ROOT}/assets/img/marketconnect/nordvpn/tick-yes.png; {$WEB_ROOT}/assets/img/marketconnect/nordvpn/tick-yes.png; {$WEB_ROOT}/assets/img/marketconnect/nordvpn/tick-yes.png; {$WEB_ROOT}/assets/img/marketconnect/nordvpn/tick-yes.png; {$WEB_ROOT}/assets/img/marketconnect/nordvpn/tick-yes.png; {$WEB_ROOT}/assets/img/marketconnect/nordvpn/tick-yes.png; {$WEB_ROOT}/assets/img/marketconnect/nordvpn/img-protection.png; {$WEB_ROOT}/assets/img/marketconnect/nordvpn/img-malware.png; {$WEB_ROOT}/assets/img/marketconnect/nordvpn/img-safe.png; {$WEB_ROOT}/assets/img/marketconnect/nordvpn/img-girl.png; {$WEB_ROOT}/assets/img/marketconnect/nordvpn/icons-available-black.png; {$WEB_ROOT}/assets/img/marketconnect/nordvpn/img-world.png; {$WEB_ROOT}/assets/img/marketconnect/nordvpn/img-world.png; {$WEB_ROOT}/assets/img/marketconnect/nordvpn/icon-speed.png; {$WEB_ROOT}/assets/img/marketconnect/nordvpn/icon-infinity.png; {$WEB_ROOT}/assets/img/marketconnect/nordvpn/logomarks-wired.png; {$WEB_ROOT}/assets/img/marketconnect/nordvpn/logomarks-huffpost.png; {$WEB_ROOT}/assets/img/marketconnect/nordvpn/logomarks-buzzfeed.png; {$WEB_ROOT}/assets/img/marketconnect/nordvpn/logomarks-forbes.png; {$WEB_ROOT}/assets/img/marketconnect/nordvpn/logomarks-tedx.png; {$WEB_ROOT}/assets/img/marketconnect/nordvpn/logomarks-bbc.png; {$WEB_ROOT}/assets/img/marketconnect/nordvpn/img-app.png; {$WEB_ROOT}/assets/img/marketconnect/nordvpn/icon-check.png; {$WEB_ROOT}/assets/img/marketconnect/nordvpn/icon-bug.png; {$WEB_ROOT}/assets/img/marketconnect/nordvpn/icon-shield.png
templates/cloudhost247_legacy/store/not-found.tpl,Administrative/internal,{$WEB_ROOT}/contact.php
templates/cloudhost247_legacy/store/order.tpl,Administrative/internal,{$WEB_ROOT}/templates/{$template}/store/css/store-custom.css; #existing-domain; #sub-domain; #custom-domain; #no-domain; {routePath(; javascript:history.go(-1); {$promotion->getImagePath()}
templates/cloudhost247_legacy/store/ox/index.tpl,Administrative/internal,{assetPath file=; {$WEB_ROOT}/templates/{$template}/store/css/store-custom.css; {$WEB_ROOT}/assets/img/marketconnect/ox/display-email.png; {$WEB_ROOT}/assets/img/marketconnect/ox/logo-inv.png; {$WEB_ROOT}/assets/img/marketconnect/ox/icon-dark-cloud.png; {$WEB_ROOT}/assets/img/marketconnect/ox/icon-dark-calendar.png; {$WEB_ROOT}/assets/img/marketconnect/ox/icon-dark-email.png; {$WEB_ROOT}/assets/img/marketconnect/ox/icon-dark-productivity.png; {$WEB_ROOT}/assets/img/marketconnect/ox/icon-dark-apps.png; {$WEB_ROOT}/assets/img/marketconnect/ox/icon-dark-privacy.png; {$WEB_ROOT}/assets/img/marketconnect/ox/pricing-yes.png
templates/cloudhost247_legacy/store/ox/manage.tpl,Administrative/internal,{assetPath file=; {$WEB_ROOT}/templates/{$template}/store/css/store-custom.css; #; #; #; #; #; #retrievalsettings; #davsettings; #usage; #migration; #; {$BASE_PATH_JS}/PasswordStrength.js
templates/cloudhost247_legacy/store/promos/upsell.tpl,Administrative/internal,{$promotion->getLearnMoreRoute()}; {$promotion->getImagePath()}; {$promotion->getLearnMoreRoute()}
templates/cloudhost247_legacy/store/sitebuilder/index.tpl,Administrative/internal,{assetPath file=; {$WEB_ROOT}/assets/img/marketconnect/sitebuilder/header-img.png; {$WEB_ROOT}/assets/img/marketconnect/sitebuilder/sitebuilder-hero.png; {$WEB_ROOT}/assets/img/marketconnect/sitebuilder/journey-builder.png; #; #essentials; #social; #store; {$WEB_ROOT}/assets/img/marketconnect/sitebuilder/icons/essential/icon-01.png; {$WEB_ROOT}/assets/img/marketconnect/sitebuilder/icons/essential/icon-02.png; {$WEB_ROOT}/assets/img/marketconnect/sitebuilder/icons/essential/icon-03.png; {$WEB_ROOT}/assets/img/marketconnect/sitebuilder/icons/essential/icon-04.png; {$WEB_ROOT}/assets/img/marketconnect/sitebuilder/icons/essential/icon-05.png; {$WEB_ROOT}/assets/img/marketconnect/sitebuilder/icons/essential/icon-06.png; {$WEB_ROOT}/assets/img/marketconnect/sitebuilder/icons/social/icon-01.png; {$WEB_ROOT}/assets/img/marketconnect/sitebuilder/icons/essential/icon-02.png; {$WEB_ROOT}/assets/img/marketconnect/sitebuilder/icons/social/icon-03.png; {$WEB_ROOT}/assets/img/marketconnect/sitebuilder/icons/social/icon-04.png; {$WEB_ROOT}/assets/img/marketconnect/sitebuilder/icons/social/icon-05.png; {$WEB_ROOT}/assets/img/marketconnect/sitebuilder/icons/social/icon-06.png; {$WEB_ROOT}/assets/img/marketconnect/sitebuilder/icons/store/icon-01.png; {$WEB_ROOT}/assets/img/marketconnect/sitebuilder/icons/store/icon-02.png; {$WEB_ROOT}/assets/img/marketconnect/sitebuilder/icons/store/icon-03.png; {$WEB_ROOT}/assets/img/marketconnect/sitebuilder/icons/store/icon-05.png; {$WEB_ROOT}/assets/img/marketconnect/sitebuilder/icons/store/icon-06.png; {$WEB_ROOT}/assets/img/marketconnect/sitebuilder/icons/store/icon-07.png; {$WEB_ROOT}/assets/img/marketconnect/sitebuilder/icons/store/icon-08.png; {$WEB_ROOT}/assets/img/marketconnect/sitebuilder/icons/store/icon-09.png; {$WEB_ROOT}/assets/img/marketconnect/sitebuilder/icons/store/icon-10.png; #; #; #; #; #; {$template[
templates/cloudhost247_legacy/store/sitebuilder/upgrade.tpl,Administrative/internal,{assetPath file=; {$WEB_ROOT}/assets/img/marketconnect/sitebuilder/logo.png; submitticket.php; logout.php?redirect=cart-site-builder-upgrade
templates/cloudhost247_legacy/store/sitelock/index.tpl,Administrative/internal,{assetPath file=; {$WEB_ROOT}/templates/{$template}/store/css/store-custom.css; {$WEB_ROOT}/templates/{$template}/images/protected_banner_img_sec.png; #; #; #; #; {$WEB_ROOT}/templates/{$template}/images/ssl_img_l.png; {$WEB_ROOT}/templates/{$template}/images/icon_a1.png; {$WEB_ROOT}/templates/{$template}/images/icon_a2.png; {$WEB_ROOT}/templates/{$template}/images/icon_a3.png; {$WEB_ROOT}/templates/{$template}/images/icon_a4.png; {$WEB_ROOT}/templates/{$template}/images/icon_a5.png; {$WEB_ROOT}/templates/{$template}/images/icon_a6.png; #collapsePanelOne; #; #collapsePanelTwo; #; #collapsePanelThree; #; #collapsePanelFour; #; #collapsePanelFive; #; #collapsePanelSix; #; {$WEB_ROOT}/assets/img/marketconnect/sitelock/logo.png
templates/cloudhost247_legacy/store/sitelockvpn/index.tpl,Administrative/internal,{assetPath file=; {$WEB_ROOT}/templates/{$template}/store/css/store-custom.css; {$WEB_ROOT}/assets/img/marketconnect/sitelockvpn/header-img.png; #plans; {$WEB_ROOT}/assets/img/marketconnect/sitelockvpn/feature-icon-01.png; {$WEB_ROOT}/assets/img/marketconnect/sitelockvpn/feature-icon-02.png; {$WEB_ROOT}/assets/img/marketconnect/sitelockvpn/feature-icon-03.png; {$WEB_ROOT}/assets/img/marketconnect/sitelockvpn/logo-ios.png; {$WEB_ROOT}/assets/img/marketconnect/sitelockvpn/logo-apple.png; {$WEB_ROOT}/assets/img/marketconnect/sitelockvpn/logo-windows.png; {$WEB_ROOT}/assets/img/marketconnect/sitelockvpn/logo-android.png; {$WEB_ROOT}/assets/img/marketconnect/sitelockvpn/icon-ok.png; {$WEB_ROOT}/assets/img/marketconnect/sitelockvpn/icon-ok.png; {$WEB_ROOT}/assets/img/marketconnect/sitelockvpn/icon-ok.png; {$WEB_ROOT}/assets/img/marketconnect/sitelockvpn/icon-ok.png; {$WEB_ROOT}/assets/img/marketconnect/sitelockvpn/icon-ok.png; {$WEB_ROOT}/assets/img/marketconnect/sitelockvpn/icon-ok.png; {$WEB_ROOT}/assets/img/marketconnect/sitelockvpn/icon-ok.png; {$WEB_ROOT}/assets/img/marketconnect/sitelockvpn/icon-ok.png; {$WEB_ROOT}/assets/img/marketconnect/sitelockvpn/icon-ok.png; {$WEB_ROOT}/assets/img/marketconnect/sitelockvpn/icon-ok.png; {$WEB_ROOT}/assets/img/marketconnect/sitelockvpn/icon-ok.png; {$WEB_ROOT}/assets/img/marketconnect/sitelockvpn/world-map.png; {$WEB_ROOT}/assets/img/marketconnect/sitelockvpn/flags.png
templates/cloudhost247_legacy/store/spamexperts/index.tpl,Administrative/internal,{assetPath file=; {$WEB_ROOT}/templates/{$template}/store/css/store-custom.css; {$WEB_ROOT}/templates/{$template}/images/email-security_banner.png; #; #; #; #; #; #; #; #; #; #; {$WEB_ROOT}/assets/img/marketconnect/spamexperts/logo_white.png; #incoming; #outgoing; #archiving; {$WEB_ROOT}/templates/{$template}/images/chcek_price_icon.png; {$WEB_ROOT}/templates/{$template}/images/chcek_price_icon.png; {$WEB_ROOT}/templates/{$template}/images/chcek_price_icon.png; {$WEB_ROOT}/templates/{$template}/images/chcek_price_icon.png; {$WEB_ROOT}/templates/{$template}/images/chcek_price_icon.png; {$WEB_ROOT}/templates/{$template}/images/chcek_price_icon.png; {$WEB_ROOT}/templates/{$template}/images/chcek_price_icon.png; {$WEB_ROOT}/templates/{$template}/images/chcek_price_icon.png; {$WEB_ROOT}/templates/{$template}/images/chcek_price_icon.png; {$WEB_ROOT}/templates/{$template}/images/chcek_price_icon.png; {$WEB_ROOT}/templates/{$template}/images/chcek_price_icon.png; {$WEB_ROOT}/templates/{$template}/images/chcek_price_icon.png; {$WEB_ROOT}/templates/{$template}/images/chcek_price_icon.png; {$WEB_ROOT}/templates/{$template}/images/chcek_price_icon.png; {$WEB_ROOT}/templates/{$template}/images/chcek_price_icon.png; {$WEB_ROOT}/templates/{$template}/images/chcek_price_icon.png; {$WEB_ROOT}/templates/{$template}/images/chcek_price_icon.png; {$WEB_ROOT}/templates/{$template}/images/chcek_price_icon.png; {$WEB_ROOT}/templates/{$template}/images/chcek_price_icon.png; {$WEB_ROOT}/templates/{$template}/images/chcek_price_icon.png; {$WEB_ROOT}/templates/{$template}/images/chcek_price_icon.png; {$WEB_ROOT}/assets/img/marketconnect/spamexperts/logo.png; #
templates/cloudhost247_legacy/store/ssl/competitive-upgrade.tpl,Administrative/internal,{assetPath file=; {$WEB_ROOT}/templates/{$template}/store/css/store-custom.css; {$WEB_ROOT}/templates/{$template}/images/ssl-certificates_banner_icon.png; {routePath(
templates/cloudhost247_legacy/store/ssl/dv.tpl,Administrative/internal,{assetPath file=; {$WEB_ROOT}/templates/{$template}/store/css/store-custom.css; {$WEB_ROOT}/templates/{$template}/images/ssl-certificates_banner_icon.png; {$WEB_ROOT}/templates/{$template}/images/ssl_img_l.png; {$WEB_ROOT}/assets/img/marketconnect/symantec/ssl.png
templates/cloudhost247_legacy/store/ssl/ev.tpl,Administrative/internal,{assetPath file=; {$WEB_ROOT}/templates/{$template}/store/css/store-custom.css; {$WEB_ROOT}/templates/{$template}/images/ssl-certificates_banner_icon.png; {$WEB_ROOT}/templates/{$template}/images/ssl_img_l.png; {$WEB_ROOT}/assets/img/marketconnect/symantec/ssl-multi.png; {$WEB_ROOT}/assets/img/marketconnect/symantec/cert-details-ev.png
templates/cloudhost247_legacy/store/ssl/index.tpl,Administrative/internal,{assetPath file=; {$WEB_ROOT}/templates/{$template}/store/css/store-custom.css; {$WEB_ROOT}/templates/{$template}/images/ssl-certificates_banner_icon.png; {$WEB_ROOT}/assets/img/marketconnect/symantec/ssl-dv-icon.png; {routePath(; {$WEB_ROOT}/assets/img/marketconnect/symantec/ssl-ov-icon.png; {routePath(; {$WEB_ROOT}/assets/img/marketconnect/symantec/ssl-ev-icon.png; {routePath(; #; {$WEB_ROOT}/assets/img/marketconnect/symantec/ssl-multi.png; {$WEB_ROOT}/assets/img/marketconnect/symantec/ssl-multi.png; {$WEB_ROOT}/assets/img/marketconnect/symantec/browser-warning.jpg; {$WEB_ROOT}/assets/img/marketconnect/symantec/padlock-x.png; {$WEB_ROOT}/assets/img/marketconnect/symantec/shopfront-dv.png; {$WEB_ROOT}/assets/img/marketconnect/symantec/shopfront-ov.png; {$WEB_ROOT}/assets/img/marketconnect/symantec/shopfront-ev.png; {routePath(; #collapseHelpMeChoose; #; {$WEB_ROOT}/assets/img/marketconnect/symantec/card-library.png; {routePath(; {$WEB_ROOT}/assets/img/marketconnect/symantec/card-driving.png; {routePath(; {$WEB_ROOT}/assets/img/marketconnect/symantec/card-passport.png; {routePath(; #collapseAllCerts; #; {routePath(; {$WEB_ROOT}/assets/img/marketconnect/symantec/multi-year-flow.png; #collapseFaq; #; {routePath(
templates/cloudhost247_legacy/store/ssl/ov.tpl,Administrative/internal,{assetPath file=; {$WEB_ROOT}/templates/{$template}/store/css/store-custom.css; {$WEB_ROOT}/templates/{$template}/images/ssl-certificates_banner_icon.png; {$WEB_ROOT}/templates/{$template}/images/ssl_img_l.png; {$WEB_ROOT}/assets/img/marketconnect/symantec/ssl-subs.png; /assets/img/marketconnect/symantec/cert-details-ev.png
templates/cloudhost247_legacy/store/ssl/shared/certificate-pricing.tpl,Administrative/internal,{routePath(
templates/cloudhost247_legacy/store/ssl/shared/currency-chooser.tpl,Administrative/internal,
templates/cloudhost247_legacy/store/ssl/shared/features.tpl,Administrative/internal,{$WEB_ROOT}/templates/{$template}/images/Forma-1.png; {$WEB_ROOT}/templates/{$template}/images/Forma-3.png; {$WEB_ROOT}/templates/{$template}/images/form-c.png; {$WEB_ROOT}/templates/{$template}/images/form-d.png; {$WEB_ROOT}/templates/{$template}/images/form-global.png; {$WEB_ROOT}/templates/{$template}/images/ssl_rank.png; {$WEB_ROOT}/templates/{$template}/images/issued.png; {$WEB_ROOT}/templates/{$template}/images/reisusses.png
templates/cloudhost247_legacy/store/ssl/shared/logos.tpl,Administrative/internal,{$WEB_ROOT}/assets/img/marketconnect/symantec/rapidssl-logo.png; {$WEB_ROOT}/assets/img/marketconnect/symantec/geotrust-logo.png; {$WEB_ROOT}/assets/img/marketconnect/symantec/symantec-logo.png
templates/cloudhost247_legacy/store/ssl/shared/nav.tpl,Administrative/internal,{routePath(; {routePath(; {routePath(; {routePath(; {routePath(
templates/cloudhost247_legacy/store/ssl/wildcard.tpl,Administrative/internal,{assetPath file=; {$WEB_ROOT}/templates/{$template}/store/css/store-custom.css; {$WEB_ROOT}/templates/{$template}/images/ssl-certificates_banner_icon.png; {$WEB_ROOT}/assets/img/marketconnect/symantec/ssl-subs.png; {$WEB_ROOT}/templates/{$template}/images/ssl_img_l.png
templates/cloudhost247_legacy/store/threesixtymonitoring/index.tpl,Server Management,{assetPath file=; {$WEB_ROOT}/templates/{$template}/store/css/store-custom.css; {$WEB_ROOT}/assets/img/marketconnect/threesixtymonitoring/logo.png; {$WEB_ROOT}/assets/img/marketconnect/threesixtymonitoring/header-screens.png; #serverSectionPricing; {$WEB_ROOT}/assets/img/marketconnect/threesixtymonitoring/header-screens.png; #pills-website; #pills-server; {$WEB_ROOT}/assets/img/marketconnect/threesixtymonitoring/screen-full-site.png; {$WEB_ROOT}/assets/img/marketconnect/threesixtymonitoring/website_0008_icon.png; {$WEB_ROOT}/assets/img/marketconnect/threesixtymonitoring/website_0007_icon.png; {$WEB_ROOT}/assets/img/marketconnect/threesixtymonitoring/website_0006_icon.png; #websiteSectionPricing; #features-website; #features-server; {$WEB_ROOT}/assets/img/marketconnect/threesixtymonitoring/website_0005_icon.png; {$WEB_ROOT}/assets/img/marketconnect/threesixtymonitoring/website_0004_icon.png; {$WEB_ROOT}/assets/img/marketconnect/threesixtymonitoring/website_0003_icon.png; {$WEB_ROOT}/assets/img/marketconnect/threesixtymonitoring/website_0002_icon.png; {$WEB_ROOT}/assets/img/marketconnect/threesixtymonitoring/website_0001_icon.png; {$WEB_ROOT}/assets/img/marketconnect/threesixtymonitoring/website_0000_icon.png; #websiteSectionPricing; {$WEB_ROOT}/assets/img/marketconnect/threesixtymonitoring/website_0012_icon.png; {$WEB_ROOT}/assets/img/marketconnect/threesixtymonitoring/website_0011_icon.png; {$WEB_ROOT}/assets/img/marketconnect/threesixtymonitoring/website_0010_icon.png; {$WEB_ROOT}/assets/img/marketconnect/threesixtymonitoring/website_0009_icon.png; #websiteSectionPricing; {$WEB_ROOT}/assets/img/marketconnect/threesixtymonitoring/app_0012_mail.png; {$WEB_ROOT}/assets/img/marketconnect/threesixtymonitoring/app_0011_sms.png; {$WEB_ROOT}/assets/img/marketconnect/threesixtymonitoring/app_0008_push.png; {$WEB_ROOT}/assets/img/marketconnect/threesixtymonitoring/app_0009_gch.png; {$WEB_ROOT}/assets/img/marketconnect/threesixtymonitoring/app_0010_pb.png; {$WEB_ROOT}/assets/img/marketconnect/threesixtymonitoring/app_0013_discord.png; {$WEB_ROOT}/assets/img/marketconnect/threesixtymonitoring/app_0007_slack.png; {$WEB_ROOT}/assets/img/marketconnect/threesixtymonitoring/app_0006_webhook.png; {$WEB_ROOT}/assets/img/marketconnect/threesixtymonitoring/app_0005_stride.png; {$WEB_ROOT}/assets/img/marketconnect/threesixtymonitoring/app_0004_pager.png; {$WEB_ROOT}/assets/img/marketconnect/threesixtymonitoring/app_0003_tg.png; {$WEB_ROOT}/assets/img/marketconnect/threesixtymonitoring/app_0002_flock.png; {$WEB_ROOT}/assets/img/marketconnect/threesixtymonitoring/app_0002_flock.png; {$WEB_ROOT}/assets/img/marketconnect/threesixtymonitoring/app_0001_ms.png; {$WEB_ROOT}/assets/img/marketconnect/threesixtymonitoring/app_0000_genie.png; {$WEB_ROOT}/assets/img/marketconnect/threesixtymonitoring/screen-status.png; #websiteSectionPricing; {$WEB_ROOT}/assets/img/marketconnect/threesixtymonitoring/screen-status.png; #serverSectionPricing; #websiteFaqOne; #websiteFaqThree; #websiteFaqFive; #websiteFaqSeven; #websiteFaqNine; #websiteFaqTwo; #websiteFaqFour; #websiteFaqSix; #websiteFaqEight; {$WEB_ROOT}/assets/img/marketconnect/threesixtymonitoring/screen-dash.png; {$WEB_ROOT}/assets/img/marketconnect/threesixtymonitoring/server_0001_icon.png; {$WEB_ROOT}/assets/img/marketconnect/threesixtymonitoring/server_0000_icon.png; #serverSectionPricing; {$WEB_ROOT}/assets/img/marketconnect/threesixtymonitoring/website_0005_icon.png; {$WEB_ROOT}/assets/img/marketconnect/threesixtymonitoring/website_0004_icon.png; {$WEB_ROOT}/assets/img/marketconnect/threesixtymonitoring/website_0003_icon.png; {$WEB_ROOT}/assets/img/marketconnect/threesixtymonitoring/website_0002_icon.png; {$WEB_ROOT}/assets/img/marketconnect/threesixtymonitoring/website_0001_icon.png; {$WEB_ROOT}/assets/img/marketconnect/threesixtymonitoring/website_0000_icon.png; {$WEB_ROOT}/assets/img/marketconnect/threesixtymonitoring/server_0002_icon.png; {$WEB_ROOT}/assets/img/marketconnect/threesixtymonitoring/server_0003_icon.png; {$WEB_ROOT}/assets/img/marketconnect/threesixtymonitoring/server_0004_icon.png; #serverSectionPricing; {$WEB_ROOT}/assets/img/marketconnect/threesixtymonitoring/app_0012_mail.png; {$WEB_ROOT}/assets/img/marketconnect/threesixtymonitoring/app_0011_sms.png; {$WEB_ROOT}/assets/img/marketconnect/threesixtymonitoring/app_0008_push.png; {$WEB_ROOT}/assets/img/marketconnect/threesixtymonitoring/app_0009_gch.png; {$WEB_ROOT}/assets/img/marketconnect/threesixtymonitoring/app_0010_pb.png; {$WEB_ROOT}/assets/img/marketconnect/threesixtymonitoring/app_0013_discord.png; {$WEB_ROOT}/assets/img/marketconnect/threesixtymonitoring/app_0007_slack.png; {$WEB_ROOT}/assets/img/marketconnect/threesixtymonitoring/app_0006_webhook.png; {$WEB_ROOT}/assets/img/marketconnect/threesixtymonitoring/app_0005_stride.png; {$WEB_ROOT}/assets/img/marketconnect/threesixtymonitoring/app_0004_pager.png; {$WEB_ROOT}/assets/img/marketconnect/threesixtymonitoring/app_0003_tg.png; {$WEB_ROOT}/assets/img/marketconnect/threesixtymonitoring/app_0002_flock.png; {$WEB_ROOT}/assets/img/marketconnect/threesixtymonitoring/app_0002_flock.png; {$WEB_ROOT}/assets/img/marketconnect/threesixtymonitoring/app_0001_ms.png; {$WEB_ROOT}/assets/img/marketconnect/threesixtymonitoring/app_0000_genie.png; #websiteSectionPricing; #serverFaqOne; #serverFaqThree; #serverFaqFive; #serverFaqSeven; #serverFaqNine; #serverFaqEleven; #serverFaqTwo; #serverFaqFour; #serverFaqSix; #serverFaqEight; #serverFaqTen; #websiteSectionPricing
templates/cloudhost247_legacy/store/weebly/index.tpl,Administrative/internal,{assetPath file=; {$WEB_ROOT}/templates/{$template}/store/css/store-custom.css; {$WEB_ROOT}/templates/{$template}/images/bluiding_banner_img.png; #; #; #; #; {$WEB_ROOT}/assets/img/marketconnect/weebly/dragdropeditor.png; {$WEB_ROOT}/templates/{$template}/images/bulider_icon.png; {$WEB_ROOT}/templates/{$template}/images/ecommerce-iocns.png; {$WEB_ROOT}/templates/{$template}/images/form_icon.png; {$WEB_ROOT}/templates/{$template}/images/templ_icon.png; {$WEB_ROOT}/templates/{$template}/images/photos_icon.png; {$WEB_ROOT}/templates/{$template}/images/blog_icons.png; {$WEB_ROOT}/templates/{$template}/images/video_icon.png; {$WEB_ROOT}/templates/{$template}/images/seo-icons.png; javascript:;; {$WEB_ROOT}/templates/{$template}/images/bottom-arro.svg; {$WEB_ROOT}/assets/img/marketconnect/weebly/logo.png
templates/cloudhost247_legacy/store/weebly/upgrade.tpl,Administrative/internal,{assetPath file=; {$WEB_ROOT}/templates/{$template}/store/css/store-custom.css; {$WEB_ROOT}/assets/img/marketconnect/weebly/logo.png; submitticket.php; logout.php?redirect=cart-weebly-upgrade
templates/cloudhost247_legacy/store/xovinow/index.tpl,Administrative/internal,{assetPath file=; {$WEB_ROOT}/templates/{$template}/store/css/store-custom.css; {$WEB_ROOT}/assets/img/marketconnect/xovinow/logo-inverse.png; {$WEB_ROOT}/assets/img/marketconnect/xovinow/header-img.png; {$WEB_ROOT}/assets/img/marketconnect/xovinow/screenshots/dashboard.png; {$WEB_ROOT}/assets/img/marketconnect/xovinow/screenshots/rankings.png; {$WEB_ROOT}/assets/img/marketconnect/xovinow/screenshots/keyword_research_keywords.png; {$WEB_ROOT}/assets/img/marketconnect/xovinow/screenshots/tracked_keywords.png; {$WEB_ROOT}/assets/img/marketconnect/xovinow/screenshots/projects.png; {$WEB_ROOT}/assets/img/marketconnect/xovinow/screenshots/site_audit.png; {$WEB_ROOT}/assets/img/marketconnect/xovinow/screenshots/advisor_overview_column.png; {$WEB_ROOT}/assets/img/marketconnect/xovinow/screenshots/advisor_task_details.png; #xovinow-screenshots; #xovinow-screenshots; #keywords; #advisor; #ranktracker; #siteaudit; #textoptimizer; #benchmarking; {$WEB_ROOT}/assets/img/marketconnect/xovinow/keywords.svg; {$WEB_ROOT}/assets/img/marketconnect/xovinow/advisor.svg; {$WEB_ROOT}/assets/img/marketconnect/xovinow/rank-tracker.svg; {$WEB_ROOT}/assets/img/marketconnect/xovinow/site-audit.svg; {$WEB_ROOT}/assets/img/marketconnect/xovinow/text-optimizer.svg; {$WEB_ROOT}/assets/img/marketconnect/xovinow/benchmarking.svg; {$WEB_ROOT}/assets/img/marketconnect/xovinow/logo.png; #collapse1; #collapse2; #collapse3; #collapse4; #collapse5; #collapse6; #collapse7; #collapse8; #collapse9; #collapse10; #collapse11; {$WEB_ROOT}/assets/img/marketconnect/xovinow/faq-advisor.png; {$WEB_ROOT}/assets/img/marketconnect/xovinow/faq-googlectrchart.png; {$WEB_ROOT}/assets/img/marketconnect/xovinow/faq-googlectrpages.png; #collapse12
templates/cloudhost247_legacy/subscription-manage.tpl,Administrative/internal,clientarea.php?action=details; {$WEB_ROOT}/index.php
templates/cloudhost247_legacy/supportticketslist.tpl,Support,viewticket.php?tid={$ticket.tid}&amp;c={$ticket.c}
templates/cloudhost247_legacy/supportticketsubmit-confirm.tpl,Support,viewticket.php?tid={$tid}&amp;c={$c}; {$WEB_ROOT}/templates/{$template}/images/ticket_submit.png; viewticket.php?tid={$tid}&amp;c={$c}; viewticket.php?tid={$tid}&amp;c={$c}
templates/cloudhost247_legacy/supportticketsubmit-customfields.tpl,Support,
templates/cloudhost247_legacy/supportticketsubmit-kbsuggestions.tpl,Support,knowledgebase.php?action=displayarticle&id={$kbarticle.id}
templates/cloudhost247_legacy/supportticketsubmit-stepone.tpl,Support,{$smarty.server.PHP_SELF}?step=2&amp;deptid={$department.id}; {$cloudhost247.settings.{; {$WEB_ROOT}/templates/{$template}/images/{if $num > 4}sharedhosting{else}ticketicon{$num}{/if}.png
templates/cloudhost247_legacy/supportticketsubmit-steptwo.tpl,Support,supporttickets.php
templates/cloudhost247_legacy/tables.tpl,Administrative/internal,{$WEB_ROOT}/templates/{$template}/images/tag.svg; #; {$WEB_ROOT}/templates/{$template}/images/tag.svg; #; {$WEB_ROOT}/templates/{$template}/images/tag.svg; #; #; {$WEB_ROOT}/templates/{$template}/flags/blank.gif; javascript:;; {$WEB_ROOT}/templates/{$template}/flags/blank.gif; javascript:;; {$WEB_ROOT}/templates/{$template}/flags/blank.gif; javascript:;; {$WEB_ROOT}/templates/{$template}/flags/blank.gif; #; #; #; #; cart.php?a=add&pid={$productData.pid}&billingcycle=monthly; cart.php?a=add&pid={$productData.pid}&billingcycle=quarterly; cart.php?a=add&pid={$productData.pid}&billingcycle=semiannually; cart.php?a=add&pid={$productData.pid}&billingcycle=annually; #
templates/cloudhost247_legacy/termsofservice.tpl,Legal,mailto:{$supportEmail}; {$companyUrl}
templates/cloudhost247_legacy/ticketfeedback.tpl,Support,clientarea.php; clientarea.php; clientarea.php; viewticket.php?tid={$tid}&amp;c={$c}
templates/cloudhost247_legacy/trademarkpolicy.tpl,Legal,mailto:{$trademarkData.contact.email}; https://{$trademarkData.contact.website}; {$WEB_ROOT}/submitticket.php
templates/cloudhost247_legacy/twitterfeed.tpl,Administrative/internal,https://twitter.com/{$twitterusername}; https://platform.twitter.com/widgets.js; https://twitter.com/{$twitterusername}
templates/cloudhost247_legacy/two-factor-challenge.tpl,Administrative/internal,#; #
templates/cloudhost247_legacy/two-factor-new-backup-code.tpl,Server Management,{routePath(
templates/cloudhost247_legacy/upgrade-configure.tpl,Administrative/internal,{$WEB_ROOT}/clientarea.php?action=productdetails&id={if $serviceToBeUpgraded->isService()}{$serviceToBeUpgraded->id}{elseif $serviceToBeUpgraded->isAddon()}{$serviceToBeUpgraded->service->id}{/if}
templates/cloudhost247_legacy/upgrade.tpl,Administrative/internal,clientarea.php?action=productdetails&id={$id}; clientarea.php?action=productdetails&id={$id}; submitticket.php; clientarea.php?action=productdetails&id={$id}; submitticket.php
templates/cloudhost247_legacy/upgradesummary.tpl,Administrative/internal,
templates/cloudhost247_legacy/usagebillingpricing.tpl,Administrative/internal,
templates/cloudhost247_legacy/user-invite-accept.tpl,Administrative/internal,{$BASE_PATH_JS}/PasswordStrength.js; {$tos_url}
templates/cloudhost247_legacy/user-password.tpl,Authentication,
templates/cloudhost247_legacy/user-profile.tpl,Administrative/internal,
templates/cloudhost247_legacy/user-security.tpl,Administrative/internal,{routePath(; {routePath(
templates/cloudhost247_legacy/user-switch-account-forced.tpl,Client Area,{routePath(
templates/cloudhost247_legacy/user-switch-account.tpl,Client Area,{routePath(; #
templates/cloudhost247_legacy/user-verify-email.tpl,Email,{routePath(
templates/cloudhost247_legacy/viewannouncement.tpl,Marketing,{$WEB_ROOT}/templates/{$template}/images/user-icon.png; https://twitter.com/share; //platform.twitter.com/widgets.js; {fqdnRoutePath(; {fqdnRoutePath(; {routePath(
templates/cloudhost247_legacy/viewemail.tpl,Email,
templates/cloudhost247_legacy/viewinvoice.tpl,Checkout,{assetPath file=; {$WEB_ROOT}/assets/css/fontawesome-all.min.css; {assetPath file=; {assetPath file=; {$cloudhost247.settings.invoice_logo}; {$logo}; javascript:window.print(); dl.php?type=i&amp;id={$invoiceid}; clientarea.php?action=invoices; {$WEB_ROOT}/assets/img/overlay-spinner.svg
templates/cloudhost247_legacy/viewquote.tpl,Checkout,{assetPath file=; {assetPath file=; {$cloudhost247.settings.invoice_logo}; {$WEB_ROOT}/index.php; javascript:window.print(); dl.php?type=q&amp;id={$quoteid}; clientarea.php; {$tosurl}; {$BASE_PATH_JS}/jquery.min.js; {$BASE_PATH_JS}/bootstrap.min.js
templates/cloudhost247_legacy/viewticket.tpl,Support,templates/{$template}/images/user-icon.png; dl.php?type={if $reply.id}ar&id={$reply.id}{else}a&id={$id}{/if}&i={$num}
templates/cloudhost247_legacy/websitedesign.tpl,Administrative/internal,
templates/cloudhost247_legacy/whois.tpl,Domains,
templates/orderforms/cloudhost247_legacy/adddomain.tpl,Checkout,
templates/orderforms/cloudhost247_legacy/addons.tpl,Checkout,{$WEB_ROOT}/clientarea.php
templates/orderforms/cloudhost247_legacy/checkout.tpl,Checkout,{$BASE_PATH_JS}/StatesDropdown.js; {$BASE_PATH_JS}/PasswordStrength.js; {$BASE_PATH_IMG}/ccv.gif; {$BASE_PATH_IMG}/ccv.gif; {$tosurl}; templates/{$cloudhost247.settings.template_name_custom}/images/marketingemail.png; {$BASE_PATH_JS}/jquery.payment.js
templates/orderforms/cloudhost247_legacy/common.tpl,Checkout,{$WEB_ROOT}/templates/orderforms/{$carttpl}/css/all.min.css?v={$versionHash}; {$WEB_ROOT}/templates/orderforms/{$carttpl}/js/scripts.min.js?v={$versionHash}; {$WEB_ROOT}/templates/orderforms/{$carttpl}/css/custom.css
templates/orderforms/cloudhost247_legacy/complete.tpl,Checkout,{$WEB_ROOT}/templates/{$template}/images/{$layoutStyle}/completeord.png; {$WEB_ROOT}/viewinvoice.php?id={$invoiceid}; {$WEB_ROOT}/clientarea.php
templates/orderforms/cloudhost247_legacy/configuredomains.tpl,Checkout,{$WEB_ROOT}/cart.php
templates/orderforms/cloudhost247_legacy/configureproduct.tpl,Checkout,{$WEB_ROOT}/templates/orderforms/{$carttpl}/css/style-design.css; {$WEB_ROOT}/templates/orderforms/{$carttpl}/css/font-awesome.css; {$WEB_ROOT}/templates/orderforms/{$carttpl}/css/all.min.css; {$WEB_ROOT}/templates/orderforms/{$carttpl}/css/style-ovh.css; {$WEB_ROOT}/templates/orderforms/{$carttpl}/css/responsive.css; https://fonts.googleapis.com/css2?family=Raleway:wght@400;500;600;700;800&display=swap; https://fonts.googleapis.com/css2?family=Open+Sans:wght@400;500;600;700;800&display=swap; templates/orderforms/{$carttpl}/images/crt-icon3.png; templates/orderforms/{$carttpl}/images/lic-icon1.png; templates/orderforms/{$carttpl}/images/lic-icon3.png; templates/orderforms/{$carttpl}/images/lic-icon4.png; templates/orderforms/{$carttpl}/images/lic-icon6.png; templates/orderforms/{$carttpl}/images/lic-icon5.png; templates/orderforms/{$carttpl}/images/lic-icon1.png; templates/orderforms/{$carttpl}/images/lic-icon2.png; templates/orderforms/{$carttpl}/images/crt-icon1.png; templates/orderforms/{$carttpl}/images/lg-icon1.png; templates/orderforms/{$carttpl}/images/lg-icon4.png; templates/orderforms/{$carttpl}/images/lg-icon5.png; templates/orderforms/{$carttpl}/images/lg-icon2.png; templates/orderforms/{$carttpl}/images/lg-icon3.png; templates/orderforms/{$carttpl}/images/singapore.jpg; templates/orderforms/{$carttpl}/images/sydney.jpg; templates/orderforms/{$carttpl}/images/europe.jpg; templates/orderforms/{$carttpl}/images/us.jpg; templates/orderforms/{$carttpl}/images/australia.jpg; templates/orderforms/{$carttpl}/images/crt-icon2.png; modules/addons/soyoustart/images/30.gif; templates/orderforms/{$carttpl}/images/crt-icon5.png; templates/orderforms/{$carttpl}/images/crt-icon6.png; templates/orderforms/{$carttpl}/images/crt-icon4.png; templates/orderforms/{$carttpl}/images/crt-icon7.png; templates/orderforms/{$carttpl}/images/additional-disk.png; templates/orderforms/{$carttpl}/images/control_panel_software.png; templates/orderforms/{$carttpl}/images/Snapshot.png; templates/orderforms/{$carttpl}/images/automated-backup.png; templates/orderforms/{$carttpl}/images/backup_space.png; {$BASE_PATH_JS}/ion.rangeSlider.min.js; {$BASE_PATH_CSS}/ion.rangeSlider.css; {$BASE_PATH_CSS}/ion.rangeSlider.skinModern.css; {$WEB_ROOT}/contact.php
templates/orderforms/cloudhost247_legacy/configureproductdomain.tpl,Checkout,#
templates/orderforms/cloudhost247_legacy/domain-renewals.tpl,Checkout,{$WEB_ROOT}/clientarea.php; {routePath(; {$WEB_ROOT}/cart.php?a=view
templates/orderforms/cloudhost247_legacy/domainoptions.tpl,Checkout,#; #
templates/orderforms/cloudhost247_legacy/domainregister.tpl,Authentication,{$systemurl}includes/verifyimage.php; javascript:;; javascript:;; {$BASE_PATH_IMG}/tld_logos/{$tldinfo.tldNoDots}.png; javascript:;; {$WEB_ROOT}/templates/{$template}/images/{$layoutStyle}/server_icon.png; {$WEB_ROOT}/cart.php; {$WEB_ROOT}/templates/{$template}/images/{$layoutStyle}/hosting_icon.png; {$WEB_ROOT}/cart.php?a=add&domain=transfer
templates/orderforms/cloudhost247_legacy/domaintransfer.tpl,Checkout,{$systemurl}includes/verifyimage.php
templates/orderforms/cloudhost247_legacy/error.tpl,Checkout,javascript:history.go(-1)
templates/orderforms/cloudhost247_legacy/fraudcheck.tpl,Checkout,#; {$WEB_ROOT}/submitticket.php
templates/orderforms/cloudhost247_legacy/includes/existing-paymethods.tpl,Checkout,
templates/orderforms/cloudhost247_legacy/includes/product-recommendations.tpl,Checkout,{$recommendation->getRoutePath()}
templates/orderforms/cloudhost247_legacy/linkedaccounts.tpl,Checkout,
templates/orderforms/cloudhost247_legacy/marketconnect-promo.tpl,Checkout,{$promotion->getImagePath()}
templates/orderforms/cloudhost247_legacy/ordersummary.tpl,Checkout,#; #; #
templates/orderforms/cloudhost247_legacy/products.tpl,Checkout,{$product.productUrl}
templates/orderforms/cloudhost247_legacy/recommendations-modal.tpl,Checkout,#
templates/orderforms/cloudhost247_legacy/service-renewal-item.tpl,Checkout,
templates/orderforms/cloudhost247_legacy/service-renewals.tpl,Checkout,{routePath(; {$WEB_ROOT}/cart.php?a=view
templates/orderforms/cloudhost247_legacy/sidebar-categories-collapsed.tpl,Checkout,
templates/orderforms/cloudhost247_legacy/sidebar-categories-selector.tpl,Checkout,
templates/orderforms/cloudhost247_legacy/sidebar-categories.tpl,Checkout,{$WEB_ROOT}/cart.php?a=add&domain=register; {$WEB_ROOT}/cart.php?a=add&domain=transfer; {$WEB_ROOT}/cart.php?gid={$child->id}; {$WEB_ROOT}/templates/{$template}/caticons/{$child->icon}; {$productgroups.$counter.routePath}; {$WEB_ROOT}/templates/{$template}/caticons/{$child->icon}
templates/orderforms/cloudhost247_legacy/viewcart.tpl,Checkout,{$BASE_PATH_JS}/StatesDropdown.js; {$WEB_ROOT}/cart.php?a=confproduct&i={$num}; #; {$WEB_ROOT}/cart.php?a=confdomains; {$WEB_ROOT}/cart.php; {$WEB_ROOT}/cart.php?a=removepromo; {$WEB_ROOT}/cart.php?a=checkout&e=false
templates/orderforms/ovh_cart/common.tpl,Checkout,{assetPath file=; {$__assetPath__}?v={$versionHash}; {$__assetPath__}; {$__assetPath__}; {$__assetPath__}; {$__assetPath__}; {assetPath file=
templates/orderforms/ovh_cart/configureproduct.tpl,Checkout,templates/orderforms/{$carttpl}/css/style-design.css; templates/orderforms/{$carttpl}/css/font-awesome.css; templates/orderforms/{$carttpl}/css/style-ovh.css; https://fonts.googleapis.com/css2?family=Raleway:wght@400;500;600;700;800&display=swap; https://fonts.googleapis.com/css2?family=Open+Sans:wght@400;500;600;700;800&display=swap; templates/orderforms/{$carttpl}/css/clientx-child.css; templates/orderforms/{$carttpl}/css/cloudx.css; templates/orderforms/{$carttpl}/css/cloudhost247.css; templates/orderforms/{$carttpl}/css/lagom2.css; templates/orderforms/{$carttpl}/css/six.css; templates/orderforms/{$carttpl}/css/twenty-x.css; https://members.whmcsglobalservices.com/cart.php?gid=addons; templates/orderforms/{$carttpl}/images/control-panels.svg; templates/orderforms/{$carttpl}/images/{$optionname|lower}.svg; templates/orderforms/{$carttpl}/images/no-control-panel.svg; templates/orderforms/{$carttpl}/images/operating-systems.svg; templates/orderforms/{$carttpl}/images/operating-systems.svg; templates/orderforms/{$carttpl}/images/{$optionname|lower}.svg; templates/orderforms/{$carttpl}/images/datacenter-location.svg; templates/orderforms/{$carttpl}/images/FR.svg; templates/orderforms/{$carttpl}/images/PL.svg; templates/orderforms/{$carttpl}/images/CA.svg; templates/orderforms/{$carttpl}/images/GB.svg; templates/orderforms/{$carttpl}/images/DE.svg; templates/orderforms/{$carttpl}/images/SG.svg; templates/orderforms/{$carttpl}/images/SG.svg; templates/orderforms/{$carttpl}/images/AU.svg; templates/orderforms/{$carttpl}/images/europe.jpg; templates/orderforms/{$carttpl}/images/US.svg; templates/orderforms/{$carttpl}/images/AU.svg; templates/orderforms/{$carttpl}/images/IN.svg; templates/orderforms/{$carttpl}/images/JP.svg; templates/orderforms/{$carttpl}/images/NL.svg; templates/orderforms/{$carttpl}/images/MX.svg; templates/orderforms/{$carttpl}/images/KR.svg; templates/orderforms/{$carttpl}/images/disk.svg; templates/orderforms/{$carttpl}/images/disk.svg; templates/orderforms/{$carttpl}/images/memory-card.svg; templates/orderforms/{$carttpl}/images/ip.svg; templates/orderforms/{$carttpl}/images/networking.svg; templates/orderforms/{$carttpl}/images/networking.svg; templates/orderforms/{$carttpl}/images/disk.svg; templates/orderforms/{$carttpl}/images/lic-icon3.png; templates/orderforms/{$carttpl}/images/lic-icon4.png; templates/orderforms/{$carttpl}/images/lic-icon6.png; templates/orderforms/{$carttpl}/images/lic-icon5.png; templates/orderforms/{$carttpl}/images/lic-icon1.png; templates/orderforms/{$carttpl}/images/lic-icon2.png; templates/orderforms/{$carttpl}/images/snapshot.svg; templates/orderforms/{$carttpl}/images/snapshot.svg; templates/orderforms/{$carttpl}/images/database.svg; templates/orderforms/{$carttpl}/images/ftp-bckup.svg; templates/orderforms/{$carttpl}/images/crt-icon4.png; {$BASE_PATH_JS}/ion.rangeSlider.min.js; {$BASE_PATH_CSS}/ion.rangeSlider.css; {$BASE_PATH_CSS}/ion.rangeSlider.skinModern.css; {$BASE_PATH_JS}/ion.rangeSlider.min.js; {$BASE_PATH_CSS}/ion.rangeSlider.css; {$BASE_PATH_CSS}/ion.rangeSlider.skinModern.css; {$WEB_ROOT}/contact.php
