path,category,bytes,sha256
.gitattributes,Administrative/internal,1920,a17dc898250eea7d0b5169bdeb5407f457669f64c9eefd57de913c7ce86acf15
.github/workflows/independent-foundation.yml,Administrative/internal,2297,d76b82bf4bdd06feaa122e71e2878ada006b34ba77fe62ed73c07b51dfe9b269
.github/workflows/node-platform.yml,Administrative/internal,2799,265dee5213b1e6ade9689f5bf82e94a70b8695d0c580f2b8ac95bee98373d763
.gitignore,Administrative/internal,669,afdfce4b8bf59e73cab3de4b1f6f35b533f1c9c6407167258a81b3d0b1d7e113
PHASE_5_CHECKPOINT_REPORT.md,Administrative/internal,64070,41ea7b4c04d9b87251a67998ab8f137b6150f2c2c1c91496624b6a3bfdacbb06
README.md,Administrative/internal,18059,b00ceabb6819318059ed40871171227d60526d8e7c56e88d582c34d91362546c
aboutus.php,Marketing,397,82b8a99848ef920e77c0fac87da18f7f6fb32a7d4dba69517b275ef5d6b02270
acceptable-use-policy.php,Legal,341,3544a477c3947b0448488bbcda1e80670d5525915919b9505d4827a2507fe166
all-element-cloudhost247.php,Administrative/internal,666,a220fc9eb27509421744b3092686a2a465cc3d4abbf40d1001705ab573d68958
backup-policy.php,Legal,9629,51ae0ec40270115dfc28b4f6bc78a5ad080b0f07d38579ec697729367a329126
blog.php,Marketing,634,f984d7ebd62034aecb54ba30f50c825f509ae62b2eed883bdf55f7567c14b6ee
builder-page.php,Marketing,4986,2a924b1bb9acb6b711f1e5b89b7af6f27d6d089a4e5fd83e18e97999f7ad704f
builder-sitemap.php,Administrative/internal,1497,b97d9a9d63937deb835d85357fda51c0ab764ba3ec0de2c0a31862ce46023e8f
cloudhost247-hosting.php,Hosting,895,1e80f8cf1792d67be371c2c99783eb6839ac4699b71033481e4bf810d181808a
cloudhost247-marketing-track.php,Administrative/internal,1890,73b60d68687be15572106e35b6d2005787c613ce55186e7764f66cd9de8a3418
cloudhost247-node/.env.example,Administrative/internal,6317,755207c1376b877946bf935de5b6c54a7338370b3d2113a9b77cb0cdcaa069ec
cloudhost247-node/.gitignore,Administrative/internal,483,8bd0a15a10c244d0245a642fe07b9194fccd0c7e99c96b272a0604537123661f
cloudhost247-node/DEPLOYMENT_GUIDE.md,Deployment/PaaS,10262,36b220c8e08cf7861d7c7b6015e10deb911e0f086e450f91ffba4c5468c53dce
cloudhost247-node/DEPLOYMENT_SUMMARY.md,Deployment/PaaS,4857,b06e8239f3d116e14bb3bb1a3af438c03e3f532cae4b21988f7e68f7e0db1b8d
cloudhost247-node/QUICK_START.txt,Administrative/internal,2496,c9d4273512c74517bf76756c824c32fcbd925384325a104b9a8aedf23283198c
cloudhost247-node/database/db-client.ts,Administrative/internal,2083,8aca5563e2d981646d08730c882164cf8563199695194de647fc865f02d3ea93
cloudhost247-node/database/migrate.ts,Administrative/internal,15640,fb4779e4492cbfba20b0dc0cec04cf8d3661fee34487ebf89d73a454b10d5260
cloudhost247-node/database/migrations/0001_create_users.sql,Administrative/internal,1206,6c160bea147f62a8b8c336091d6ec9eeebe296a66d87b7d5ee5fc9e366e02db5
cloudhost247-node/database/migrations/0002_create_auth_audit_log.sql,Administrative/internal,954,75fdce51f66456444a2ae010d223add4efd1d8c0f016068ba314cadc6102eb48
cloudhost247-node/database/migrations/0003_create_revoked_tokens.sql,Administrative/internal,1748,a1831080fea87980639c0c913c154c2ae63f2f991fa1a3255007657b2641d0e1
cloudhost247-node/database/migrations/0004_create_catalog_products.sql,Administrative/internal,2936,ddca35ebc4c853cb3536f5a42d13ab6591285908c22dae066f19d006fef91a61
cloudhost247-node/database/migrations/0005_create_catalog_product_plans.sql,Administrative/internal,1873,13ba6f8ed265c1abb54edff62f7e0a7835ba2318249ce96b0f63d6ed7c1d85b2
cloudhost247-node/database/migrations/0006_create_catalog_plan_pricing.sql,Administrative/internal,2539,08f063cacf72dd5b8677cf941fa806857d3592fd87568d41e85905974f94cbfe
cloudhost247-node/database/migrations/0007_create_catalog_plan_features.sql,Administrative/internal,1213,1247f22b4eb08a5602ca145f8e51b68ff7558c927b433f2c952d3156bae35463
cloudhost247-node/database/migrations/0008_create_customer_services.sql,Administrative/internal,3058,cc044a55f939e89cd59245e0a04b474b7c8d72d86eef9829feb94edf453dd297
cloudhost247-node/database/migrations/0009_create_customer_domains.sql,Administrative/internal,1845,9dfecd998577d3ce1d98dfd326fd0be11d97112f11f5ca529b35a208107ac19f
cloudhost247-node/database/migrations/0010_create_support_tickets.sql,Administrative/internal,1433,dc5324cedceff4ad2301e67f43330e6ab3aa42bb48d407d0a18ac330135e0bb3
cloudhost247-node/database/migrations/0011_create_support_ticket_messages.sql,Administrative/internal,1102,19923b284d66ad818487d8f7715185d1fa5150f8f0171f0270dbba72e0b218aa
cloudhost247-node/database/migrations/0012_add_password_changed_at_to_users.sql,Administrative/internal,2349,8cc495462183a9144b155c0791f7b7db2690b92d9ac986b6bd0781adbd7c5f05
cloudhost247-node/database/migrations/0013_extend_auth_audit_log_event_types.sql,Administrative/internal,1115,d1d48e34b82f3f88a5633391a5ebb2ff958f19b93b1a0dba1fd4d386b0ac51d4
cloudhost247-node/database/migrations/0014_create_carts.sql,Administrative/internal,1082,ecc93adc329927dac3607ef82426d924c98443cc179a53f0cc2d23a25c10ea16
cloudhost247-node/database/migrations/0015_create_cart_items.sql,Administrative/internal,2097,4059b3017646142511331a454b26d442cf2fa79b1dd900151e8870b8f8db838d
cloudhost247-node/database/migrations/0016_create_orders.sql,Administrative/internal,3617,1569fc4bf4e55e4fa01d7cbcfeec76fb9708638d6fe630f1f10e6fa8a9a18b6a
cloudhost247-node/database/migrations/0017_create_order_items.sql,Administrative/internal,2225,cb76c0daa775483dcf3344a6bcaa344715f21fbae46bbe51f0bb000fddddc63c
cloudhost247-node/database/migrations/0018_create_invoices.sql,Administrative/internal,3830,32981a89ea1a4cf8b191e29bfec8b35c14fdc655f87d87b6148db2296ac863c2
cloudhost247-node/database/migrations/0019_create_billing_ledger.sql,Administrative/internal,3644,8f0072d5b87014158e57ee8cbf6cd7530ac9b4ba4a0803cacbf7c444e40d466a
cloudhost247-node/database/migrations/0020_create_payments.sql,Administrative/internal,3313,6159528bfb5cff319b5ca0143c5a0a7cbc5d467b89f6aab157657f95211f9db9
cloudhost247-node/database/migrations/0021_add_payment_confirmation_fields.sql,Administrative/internal,1279,09adc51181fa1411b93af41ac50867cd97c3f05339e68928f71726c67edad164
cloudhost247-node/database/migrations/0022_extend_auth_audit_log_event_types_for_payments.sql,Administrative/internal,1514,00b03c8b8665dfbbf1cbf10eb13a3eede36391ffa0436b6f4388a7a6375f731a
cloudhost247-node/database/migrations/0023_enforce_billing_invariants.sql,Administrative/internal,4917,7a98a4a758686db2c15d8043da5381dbdb9c835d8934a4c4591efa8a66b2fe3d
cloudhost247-node/database/migrations/0024_create_webhook_events.sql,Administrative/internal,2130,b8694deae80340e8a826450d1ab5b800f1c363c2fe540e7986a921f744adbbd7
cloudhost247-node/database/migrations/0025_extend_auth_audit_log_for_admin_billing.sql,Administrative/internal,1089,35470996c4ec0225b73d96ffa79f33c732134d02960bc59b194c7d7b5cff6875
cloudhost247-node/database/migrations/0026_create_domain_brokerage.sql,Administrative/internal,6911,9ec85fa04f90348fb3df154df147fba83841d2741a05d1ca86b19aaf20d315d0
cloudhost247-node/database/migrations/0027_create_roles_user_roles.sql,Administrative/internal,3018,935f29d25ffd9c29f9500f756071d59061bfa9bf3cc1f5a92121761d920ff072
cloudhost247-node/database/migrations/0028_create_servers_server_credentials.sql,Administrative/internal,3221,1f4f2fb7a9be17cf1236df3b31009017be46bfd93dbc141363831b889d23a313
cloudhost247-node/database/migrations/0029_create_application_categories.sql,Administrative/internal,715,d78e3b1d806c1dc099f3a26dfa8f097e692b5d1be6daad13a1e79df5a28ac32c
cloudhost247-node/database/migrations/0030_create_applications.sql,Administrative/internal,3064,5f638ad6413471262f5d79aaa0a313cbb9e4ded1f1dd174bd9d6de9b28f4cbe1
cloudhost247-node/database/migrations/0031_create_application_versions.sql,Administrative/internal,1756,cee25476fb3d35a8d8594c6d8dd6afe4e873b99c9066df192a15daa13ab3db2d
cloudhost247-node/database/migrations/0032_create_application_installations.sql,Administrative/internal,3415,fbd7b4526139156e60ae8d6b394fbd5546d7fa63ee68a7e9156da81f1a0f0363
cloudhost247-node/database/migrations/0033_create_deployments.sql,Administrative/internal,4924,3f70d7be2137a4b243128d9422a6620b64741d08232a175306e9dff5936aa05d
cloudhost247-node/database/migrations/0034_extend_domains.sql,Administrative/internal,3249,c5ef826c23aca819cf26edb6649b0a05206e7063d8991a0400edf3780a88460e
cloudhost247-node/database/migrations/0035_create_application_environment_volumes.sql,Administrative/internal,1670,5ef79a0570487442d792c17173491e68816117fe86d5379e7b05648f1302a58e
cloudhost247-node/database/migrations/0036_create_backups.sql,Administrative/internal,1790,122c728fc9a916b5c047c0c66a69d8bf0c1b57b343b8e7151247e397c42944e2
cloudhost247-node/database/migrations/0037_create_subscriptions.sql,Administrative/internal,2588,dc5a185405fb8bf3009639f53e6398f84f1310b1df510c3a8bde09600b664021
cloudhost247-node/database/migrations/0038_create_audit_logs.sql,Administrative/internal,1316,63d44f89812ad9b3fcf89e6fc90127203aef831bdb4edca8f376c00041f7a045
cloudhost247-node/database/migrations/0039_create_server_metrics.sql,Administrative/internal,1449,c34796c6aa97ce7724f55bb7a63a83389d9c60d83916302585829db1572528b5
cloudhost247-node/database/migrations/0040_create_platform_settings.sql,Administrative/internal,1350,17e6cab2d612c80973f6e1d9615fd712dbdde62a6d039f0d75e41ec7e06f39b4
cloudhost247-node/database/migrations/0041_create_os_catalog_and_server_provisioning.sql,Administrative/internal,25832,e9daef1aee1369cf8daaa7d7ebf53acfbb2abe2ece0d5c6d783be302e9a66b28
cloudhost247-node/database/migrations/0042_expand_infrastructure_providers_and_server_operations.sql,Administrative/internal,2029,0a1bf1b0542a676d2522fe5e7c200eb10b9b88e210ea54b907d1903af370c8f4
cloudhost247-node/database/migrations/0043_create_control_panels_and_plans.sql,Administrative/internal,20669,e7fcd71216af546f0f708f09e517334db987ae73cdfe30d87fb80c271cd93e9f
cloudhost247-node/database/migrations/0044_create_dns_zones_and_records.sql,Administrative/internal,1925,a96f1ac346444adb58d660264cdb86cc55d33c29292ce8275c6a56b81ce4f7fc
cloudhost247-node/database/migrations/0045_create_ssl_certificates.sql,Administrative/internal,1793,c9ca9f99d817f2f6d25c109890abe4085b0b07984bad23535a824c96045359f5
cloudhost247-node/database/migrations/0046_create_firewall_rules.sql,Administrative/internal,1347,9f35fd30997a53df84ef50e9a4eca4782506238ddce3803e7a9faa3895540914
cloudhost247-node/database/migrations/0047_infrastructure_adapter_coverage.sql,Administrative/internal,2277,a1e0f0ffa173cc132843e518c0eaa2e395ebf6ed690d6c180a25ac27fc50752c
cloudhost247-node/database/migrations/0048_operating_system_logo_assets.sql,Administrative/internal,1327,e1eab5212a584d07025a9540d3e1ff18a86797d1b75927680ef52ffd4062c298
cloudhost247-node/database/migrations/0049_notification_outbox_delivery_scheduling.sql,Administrative/internal,1410,68fd93d26fb57ea8613d08223b3a66b658d6446a57e0949ab9642fea3b50ea14
cloudhost247-node/database/migrations/0050_server_state_reconciliation.sql,Administrative/internal,910,3afabaf3053d550a34e1b6eb1c9b5de43a7dd1fe638cd65648d9fa87df7584de
cloudhost247-node/database/migrations/0051_operating_system_logo_assets.sql,Administrative/internal,1339,eef7fad9eb71f494febb909dc4bc6d04fbcf3f7a8d2c2bd5e3cf9c8f9cea23bf
cloudhost247-node/database/migrations/0052_serialize_server_infrastructure_operations.sql,Administrative/internal,1669,338eea12e3bae5669f8251b81eedda88888b1e750bd19fa1977e9fa2aa799e1a
cloudhost247-node/database/migrations/0053_customer_identity_and_support_sessions.sql,Administrative/internal,7640,53efcbdb0a028beb86bb9b42312b13acb17b0b810e5c032e5d9e75cc7744ece8
cloudhost247-node/database/migrations/0054_create_revenue_guardian.sql,Administrative/internal,23271,8586a60f79343de3b463aadb3595d8e7910389acdb6cbb1b3579829bf186dcdc
cloudhost247-node/database/migrations/0055_create_cloudflare.sql,Administrative/internal,13026,07cc663cefb8c7981b7dd65a8609ac8ebb25fdd53d5ed140be5b86cb5d67ba54
cloudhost247-node/database/migrations/0056_extend_platform_services_licenses_backups.sql,Administrative/internal,6214,50aafa7526a717d62a682ba644623eb16b509d92758c637273549994bec479c4
cloudhost247-node/database/migrations/0057_create_ai_support_operator.sql,Administrative/internal,3640,71f15f5a301baf64943207377099380dc709bce99c647b65c28b54d3fe7e2c4b
cloudhost247-node/database/migrations/0058_create_worker_cycle_leases.sql,Administrative/internal,632,1f5504eed514134dc464a0f11e3c4642ab878bc987dad2cd924d3e460deb8eb4
cloudhost247-node/database/migrations/0059_create_auth_recovery.sql,Administrative/internal,3910,a512c120fa049afd6ce4b7bd747946861db9afacf21e815e41d4c08ecded1bd3
cloudhost247-node/database/migrations/0060_create_totp_mfa.sql,Administrative/internal,2847,5bdbd08d87b37dc4224b09bb942b317fae9faddc9652f70cd2ffdfe96cc3d8a6
cloudhost247-node/database/migrations/0061_create_webauthn_passkeys.sql,Administrative/internal,2358,a18f26d64aa6d8ddf678eac428a49af6e7352f2cfc266474d9ec139c36c259de
cloudhost247-node/database/migrations/0062_create_webauthn_authentication_challenges.sql,Administrative/internal,474,f78f2aa96e148fa7bd62e771301a893a954725da9d46bb41d62fa4c396d0ab03
cloudhost247-node/database/migrations/0063_create_domain_services_foundation.sql,Administrative/internal,24202,a8718b3f9f85a6524ae0197f173545833b79a8ff8185e7998797786d4810a42b
cloudhost247-node/database/migrations/0064_relax_domain_extensions_shape.sql,Administrative/internal,932,2eae4d4b0f73551bc8c0d287da0c8957a47b1350218302c9fb032252a705d272
cloudhost247-node/database/migrations/0065_create_domain_availability_watches.sql,Administrative/internal,2220,5ee1144e8e13c4f9b7d663a35582aa8205655a7c9ada9ae98e65298b1bec43f8
cloudhost247-node/database/migrations/0066_create_ai_control_plane.sql,Administrative/internal,26910,b48616be46dac39e605fc75d6b533e03c75e24b11b2c8decf2e1582fbb80a64b
cloudhost247-node/database/migrations/0067_create_tools_center.sql,Administrative/internal,31916,02319c0addf01d37aec9551821f4ec2d619846ac1d94fd9ce0f2905a57245937
cloudhost247-node/database/migrations/0068_record_backup_database_dump.sql,Administrative/internal,2104,fdff540f7b8f9f1d4b3346f6b860536159355119cb4c14e9329684ddfecb84e9
cloudhost247-node/database/migrations/0069_classify_backup_kind.sql,Administrative/internal,1591,8535157b86abff59b57245c971a7aa4bf634fd843cac75a217e7e0e709c71032
cloudhost247-node/database/migrations/0070_record_backup_includes.sql,Administrative/internal,1793,1d3a4df26c7477c4ac5e0be9b43c9fdd5aa59b7f9c76bfafce523140ca983d65
cloudhost247-node/database/seed/dev-catalog-seed.sql,Administrative/internal,3554,f6f9aa9fe5b0be8c922e2007b8d199f53553cf50d69eca590563c7657729e4b0
cloudhost247-node/docs/AI_SUPPORT_OPERATOR.md,Support,3346,1bd3ba4f5d8b73718114028b504b06cdf540dfe26acd9a4db027e1a1e7bd00fd
cloudhost247-node/docs/CUSTOMER_IDENTITY.md,Administrative/internal,13476,d53b94b184a957ca84d5284dbcac2ddee903cd3157ec82419354f476e3f6185a
cloudhost247-node/docs/DOMAIN_SERVICES_GAP_CLOSURE.md,Domains,9166,89d2500d29381202c9c3df633c5db08bf9982ea5426dcbd55eec7bc0282962ab
cloudhost247-node/docs/MRZ_DEVELOPER_TOOL.md,Developer,903,7e424fda702f9ea050b699f927d6c4aef4e3cc9eb3ac7afa1a5d9ff621dbbd7a
cloudhost247-node/docs/PLATFORM_CONTROL_PLANE_AUDIT.md,Administrative/internal,7093,fee8410afb43b1f368ebba0d49eda5700260733e7ae6cd102307851fecbb0c8b
cloudhost247-node/docs/REVENUE_GUARDIAN.md,Administrative/internal,7289,201c03a8bc4020005afc9bedd2290a80c91132969d920ca70e83c0aff1a4193e
cloudhost247-node/docs/SERVER_PROVISIONING.md,Administrative/internal,8717,3cb5d6916a5abe463ff096f2c607d529bd9908eb8b5eb4e42d372913ca582bd2
cloudhost247-node/docs/integrations/cloudflare.md,Cloud,8870,fbb72d5678577396aa0c044c3bd635e7e8a7b8a99eb1ed1c47525e4cafd42c6d
cloudhost247-node/docs/tools/ADMIN_GUIDE.md,Developer,9522,adab7dafe6d2a6b688bb5fc3f32f404ec9ae050ae55c9c698ff66c90b71efd2f
cloudhost247-node/docs/tools/API.md,Developer,7672,43c8a53067715f72ee696c66cd4c66d3d43af6b3b6721f77272e0aef457f7f22
cloudhost247-node/docs/tools/OPERATIONS.md,Developer,8621,eb13a16dc7c996cd98911e7bf840fa9f4abb02a9c338768676ecf6a3cffdee3d
cloudhost247-node/docs/tools/README.md,Developer,8372,1be443fb84b99f4023f38b56daa6dd014a12e73482cd64c17a6ce66be7d4c132
cloudhost247-node/docs/tools/SECURITY.md,Developer,6831,b36cbc24da6e9d913b30972aa466aebdafbaafc6aa93aa68bb7eff5728ab8bc2
cloudhost247-node/docs/tools/TOOLS_CATALOG.md,Developer,12238,17c04132e2034f972aff4cf1f29f4af1b5522dde165695a2a2a360dac4974e75
cloudhost247-node/frontend/index.html,Administrative/internal,1111,70b53f6bb52d5c502cfa10ec2fe4af74dc9264345cf1dc1d6862e7401adf6548
cloudhost247-node/frontend/public/favicon.svg,Administrative/internal,433,20efc26d9fe4323a54d2eff623b8d4fcf2f5617b1ff7faae011b9429844add24
cloudhost247-node/frontend/public/os-logos/almalinux.svg,Administrative/internal,26937,52dad0c2e403802ed570ad6f40982b405776dbf0be4de06ef81d8a61ec98e481
cloudhost247-node/frontend/public/os-logos/alpine.svg,Administrative/internal,413,167a78db1f085369d4a764c44163efcd350fe1844d758745630db5e059ba26df
cloudhost247-node/frontend/public/os-logos/arch.svg,Administrative/internal,542,b34c193193363ed4010a59df50cf309a3c5f7319ef4a2ff69bbe111680ff0b51
cloudhost247-node/frontend/public/os-logos/centos.svg,Administrative/internal,1648,6c5a5e585ea37972995f61d8bb49af16911e50794854fbe044dc579324571d67
cloudhost247-node/frontend/public/os-logos/cloudlinux.svg,Cloud,6751,9deef570409159d67034075a62cf269b62e4f74e10149f89a2678d6925eba933
cloudhost247-node/frontend/public/os-logos/debian.svg,Administrative/internal,5842,267bddc0e5babb862b4f550688dc7a15d6431d4e69c2a75bf796e3f545d4cdde
cloudhost247-node/frontend/public/os-logos/fedora.svg,Administrative/internal,2377,9527de386e28a14428864767c7d6f34b6ef498a14ed38a70e35325aa70c56f8f
cloudhost247-node/frontend/public/os-logos/kali.svg,Administrative/internal,442,82a1d0eaff444e0d1aee20f9d1d7091bfe85e51b63490fdadbc5f6d7fd8bff9a
cloudhost247-node/frontend/public/os-logos/nixos.svg,Administrative/internal,1541,b7ced072ae0f395df00e1b7ef4e393f33cb3b33a3f209f71baec9f6fc5de405a
cloudhost247-node/frontend/public/os-logos/opensuse.svg,Administrative/internal,569,98173439cb50269641321763de3f1364a08fa2a14bd1b8c875adbcf63bedb5a4
cloudhost247-node/frontend/public/os-logos/rocky.svg,Administrative/internal,615,f5335a335e08b4579f24a14388aa178a4abc2527cbf26a0d5b3bf4f480384fad
cloudhost247-node/frontend/public/os-logos/ubuntu.svg,Administrative/internal,2661,951031f62254b94776dc89730b9d2258e37f01bc6bc3694bec26b502a14a0c0b
cloudhost247-node/frontend/public/panel-logos/aapanel.svg,Administrative/internal,659,2f0464efbe365295efb9248f5b15f471e9a3cc5a154079dd672f05b51e11b138
cloudhost247-node/frontend/public/panel-logos/adminbolt.svg,Administrative/internal,659,b3c316bdf6b54a3b086c8d6d940831a5ad33313fc07b7f95ab26f5b80497b85b
cloudhost247-node/frontend/public/panel-logos/cloudpanel.svg,Cloud,659,573bdf12bd1e132964d1a0a4a0c55e0edd80efb831776c0a4f9f1920b66a3951
cloudhost247-node/frontend/public/panel-logos/cloudron.svg,Cloud,659,44f9c329a59f369fb35efb0dc094bded074dac427549cf6dbbaa9195c36769db
cloudhost247-node/frontend/public/panel-logos/coolify.svg,Administrative/internal,659,33b51ee6b34e7b1b0ad549a316d4179c8707e5d897813a314d77f8bbb8d37378
cloudhost247-node/frontend/public/panel-logos/cosmos.svg,Administrative/internal,659,9cfeada1161394f45bcbad7e0d9f82df60056c13b7c3c5f15778af4707372257
cloudhost247-node/frontend/public/panel-logos/cpanel.svg,Hosting,659,7116b20699096da76798a86bd7d334f04ff1f7ef850997861fd115b4b0d734b4
cloudhost247-node/frontend/public/panel-logos/cyberpanel.svg,Administrative/internal,659,4b93bd600ef690aac42c5fd15133242c9570e195bb3f60c530436a9ed720b247
cloudhost247-node/frontend/public/panel-logos/directadmin.svg,Administrative/internal,659,da1500526dcb87406676e783652feb20693033fa8d78c841b36d1ebc2434f781
cloudhost247-node/frontend/public/panel-logos/dokploy.svg,Administrative/internal,659,0183492690d9f7bde1b2ec2d7a84958ba9db337b1e2fcad19bd22df00130a3c5
cloudhost247-node/frontend/public/panel-logos/easypanel.svg,Administrative/internal,659,3c1b09a5e1a96ea2e10e23915bf6340b80f1ce1803cae00faa6f604945d9e086
cloudhost247-node/frontend/public/panel-logos/fastpanel.svg,Administrative/internal,659,e7dc81e728c17afc99bec86f514ed3f8cd47c687f763905b99b18acfe4aba011
cloudhost247-node/frontend/public/panel-logos/hestiacp.svg,Administrative/internal,659,025a5f634756f7ef5635a71e7e86c6fa4ee3ad89e647867d8a06861322ce0e62
cloudhost247-node/frontend/public/panel-logos/kusanagi.svg,Administrative/internal,659,8812a695778bf1c364566f10ea6a1446da56b49a08c6f151c0069fe99e2e0efc
cloudhost247-node/frontend/public/panel-logos/plesk.svg,Hosting,659,a734efe2b4f24836a2c49b68a6be9a2ec1c9f0a731e72f7f091d26b6c69f64b8
cloudhost247-node/frontend/public/panel-logos/tinycp.svg,Administrative/internal,659,fb63c740335c05f9540faf6135d332a5583ab527ebd0fe98820d436f7a40bba2
cloudhost247-node/frontend/public/panel-logos/webmin.svg,Administrative/internal,659,bec05e42478eee7c39f9c82e0a03936165eb0f88dc670b18073f892da4c5433a
cloudhost247-node/frontend/public/panel-logos/webuzo.svg,Administrative/internal,659,25a231ad290b04a4af08a0d59fdb814167d27ef8115e8d4bfc769fc052be927b
cloudhost247-node/frontend/public/robots.txt,Administrative/internal,620,15bded8c76bca3b58f0b41942f106ed59156f6126114f8103bea9f7909892181
cloudhost247-node/frontend/src/App.tsx,Administrative/internal,27521,c9ce3af1fcf83755b7de31c383f01dd1f516d6eb0c17f807196a6d004f73f7f7
cloudhost247-node/frontend/src/ai-support.css,Support,3731,bb5deb91703dd9ffc8904c30be7a1be128c1d10b6cc9754ae44d64dd74a42494
cloudhost247-node/frontend/src/components/AdminBrokerageSection.tsx,Administrative/internal,24751,e0bf3e207f976553c0f0cd3c2f46d7ade4d3bde3c09783093ab6404ed95ba140
cloudhost247-node/frontend/src/components/AdminCustomerIdentityPanel.tsx,Administrative/internal,5987,3e663e0fc31d88007d9d0c9d878d315237fdee8228720ea509d0215d82c83d8b
cloudhost247-node/frontend/src/components/AdminDomainActivitySection.tsx,Domains,8198,fc48241ae8334f12c397202d1799556d061d952ace24e0c8ed2a0df98b6444d5
cloudhost247-node/frontend/src/components/AdminRefundModal.tsx,Administrative/internal,6524,6db0a265cae602cd836180c0bb76586fc64d6120b2f46009fb308f6abcea511a
cloudhost247-node/frontend/src/components/AiSupportWidget.tsx,Support,10580,aa72170a37dd2ea4318c8d0175f18af4f6db3ed7270bf5e124820625cc28f63b
cloudhost247-node/frontend/src/components/AppTile.tsx,Administrative/internal,2736,9a7a7922361537a42d81da4686686b4500562fb5a812f92e2ed20eb3c1cbef35
cloudhost247-node/frontend/src/components/CatalogStateBanner.tsx,Administrative/internal,850,11ffe5a0c91b544d557facae50f6f2208aa6faac4087c35a76dd9fef3cd83fcc
cloudhost247-node/frontend/src/components/InfrastructureNav.tsx,Cloud,1708,51bbf344d97deaf79d81311d892c92f5668e060642057c3941b43056f1db3199
cloudhost247-node/frontend/src/components/OperatingSystemSelector.tsx,Administrative/internal,4595,a16f50252d876131a93f58748a71bbbb75d7b78c361dd4f646e8cf7810057a78
cloudhost247-node/frontend/src/components/OsLifecycleNotice.tsx,Administrative/internal,2351,1006d02127fee1d218ef419116bc5f9bc06940900555f45f16bf4da6d3552fc2
cloudhost247-node/frontend/src/components/PaymentModal.tsx,Checkout,6859,cb15e6dba29a30850da1b9f45a0ca8a1169cfa2059791fcd7f8760fa46ff039e
cloudhost247-node/frontend/src/components/ProductPlansSection.tsx,Administrative/internal,3321,83432c1bfcdcdd725a3257f5cbdd3abec4430c048a66fd1147718c94cb881f83
cloudhost247-node/frontend/src/components/ProviderConfigurationPanel.tsx,Administrative/internal,4051,af1d65bf9323e4c5fdb43dd4538f2f9240c222869e9fce997255c2e25644f4a4
cloudhost247-node/frontend/src/components/RequireAuth.tsx,Authentication,1290,22a03b884f31ed3f7a8d1068ea8dc888f00b795294a78c2eb10f60d0863eb7dc
cloudhost247-node/frontend/src/components/RequireRole.tsx,Administrative/internal,1256,21653be55aea88be976d812ff02993be3b1a0a2823e5a340be54772a29cb6678
cloudhost247-node/frontend/src/components/StatusBadge.tsx,Support,1030,22a591c6dc2d95248fcf97f28a8749add973414dcf6988446451a1aa930f6aba
cloudhost247-node/frontend/src/components/SupportModeBanner.tsx,Support,3051,bb22882eae83ccf11d5d69dec5a2e46b8a5094174f0578338f75cb92a528283a
cloudhost247-node/frontend/src/components/TicketThread.tsx,Support,1173,03b9769dab87c28686ece499661e3ad43cd0b4d9f0266dc9e1589587a676a54a
cloudhost247-node/frontend/src/components/domain-services/ui.tsx,Domains,3370,b0571c82e87e41bebcffdd4d97ca861111070df42b36b455656be6aa8a9210ac
cloudhost247-node/frontend/src/components/revenue-guardian/RGLayout.tsx,Administrative/internal,5885,853bd7a2bc9187ea082a46f12a9ebcfd5b06ff9299300a50ca0eaa89d4e312c1
cloudhost247-node/frontend/src/components/revenue-guardian/rg-widgets.tsx,Administrative/internal,5986,ad239b16ac4fc9b7e10b3a2845f520cabffc548d4e0ca06b7b3acba3ed87c88a
cloudhost247-node/frontend/src/infrastructure.css,Cloud,16796,9f36afc6e8d179b9879d4f0e4c035e3a7cfc23c67cdaf1bbbbefd889b2fff1f8
cloudhost247-node/frontend/src/layout/Footer.tsx,Administrative/internal,1017,1646f4ddb1badff991ad2f1bf6be3cbd19138f7e970d772d733e8785e65f6ed2
cloudhost247-node/frontend/src/layout/Header.tsx,Administrative/internal,6039,08c940f1594fe36b2dd740123e80b21b7da49f5b054a14725c540a609dc15a42
cloudhost247-node/frontend/src/layout/Layout.tsx,Administrative/internal,1366,84186e2135af87590c23a096f341804b9f4bcb2fa0371324dd0a32f26cb32695
cloudhost247-node/frontend/src/layout/useAuthState.ts,Authentication,642,6db518d7d185c860230c872c8bf5cea7e4273e1051177898c6c6b1f539423964
cloudhost247-node/frontend/src/lib/account-api.ts,Administrative/internal,9553,96efc19e0f825722b2212e5e3dba587a7d798833431b964fbeafec4caf82b8a8
cloudhost247-node/frontend/src/lib/account-types.ts,Administrative/internal,4222,8f8c4830716be571d47374dc213db6ce9ea1c09ab1f277087f0be48a7ea02352
cloudhost247-node/frontend/src/lib/admin-billing-api.ts,Administrative/internal,3170,89ad0b6289ef1324672789b13f2d8a5a2ff13957849cc482cadd30cdb848e227
cloudhost247-node/frontend/src/lib/ai-os-api.ts,Administrative/internal,11739,caa5d25be3ba857e9033b0f1b1a3344ea1c8ea984489f3b4d3bc7d790ba7ba50
cloudhost247-node/frontend/src/lib/api.ts,Administrative/internal,2470,ed78be18d7609cdd4cd2fd51202f35cec72c3f9cbd36b762315d23d5763c1881
cloudhost247-node/frontend/src/lib/auth.ts,Administrative/internal,2924,353b163845bafbed9e5c66c2ea956cbaac9eeaff413d479972e3b6f45f1ca21d
cloudhost247-node/frontend/src/lib/billing-api.ts,Administrative/internal,2408,d5d293ef874516501462caa26d51cb94865103e4650b8054ab24790a391e1cef
cloudhost247-node/frontend/src/lib/catalog-types.ts,Administrative/internal,2368,9ac568f14e803771537529f011851fa012b231ac7e3c544f20f432c4221fed69
cloudhost247-node/frontend/src/lib/cloudflare-api.ts,Administrative/internal,2721,855cef30868a733ab0e66b960d5820e349f0acedad021e0588d324db88af32f0
cloudhost247-node/frontend/src/lib/control-panels-api.ts,Administrative/internal,2654,80a56bfb9e843c934b2b80aab94fac75c893d767bcce36d21a32c125ff3c1766
cloudhost247-node/frontend/src/lib/dns-api.ts,Administrative/internal,1600,e7c5a906177cd3074ca635319ea2ddaebc98ee138f65a1ecdbd7d4dbe00ff240
cloudhost247-node/frontend/src/lib/domain-services-api.ts,Administrative/internal,6955,b0cb1a945349b68485a17ffbfad04d65fbdce9ea3aa09bcbb797ac8a665b5440
cloudhost247-node/frontend/src/lib/infrastructure-api.ts,Administrative/internal,8695,d77f26df9dc8349227d672709777b08a6f86d7883d1f1e6cc9fde8db94a42c24
cloudhost247-node/frontend/src/lib/marketplace-api.ts,Administrative/internal,7671,a6b5279eb8a5d9723c5f11babafef3944db42526d54f18cf1ef9df5a37830ff6
cloudhost247-node/frontend/src/lib/mrz-engine.ts,Administrative/internal,47560,876397b9b1a0efcdc8e8659bec151de4da56ee0f91fcf734cd167617725208a7
cloudhost247-node/frontend/src/lib/revenue-guardian-api.ts,Administrative/internal,4834,9b71c260a4ce160aa84471a85b50752e6821f8973c4d436432b13befc811b7ca
cloudhost247-node/frontend/src/lib/ssl-firewall-api.ts,Administrative/internal,2211,6e951af42446cffcdc827a7ed3b6074f8f87f0eb536f2fe5dde5b39b9d0b1ab3
cloudhost247-node/frontend/src/lib/tools-api.ts,Administrative/internal,32191,02b73484bcf3732aaa1de53415d4b32664e137f60b48c7afa62b8fbf811ccae1
cloudhost247-node/frontend/src/lib/useApiResource.ts,Administrative/internal,1696,31fc034e95def4b0b0351747919eb90fdc265ed8204e5d300d7f64a66932e45b
cloudhost247-node/frontend/src/lib/usePageMeta.ts,Administrative/internal,1885,78a25e5a0e524dba7faa53e6125a63451d588f8aaaa68d58b960597d7db30cc3
cloudhost247-node/frontend/src/main.tsx,Administrative/internal,502,c1b0e477da9bdf7d48a7f150722e684fe939719eef5a700621468a465fcbdb1d
cloudhost247-node/frontend/src/pages/AboutPage.tsx,Marketing,1885,9c2def3ab808efb32e8697db19b8936f7a8ff3efc35286139a3bcb45ab98a30c
cloudhost247-node/frontend/src/pages/AccountPage.tsx,Client Area,33143,4eb8fd27930e2a817b29f6010919110197efc8a34d94ffb77c0ea63cda56df47
cloudhost247-node/frontend/src/pages/AdminAiSupportPage.tsx,Support,12875,b8cae11da9623b235a2dccac7cb620225a5bb8b1c317f3177895496f8a151db9
cloudhost247-node/frontend/src/pages/AdminAppDetailPage.tsx,Administrative/internal,7226,00e3c1f5a4848238c5dc9fc4fc244cb032cc18ea0e404fc52e05cfd0eca09d53
cloudhost247-node/frontend/src/pages/AdminAppsPage.tsx,Administrative/internal,6406,64bf0104f436fd67388d49dbff7f4315f6484b9ea2bcf65994943eaf7a1b56b1
cloudhost247-node/frontend/src/pages/AdminAuditPage.tsx,Administrative/internal,4756,fad51f1845b180b86fccc13a2cf4ca8e144cd8f173fe00209e9975dd98b52954
cloudhost247-node/frontend/src/pages/AdminAvailabilityPage.tsx,Administrative/internal,11422,af387e1b7cefd205e3584cd423ede6b42326915f1f13790906660d234b21667c
cloudhost247-node/frontend/src/pages/AdminCloudflarePage.tsx,Cloud,19645,600c449c8d144cc4ea2ba217186ce21e85fffbdb344eb5a0b2c77a6633187511
cloudhost247-node/frontend/src/pages/AdminControlPanelsPage.tsx,Administrative/internal,14978,bc62ffa59e24804dac0bef3d65b747a8b2f21137d992cd32b719b586bf89dbde
cloudhost247-node/frontend/src/pages/AdminCustomerDetailPage.tsx,Administrative/internal,14868,1b4741c4a5d82bdf580c3a789ea5923bc7f8455da9e9c522c54649ac9fa3970d
cloudhost247-node/frontend/src/pages/AdminDeploymentsPage.tsx,Deployment/PaaS,5980,621aafd192d302c9fe18f95c1d08ad855568345b48e4253454c5ae8805a7b78d
cloudhost247-node/frontend/src/pages/AdminDomainServicesPage.tsx,Domains,42960,39a70882cd97d8d242e73d4bd1a748ba03ede9a12068618ddf4190cd285604c8
cloudhost247-node/frontend/src/pages/AdminInfrastructureLogsPage.tsx,Cloud,11810,c2d794ed3bd60ca8024b72af239df0df7f095175f51145cad51ea1f92e44c8c2
cloudhost247-node/frontend/src/pages/AdminInvoiceDetailPage.tsx,Checkout,14830,36f5725315de152cc0a4f974578a096cf8ed6e2da4a49ec768409498ce87d330
cloudhost247-node/frontend/src/pages/AdminInvoicesPage.tsx,Checkout,10087,bed05fc59bb0959adbda5b3ab542a9983bbc8991e9cdb93df61c9c9e24454906
cloudhost247-node/frontend/src/pages/AdminLedgerPage.tsx,Administrative/internal,8818,925a06ef631fc60e5a6aafb5ee95db189aa7f36dcdeb3546b88efe0862a921df
cloudhost247-node/frontend/src/pages/AdminLicensesPage.tsx,Administrative/internal,7061,c813ed452b86d17d8fee5a5b1e7c8008c4764e16113a70fc50e45a20124cded6
cloudhost247-node/frontend/src/pages/AdminMonitoringPage.tsx,Server Management,6927,e581dd45e6187ddc6ae2423afd739bee45f25afbade662e948170a805dd7d170
cloudhost247-node/frontend/src/pages/AdminMrzSettingsPage.tsx,Administrative/internal,9665,a155f8fbebfd2ffc62041cb309f6858aafb4349e2734ee0ba9dd9eaf965dbb62
cloudhost247-node/frontend/src/pages/AdminOperatingSystemsPage.tsx,Administrative/internal,10043,456f80d0ea56c5ed88db2284085428994496785e16ffdadde2438823a916d227
cloudhost247-node/frontend/src/pages/AdminOsImagesPage.tsx,Administrative/internal,10974,bf8d3d61de0ccd082d9c8dd219040b3a7528ff6b389340fa8668e02d8ba7db88
cloudhost247-node/frontend/src/pages/AdminOsVersionsPage.tsx,Administrative/internal,6683,3a7af335c63135eba6c246c375c66ef9caef98385482a19288c2ece639b54030
cloudhost247-node/frontend/src/pages/AdminPage.tsx,Administrative/internal,6234,db99100286103521214c89c152d6c38a98f4d939796d5327145867bac9d66409
cloudhost247-node/frontend/src/pages/AdminProvidersPage.tsx,Administrative/internal,11556,dd30f80ccb68e4fb13e8cb3bb5700cfcac6227eff18b9e211302f2826b6ddbcd
cloudhost247-node/frontend/src/pages/AdminProvisioningPage.tsx,Administrative/internal,9376,c23f5f8dadfd508a37c023416b121caa60a10667df5a5713e6b8181416139106
cloudhost247-node/frontend/src/pages/AdminServersPage.tsx,Administrative/internal,14199,be6778bd23ad39fd5449caaf642dc93f145f6481cc8795a0953f35eb11944535
cloudhost247-node/frontend/src/pages/AdminSettingsPage.tsx,Administrative/internal,4559,44b7b454ae72378f93f2e3b5c9e7d6df074bf54e800590a4c087042ec8815828
cloudhost247-node/frontend/src/pages/AdminTicketDetailPage.tsx,Support,5317,79656c15ead466e87e4c5ecad9cf9ca270731fd9541be561fc13d5c2b7aff93c
cloudhost247-node/frontend/src/pages/AdminTicketsPage.tsx,Support,4137,7b55f3bc1905485cf7902cde84e3a187e84e7b92c146959dbafe2d7030b92997
cloudhost247-node/frontend/src/pages/AdminToolsPage.tsx,Developer,18068,5f2aa0d01dd2ba8bd87128252f4542b33a2078c46eacfba6de70fa951a49ab91
cloudhost247-node/frontend/src/pages/AppDetailPage.tsx,Administrative/internal,17890,ff734169e36cb2d46c0816e868ebb247791cec1db66a7e11b2808d5b5184c2e6
cloudhost247-node/frontend/src/pages/AppInstancePage.tsx,Administrative/internal,21248,a3956ce5522eb285551a760409fcb1f5fd85282438e10b07eb1df0212234c3da
cloudhost247-node/frontend/src/pages/BillingPage.tsx,Administrative/internal,7123,650d1ac6332bf66aca16166bcea02dde38a78390335bc65d3d3f17612780d07f
cloudhost247-node/frontend/src/pages/ContactPage.tsx,Support,3045,1269b744662dff31d024b1940b161f62cb4294e65d0c156c921f492a3211f64c
cloudhost247-node/frontend/src/pages/ControlPanelDetailPage.tsx,Administrative/internal,9011,865f56a0152c88c4267fbf44be639cd738f0637531114e920ad4feb1a108aa25
cloudhost247-node/frontend/src/pages/ControlPanelsPage.tsx,Administrative/internal,8959,3eed3851ba6a0a0bc9d04282eec913aed3acbf583f575b6409af084ffbc2d88d
cloudhost247-node/frontend/src/pages/DashboardDomainsPage.tsx,Domains,34306,fc9dd0a894ab54178b87675319fd37425a53d6ade68b7339a5fde51aca7ad17e
cloudhost247-node/frontend/src/pages/DashboardPage.tsx,Administrative/internal,7633,c71e361aaa83d0984ba17a696910d873bb977eff197ed1b6cd4caac291d10f1a
cloudhost247-node/frontend/src/pages/DashboardServersPage.tsx,Administrative/internal,3881,a5a346f429eb7e5a38b50ebdd920c07f6302573bb996593cdcd68e7d41b9f940
cloudhost247-node/frontend/src/pages/DeploymentDetailPage.tsx,Deployment/PaaS,4676,c4b6895d16ee66819b86929fce1055172a6e1a634a48acaa6e31fc30ccaa1cfd
cloudhost247-node/frontend/src/pages/DnsManagementPage.tsx,Domains,13191,5999a47071a31e801468ad71a9c1fbbf0fcc49dd26a1d5f0a17aaae1f60f40d4
cloudhost247-node/frontend/src/pages/DomainBrokeragePage.tsx,Domains,2881,a8fc16c3f5a4c6fa2568c80b192b4120fbb0d3e21af9e45a96125bdb1e3c912f
cloudhost247-node/frontend/src/pages/DomainHealthPage.tsx,Domains,6497,62d680cc16e8998078a2b1de5d2c6193647b418f47fbea156c30539218c1bea2
cloudhost247-node/frontend/src/pages/DomainsMarketingPage.tsx,Domains,10687,fed4faeac575ee795434fb3d646ea1c4aa566d8395290120de9ac63d6446e0c7
cloudhost247-node/frontend/src/pages/DomainsPage.tsx,Domains,2642,ca172a59eb54da6676f86128d63a466838bb9f4fec92c3dfbdf27c8d2d84cc0c
cloudhost247-node/frontend/src/pages/FaqPage.tsx,Support,6306,83d21fb91a11dad7adac0779c5b3aa8914766a4fe6b8a8196cab4b4717113850
cloudhost247-node/frontend/src/pages/ForgotPasswordPage.tsx,Authentication,2426,20364cd22147a3a4a7ad876c08b6287afe7ea02424f12ec3aa1f7b9059753ba6
cloudhost247-node/frontend/src/pages/HomePage.tsx,Marketing,2401,18e5edcc04026b4a532db6bb4d88bd892cc7b3b43df0603223c1e8fb65d9a140
cloudhost247-node/frontend/src/pages/HostingApplicationHostingPage.tsx,Applications,3714,6644a24f0c2b12a548ccad7a25b4554ba60bc56c3bd76e46beb0ea9923b37dc9
cloudhost247-node/frontend/src/pages/HostingCpanelPage.tsx,Hosting,2887,246ebc66bfc7b7f615249bcdc8e49fa2ad58d3c9072aca9ed00484b14055fafa
cloudhost247-node/frontend/src/pages/HostingDedicatedPage.tsx,Dedicated,2398,43198adb73963b82d474a20973c97329facb82c7052dbbefbfe6e75984479782
cloudhost247-node/frontend/src/pages/HostingPage.tsx,Hosting,5113,11e24907a024b898684958f6ad6773c332eec59931eef4f119710eb9ed4aa1ac
cloudhost247-node/frontend/src/pages/HostingVpsPage.tsx,VPS,3007,026a34962927c66708edba4f0f8c02ed18ff5e361858f2eee99f2fa340bc4d56
cloudhost247-node/frontend/src/pages/InvoiceDetailPage.tsx,Checkout,9536,a3488c07a7660835269eb61d56d6db365a8913103baab582155c5d7b1816248a
cloudhost247-node/frontend/src/pages/InvoicesPage.tsx,Checkout,7676,acc243704295ba0479bc25abd60efa72fb59c161dad1168b6a6d3da30623ddfa
cloudhost247-node/frontend/src/pages/LegalIndexPage.tsx,Legal,4807,0b4d9547517ce2063ca09ed03ba741f929e05a496843a12225136cb65bf79761
cloudhost247-node/frontend/src/pages/LegalPage.tsx,Legal,1515,bdb2a1d9e091dd28b0d016a91ee1b715a824dd15eaf7a65a5b5391d0f34c2d18
cloudhost247-node/frontend/src/pages/LoginPage.tsx,Authentication,6171,8e84bbc42635c45b94db359182dcff3b7dfcd6ade58d6864af06df92c64c75d4
cloudhost247-node/frontend/src/pages/MarketplacePage.tsx,Administrative/internal,4839,1d46d24ee8b6ab291dd637d221797e29cb9f1a6b2eb75d9e702c43ce54531861
cloudhost247-node/frontend/src/pages/MyAppsPage.tsx,Administrative/internal,4229,b00b358077dee4ec58474f3bd5f59b0af6c9126069d818b3e5deee34f829ab01
cloudhost247-node/frontend/src/pages/NewServerPage.tsx,Administrative/internal,12928,c25005f44ed6434453b0f02b3e4d4ee1f0105b076c412375b9fede2b86f92fcb
cloudhost247-node/frontend/src/pages/NotFoundPage.tsx,Marketing,326,98a9e8753f0ac7e0cd48d6da2c2cddf3cc854709c5b150cfb4b361bfb8eac378
cloudhost247-node/frontend/src/pages/NotificationsPage.tsx,Administrative/internal,4564,ef7bd6ac801f16195349952527a3b555018feedd019a25c1e17cbe09a67aa233
cloudhost247-node/frontend/src/pages/PrivacyPolicyPage.tsx,Legal,245,b67f47bd7bb4b0983cad10bd33d211b7817aec1608f181d980b8faf997e39b2a
cloudhost247-node/frontend/src/pages/RegisterPage.tsx,Authentication,2603,2209ff51ad9df7a9a4d9218454a0c0843372d5a705c20c3f556edd33b2731a87
cloudhost247-node/frontend/src/pages/ResetPasswordPage.tsx,Authentication,2984,518acb913b4d6569f77b055b55576350ac4004ea39c3045d2803cb99d01348bc
cloudhost247-node/frontend/src/pages/ServerDetailPage.tsx,Administrative/internal,37851,8e2c1f589e4246768ba83455d24879b965820499f16a7aa4490d41048b3e7d44
cloudhost247-node/frontend/src/pages/ServerLogsPage.tsx,Administrative/internal,2036,a3f630360d92b7a1f23a75d827baa60fea4f2ed41de9ca69b38df9614642904d
cloudhost247-node/frontend/src/pages/ServicesPage.tsx,Administrative/internal,7089,4e3ba8c38431db1e5dc29eed679b2312d6b00f13932f3658fa161311d5214981
cloudhost247-node/frontend/src/pages/SslManagementPage.tsx,Administrative/internal,8096,2be5b543cb63ba49b07ed1c0827e7ad3e34b32c74450edbede4068507ec8827d
cloudhost247-node/frontend/src/pages/SupportPage.tsx,Support,4881,8aee37d1a04b4cc112eb99fcaa3c1c0cd4d29cc04fc76e6f28e833188f8c37a1
cloudhost247-node/frontend/src/pages/SupportTicketPage.tsx,Support,4517,fbead2fc2f2cb7846a30fce5fe8d410fce9d6041301e59fb3e595ff07e07e20b
cloudhost247-node/frontend/src/pages/ToolPage.tsx,Administrative/internal,15829,d893cadec727c3c737e8bd29abf85c01688cc8ee7d09deef68d63a676a111c47
cloudhost247-node/frontend/src/pages/ToolsCenterPage.tsx,Developer,9703,011d36bbbb27d66a9c0cc2bf5edef20fbeeb89b35113bde7a6f4ffb485e805a3
cloudhost247-node/frontend/src/pages/ToolsFavoritesPage.tsx,Developer,2518,988727ffb00495a7ffa2273fcb9f20f266f1c8fa564ded8dd572217f90573da8
cloudhost247-node/frontend/src/pages/ToolsHistoryPage.tsx,Developer,4104,fabcf2feae83564beedc43f196cee1fb530b82b55af88f402a93155d45522f46
cloudhost247-node/frontend/src/pages/ToolsMonitorsPage.tsx,Server Management,9809,647d9999057873cb0eabbc698f307bc6df061135638c6dd7d0b1e5b2d352208e
cloudhost247-node/frontend/src/pages/ToolsReportsPage.tsx,Developer,5220,74546837a944aeb6edec65f96aa85c4e9fba21293716ca1395787d08888f1750
cloudhost247-node/frontend/src/pages/VerifyEmailPage.tsx,Email,2281,c6c5c593b584c493e0f29f75d6c47140c14242f6226cf06fb1e6fa76a9ba1b90
cloudhost247-node/frontend/src/pages/ai-os/AdminAiCommandPage.tsx,Administrative/internal,56715,8474b7ddaf2d604b8f16b6922b87c443b955ae4c4d8ac8aaf22bb3bcacb195f6
cloudhost247-node/frontend/src/pages/ai-os/AiAssistantPage.tsx,Administrative/internal,7971,15a9bb3da925187000931691ca0d16556965fc742a22a15000b8a00a0f4ef731
cloudhost247-node/frontend/src/pages/cloudflare/CloudflareServicePage.tsx,Cloud,28930,693b730e3bcbe660220cbf3b60d78ec26c3eb166e62598b43dd752027fcc167e
cloudhost247-node/frontend/src/pages/cloudflare/CloudflareServicesPage.tsx,Cloud,5946,d606d9c632e447c94ecc4a7965edd532ef96e1d7e8c144f060cb376c14476c57
cloudhost247-node/frontend/src/pages/domains/AppraisalPage.tsx,Domains,7377,2c76a9045f9cac98509104718151a98b82906e4db418db874a547384c6622170
cloudhost247-node/frontend/src/pages/domains/AuctionDetailPage.tsx,Domains,10020,b01dd1a269a789e4cace7d15eff33245ec91e196aabac82ba577016612ca41c0
cloudhost247-node/frontend/src/pages/domains/AuctionsPage.tsx,Domains,5514,80f3d5a22b4f82180e525d4b14b27c3c7fc020d4bb13e3cc3f144d0913db1ee9
cloudhost247-node/frontend/src/pages/domains/BrokerPage.tsx,Domains,16185,6a59ce6b589aa85250e735377bd58fe914057cfe55e8969de215c4abad5d501f
cloudhost247-node/frontend/src/pages/domains/BulkSearchPage.tsx,Domains,8451,6f7b1817a76ec59db7b0a13b156d36871c82e31c5ee999dd3e19f69775afaec5
cloudhost247-node/frontend/src/pages/domains/ClubPage.tsx,Domains,7650,aaeee57b3062a559fe35cf28541283ccfca1608ad0e6f3fa8ef70ebf6e0e5442
cloudhost247-node/frontend/src/pages/domains/ExtensionsPage.tsx,Domains,5560,3f77c3143df04d06abf38411b0411cb3c8e25bb137f3aa914430e4a35a010bf9
cloudhost247-node/frontend/src/pages/domains/SearchPage.tsx,Domains,18361,ffee288e1f12a37bd5fb47bccffd1773979a818f7c9a017570256d9a575b572a
cloudhost247-node/frontend/src/pages/domains/TransferPage.tsx,Domains,11571,6d1bea45dab634158212fe6ebbfd318742531bfd5a5fdbfc2b9050e53081656b
cloudhost247-node/frontend/src/pages/domains/WhoisPage.tsx,Domains,5788,88554d0f586ed7570955d9c7eeed2aec62459544ed213fea60bf5deba82a9da9
cloudhost247-node/frontend/src/pages/revenue-guardian/AssignmentsPage.tsx,Administrative/internal,9052,2d7d2ef04c4a7597eb375702fca4aabd46f806c6196822df20c34c24502bd463
cloudhost247-node/frontend/src/pages/revenue-guardian/AutomationPages.tsx,Administrative/internal,5734,2a16ceb89c781f58802ba487773d25fa0b6ef0deb8e324964fbedb08a165a892
cloudhost247-node/frontend/src/pages/revenue-guardian/CaseDetailPage.tsx,Administrative/internal,8574,0a0d1468a76b5398811cb41d34a248f343cffa20a06339588a62bfd2c3f9564b
cloudhost247-node/frontend/src/pages/revenue-guardian/CustomerProfilePage.tsx,Administrative/internal,10671,b9365c536e642e23b496b6ae6d2242b3497b1102ebd6ccd294de18bbe8ab1f19
cloudhost247-node/frontend/src/pages/revenue-guardian/DashboardPage.tsx,Administrative/internal,5399,e8e59bee681f60ad7fe62d8cf0898a102d694d8d0f5628686f6b90b1d85cba76
cloudhost247-node/frontend/src/pages/revenue-guardian/FollowUpsPage.tsx,Administrative/internal,7922,30d6e83b8f33e06651bc475b11abd4141f6f882728033cc3ecd1b71e72917013
cloudhost247-node/frontend/src/pages/revenue-guardian/InsightPages.tsx,Administrative/internal,8769,79ce4cec3b6057f59ae19fd9e356b4ee799a830c355f94cabf8e2920510bad0c
cloudhost247-node/frontend/src/pages/revenue-guardian/KanbanPage.tsx,Administrative/internal,3515,7e46f0a5eafdae0049516f6a4a98562c3b1fdc61f918c950321f5889211289b2
cloudhost247-node/frontend/src/pages/revenue-guardian/LogsPages.tsx,Administrative/internal,5438,dedd99cec1313837e6d536045f46ba0ad53ee4092a667a46eb35e792f90c829d
cloudhost247-node/frontend/src/pages/revenue-guardian/MonitorPages.tsx,Server Management,9247,c1f6d5dc8baa06e0f98278423872bc4591157e3f646eee9d19b2a3eab243e208
cloudhost247-node/frontend/src/pages/revenue-guardian/PromisesPage.tsx,Administrative/internal,6268,1fd95945630360fdeb9b751d90a2d26d87936907b676d290f0c7391cd055a6c5
cloudhost247-node/frontend/src/pages/revenue-guardian/RecoveryQueuePage.tsx,Administrative/internal,4571,6741cab2a0001861ceadb1602bfa78e727c26f34ac11959a60a3d52bb8d90604
cloudhost247-node/frontend/src/pages/revenue-guardian/ReportsPage.tsx,Administrative/internal,4263,e8e1b43dc66eaf051106bcd74d9349d2373c63ce75ec1ff9aba4c439450bc864
cloudhost247-node/frontend/src/pages/revenue-guardian/SettingsPages.tsx,Administrative/internal,13661,a717b9e2cf3e505f7a6bf649261cf0e5ade7701e39a3fafc11d34b64b0063421
cloudhost247-node/frontend/src/pages/revenue-guardian/WorkPages.tsx,Administrative/internal,7108,553e0a4e4b863048d8b77ed857b1efa39beb8c857d791743e95209f89213b36d
cloudhost247-node/frontend/src/pages/tools/MrzToolPage.tsx,Developer,46614,d681909398588589b48defa85c8ba7152d77a518a710968b1d8ef9e21dfcb40f
cloudhost247-node/frontend/src/pages/tools/ToolsHubPage.tsx,Developer,3623,86895444571bab86b61e10f2166361c07320745720f5db2a76a2e70614c8fba4
cloudhost247-node/frontend/src/styles.css,Administrative/internal,29274,89b7de4e3992c9330d08ea713da79acc476614daba969159d18a75a8401cc1f4
cloudhost247-node/frontend/src/tools-center.css,Developer,10563,97f3adb1c3dcf68e474d2cfd82636be17815fd2e832669a2dd0739c4437cf8db
cloudhost247-node/frontend/src/vite-env.d.ts,Administrative/internal,38,65996936fbb042915f7b74a200fcdde7e410f32a669b1ab9597cfaa4b0faddb5
cloudhost247-node/frontend/tests/unit/Header.test.tsx,Administrative/internal,3085,7036003bca19ce3b561c05fcb1c68a96ea13d08bfc6c2996057c9a3833f144cd
cloudhost247-node/frontend/tests/unit/RequireAuth.test.tsx,Administrative/internal,1919,627bbaf29a3302523f28928769d3dea2de76ab8bfee8db8982cfa4925ceb3a12
cloudhost247-node/frontend/tests/unit/account-identity-page.test.tsx,Administrative/internal,6251,a1d309864cc4f3f5cd44eb4db30e8340d1aec829f188c856de666b69537accc2
cloudhost247-node/frontend/tests/unit/account-page.test.tsx,Administrative/internal,4842,322e1f87a2808de83bcb76a5f0166cf381c05d4aa5634799854f22e8c6597ab8
cloudhost247-node/frontend/tests/unit/admin-invoice-detail-page.test.tsx,Administrative/internal,3884,4931dc204128ad8e06eb1cf45b1f6e903c905e7249b5fcfc4766c7f95f55851b
cloudhost247-node/frontend/tests/unit/admin-invoices-page.test.tsx,Administrative/internal,2496,21f89763ba87535df7e9dd950e3088bdc50ef7683823db2eb4cfeb406adb12be
cloudhost247-node/frontend/tests/unit/admin-ledger-page.test.tsx,Administrative/internal,2748,39c6dd4ab7fb6ace7300723d583f720faaf76171378fa1dc2d87b6f057edf345
cloudhost247-node/frontend/tests/unit/admin-rbac.test.tsx,Administrative/internal,3060,05843274cce871737bfc51f8535aec67f5babb00a9c5636dc32380a7d1e7f411
cloudhost247-node/frontend/tests/unit/admin-refund-modal.test.tsx,Administrative/internal,2875,250c3b247e4795807a826849cc637409a20ae97e2754c8d04f8dac82f3668879
cloudhost247-node/frontend/tests/unit/api-session-invalidation.test.ts,Administrative/internal,2548,2108c849988d122ace143be3cf339cb100161941e29afc2501976daa5d898a4a
cloudhost247-node/frontend/tests/unit/app-instance-backup-contents.test.tsx,Administrative/internal,7143,26939a181eb0281d2473d2449799827a888f12b5190cd5f0dbc86a7f9421c897
cloudhost247-node/frontend/tests/unit/auth-recovery-pages.test.tsx,Administrative/internal,2224,fb419433d42f157910070e4c454fb6b882ca414c57f514ac6972c931ab10c081
cloudhost247-node/frontend/tests/unit/billing-page.test.tsx,Administrative/internal,2740,d4807fb51ef4b649b433ee534722a1d428893c7dd2061c7865e040d63e63f781
cloudhost247-node/frontend/tests/unit/dashboard-protected.test.tsx,Administrative/internal,4443,48dd0ae50d96bfce8fc49911c22855b227ad0e17d06ce3133b064bc0c3ca822c
cloudhost247-node/frontend/tests/unit/domain-services-pages.test.tsx,Administrative/internal,23578,80af51cfeb59692df71a0c5d58150e54b529423117f268de02c6a8a50cdda43b
cloudhost247-node/frontend/tests/unit/domains-marketing-page.test.tsx,Administrative/internal,5714,2785ae95bb6174a3e52ba7166ca119d6ef2a1fdb748f919f2ca45e668f71d831
cloudhost247-node/frontend/tests/unit/hosting-catalog-page.test.tsx,Administrative/internal,3133,8e4dcd07b94a6376c6eda08144a50a4354c1bdc908f63375083e978d4aeac70f
cloudhost247-node/frontend/tests/unit/hosting-cpanel-page.test.tsx,Administrative/internal,3888,a11d911408180478fbbd615e186cc7a886af910cd4d22068ae1ef26646194757
cloudhost247-node/frontend/tests/unit/hosting-vps-page.test.tsx,Administrative/internal,2292,2f9a712cfbd5b09f40e9171d4bf8e1022081ac1f6c6e984cd263561a03ad30bd
cloudhost247-node/frontend/tests/unit/invoice-detail-page.test.tsx,Administrative/internal,4072,9f083408504a07f44a96bf5906c8aefd9425009c3a441e6b5649750e73b24d70
cloudhost247-node/frontend/tests/unit/invoices-page.test.tsx,Administrative/internal,3605,7d1810b9546902049e1fd605503300416bcbbc2b36b1bf9308b32d0f3e30b82a
cloudhost247-node/frontend/tests/unit/mfa-login.test.tsx,Administrative/internal,2254,0b9799e40e0b7bc65400e9a824c21048a1ee56ba640f5420a0e188e686249730
cloudhost247-node/frontend/tests/unit/mrz-tools-pages.test.tsx,Administrative/internal,6760,c77b2917497e27bb90fe8ace80d57e44058f7524e105825a32b3f107aec43abe
cloudhost247-node/frontend/tests/unit/operating-system-selector.test.tsx,Administrative/internal,2500,8151feb91271a11e689b47aa2c00e4bd9028dc2687f505efc6ddc24dfc891f79
cloudhost247-node/frontend/tests/unit/os-lifecycle-and-provider-config.test.tsx,Administrative/internal,4522,d82bd0ee785e55b4b39d3474d7780b8d988076568fd17e0c0356688a0960de09
cloudhost247-node/frontend/tests/unit/payment-modal.test.tsx,Administrative/internal,4261,5d4b716ed5f480b48994e661b28b59207ed168d6d5da2be3f620ba3b1174abea
cloudhost247-node/frontend/tests/unit/server-detail-page.test.tsx,Administrative/internal,11910,74d1fab3e2ecde61fd3a36bca7289789c6c95777584d73a36ca1dd15b73850c1
cloudhost247-node/frontend/tests/unit/services-domains-pages.test.tsx,Administrative/internal,4175,cc98019611cba997c418e19db2e4a64fa8964d165f8cf91956cee56836fa49bd
cloudhost247-node/frontend/tests/unit/support-pages.test.tsx,Administrative/internal,4561,a3797094d6b87bfab59a5db47fecf15cfca3b8a59829f1861998bbfdd730bc89
cloudhost247-node/frontend/tests/unit/tools-center-page.test.tsx,Administrative/internal,5352,579e4861bfe313de02590d2d4aa59d31e5bbabd0cbe432ff676431f74b1cbc55
cloudhost247-node/frontend/tsconfig.json,Administrative/internal,377,5cdcad8bde8303c7bcb8d93858f6a4eef687405abc14c980252ab4262ebf92c1
cloudhost247-node/frontend/vite.config.ts,Administrative/internal,946,0f72f0cb5499b7dec37f4559839af67fa361dd5f06d722b74183189d4fd89f50
cloudhost247-node/manifests/adguard-home/manifest.yaml,Administrative/internal,1044,be43ccc28f5c916e8255b3524fbbf2cab889ba4ccb0d4b9eda3bd8475556efea
cloudhost247-node/manifests/adminer/manifest.yaml,Administrative/internal,940,cfc2e125f0f324fdbedcd811b4c6a63f9d02af70c13d22daf662c66627facbd2
cloudhost247-node/manifests/akaunting/manifest.yaml,Administrative/internal,1089,f6fab791fd59a55651457386a9c58a968502b6743191e6fda6e0df3af89d9b17
cloudhost247-node/manifests/bookstack/manifest.yaml,Administrative/internal,1165,0687098a23c9debf23edc712dd4be4f7054598bed502cb94146f62d3aaaecf67
cloudhost247-node/manifests/code-server/manifest.yaml,Administrative/internal,1087,6b269dcb63e5064cd441328badfb1ed94bfa5478130631fbed7584a452e39922
cloudhost247-node/manifests/docker-registry/manifest.yaml,Applications,1067,aed3cb8648ca76119788ba65b6cd3608284a905e73e9557b8a8b3ede90bc819c
cloudhost247-node/manifests/dockge/manifest.yaml,Administrative/internal,950,80cf24b04d81cab73257f4d7b44600092ecd3e47c444c4e7633d28277fc89902
cloudhost247-node/manifests/espocrm/manifest.yaml,Administrative/internal,1092,414662ddedf1ba0d8485cfd2c7fcb29577dcb112763dc3e2aacec45f7a2fe35f
cloudhost247-node/manifests/filebrowser/manifest.yaml,Administrative/internal,991,b223a84357a20417858d0b1664a60318c393824ed5bbfddb023f1a6f574cc502
cloudhost247-node/manifests/firefly-iii/manifest.yaml,Administrative/internal,1277,f3f668044770718c480085e2bd0d7fa86077d1e162d1dfc6dc127a4def42abb1
cloudhost247-node/manifests/focalboard/manifest.yaml,Administrative/internal,975,4956f636cd6481472fd8e774ed4eae54d1cc34b05800899e6a10e3dc9be03b26
cloudhost247-node/manifests/ghost/manifest.yaml,Administrative/internal,1068,ad59fb2c89a15030f539e9bb0daeef18e2f3f6d778e53633961bf21c90f41622
cloudhost247-node/manifests/gitea/manifest.yaml,Administrative/internal,1215,a745e4f688569420c30a3411dd69088b67e5839707266af9afe015e5db1e94df
cloudhost247-node/manifests/grafana/manifest.yaml,Administrative/internal,1193,fa612d0c0fe0209673cbc3e9da8d716e6907651eee44e7f8a31e168b8f9fce16
cloudhost247-node/manifests/home-assistant/manifest.yaml,Administrative/internal,1275,ad2e1b62e882cafc1820245267e6a54f10dbc6ca940042527627d30a33e78f40
cloudhost247-node/manifests/immich/manifest.yaml,Administrative/internal,1759,8ac289e6cdab33b14cdf6fb3e850e0ac232527487f000dbc13736795c85b49ec
cloudhost247-node/manifests/jellyfin/manifest.yaml,Administrative/internal,961,80d3671503232669acbd75b67ea22b72fa1d047ebd358830bc55781457908226
cloudhost247-node/manifests/keycloak/manifest.yaml,Administrative/internal,1364,46457bb20cd0d091ff8133be7674feba1a97a100b3e134ac5007625581c4e8a2
cloudhost247-node/manifests/mariadb/manifest.yaml,Administrative/internal,970,d1ba2494cfadfc415da8f38b52960d23aaee331f8531f8c3a6cc95ae88bfa47e
cloudhost247-node/manifests/matomo/manifest.yaml,Administrative/internal,1153,229312d482db27b0ef3402472ba85fa353a9fe1aaa143c7357687060725a43c3
cloudhost247-node/manifests/minio/manifest.yaml,Administrative/internal,1153,221df8a1fe9e4d7bf732baf315eace9bf60aa0841ac3358647257c73c79aff21
cloudhost247-node/manifests/mongodb/manifest.yaml,Administrative/internal,978,9ba1a69d08c562511666415dca24cec3647a4a76d0bebbecad6e6975ab9ca648
cloudhost247-node/manifests/moodle/manifest.yaml,Administrative/internal,1153,23c47b11e48cf45b697c5f6bd70595d43858307483f85a1b969fadd6d98faeba
cloudhost247-node/manifests/mysql/manifest.yaml,Administrative/internal,968,919a2d1fd6b0dbda2cc1af9c950a9bb7700d5049c0da8eb822a5490394e58be7
cloudhost247-node/manifests/n8n/manifest.yaml,Administrative/internal,1641,25aab3fa9c3d7acd0b82c1103fd9d3bdb718a513d6cfccfd267caa706d64f293
cloudhost247-node/manifests/navidrome/manifest.yaml,Administrative/internal,996,b1d981d8e0fc6ccd6aa17f8a0dc57c05e6b1a5881158129280acfe5cf45aca93
cloudhost247-node/manifests/netdata/manifest.yaml,Administrative/internal,1009,080fe23ee639386711bebcabfdef23baa69fa4598220c1e35db2be9053eb0ef6
cloudhost247-node/manifests/nextcloud/manifest.yaml,Cloud,1597,5170b44ca61e7d0600a60e267c04ac4569e3cb33ce392e1a774be7c6327b4fc7
cloudhost247-node/manifests/node-red/manifest.yaml,Administrative/internal,959,e6cf613beafb23b2d85b9f96d765b879a40c9f8d1843951f2f30feba33e41f67
cloudhost247-node/manifests/odoo/manifest.yaml,Administrative/internal,1148,5a04252e0f7f0b8b1582827f36fe4bc09497bfced1863938e706617a310b1d1a
cloudhost247-node/manifests/ollama/manifest.yaml,Administrative/internal,1305,257ee5896b1c3b865cdf794c4b416e93a717bd1acd12e44b62b7dcf59787f118
cloudhost247-node/manifests/open-webui/manifest.yaml,Administrative/internal,1125,2be3211d05a34202676be424af9a0b9ad4f1b9ac13989ec18519b70c0d636bc9
cloudhost247-node/manifests/openproject/manifest.yaml,Administrative/internal,1139,e2f4a61308f2197e5d2da4012b6316631879222873a317d6463f1bc7aff7b088
cloudhost247-node/manifests/paperless-ngx/manifest.yaml,Administrative/internal,1432,63ef059cd425f66882ca98ff1808be3bf3045f595117f1a94af59485e15453ab
cloudhost247-node/manifests/photoprism/manifest.yaml,Administrative/internal,1186,4995af47f46ab9b6b30e928efa3ce9c505f9238435f9c01db9e0579c5f1e98da
cloudhost247-node/manifests/phpmyadmin/manifest.yaml,Administrative/internal,986,70268ca318a88d7bf2d50d3798f0f5a023ae367ea7ad09112e6002f6cd34ddec
cloudhost247-node/manifests/pi-hole/manifest.yaml,Administrative/internal,1071,c23cf084c75494612b677022c03a161a0dc259f778d1647f53fd2d3553480fd3
cloudhost247-node/manifests/plausible/manifest.yaml,Administrative/internal,1564,f4c28e88d3df8141339514c63384b5359dff326587cb48919c4dc36bd15f8f24
cloudhost247-node/manifests/portainer/manifest.yaml,Administrative/internal,947,9ad172490761fbc05f65f13d200c07241289dc2eb2723a06a443ab56132fa815
cloudhost247-node/manifests/postgresql/manifest.yaml,Administrative/internal,1388,464e4dfc41573d133e4b0eec0620f51020c95afab25c5c5a9dc9164579386c2a
cloudhost247-node/manifests/prestashop/manifest.yaml,Administrative/internal,1123,e72b9fd25944132795386b0b23d72b290ed99fbab86c6df5bc10988f589ef8c3
cloudhost247-node/manifests/prometheus/manifest.yaml,Administrative/internal,987,cb63741e142560b83d24c100adc353ea0e647d56f88f9c80c617917288e8a807
cloudhost247-node/manifests/redis/manifest.yaml,Administrative/internal,967,21c2a04a27f642224b368a638d9cac5e0756d6b7980149ddc7569ed6f7986f3d
cloudhost247-node/manifests/rocketchat/manifest.yaml,Administrative/internal,1144,4d8d47a56220452e2938e47e563af620495c727346adc6dee221cf20ead8b936
cloudhost247-node/manifests/roundcube/manifest.yaml,Administrative/internal,1123,2734de74536b5d059823f7b85ae4e1145d8b1d2e9b3bb1fa449c4289f32b62d1
cloudhost247-node/manifests/traefik/manifest.yaml,Administrative/internal,1389,4b3b47024aedfa53c5756c1e61577975778e312a273223db7fbfc307a56814bc
cloudhost247-node/manifests/umami/manifest.yaml,Administrative/internal,1216,1b7f146f93c9b149b1160c9f2787c92d88802aa93d670e7f16574178b84b03b6
cloudhost247-node/manifests/uptime-kuma/manifest.yaml,Administrative/internal,1002,49486108088656956f624124ea6486e7f57e39ecb240ef5cf0d7390accd437dd
cloudhost247-node/manifests/vaultwarden/manifest.yaml,Administrative/internal,1522,4f63e73570948e9c2bb3fc482a96e7cb63feaed9bf888d614919441068d098b1
cloudhost247-node/manifests/vikunja/manifest.yaml,Administrative/internal,1272,5a47d9d967038237288de4d841e8d9b219f1aa936d50ab9d57dee113ab62d87c
cloudhost247-node/manifests/wireguard-easy/manifest.yaml,Administrative/internal,1057,da6fef2f1a097d46e7d02e37433ca392a58b108cd7743729d0bc3e7c581801eb
cloudhost247-node/manifests/wordpress/manifest.yaml,Applications,1743,68d18a7e43d6c9d7cb2483746a4164578eb78204eacc5fc1dcabef75bba19c88
cloudhost247-node/package-lock.json,Administrative/internal,222652,4f7d02159e2f5302de4b7927e077403185361834b2a511676b9b5d4f052dbe1a
cloudhost247-node/package.json,Administrative/internal,3100,34b85fa2937849ecae123e7d62bbbefba71af01800544980291ee7a0bdf24872
cloudhost247-node/release/cloudhost247-cpanel-b7a2af3.zip,Hosting,2399761,be7a5baaa15933aa50e46632b81d6799e2dfde56b016afaee7b5a9e88003993a
cloudhost247-node/scripts/domain-services-demo-preview.ts,Administrative/internal,16296,bd49226fb3b56103aea71150a8f4634049d64ed4e7b22eca3487c0878d4fd55b
cloudhost247-node/scripts/generate-tools-catalog-doc.ts,Administrative/internal,2883,a5a756199ca6004b9e695506100cce62d73cd4e5c2514b2eedac93b307cd9662
cloudhost247-node/scripts/import-catalog.ts,Administrative/internal,1699,893c71f1870cbc36eb00b31697cb13e42ab5b2c1e560498820f120f1132b1392
cloudhost247-node/scripts/package-cpanel.sh,Administrative/internal,1644,065cd584aad47821f44b86b638ac30ea6677c80d128b58049659dbc07a932a98
cloudhost247-node/scripts/revenue-guardian-demo-preview.ts,Administrative/internal,16239,0418c2b78c3d6b3a9d40913923ecd0156d94c513f5735ae77c8ece555cfff21f
cloudhost247-node/scripts/smoke-demo-preview.py,Administrative/internal,10646,e49e13686e20859ca54313142ed67a29d66fd478ae02081eaf3b21bcd423d4b7
cloudhost247-node/scripts/tools-preview-server.ts,Administrative/internal,4983,f6c1f3930ec921454fc656cb0a1b2e60e60c0c003340cbc42b148c99b87dbf7e
cloudhost247-node/scripts/validate-catalog.ts,Administrative/internal,741,45a24fbf943ccd8a07cd5c8b26cb6ff07b54939213a08031b22cd6208ba97d9b
cloudhost247-node/server.js,Administrative/internal,1140,479efcbd0819b39ca059c6dc6997eb9972f7708f199d5078942be3be5b4909a4
cloudhost247-node/src/ai/knowledge.ts,Support,11179,1852fe9a5f46caa38588bd96ea3fdcea945257270738364d6aa128394a36bf9e
cloudhost247-node/src/ai-os/agents/handlers.ts,Administrative/internal,67433,a0be40476b5be81961eb39c970e843cb249abf333c45fda84695b88fb254113a
cloudhost247-node/src/ai-os/board/board-service.ts,Administrative/internal,8479,dcb1119fca4f74e5585fc132dd932f00a9ff371eb2207a29a4c5db7c39807e58
cloudhost247-node/src/ai-os/board/departments.ts,Administrative/internal,17566,dcaf0275f60e97ddcb643fe1ed5bfa4b5569a18d10749e8609ac1056b348fa7f
cloudhost247-node/src/ai-os/controllers/routes.ts,Administrative/internal,33197,8e0467a1090bece771804063c820cbe0555a083585254ba696cc4760d05a8c3f
cloudhost247-node/src/ai-os/copilot/intents.ts,Administrative/internal,25874,574631f17736660fca12350965e7fd7dc9092ad7cb335eeab26f05b6a22527ed
cloudhost247-node/src/ai-os/jobs/sweep.ts,Administrative/internal,9240,dea265a884078a1df45c10c8899399782edb2eb48cc780817d8a977033739fa5
cloudhost247-node/src/ai-os/models/router.ts,Administrative/internal,2827,5108f489fcdf02feb72edea967d27f5041a2b3e2555447e6b4db0b151b4b584b
cloudhost247-node/src/ai-os/permissions.ts,Administrative/internal,4640,6b29fc7a2a1e88ae2962c8d91bc2c6b9257837dd9df6448161610bfc49323328
cloudhost247-node/src/ai-os/registry/agent-catalog.ts,Administrative/internal,30684,733eb9971b315b70bf4d6e65021473e22e9c34da7d5a58b6604e96ff2a99ff01
cloudhost247-node/src/ai-os/registry/seed.ts,Administrative/internal,9807,240b26813ef54570105212a9c24feab4ed7e703869c4ec2034ecdca94c273971
cloudhost247-node/src/ai-os/registry/tool-catalog.ts,Administrative/internal,21862,9e3d2317daa2f32a8d959663c91d15182a6c659278c3b57cf75316c81dd2cbd1
cloudhost247-node/src/ai-os/repositories/approvals-repo.ts,Administrative/internal,4505,f3c312c184a932e1fcfc96012e94ee083dc8e432dd247c7c0a5ce6cbc023b989
cloudhost247-node/src/ai-os/repositories/audit-repo.ts,Administrative/internal,12204,69b7867fbc011b7fb7c4b01fb4b37e37498f148e846ee3279d6c5741897fff33
cloudhost247-node/src/ai-os/repositories/events-repo.ts,Administrative/internal,5062,0fca24dde577bc15a89335f2cfcabe1e009d8a053e04703a3c6ee5573beed105
cloudhost247-node/src/ai-os/repositories/findings-repo.ts,Administrative/internal,7422,387c531b9b9129f657fa9616c32bcba84d3768ce7dfbb91216f01e71de506b0c
cloudhost247-node/src/ai-os/repositories/memory-knowledge-repo.ts,Support,7183,7976ab11638d2816ee5925f0d0126bfc512257efc8065ab6204a21886cb0752d
cloudhost247-node/src/ai-os/repositories/registry-repo.ts,Administrative/internal,4416,7e3bb5b4f912507961fc2d2c1f6d726768a4efeefa46ebd4373408a7ba79feb2
cloudhost247-node/src/ai-os/repositories/tasks-repo.ts,Administrative/internal,8538,e2d1296802810531a827b450903ee9938f83034e0e1d352017cf278aeac328c5
cloudhost247-node/src/ai-os/runtime/executor.ts,Administrative/internal,22466,e86117c08f2236eb13872d2ed608c6418f18d218d3a912b31fe63a82ad13facd
cloudhost247-node/src/ai-os/runtime/types.ts,Administrative/internal,2447,9bb2073546c1af0d2c7d81ed7d32776c4bb2eb7512d0dba74c28296239c0dce1
cloudhost247-node/src/ai-os/tools/implementations.ts,Developer,54560,8090327d8b4fca38d386f7a0a4ff7faa0d9a6fa046879706379760c8237b1408
cloudhost247-node/src/ai-os/types.ts,Administrative/internal,7388,a9089464df3e3e21fb9be43325494ffddf1eff733e840e8d7c56267821c19b12
cloudhost247-node/src/ai-os/workflows/engine.ts,Administrative/internal,4962,e08e4dd87fa57a4c5d9cb39c2bc4d8262c557ca4f89d9eea2ff23f9fc248d779
cloudhost247-node/src/app.ts,Administrative/internal,12322,16bd83021e6f4c60f29ef98ce461166905a2b25c553fd4c3b115605c096b3dea
cloudhost247-node/src/config/billing.ts,Administrative/internal,1423,b4d8c8dd3f3d8943854b15137a48469951c746bf2cc0cf472afce3ff4871e16b
cloudhost247-node/src/config/check-env.ts,Administrative/internal,1062,fd61bafd429b952b405264ea4c6aea59b47ca0e7d354ca9725386a0ca7dd8922
cloudhost247-node/src/config/env.ts,Administrative/internal,13056,b6f2d3d9bccc7f81094ff6c5f5ac886780abc2de31ae4c108af20bc3de4a393c
cloudhost247-node/src/control-panels/adapters/aapanel.ts,Administrative/internal,1820,dbef61a71f2770e5c0836071dba7b7d60ccbb32aecda2b32c66fc2f16fc06ff1
cloudhost247-node/src/control-panels/adapters/adminbolt.ts,Administrative/internal,2350,1e46c4d045f7ebe678f3c63b6f2843ef9c7c422d797da123b3d4753e19e50a2f
cloudhost247-node/src/control-panels/adapters/base.ts,Administrative/internal,9851,23e61bed8bc850cbd2e61375ac788697f6e0d6904bcc6f7ad3b46542f199e767
cloudhost247-node/src/control-panels/adapters/cloudpanel.ts,Cloud,1694,31caf80e20e72d34b1328609fe5d2db0e3dd970b2708f25ed9dbb81d6b6a95a1
cloudhost247-node/src/control-panels/adapters/cloudron.ts,Cloud,1778,f8e5e909b83c1367021a4f86ee2e5cc00f07616ee34435bd6defef14c8016dfa
cloudhost247-node/src/control-panels/adapters/coolify.ts,Administrative/internal,1711,1149a2ded4d6fe2f08117074718403877a917b36ea8d48502c2512ea9249d234
cloudhost247-node/src/control-panels/adapters/cosmos.ts,Administrative/internal,1830,e1de2866559506bee1407bc1abf154512ee16fdfdb7e4c73d070d202657871c9
cloudhost247-node/src/control-panels/adapters/cpanel.ts,Hosting,2452,2748f08b6a704462a2be54bd2ab5986f607550c662587fe05eb54dc2df456391
cloudhost247-node/src/control-panels/adapters/cyberpanel.ts,Administrative/internal,2192,7a408e4e38acbf03536d974371d326f10f6eb80338b9081ba1bf3dccbed21ec6
cloudhost247-node/src/control-panels/adapters/directadmin.ts,Administrative/internal,2205,f069ae5e2f1fc174de248d13250c24322707659d5e3a3af463845fe0be9261cf
cloudhost247-node/src/control-panels/adapters/dokploy.ts,Administrative/internal,1815,56a0d9f9c1749e5f16423da823b1ced6481615264343b316d3bac04a0278bb5b
cloudhost247-node/src/control-panels/adapters/easypanel.ts,Administrative/internal,1563,6869e1b35453ee1768cb5af8e116685ab63502e2e44daf2c8991b3d297101f3a
cloudhost247-node/src/control-panels/adapters/fastpanel.ts,Administrative/internal,1873,e1c3207c0995c7901f926f97e12fd21fe8d1fc5087a5c15937b1d17495373eb9
cloudhost247-node/src/control-panels/adapters/hestiacp.ts,Administrative/internal,2330,a9158892a8ec4f2ed26beaa0b775a6eb96ae4c1f0868a8b2e8a2bf3546fc8144
cloudhost247-node/src/control-panels/adapters/kusanagi.ts,Administrative/internal,1748,55f34c1f3ddb657c1f3889b01fddd49e36d94ba3d485c59ce9e93e011f17b75b
cloudhost247-node/src/control-panels/adapters/plesk.ts,Hosting,2300,1b93c47beb875f3ba540700c4f1cebc6bde67f168927563f7511252c1ca8151b
cloudhost247-node/src/control-panels/adapters/tinycp.ts,Administrative/internal,1686,ca17ea1b381fd0dfb108dfc52e62b2340dde7779c96306d40bdf292b9861c7f5
cloudhost247-node/src/control-panels/adapters/webmin.ts,Administrative/internal,1767,51fae695a6f54bac577f46cbb6bf31bf642d5aa103b330846898711edda92846
cloudhost247-node/src/control-panels/adapters/webuzo.ts,Administrative/internal,2034,38ea0641dd4af223d0c38a19ae6d5114aa8236dde8acc07192fb2dba642c2c05
cloudhost247-node/src/control-panels/registry.ts,Administrative/internal,5082,d0e917cd0d234be038d4a8215950afcf856fc008d03dbe1246cfcc941a91d5c7
cloudhost247-node/src/control-panels/types.ts,Administrative/internal,5409,3753e22a3e63b4593f525f21eaee6736697772636be014c0c8c017fb96680b84
cloudhost247-node/src/db/application-categories.ts,Applications,2562,a99455da2b34865d4830902678b8193321be7602d2a963386e32911e307c467b
cloudhost247-node/src/db/application-config.ts,Applications,4433,9d2c58ce4cc75ab5ec2d141c7e43d63434ccba6874982073a6cae03ea2e9936f
cloudhost247-node/src/db/application-installations.ts,Applications,10751,1a8426aba97e262ab1ec41f5676d5de30c65cf9a8a674dd3b29616f89ec4d160
cloudhost247-node/src/db/applications.ts,Applications,11982,c540f87edbe06745da55e0bcc4c85c8cee513dba110444337efc5e7894b09aab
cloudhost247-node/src/db/backup-jobs.ts,Server Management,4885,76e4c62446566780dd6bc630168b7d48c138c5b18381f973b8c91234d813ccfa
cloudhost247-node/src/db/billing-ledger.ts,Administrative/internal,7081,ed67e050251756d0f70c58e3414285fc2d4326a6ae8f48da663d1c192e332dce
cloudhost247-node/src/db/carts.ts,Checkout,8004,5e0c6398a721c39400e67bc61469697a0346d562c2ac623e8f9a6d24598b356e
cloudhost247-node/src/db/catalog-features.ts,Administrative/internal,2861,dd34f3662237f1061bc35665ba494a61f550129fa45cd13e886bc1b63a71c3e7
cloudhost247-node/src/db/catalog-plans.ts,Administrative/internal,3497,24f858e56465f1ffdaa8f37e9c0686c025f6119a4b40b655953d29a48690d2e4
cloudhost247-node/src/db/catalog-pricing.ts,Administrative/internal,3171,4e80a850d7677df011951ad6404d075d7c8186dbbff4ed12870778f4ffb0a9ab
cloudhost247-node/src/db/catalog-products.ts,Administrative/internal,4629,d54e50cf69a5bbb1c32529bf138a2adc99588ec97fd996bd0b28511ec3863578
cloudhost247-node/src/db/cloudflare.ts,Cloud,26758,ab4506840c06987824d8986dc1966aaaba4ff5c43270fcb550781f6b529ca733
cloudhost247-node/src/db/control-panels.ts,Administrative/internal,12127,d85b279fa3ba2aae63f0cf2a321d308fa0b49120dd2083c0c2427a7e421e60a3
cloudhost247-node/src/db/customer-domains.ts,Domains,8214,bf1215e33b6ab17ea93b3c612ec93da02d7b3935474f7313a626f53c6a36c4ed
cloudhost247-node/src/db/customer-services.ts,Administrative/internal,10972,7455482597c6251d8a3a91318f08f5ae23c2fad590162dd4bb2d1e314ed55d6d
cloudhost247-node/src/db/deployments.ts,Deployment/PaaS,14420,d75688d12fd90d171bbba243130053068acefa3c4db1244daa68c93948b09321
cloudhost247-node/src/db/dns.ts,Domains,4990,a9283ff382f74fe92995ef4e0f248cbb010908c12d20acad8069b38d39d4e170
cloudhost247-node/src/db/domain-services.ts,Domains,10959,81694df5da482dc831646d2f5d3689bef3ed92fcc75a8bed1b3cdd062755a40a
cloudhost247-node/src/db/firewall.ts,Server Management,3820,87be06818fc6c7b2783b1c5db8fde12c05cfa4fa78ddfb62d9e58533feaa5f83
cloudhost247-node/src/db/infrastructure-providers.ts,Cloud,13781,a09004fde2c727fcbf6d25967537cbce5dffab55ac0510cf5824f30f6a777ae9
cloudhost247-node/src/db/invoices.ts,Checkout,8372,d6fad13579f32d7c7cbd5315239b7b3f74c21b4662c439687270864126065ee3
cloudhost247-node/src/db/licenses.ts,Administrative/internal,5762,22c9daa0ad42e5e311b7330a33d61ed83b1dc7ed7363f69f9e5a53615f88f4d8
cloudhost247-node/src/db/operating-system-logos.ts,Operating Systems,3622,4c81f6e2a517e3b2d1c05c4a159b65d975315947e8a88d3a26ce8618eef0cfdf
cloudhost247-node/src/db/operating-systems.ts,Operating Systems,16365,00a35bc98eea2808ec257a1e149520afbee7fa84c859481e72cb1bfe0a8ab6ec
cloudhost247-node/src/db/ops-tables.ts,Administrative/internal,13531,1d844898da6a9a48eea99bb3327f608dc556a7d248a7f6a3bc48f2c2263a14c7
cloudhost247-node/src/db/orders.ts,Administrative/internal,5714,6ec3cfcf171692dbf3a6dc84299e8a74167a7b267b2a184eb8d924e9d49f6137
cloudhost247-node/src/db/payments.ts,Checkout,8439,9a00d9498fca119ea288616fcbe3ed6246ce3355ef2f77ae671c31168f12c464
cloudhost247-node/src/db/pool.ts,Administrative/internal,2097,712f94ec0707b416f162d571e46ecdd09161cf92290f2f3cfc116451c8861c24
cloudhost247-node/src/db/profile-images.ts,Administrative/internal,3387,04c3628ce14d0d330f7ef1861deeb5e16ba43dee945a8ffd7ed413b76965cfc8
cloudhost247-node/src/db/revoked-tokens.ts,Administrative/internal,849,4a39766739093f1dddecb318d677d1f3b49e77c68fbccda458612d130fd29139
cloudhost247-node/src/db/server-provisioning.ts,Administrative/internal,19238,2f397721b60a2d501411b2fcc10aef3fc2524f9abdfa6834e9640e4b46ae3af2
cloudhost247-node/src/db/servers.ts,Administrative/internal,10642,65480059f0e1f45a30de261ab88019aba52b1163bfff51ef5016086916faad71
cloudhost247-node/src/db/ssl.ts,Administrative/internal,4009,d329436240d6ceee041204da7fe122d1f0eef50e477ae79207174d92ef3cbcf0
cloudhost247-node/src/db/support-sessions.ts,Support,4232,74cb5aa87e4b28ff06aed4f1519bffa460551f99cfed7e318476cebbbaceec0a
cloudhost247-node/src/db/support-tickets.ts,Support,5535,f525b730ef115a921369cdd434554f09eec4c3459c232024ff72a8273bc0e26a
cloudhost247-node/src/db/transaction.ts,Administrative/internal,2782,75209b968de5105abf2a143d3195b088b6d4ca5c76d71b363c2eeb3c9a069811
cloudhost247-node/src/db/types.ts,Administrative/internal,835,52a608c25f651050385288f4b092b55221d4da936c4112f5e5f813998c391e1a
cloudhost247-node/src/db/users.ts,Administrative/internal,14060,d0af8131904f4a034b877c571a5b47cc05689c158a622af12b970e856cdc615a
cloudhost247-node/src/db/webhook-events.ts,Administrative/internal,4085,3df2ee9c45986f70fd76c28184f16b066f76a0fff2dc319e7159f970fee369ff
cloudhost247-node/src/deployments/adapters/cpanel-adapter.ts,Deployment/PaaS,23104,ab800ca27a6ec5705e255546c92d314417c74ba9b5a1725fc4a09c9a3f20bfb6
cloudhost247-node/src/deployments/adapters/cpanel-client.ts,Deployment/PaaS,11443,e0386ea70159fc99dbbf1e4f2ece74776a1ae5463985ddfd6d85ce60dfbfed4f
cloudhost247-node/src/deployments/adapters/docker-adapter.ts,Deployment/PaaS,12535,da6e2f3b7268346f941d5be189d8d7bbffadce491d8dfcdd0ae8091aecacc9db
cloudhost247-node/src/deployments/adapters/kubernetes-adapter.ts,Deployment/PaaS,28130,47d37f1fe7876919434ceeeb602f667c15bd9fa46d06e6e2c73fab3ebe60804a
cloudhost247-node/src/deployments/adapters/types.ts,Deployment/PaaS,6914,53c5b3b95c1f654a5377a4ef1e5d5351db046e92820e92faad4aa27cc9f31b20
cloudhost247-node/src/deployments/agent-client.ts,Deployment/PaaS,7636,7fcca8b7fb369cc242551578088bd984e039041899549680578a68ae0fa1bd24
cloudhost247-node/src/deployments/agent-protocol.ts,Deployment/PaaS,6418,f72e471d913bbe03d50edef7498835043ab240ff14294a77d8e12a2f2fd9a302
cloudhost247-node/src/deployments/compose-generator.ts,Deployment/PaaS,8856,2d7b9b470ce05975adc39a449c0b7c5be9becf9b8420afa15c3afbd1d2565b1e
cloudhost247-node/src/deployments/engine.ts,Deployment/PaaS,53486,cf57b2f92ab1dde69813497d3263367a0ffa7c81a32c60e8cc57116160921b3a
cloudhost247-node/src/dns/propagation.ts,Domains,8729,605091b5614ab6a23cf6134afabe1f7c8da8ecdcaddddec176f066479bb67640
cloudhost247-node/src/dns/providers.ts,Domains,18682,70fe89c968acfd4a2ba7429f2e2a0f879af6ce68442334abeca04ec5dfedf184
cloudhost247-node/src/dns/types.ts,Domains,2284,4d9f00bfb271bbc171672a6e96d8e9cb8fba68d3f38c362475dd66dcf0046388
cloudhost247-node/src/domain-brokerage/provider.ts,Domains,1269,2ffb79aa45228f1ee6013d7a960dd160d2f2a0d5010b64d2066cd5881ffe3be6
cloudhost247-node/src/domain-services/appraisal-service.ts,Domains,13705,d87a811c552aa7a6fa5bc7d8a82fb5ad988cf006d9b021c879437933661f90b8
cloudhost247-node/src/domain-services/auction-service.ts,Domains,29275,89795265c50b347d8782eea414ce4032494ebe50734d00d60b4513e23a24405b
cloudhost247-node/src/domain-services/availability-watch-service.ts,Domains,9003,673a40f406f189ca11427829d2b5881d61296c1f0d82a8f8b4b71414b64872ef
cloudhost247-node/src/domain-services/club-service.ts,Domains,20539,7ab1f7b3148d7355ef1a470357f60887ba06c5820afceb76f57fffc2b6e2dd6a
cloudhost247-node/src/domain-services/config.ts,Domains,1765,439b64b7f526165660b777760f9becf226b024726120f105f09f1b2e431067c2
cloudhost247-node/src/domain-services/domain-name.ts,Domains,5128,fd397f37d905ada50d0b7c79712ac958693e8088a28817a3a8106bf974b015ff
cloudhost247-node/src/domain-services/extensions-service.ts,Domains,9912,05bdc99da792f5591ab086e6222aedaa2cae60307fe9aa487c99ee69e968e7d9
cloudhost247-node/src/domain-services/provider-service.ts,Domains,5092,14db5a3819d4bf57ae668a19939ff0613667ab31a68b4da03643b6df8944be29
cloudhost247-node/src/domain-services/providers/godaddy-adapter.ts,Domains,15223,fd18987f780ccb6ffbf0147a403d6843a5f38a80aba90a6d2d8afa992141efdf
cloudhost247-node/src/domain-services/providers/govalue-appraisal-adapter.ts,Domains,7034,d3a869a5486b0874210dbf7e0da8ea4ea7c73e2e6fb6702258fd9ad9176530bf
cloudhost247-node/src/domain-services/providers/namecheap-adapter.ts,Domains,15999,2229b3db11fc2e888c9929340fcc78006de20e9f930ae573f0fb1a877118b931
cloudhost247-node/src/domain-services/providers/provider-http.ts,Domains,3872,e7aea50caa4e0ad425215f95a763390b12bce68dfe0e336b99f6af23a8e1b01f
cloudhost247-node/src/domain-services/providers/rdap-adapter.ts,Domains,12526,eca70629034c54798b404294c89e7576066e8b8e48d6cb5ab539819188a2cf6a
cloudhost247-node/src/domain-services/providers/register-builtins.ts,Authentication,1296,5e9335ce8d4c528f1bb6ea87fc64fe2fd3a97bf08e9b9292856d04fdbc931787
cloudhost247-node/src/domain-services/providers/registry.ts,Domains,1927,4b3cbab9d507fd08df3b4882c5aa6c4202efdd634ae71ed911c3ab68eb5fc3ba
cloudhost247-node/src/domain-services/providers/types.ts,Domains,7522,7fdd4a6cf9318dfecaffff9e45a1d8d62db7c21cad1f7ff0cb7bc742d4403afc
cloudhost247-node/src/domain-services/providers/xml.ts,Domains,7722,87c1810105caf84bc64124f611799aefa3629b3a6c3e4fe4fce7b313e80e552d
cloudhost247-node/src/domain-services/registration-service.ts,Domains,26210,a036ca090f6cc418d628b60a418cfb4d90d835926f93b268c229f0d12406a718
cloudhost247-node/src/domain-services/search-service.ts,Domains,18120,32574aa507ae086eb03f32a7ad91ad0661237d29ff52916f4d1dad30e88895be
cloudhost247-node/src/domain-services/transactions.ts,Domains,3798,2c0f8966d0e83bc2e740126f52c14292548f564dec5c0d33936fc20ef6dfde69
cloudhost247-node/src/domain-services/transfer-service.ts,Domains,24590,437a3441b0f8ec361341874f5402f98fc0420e3a9e1ed8958f522fe8e9ea80dd
cloudhost247-node/src/domain-services/whois-service.ts,Domains,5951,dba9e8f824b50a41d65aa5c78aee0ef981c9c1733494a11c3240e68e0cbec0ea
cloudhost247-node/src/dto/account.ts,Client Area,9003,e12cb79f6281021c3ffc46d93c6465cabf2a0a77127ab6b4fa61cef729d6c5bb
cloudhost247-node/src/dto/billing.ts,Administrative/internal,3894,72673ee396fde218b5c3f67d10099c602a21147d6572798a21e5e3d0cd73f6bc
cloudhost247-node/src/dto/catalog.ts,Administrative/internal,6837,2381686e2ed956f734a46f845964850633fd7aa839ee9c0b8df96d48ed89a7c4
cloudhost247-node/src/dto/commerce.ts,Administrative/internal,3945,9f4ccc4549513bd326c281a094ca6af6f8c9d743b2c250ff8bb1fb834130064a
cloudhost247-node/src/dto/marketplace.ts,Administrative/internal,5830,979b5af5e21f2656d02d1d8e2ad29c93e27a78c8763501ff3e7cfe60e566eeb0
cloudhost247-node/src/dto/payments.ts,Checkout,1734,9e683662aa3ec23420d0e9a2b2652dfd24aecf44e62aacea3dd0c401a057d307
cloudhost247-node/src/infrastructure/providers/aws-adapter.ts,Cloud,27937,4433576184f7728b36abdf6743fa2391c12377469691e47c83a083bf616407f3
cloudhost247-node/src/infrastructure/providers/aws-replacement.ts,Cloud,5988,3b389749a5feeafeeb7fc275ba51899e5ffb5c80164bada8c09a8dfa13b8dbbb
cloudhost247-node/src/infrastructure/providers/aws-serial-console.ts,Cloud,3884,279a982f60ab54c74f22c9fa1cde0bfd1f3a92e1c605268c3d1622ed334390bb
cloudhost247-node/src/infrastructure/providers/common.ts,Cloud,6002,8e0b62677043faabff36042aa477713985e480ade17e078001c8d8766df538e7
cloudhost247-node/src/infrastructure/providers/configuration.ts,Cloud,24609,7102b017e4350bbefad0ad9f3f92e39461aa86b2a8849f6d027fcb8c3d927b9d
cloudhost247-node/src/infrastructure/providers/contabo-adapter.ts,Cloud,22137,4762bf8cd54711a90f9db21d202e64641d4ccf03a6b5084ae314ecca7bcfaf47
cloudhost247-node/src/infrastructure/providers/digitalocean-adapter.ts,Cloud,19737,7090ef8f27a7c98ead05ac803b72293a0b024eecc28102d8be1cc731d710d015
cloudhost247-node/src/infrastructure/providers/error-mapping.ts,Cloud,2595,f3f81dd987e9656e6414ae8a16091d0f263b86a9e5746574bccf9dcb8bd219de
cloudhost247-node/src/infrastructure/providers/generic-http-adapter.ts,Cloud,9000,5312c623fa95196407be6390af2492eebc356f6c138ff7047adc895280ba3223
cloudhost247-node/src/infrastructure/providers/hetzner-adapter.ts,Cloud,13520,418fc08c524b45d2ef67fdf9a33f89e4385a2024fce66ab306e6f4ea124bbc1d
cloudhost247-node/src/infrastructure/providers/http.ts,Cloud,2642,a177a94d75ea2030f017ea2f4e77b256696f9a71856018c01be7063e296c64c4
cloudhost247-node/src/infrastructure/providers/mock-adapter.ts,Cloud,9688,674d094fcae9bdf2ce0f85dc289a1a4e24072efed2f8c2f75c63c40678786521
cloudhost247-node/src/infrastructure/providers/openstack-adapter.ts,Cloud,15103,138f3c8083254ac456817db69e75a83c4e40ad16070abac6e90affd7c4b71884
cloudhost247-node/src/infrastructure/providers/openstack-client.ts,Cloud,6051,108c59803d69f5853990f69b634c32b098e1756b96826ee943106161b96bc650
cloudhost247-node/src/infrastructure/providers/ovh-adapter.ts,Cloud,14058,defe044e56f7d9dcff588388ad486b2d4c56ec8f434651805eb044703427ad6b
cloudhost247-node/src/infrastructure/providers/ovh-client.ts,Cloud,3428,ec271d6f18b77a506b8d74933f88c5f5f8f621590dac66503cd01c7a10404bd1
cloudhost247-node/src/infrastructure/providers/proxmox-adapter.ts,Cloud,21886,29dba8977aef023f89b3a31dcf32d77481f8cfdc10de678fdcb5a134587c8a8f
cloudhost247-node/src/infrastructure/providers/proxmox-client.ts,Cloud,3993,26e7d597345e0b46e51d97601256f4191df57e97baf5989e6ebd88d47a265e24
cloudhost247-node/src/infrastructure/providers/registry.ts,Cloud,6528,54cba9d0e64e5fd2d9cc049186d3e5fcbc821a90458fa236afe73d77355fd44c
cloudhost247-node/src/infrastructure/providers/sanitize-provider-response.ts,Cloud,2243,f30e4039c80287b0440de0e11d3244296ac0222bc76dbf29ca6ac93075c11699
cloudhost247-node/src/infrastructure/providers/solusvm-adapter.ts,Cloud,15863,550371ed07c195c177b2b552edd8b3db8d4366eaec44ac03f6ca2a5e0552acdd
cloudhost247-node/src/infrastructure/providers/types.ts,Cloud,5491,2e8c7a4461fa5f685102ef80f944ae6441c250951505e160d26f1c218d4cbd1d
cloudhost247-node/src/infrastructure/providers/virtualizor-adapter.ts,Cloud,15008,463e45f07b3840cac2fd49f50c962f13b6a5252fcf03985c8bcbfcf8df7ea18a
cloudhost247-node/src/infrastructure/providers/vultr-adapter.ts,Cloud,17894,105a4bbf06a12328e9f18aa425a0ccead92be354b587ea7c0b0d817021ba2908
cloudhost247-node/src/infrastructure/services/health-checker.ts,Cloud,5345,94c763c4f23aac3e0e756cfbe7e4d23e281632d8de4af0996d53b7ea2ad84e2b
cloudhost247-node/src/infrastructure/services/image-resolver.ts,Cloud,4877,1bd00c14029056aca3fccb2ba4e298242adb65ad694821bb8a11506da417c648
cloudhost247-node/src/infrastructure/services/server-configurator.ts,Cloud,3845,e6875ac2c289fc71a3c3340c4f47393fafa68cba01fc7c2637ca0afa6108d16c
cloudhost247-node/src/infrastructure/services/server-provisioner.ts,Cloud,25012,f695c05b23da9bd60fde74ff77d2d6e7fd7b7089dc44ad787a13d2ac88369f49
cloudhost247-node/src/integrations/cloudflare/analytics.ts,Cloud,3966,ea9813d79b43139c5525560505755a813eb9b50f21580753da4958116b9b46ae
cloudhost247-node/src/integrations/cloudflare/client.ts,Cloud,6288,4fff0dec4a0b3cfea4082bb5ec32f8ece39eae2f909f91e1b6d0a3ab659f1c5d
cloudhost247-node/src/integrations/cloudflare/config.ts,Cloud,6285,33d3f5b6ec6767e443dd9b5e6b5f7e87831db01d2c966b1683018849f11946ef
cloudhost247-node/src/integrations/cloudflare/dns.ts,Domains,2991,d8108b685f66d6eaa5328c39a6410c357ab81c493d1214fbdf7a30505600ddc9
cloudhost247-node/src/integrations/cloudflare/errors.ts,Cloud,4659,d8b0265026252ea832a834adb1901e762c318a757f3daa42c57af0712ae8d418
cloudhost247-node/src/integrations/cloudflare/features.ts,Cloud,6123,14e9c91239c0de2fcbd55dc856a86d71d29d7b9ddb41b547925db3123d1a70c0
cloudhost247-node/src/integrations/cloudflare/index.ts,Cloud,306,98b42b9f3bafeead4461c5da56d6572446cb964b3e25f2aa0aec9e0d1ac71e7b
cloudhost247-node/src/integrations/cloudflare/sync.ts,Cloud,3040,14bb22eb6d30ffa2cac23d52617298bd57f3f15eb8ee58c67494eef4addaaf2c
cloudhost247-node/src/integrations/cloudflare/types.ts,Cloud,3987,62212481535971ce0997b3e4143fe0e794ab97a0a4ae0be88026ab1472bce741
cloudhost247-node/src/integrations/cloudflare/zones.ts,Cloud,2318,295811524ef5a4be276e7e980d492938a7067f82581cc9afbd38d264249a4052
cloudhost247-node/src/lib/audit.ts,Administrative/internal,2961,203219689c7abe4fbd3eacb8429383cfcd9a3377f27f128a8b3e7a6fc495cf42
cloudhost247-node/src/lib/crypto.ts,Administrative/internal,6498,18f80953ea57e40fdea9a61c940882724c45545573b6c6011005fe117b768237
cloudhost247-node/src/lib/errors.ts,Administrative/internal,1267,cab9e4fde6e38e43024497c90c1d41e62b17c3d5a6fafb3176d81e089a836a8f
cloudhost247-node/src/lib/image-upload.ts,Administrative/internal,4883,65ea4cb97a8b4373db406a546a7ea599e14b0c12cb8345b5dabf520d7dacf2cb
cloudhost247-node/src/lib/jwt.ts,Administrative/internal,2259,7b2097e85a54e34712110a6ab94cd5849212ff95ef26d8b291210fbb82af1737
cloudhost247-node/src/lib/keyring.ts,Administrative/internal,1144,a494b02ff85ef049f46e214b88937017da957dd59fba4b66e6ec39437b8c3bfd
cloudhost247-node/src/lib/logger.ts,Administrative/internal,1362,0d8865dedca9aba1b3c5f47e3c4c504ff3913968daa161c1688d1505db06cf49
cloudhost247-node/src/lib/money.ts,Administrative/internal,5717,b14c6c809b4ba2bb8c1cdba1147452c662cdc9a9bff90affe4172b45d0a1e90a
cloudhost247-node/src/lib/password.ts,Administrative/internal,707,02a6f5210023af4e38c943df9ae1be12cb7e6065b40d5e7d1a8ca4de1fa293d8
cloudhost247-node/src/lib/require-auth.ts,Administrative/internal,7503,4798b111a6478e40d44fd995d7df60fc4daec61c5475ac3daadc1b6d7e5b3e0c
cloudhost247-node/src/lib/require-role.ts,Administrative/internal,2104,2c0d196e01aebd49777081fdfd9590a3bde484d7cae15debfa8a147c6eee6995
cloudhost247-node/src/lib/support-mode.ts,Administrative/internal,2435,cefbbe88100e5f6d014822387055cb32a008c46fa37d8e4dcb725316e2b75a67
cloudhost247-node/src/marketplace/categories.ts,Administrative/internal,3499,ce4f4898a3936de18025e8b4bb7e848247735bc50383071de57ee0cffaeb3f3a
cloudhost247-node/src/marketplace/import-service.ts,Administrative/internal,6963,d16ac205ee73a5c340c098ce13b5b64d7ebb38b84a083730e8ec395389d36322
cloudhost247-node/src/marketplace/manifest-loader.ts,Administrative/internal,3745,38171490ba29cda7fe5e66472db618c42365fe46e6c344f4bf9fd11ec8a45052
cloudhost247-node/src/marketplace/manifest-schema.ts,Administrative/internal,11016,b451085ea10e3697f3301ca982dc0d92a4dd5398a6ed5d36ca37939d2ebf4189
cloudhost247-node/src/payments/gateway-registry.ts,Checkout,1726,4e9e26ca2af9059a1c210e6d3c6f60bc2b28b014f2a77068321f1492420ab23f
cloudhost247-node/src/payments/manual-gateway.ts,Checkout,1530,f18f342a2a4d57f5f360148354b9076ec250b74e12946ca87a4beae5b7ccf2c2
cloudhost247-node/src/payments/paypal-gateway.ts,Checkout,10737,43c976179b3742260c66666e219fc2e9147e784b69d182335de48f6d711f9996
cloudhost247-node/src/payments/paystack-gateway.ts,Checkout,2986,6f0653139219b4f3403402a68bb895bf3dc69da405efa2eb4d6bcf50318c7d6d
cloudhost247-node/src/payments/sandbox-gateway.ts,Checkout,4990,95282edda1674712dc5a0dac33a7baee82a783cf2882a02eb5301f8727014ee2
cloudhost247-node/src/payments/stripe-gateway.ts,Checkout,3949,b2fad37e5ce8cdb6a57bbb0363845f83cf69ddc32a3b41970f4b3dba4d88fdde
cloudhost247-node/src/payments/types.ts,Checkout,2164,cd9f7674f4b9b317bcf7dd5c195220f7f4066ff0995b9644df4d2f021435383a
cloudhost247-node/src/payments/webhook-signing.ts,Checkout,2104,089363bc002322400f8cdb25663c6a5d4ceb41c746842438c3b09886c88306ce
cloudhost247-node/src/plugins/security.ts,Administrative/internal,1371,669138d508036119865fb2002e953514a030dcb5dbff38bbbde9084eb5445b4c
cloudhost247-node/src/revenue-guardian/controllers/routes.ts,Administrative/internal,42520,1160314b9b49f38a8449a324d8f0871cbf0890bf9b16aafc7df1c06a4c6ba1ee
cloudhost247-node/src/revenue-guardian/jobs/definitions.ts,Administrative/internal,18599,d11437c4d2f1fd57b14eeb194a55f488198b864c248e226ee70e959976d39c50
cloudhost247-node/src/revenue-guardian/jobs/runner.ts,Administrative/internal,2855,b174bb99adc9b36fc3195896e428ec7997b40e14f360f51fbc914d41f0ded186
cloudhost247-node/src/revenue-guardian/jobs/scheduler.ts,Administrative/internal,1772,0537424e57abb2bcc346dc338020c3615cc0ea6efddde9b70b7d7010a2947da1
cloudhost247-node/src/revenue-guardian/notifications/email.ts,Email,8575,c6ed51069e588fd853f44af3146d0e976ad9e8a7f0e1a269843885c22d775f26
cloudhost247-node/src/revenue-guardian/notifications/whatsapp.ts,Administrative/internal,7849,69c0c6a07597c0cfbcc55b8b4b186f8890b491abe79a3dbcaa96a3608cefa564
cloudhost247-node/src/revenue-guardian/permissions.ts,Administrative/internal,3663,688b74d478fd79b50337e61d293d3309dc3e344fe698337b63f27353e7428365
cloudhost247-node/src/revenue-guardian/reports/report-service.ts,Administrative/internal,9098,23d6964ba5970ecca49c6261e0724260694e9e1e714a8adde56f2612f6e7249b
cloudhost247-node/src/revenue-guardian/repositories/assignments-repo.ts,Administrative/internal,4591,576720d3de3657980ccde9bd3699f5a479efa974c21bbe2a6b12fb02fb2c093c
cloudhost247-node/src/revenue-guardian/repositories/automation-repo.ts,Administrative/internal,17548,1f32851e7918a80efcb22206e705e001d0fd88e660022456d1ac6a8942ec015b
cloudhost247-node/src/revenue-guardian/repositories/billing-facts.ts,Administrative/internal,9721,d764a7ec35d0b23a438975c6786aaf37078a61bb7707e579d6739d2b889f11a1
cloudhost247-node/src/revenue-guardian/repositories/cases-repo.ts,Administrative/internal,10688,15cb46a45845ab1216e3b42d0f3c5e1c7c2ea29cbee6cf2813de6ee902d5bf3d
cloudhost247-node/src/revenue-guardian/repositories/customer-profile-repo.ts,Administrative/internal,8163,5a7c6e54c6131c81126b5ad6967351e7e43c72cdec9b7547b137fbc73920088d
cloudhost247-node/src/revenue-guardian/repositories/follow-ups-repo.ts,Administrative/internal,6687,bebb3c63e80e058bbdde9698a06ec4321c16b13e87e64ea3819611064a69b4e8
cloudhost247-node/src/revenue-guardian/repositories/insights-repo.ts,Administrative/internal,40563,1641cb608c0087d545d2b8772aeb05ea66549a47219b13c36a390cd954e0d277
cloudhost247-node/src/revenue-guardian/repositories/promises-repo.ts,Administrative/internal,6653,41c480bbebc4ee37eaee71cfa3966d3965fab21de2367f18af69ebf3a9d846c7
cloudhost247-node/src/revenue-guardian/rules/escalation.ts,Administrative/internal,1096,1e67925335ebced1d469d9f37a4cbfd559093d170f118911d95f7ae330c6669e
cloudhost247-node/src/revenue-guardian/rules/risk.ts,Administrative/internal,4122,d070a909764a48d808f6320e3afcbca6ebcf6cf6072cede28dc365ee3cdb746e
cloudhost247-node/src/revenue-guardian/rules/rule-schemas.ts,Administrative/internal,4346,f7c7f8266c969328ed5ce0f46bf45108fb57be03c658ba0fd61ceb5b01b1a95f
cloudhost247-node/src/revenue-guardian/rules/transitions.ts,Administrative/internal,2663,0032e2a73f330bd5c455c1558de47745628e85ac687220c87041ffd5b0139367
cloudhost247-node/src/revenue-guardian/services/assignment-service.ts,Administrative/internal,7477,bddd81eab19ed5ec0c289948ad13d8d58745d7c87a9a3a7af46142dbd483a7c3
cloudhost247-node/src/revenue-guardian/services/case-service.ts,Administrative/internal,14616,dd79f39aa8852a07d20d381ab969a43c7bc4498471786dce22a67cd6897c5950
cloudhost247-node/src/revenue-guardian/services/follow-up-service.ts,Administrative/internal,4069,1e1abb056cd6c36dee60d721e677397b22ba63b9f20cd9d1a75969e92b0be577
cloudhost247-node/src/revenue-guardian/services/health-service.ts,Administrative/internal,3841,14fa76f04766e48e76a6c411e7c6e1920dfa1ae43d41b0fbfba871b1c79007af
cloudhost247-node/src/revenue-guardian/services/promise-service.ts,Administrative/internal,7188,1a7aa5a9b6b917b329bfb6dc71d645b2be859aa653167c2d4af6bcc24a38f8e5
cloudhost247-node/src/revenue-guardian/types/index.ts,Administrative/internal,6199,a30877d6dfebdb4933f3f775b45b2cd6792e916acbb14387ae4a68b36d4cbbd9
cloudhost247-node/src/revenue-guardian/utils/dates.ts,Administrative/internal,553,506877b5db7680b8929ba541cfe51955f76bcaa98845b5bda8c1f9514f914d43
cloudhost247-node/src/revenue-guardian/utils/settings.ts,Administrative/internal,4474,83eca4c8a730b4c25a27f5ec6988478e7b455647f5a055ea098a31336adeb4ab
cloudhost247-node/src/routes/account-identity.ts,Client Area,15526,ca3083625b0505df74f1606a8d666f308fbe54168f6278874797983acbec23a7
cloudhost247-node/src/routes/account.ts,Client Area,9105,0a893b55be5e7b5d624176d1273b392166885ee846970ed31949c2012e296797
cloudhost247-node/src/routes/admin-billing.ts,Administrative/internal,5771,53bb30a066662804fb8b22cec296626fc16ab98c83b7cd44605f400723ff11c4
cloudhost247-node/src/routes/admin-cloudflare.ts,Cloud,16234,462f550b6a40cdf7e5e4266200c888ff10d2fe075a9516aa9958f514cd24243d
cloudhost247-node/src/routes/admin-customers.ts,Administrative/internal,14792,bb2b5aa6568952678af38613f85b97fe989fa78e029ffa79e7e3712f0fc06c91
cloudhost247-node/src/routes/admin-domain-services.ts,Domains,27083,e8b858bd3887b678b10aad2b1507cb205522614164f1d1600989849221c7daf1
cloudhost247-node/src/routes/admin-platform.ts,Administrative/internal,15294,f491fac70e1cfd39157ef7b6b05312b45d74e77e650e1075db80e7fedcd14616
cloudhost247-node/src/routes/admin-tools.ts,Developer,19945,fe364458058e35375b2dec8e67fc124d5952b3a765863d25075ced9c800ba2ee
cloudhost247-node/src/routes/admin-users.ts,Administrative/internal,21533,9408ccf2003cb4ecc31d6641ce7b198d97fb2bc19c411be663dd1375850c43e0
cloudhost247-node/src/routes/agent.ts,Administrative/internal,7289,ad654f928f4fed9fab151bf44663981da57932ba0cc566a888b14f1de8f39f14
cloudhost247-node/src/routes/ai-support.ts,Support,28035,f92f9c50b28ed3419b6c6e200ebc07882c5bba8156bcf4fc371190cf20156b06
cloudhost247-node/src/routes/app-installations.ts,Administrative/internal,14925,1204eb1c28c20c291c3babf392cbe9a668f0d3c5661f24ad67d35e14f76e71b0
cloudhost247-node/src/routes/audit.ts,Administrative/internal,3185,9c696c55e5c80aaf25310f7d6218d13963c412d9ab9df88e054d4c9715305c69
cloudhost247-node/src/routes/auth.ts,Authentication,28196,2e2012eb5cfed39836b874b75d9d66940e48857e54b9a547b313f402cecbf45f
cloudhost247-node/src/routes/billing.ts,Administrative/internal,2503,0f0a110248199b919c9afaad29dc5bf1712d0cc92eb51c506897c3993aa73ad3
cloudhost247-node/src/routes/catalog-admin.ts,Administrative/internal,12850,0583defc414848ce4e0a8341d4bd72517c171e67153ef246e1d99e793d83bb46
cloudhost247-node/src/routes/catalog-public.ts,Administrative/internal,2776,fc34fa4616d1f8a1e84f6b57550e54a08a63b6c945af4a7e654e4fe480fb034b
cloudhost247-node/src/routes/cloudflare.ts,Cloud,30468,9d31c4164dfb2c1ad1f350fca2f592facfee20bf3b6a80c44bc3df6f1ef3b11c
cloudhost247-node/src/routes/commerce.ts,Administrative/internal,4647,f23547642d9063a87cdca638e8bd96d149d11bad4e4248897257541ce4704a41
cloudhost247-node/src/routes/control-panels.ts,Administrative/internal,14064,dbdb900a9c7820a3b70f34f9a6829d591f0efa0c1a2fa3c69782986b43392f70
cloudhost247-node/src/routes/deployments.ts,Deployment/PaaS,9709,44d72ef46fd8bc9188c3857b85c476efc5f916041992dcfb10c1179c23e6f1c0
cloudhost247-node/src/routes/dns.ts,Domains,13102,55aa278c3e3d8ac0c621ed63401fd764476e7bd13c5cb3e9a526a77e61b66026
cloudhost247-node/src/routes/domain-brokerage.ts,Domains,29342,39afb7a030c47b528692d1ec6e2631ddb327be7769ac3a0e1d84e6ad12a5c820
cloudhost247-node/src/routes/domain-services.ts,Domains,23940,e7e29b4379c6d964ce62966529877a3136d16948dbd19b664f79e7574fcd3dca
cloudhost247-node/src/routes/domains.ts,Domains,7969,128cf335f0b9ff80c31319b4ec7fb47f41c177d26b62d8725b396468e4322085
cloudhost247-node/src/routes/firewall.ts,Server Management,2417,4f1dade05af1f3280e8f01e81044ed51aa66d30f164d4c6bc9f98cdc5e49ce2e
cloudhost247-node/src/routes/health.ts,Administrative/internal,997,82904ee999a17c68232604e5847bccb6db1a3bcdeed8364dec556c3554ca89fe
cloudhost247-node/src/routes/infrastructure.ts,Cloud,60563,5a98e3d37b8601bdae64c87895f7a16aa4b77e9363e98de5a082bcd2619693d0
cloudhost247-node/src/routes/licenses.ts,Administrative/internal,7145,e8e0c07936ce0c9a9407072f7c4892fdc6368ef9c36a81557f5400a3753bf8cc
cloudhost247-node/src/routes/marketplace-admin.ts,Administrative/internal,16461,fd08578bf17fa2c0e29cbece49ca9617cb30c7b4bcd06e270e9706bef496e821
cloudhost247-node/src/routes/marketplace.ts,Administrative/internal,2749,57ef090e5c51bb7190f77defcb95fb81e420d5809be81977e629c92361e9b905
cloudhost247-node/src/routes/monitoring.ts,Server Management,7866,9715d138db0c139a53c119ffa65f84fa3c73adaa855515b254301328d37a1045
cloudhost247-node/src/routes/mrz-tools.ts,Developer,25740,9f4dce3143fb9f1efcfb0d5918086e5c76c2ab33338ed921522b163782f207ed
cloudhost247-node/src/routes/payments.ts,Checkout,2820,176905fa34e1d270a90af0dcb6808137692cd606b80d53383535447559066805
cloudhost247-node/src/routes/provisioning.ts,Administrative/internal,4983,7fe7c6715680b51c84feb7f8481a5e995a3d24b96acb9d6255b8044e56207bf4
cloudhost247-node/src/routes/servers.ts,Administrative/internal,44705,abab568ce92a8c5ffbb0237ad42190c157d9c99d8e8faa990e40d26cacb9b31f
cloudhost247-node/src/routes/services.ts,Administrative/internal,11195,995a9d2b127d8b0ecc4870d566f3fec76725ace32947a3f090ab5a78ceb510fc
cloudhost247-node/src/routes/ssl.ts,Administrative/internal,5965,e74df946b59e2980c5046932e286dc9b7dedb4cf6d856c41fff2919eb2492c95
cloudhost247-node/src/routes/webhooks.ts,Administrative/internal,1730,014c714e84dd809d6ad503125fb652489f7af3e6f7e0174fa0e4d3536088d124
cloudhost247-node/src/server.ts,Administrative/internal,1863,fe75d3596ddc135c6f3b8d772573251a119138e9dd40fe75e321b30646f367b7
cloudhost247-node/src/services/ai-support-operator.ts,Support,10112,4f1213efcc89003de8aa200a112bcad1ca67d398f8072b8111df490695ee2c72
cloudhost247-node/src/services/auth-recovery-service.ts,Authentication,15973,a1682cd27f002014843db9c91a5805f7dae5425a02e647dad5c801bbf5de6467
cloudhost247-node/src/services/billing-service.ts,Administrative/internal,10337,d5a99b86437c493960f9890043ea75f18a93a800675b8529a97491552764b0d3
cloudhost247-node/src/services/catalog-service.ts,Administrative/internal,2987,784ea712e558e1f018fa71aa58b4e3b54b206eb2735293ac2d0e665795b04137
cloudhost247-node/src/services/cloudflare-service.ts,Cloud,26695,a6ad57cc00df4959e80a028f0e40698fff0f9d3d10de71f71701fba0db43422c
cloudhost247-node/src/services/commerce-service.ts,Administrative/internal,10585,f60ed2d4b3b325879565cc5c5d37fd663ef68c79fb4f86b82eab4d67cb17c21e
cloudhost247-node/src/services/customer-identity-service.ts,Administrative/internal,5271,4eaa21cd9b8b1bafd04fac11154919575c5117f0358c415986ed6af8f12f8e50
cloudhost247-node/src/services/infrastructure-reconciliation-service.ts,Cloud,10616,606677f890328f71d9e730d51ad08d8b25e91f2ebda799ae69a68577af59bd5f
cloudhost247-node/src/services/installation-service.ts,Administrative/internal,17257,444d5e6a6fa4e2bc51d2fc3397577bea0c7f9e744dd07f0bbad7bc0b24afb60e
cloudhost247-node/src/services/instance-operations.ts,Administrative/internal,2619,01bcc8b39fbce1a887a5e6fd5b931454aa8817bb9ac49882dba84a6a134851cd
cloudhost247-node/src/services/marketplace-service.ts,Administrative/internal,4841,944e95564aeba9125f1f0cace391d9179492253b6315a6c16999b6dece464245
cloudhost247-node/src/services/notification-outbox-service.ts,Administrative/internal,8932,76a4a49ce49bd55b77896ac2dfa07ccaa92b4ab4630fbd053681b5f5f7cae11d
cloudhost247-node/src/services/notification-service.ts,Administrative/internal,5273,bbabee5548062a014c6ff0947bf12cab3930aab307eaca131f0b54771f77dfb2
cloudhost247-node/src/services/os-image-revalidation-service.ts,Operating Systems,8280,11c58541135ca285aecd8e593ad29c09de0118de80ce0898059d357891ed1702
cloudhost247-node/src/services/os-lifecycle-service.ts,Administrative/internal,6852,79dba31f7cbaccfa7443e7770325b62c0acb612f2534bb0697c5071c9c5f9109
cloudhost247-node/src/services/passkey-authentication-service.ts,Authentication,3291,6afb5b04ae68724e9bafed211d08ad527578d0947f4830c99112092bd06d39c1
cloudhost247-node/src/services/passkey-service.ts,Authentication,5538,a1e2d38ee7dcca4ffcaba447ae94975f68fc57f8a45dd5a43c7f85ef9141ef2e
cloudhost247-node/src/services/payment-service.ts,Checkout,9757,24f043be2e50fae41dc560f1dca17b9d284ecc025ed8296d53ec920809882877
cloudhost247-node/src/services/provisioning-service.ts,Administrative/internal,16391,cd5e272bf012bf8425a5ca6d88216f44d852a0aba7fb1c9471addf3faf618240
cloudhost247-node/src/services/reconciliation-service.ts,Administrative/internal,8541,ca58a22e96853453bb8a515f752f264c532a793bd286a80e7b4a7ebbe8aef182
cloudhost247-node/src/services/security-number-service.ts,Administrative/internal,11134,46e0c0677ad285033ee22b7b724641bd489809f96ecc8e8d59698b562742d64a
cloudhost247-node/src/services/server-order-service.ts,Administrative/internal,8586,e6bf3325c934f8ec28ce29752877c90c31194ee084e77f04fa44adab266c3a3e
cloudhost247-node/src/services/server-resize-order-service.ts,Administrative/internal,15080,85437ea8d1f9b8c37519ee0320604febc567fb93cf081c54421c371206278bac
cloudhost247-node/src/services/server-termination-service.ts,Administrative/internal,11660,530f8956639e3f30a0dd3da5195d7ffbaf0c33094135b420e2ff1c4683d17f50
cloudhost247-node/src/services/totp-mfa-service.ts,Administrative/internal,12663,364ef3ecd6e0210a6a275ef5719d47e36d6cbbfc284598e85c357be0100c9f53
cloudhost247-node/src/services/webhook-service.ts,Administrative/internal,10670,444597c51dbab596ac3371fd85b198070543fa7ce9cda0649f1ea9a134df5eb3
cloudhost247-node/src/tools/catalog.ts,Developer,55966,44212dff517c714ce666b52c88ca14717a3cab4abd6beb53da55d2ffce747f0f
cloudhost247-node/src/tools/core/cache.ts,Developer,3568,5c6631a64c93403258aefabfa0fcdbe4206d96c3e6fda659192b4969c4ede557
cloudhost247-node/src/tools/core/capabilities.ts,Developer,7497,9bf85c0de03913d07f8b57b71d8def2fd133f3c943815edc4d99ab41437facd4
cloudhost247-node/src/tools/core/dns-client.ts,Domains,10166,e7c26a530f059dd9cf29fb774fb75e355588f07536da3f43feea08d50f04c37b
cloudhost247-node/src/tools/core/dns-wire.ts,Domains,17872,b2df444e26f43dd1b4bcb62474d8de505d0b6c2da5992de71ceae8f0a06b9901
cloudhost247-node/src/tools/core/errors.ts,Developer,5054,39fe4dac2b579d0c52700de8153c5704e449284ec50ea45657cc74651c130180
cloudhost247-node/src/tools/core/executor.ts,Developer,10990,3579676ed997a02ff3d566fc96b075a7a0eb466fffda11af36ae180a79ee876e
cloudhost247-node/src/tools/core/explain.ts,Developer,10654,e5fbe62b1ee8d4f425429421ab3ace559e4dc50678260c390bf13ccb98b90ecb
cloudhost247-node/src/tools/core/history.ts,Developer,9624,da8c956cbc62d4837bf0d7b71b4513a08022b540f943b05710e9402a72f904a3
cloudhost247-node/src/tools/core/providers.ts,Developer,18473,e513389029bd4013a7d661035d34b05b1dc047111e2cbeea4c38f5fb827b8d29
cloudhost247-node/src/tools/core/rate-limit.ts,Developer,10270,d2160aeec66af3bf8ab569070597b126923b1029dc73dd345ed573b8be214634
cloudhost247-node/src/tools/core/redact.ts,Developer,4573,e8b16b50cbc2c131ac8d038cba4db8884a140d30111eb4b3280acc303de872d4
cloudhost247-node/src/tools/core/registry.ts,Developer,15395,510c3917bd493d94198b894baefcd286a1ca3bbc5592525917d0a3b26754d8dd
cloudhost247-node/src/tools/core/resolvers.ts,Developer,10581,d17d093e9b0ea3ce21fce75a87f95f6deb75ac5eeac9105ef8ae47cda7c4a531
cloudhost247-node/src/tools/core/ssrf.ts,Developer,24497,faf4f9070188464caf12354727c6b5b1602fcdd1c030261d5605eca355b7d4bc
cloudhost247-node/src/tools/core/validation.ts,Developer,18506,27fa21d4ddf10bf5bc97f3dc3bfad86694354d314d869d4a954ba80299793309
cloudhost247-node/src/tools/developer/email-header.ts,Email,16683,24cc13c2dacc028509237d69f68800b2aec9e7f6abb61438206ca711805daa61
cloudhost247-node/src/tools/developer/encoding.ts,Developer,13162,68b9a34769de2504887433341ee6b827154c0ad64abe7655f806ab0231c919c8
cloudhost247-node/src/tools/developer/http.ts,Developer,15988,e3088d22a705a84b1f3d241ed37e7110b072276de11349906cb415d1ebc386db
cloudhost247-node/src/tools/developer/json-tools.ts,Developer,16844,691c3bf1ce55b02740a50745ca64f2d6b9eab2b7ffaf5d4bfd955f4e84fafa39
cloudhost247-node/src/tools/developer/smtp.ts,Email,17453,6326ce167ff2e9afdd73879d7f7782284879f9d6625fc73183b7be3de3d254ec
cloudhost247-node/src/tools/developer/url-tools.ts,Developer,10959,d982c298c8bf593059f44a1648978bb424409455ce0b6734fe1c045647a18651
cloudhost247-node/src/tools/developer/user-agent.ts,Developer,11059,6ef637666f9ea9d7626c752383e343e9ab62e48685ec9211a145157294008cd0
cloudhost247-node/src/tools/diagnostics/library.ts,Developer,9023,165ff6c1bbcc01608e3bf33b8477f7476091a3a4f3fcf79c8e8adea5093f18c5
cloudhost247-node/src/tools/diagnostics/monitors.ts,Server Management,13357,99da9aca57d987e09d4c819866ce6d663f36f4fb8498110e6e88904d61ab2999
cloudhost247-node/src/tools/dns/common.ts,Domains,8658,306cb6fe6532c40244ecc68f40fd246b3f748958cf315373b1620f613821d483
cloudhost247-node/src/tools/dns/dnssec.ts,Domains,10352,f0824db471c7246fe683a759470688b18f28ecc0b350c204eaef319e05cdade0
cloudhost247-node/src/tools/dns/email-auth.ts,Authentication,19078,5983796b778f1bae87169cba492945b8648638019a6cdbea4eade5b5ef434d1e
cloudhost247-node/src/tools/dns/health.ts,Domains,23396,3209cd52ef422aa2b313e3b6139bf23ddf8f8b9ff5bd8c49af9f4e9c66a499ba
cloudhost247-node/src/tools/dns/lookup.ts,Domains,17027,6f8408d9c3921c60dc92261b6c5a8376ac79d64af1533bd1823fbf53e97ed889
cloudhost247-node/src/tools/dns/propagation.ts,Domains,16858,2a1448afd7fb6a8a85c1b092504d10a290ee9e573643fffebf560783aa99654d
cloudhost247-node/src/tools/dns/records.ts,Domains,31755,bdb75410dd789e483f9d48bd320343a36871d385dc4face9d4cdffa3273f43ab
cloudhost247-node/src/tools/domain/availability.ts,Domains,12287,e20cd7ecdadf9cd9332e53ec9b93b72ce54c977c32e0352cc512add7853e1708
cloudhost247-node/src/tools/domain/health.ts,Domains,14757,2ca5de73ac869afb93d020247ec054e8998707f5e059a7deca06cd2e990a9014
cloudhost247-node/src/tools/domain/punycode.ts,Domains,11316,e31ea41c8c70f9e10d60281c5945acfd9093e12495faa3e6bbd8d5e0986b8a6b
cloudhost247-node/src/tools/handlers/developer-webmaster.ts,Developer,11737,07064698d2722dda1693e6963c5e3640b574e5fb6cf61769e729df1ff6667b23
cloudhost247-node/src/tools/handlers/dns.ts,Domains,7951,03d8e30c27bc09e757447cb6a0f8676d497d6b33df63fad096ba772a900d2b5e
cloudhost247-node/src/tools/handlers/index.ts,Developer,2372,39d303789a50dc22db839b087eddd80dcfa9e3cf24257dcbecf8536bbd314973
cloudhost247-node/src/tools/handlers/ip-network.ts,Developer,9790,2fe824e0e6538eee897aa3f4d7e3a9d0c2f8e7427196d7bce8a8301f09c1f242
cloudhost247-node/src/tools/handlers/kit.ts,Developer,6793,88b8177ddb7641fe1dd65b553746bfdedf0e00105d863553207730ef6276597e
cloudhost247-node/src/tools/handlers/productivity.ts,Developer,9882,ab4dd0f67a9786b54a6414dd45a42935897f9d3e91c4338457b32a5975393d56
cloudhost247-node/src/tools/handlers/security-domain.ts,Domains,6612,87b68789885736ca9a11f353daafff766097951c650475a75145e53f0f2318dc
cloudhost247-node/src/tools/ip/blacklist.ts,Developer,13587,4ce4dd747c677553e8c9fb49319874da963ebf1dc27af341a409ec9d481f9f39
cloudhost247-node/src/tools/ip/ip-service.ts,Developer,19334,1e7dae55774d5e7f408ef24e49203d26ef9c414b93046edca2cdc2456cb1f805
cloudhost247-node/src/tools/ip/ip-utils.ts,Developer,19967,acab23f014f839ace2f658fec5d4318270ba8dfa3f2b6a2d154ff26910539d27
cloudhost247-node/src/tools/ip/reverse-ip.ts,Developer,9464,eb1d89e37ab8244709f71547050e0a71c4ffdc777b37d066e2868d2a764c8bc9
cloudhost247-node/src/tools/ip/whois.ts,Domains,8958,061f94711e0c1854de4473b92edb9e358b8675a77a7955df755ed7fe3f30df02
cloudhost247-node/src/tools/mrz/mrz-engine.ts,Developer,47560,876397b9b1a0efcdc8e8659bec151de4da56ee0f91fcf734cd167617725208a7
cloudhost247-node/src/tools/network/mac.ts,Developer,10521,170cc78e97af7b542683688b212b5418d8b114d7f637ec58872e0a1b42bd67fd
cloudhost247-node/src/tools/network/ports.ts,Developer,7525,12e9bcc6819c1a007ecae462b0d9d8fd215f8f62ac303ede0e51364159a22f30
cloudhost247-node/src/tools/network/reachability.ts,Developer,12480,682f9e76a80c358f4b0f52df239e45d2ff741be0bca3ef802c969d31bf19adf6
cloudhost247-node/src/tools/network/speed-test.ts,Developer,7511,b273f66de66c8992a345fa7fc4e3466c1916c022b30ea1fdfe1d31ea5567113a
cloudhost247-node/src/tools/productivity/color.ts,Developer,19675,03e2aad9e745520bac78e8bdd08cdb8fcdc3346ef76efdb94daaa1b38704c1e2
cloudhost247-node/src/tools/productivity/image.ts,Developer,18232,a3043625050a72fe4b8584a32cfb0e4dec0f21e9a00ffd3e7e67a869c919f18c
cloudhost247-node/src/tools/productivity/qr.ts,Developer,14684,67d05eef6de566cb29b04e1c9da41d810db8cfac95ca9a102ce03fe4d07dfb50
cloudhost247-node/src/tools/productivity/text.ts,Developer,31283,4457e9577d3e087705414fe4cd9ccc4c3b37b19996b407d5d9b4613ee180f58a
cloudhost247-node/src/tools/productivity/time-card.ts,Developer,13868,8413c8a34dc7f1c4ba70334d90954f1b559a230c27313356de653b7253dd6adb
cloudhost247-node/src/tools/routes.ts,Developer,29764,215dc773a1ade5e2503b8f1d1a892dec7ea1b01cf0bf9905f8e92e31c4086321
cloudhost247-node/src/tools/security/bin.ts,Developer,6780,306d043267229b7cd8d6918b47741acf36e580d9b3c50cc0621805c046a4a5a7
cloudhost247-node/src/tools/security/password.ts,Authentication,18709,2e350f7c5bde59cfe41075ee26ea2bd112769f3fafaff0be1e1b6ce66981925e
cloudhost247-node/src/tools/security/ssl.ts,Developer,20700,00734571ade460c48a83790cd4665896c54fb97546faab320703d97ea3fd314e
cloudhost247-node/src/tools/webmaster/links.ts,Developer,14510,1c3aacaba9bc4f0945bd0aeaa36ead4c78d3ccdf553a2440ae7a868417c21098
cloudhost247-node/src/tools/webmaster/robots.ts,Developer,14979,185e2b83ac042f4819b1a0a3e65ea7170a139a12cb817d1ba8a3790cc7345460
cloudhost247-node/src/tools/webmaster/serp.ts,Developer,12208,69f23a3aef1330c30e984bea01a4b3e1f973d4bb5b3e52d9ab4a63f1fe0b6bc3
cloudhost247-node/src/tools/webmaster/social.ts,Developer,14727,5205ac3081254e529331a32284bb53af6e8ee5d2434cb9cacf6a49e259bf3c0b
cloudhost247-node/src/tools/worker/sweep.ts,Developer,6105,5642662311f21e6faa012cb44d05c04e686b28f33dcf781b7bb987c712bec61d
cloudhost247-node/src/worker/cloudflare-sweep.ts,Cloud,5515,c3c2d297c526f46637c08e60f1f7843fe2c1515b67896cad81cb5391b4910a22
cloudhost247-node/src/worker/domain-services-sweep.ts,Domains,2891,e51cee464cb55761ceb893bddcde1457d925ab9f3318a911fb465c2681999dc1
cloudhost247-node/src/worker/handlers.ts,Administrative/internal,5501,14739767c637a4c4cdb49f78205d06ee39152aef64850fa0dd33379164c5b1f2
cloudhost247-node/src/worker/main.ts,Administrative/internal,17159,b9f8060e9f9768bfb2fb3088cc8a9a9441a713dbe1f847b79ed7171b9d755cae
cloudhost247-node/src/worker/runtime.ts,Administrative/internal,2081,d980fd13948095c80a83918b37e356de28ec874e39468657414954ed2784af76
cloudhost247-node/src/worker/sweeps.ts,Administrative/internal,6580,c25585c38f688a10c2b4ec1ee683cd73b9c434e430ed373d769ed4fa15d28c03
cloudhost247-node/src/worker/worker-db.ts,Administrative/internal,2296,02e61b4a35ad171da22aaafecca31ec973b5bf60b061357e44a2ead57fc822c5
cloudhost247-node/src/worker/worker-lease.ts,Administrative/internal,4712,d2073c8c7f5e15ee9bfaed89ae924525ce2c626f637c568beaabe0fc48d40ac9
cloudhost247-node/tests/helpers/mock-cloudflare.ts,Administrative/internal,11219,0540ffd9e58bf0f5a1b52b2c2f3f8d7ec4661e40aef11f07804912b24064bd1c
cloudhost247-node/tests/helpers/mock-registrar.ts,Administrative/internal,11818,984db2e7b04011eccfe4dde05e90bdbfb465695c52a3065d9ebaefa8c7b77180
cloudhost247-node/tests/helpers/ssh-public-key.ts,Administrative/internal,1095,cc15de1e085982c5a02d7da4b6f6d0f68127e20768c116227b34909dc8fa28fd
cloudhost247-node/tests/integration/account-api.test.ts,Administrative/internal,11461,881e09539bdd5c97a510886401be3931a1c9e9938146de667daa1707201bbc98
cloudhost247-node/tests/integration/admin-billing-api.test.ts,Administrative/internal,14555,507e84da4f9f45a3be3f4333b8594f22f981bfcb4752463aaac8287bcf36b09c
cloudhost247-node/tests/integration/admin-customers-api.test.ts,Administrative/internal,13585,31a5f73110c88f0acb395c640209750dd6bd84bca47e64d6e322114433593051
cloudhost247-node/tests/integration/agent-deployments-api.test.ts,Administrative/internal,13625,61f18ec984f52660a562e7f73e750330a5e4f77530a961fd074496e17c10aa41
cloudhost247-node/tests/integration/agent-protocol-conformance.test.ts,Administrative/internal,15735,78d46c0f120a916b87ba79a41aed04f31d1a12fd30f893ac77dccbfb6c076a68
cloudhost247-node/tests/integration/ai-control-plane.test.ts,Administrative/internal,35507,510084ec1fa4f68e061cb7e684965e2a66d0c7f94656c3af078b1d9754a18b67
cloudhost247-node/tests/integration/ai-registry-seed.test.ts,Administrative/internal,8732,f00edfae31853610f8207c4e6c0677565fa62ebfabf48fb281dad1a2f1cba52e
cloudhost247-node/tests/integration/auth-flow.test.ts,Administrative/internal,7193,b9378541c715cbd33ae0244e941e3a6d4638afd15d530fdb9a11dd71a4f7bd54
cloudhost247-node/tests/integration/auth-recovery.test.ts,Administrative/internal,7065,14023125c2bec07dd1104a82da08dc76ac1f44f37eaa5199ec3db48e579e134c
cloudhost247-node/tests/integration/backup-contents.test.ts,Administrative/internal,13014,db8afda18521bba3e222c8567bf0688947e5b03bb5c3fc8ed8a97e7a4e65ad3d
cloudhost247-node/tests/integration/billing-api.test.ts,Administrative/internal,9031,2e17f225b4addde46616adec636f2763d68768abf836eca7cfc1ceb5892ff2cf
cloudhost247-node/tests/integration/billing-lifecycle-e2e.test.ts,Administrative/internal,13592,4b741464802ffcc79b5b3fddd413c7482f377c6061eef25f63e0cf5c157903bb
cloudhost247-node/tests/integration/billing-schema.test.ts,Administrative/internal,37274,f28e8191494d053d1fabf1665008840e3672aacf6dca8616e4d9a2246bb82320
cloudhost247-node/tests/integration/catalog-admin-api.test.ts,Administrative/internal,15815,1a3c556bd660babd99e9f8352becd3137eedec8e93af64331dc70bdd2408f872
cloudhost247-node/tests/integration/catalog-public-api.test.ts,Administrative/internal,8767,10c0a0f10cb03da505e689b5d84244667dabe1f8ccba768523eb165a0d1d214f
cloudhost247-node/tests/integration/catalog-schema.test.ts,Administrative/internal,8562,a62f4c4c9dc8dfbaa59d02f7fc0a927bb1012fd50e0f46f9dfadccbd24b99a44
cloudhost247-node/tests/integration/cloudflare-api.test.ts,Administrative/internal,30165,aebba0c7c00bbba902dfa3f5d1a00923dc558b355a190f1bcf6f90d5df5cc702
cloudhost247-node/tests/integration/commerce-api.test.ts,Administrative/internal,24596,24e0e2bee4626886f77ebf7f513b93c6cacf18da143185181e58de81b393aac3
cloudhost247-node/tests/integration/commerce-schema.test.ts,Administrative/internal,13552,295cfbd3a7b828fbc2dda2649af94add342306befd0b6f8390aeeeabb5d28e75
cloudhost247-node/tests/integration/control-panels-api.test.ts,Administrative/internal,8393,291eac0ffe92f77f80e2aab07acbb3f78df5242457b8631bf73ab8fef476ec78
cloudhost247-node/tests/integration/customer-app-schema.test.ts,Administrative/internal,11968,675e9b45815a872c1f66aeee27c1553aa03d6836a416994db683586f84a029a1
cloudhost247-node/tests/integration/customer-identity-api.test.ts,Administrative/internal,27281,d4ba38012bd6238f5f7a12a720674a5ddd7dedfd897bbc0a71446ea946fd9997
cloudhost247-node/tests/integration/dev-catalog-seed.test.ts,Administrative/internal,1651,a72f15afbc15960ce2e6da5d55fbe927a07f0e668f192c0877e0eb51c8ee1558
cloudhost247-node/tests/integration/dns-api.test.ts,Administrative/internal,6309,03b4f47ff904e0fcb20826e688a705d1d9edf89056fe4fb3d1d228b1b5ad5f68
cloudhost247-node/tests/integration/dns-propagation.test.ts,Administrative/internal,11851,8ac194ea49cdc8cc58aa100fb25ed4769bf2f2c08fc835268ca6e34ee3bab7cd
cloudhost247-node/tests/integration/domain-services-api.test.ts,Administrative/internal,38749,1be0604e0a44bc2ee624477df9540e06577935a433e7deaf9e6df4a3e4c5ae33
cloudhost247-node/tests/integration/domain-services-notifications.test.ts,Administrative/internal,34649,4636e2200dffd493cc793b7003000dcc5fa9d1bbf26515002dcde5b286ad2b8e
cloudhost247-node/tests/integration/domains-servers-admin.test.ts,Administrative/internal,13932,cd2f2ae424234503c3fec421dce03a9bed116964d63c6bbb184a7c3e065b10c1
cloudhost247-node/tests/integration/financial-invariant-sweep.test.ts,Administrative/internal,6429,0874b00bb012e1fabe9a19bb19b240021a34a5d90dff8d70a36fc6edef9ff16b
cloudhost247-node/tests/integration/infrastructure-admin-operations.test.ts,Administrative/internal,14833,a0c6773dc2be913c79d94f868bae31cfb144cfccc48cbbd252f5d2b352d06303
cloudhost247-node/tests/integration/marketplace-installations.test.ts,Administrative/internal,18284,dac83a8a3a271319fc47091dde90de68e2baa0a74be9b3342286031d15e15e64
cloudhost247-node/tests/integration/migrate.test.ts,Administrative/internal,11991,4d490623b963502a302053b6b74bca416a03b3b1be81513b283585ec9c10f595
cloudhost247-node/tests/integration/migration-0023.test.ts,Administrative/internal,9840,6d6383006be3de2929994b7a9cbd0190ac814fdc2f783a7c86d0b2fb8ad975f8
cloudhost247-node/tests/integration/migration-0024.test.ts,Administrative/internal,6065,fe2f8fec0dea323f85a81eb00edc0d416d1a1901dc59308d2840895e98e670c8
cloudhost247-node/tests/integration/migration-0025.test.ts,Administrative/internal,2332,1eece37e937662cd1a60772eaec4662024ecc6a7c67d74ff4a77b117915c34e1
cloudhost247-node/tests/integration/migration-quarantine.test.ts,Administrative/internal,6708,e588bd558e3c302c1ff58c666268de9ddc61d76e926596c7c9d129d8fad3ad17
cloudhost247-node/tests/integration/mrz-tools-api.test.ts,Administrative/internal,11609,296965f56868c801f01226c8f32b694ed35d78ae646e4a917bb6bac6ea3170f7
cloudhost247-node/tests/integration/notification-outbox.test.ts,Administrative/internal,9774,a9c92ac1fe84721638bf86e76bfa34b5219dcc207182ecc0a3b3380976c9cccd
cloudhost247-node/tests/integration/notifications-center.test.ts,Administrative/internal,4306,b17613e150dcb24000d86be354f80a1e6b700ceb06e47abae5cc63083e4142d5
cloudhost247-node/tests/integration/os-image-revalidation.test.ts,Administrative/internal,11167,8028d077cc21380841bbf73507c5609146725c3354bec275abbccf65a65b7107
cloudhost247-node/tests/integration/os-lifecycle.test.ts,Administrative/internal,9992,648fdbe60e9d325d03a3899a1e85bc344b30a6ae54a8a12cded6b1652367467f
cloudhost247-node/tests/integration/passkeys.test.ts,Administrative/internal,2281,445dd25b0cd93424c3366363b0eb03737c40a1b36b34ccddebaae5a400b63f2e
cloudhost247-node/tests/integration/payment-authorization-matrix.test.ts,Administrative/internal,2351,f978d1571d4a4bf510742f5b8abf75f9071952c10fdebf124c61f634835d6bbd
cloudhost247-node/tests/integration/payments-api.test.ts,Administrative/internal,36431,c9985798615e63d8416fb6f64772801d52f40df40a517e8089d147142761028b
cloudhost247-node/tests/integration/payments-schema.test.ts,Administrative/internal,15003,ff2b18540bdffa13f82007571d14b04b1177d7a1838d6fd2d170b04f38d7aee7
cloudhost247-node/tests/integration/provisioning-health-and-images.test.ts,Administrative/internal,12171,be912f21fb609031bf69b5d6116819a0a8c002e63caa04711a73989f59b2c6d1
cloudhost247-node/tests/integration/provisioning-lifecycle.test.ts,Administrative/internal,16758,cdf6cab06d3732a33085af7a25278c6cf0b8e050359677905aa7a7d4e23621bb
cloudhost247-node/tests/integration/public-os-availability.test.ts,Administrative/internal,5680,6d62a14ac33f1e7dc565293a95c2495d88976207029e713a633b4a07e3921b93
cloudhost247-node/tests/integration/revenue-guardian-api.test.ts,Administrative/internal,28541,273429c6ebd616340818e083a196c522b8bef5b1c782452105e2ee1017d7240e
cloudhost247-node/tests/integration/server-console.test.ts,Administrative/internal,11424,d5322b6afa33c571df07b95ad06c505d2715864e1e71475c3a0b43374a38a0b5
cloudhost247-node/tests/integration/server-infrastructure.test.ts,Administrative/internal,23757,df87ce7e6147ba15c8f030c73331ef66e6c69c75dead689242aab583fbdb544f
cloudhost247-node/tests/integration/server-reconciliation.test.ts,Administrative/internal,10392,eeca566ce027ca956d020ddf0b0389a7cca201a3eaaaca7c0a129c3dc36e8319
cloudhost247-node/tests/integration/server-reinstall-acceptance.test.ts,Administrative/internal,16292,f59be76b5680d1dc795dcfc5e18176154dfe1bd9348c5394e281d6fec7495eb6
cloudhost247-node/tests/integration/server-rescue.test.ts,Administrative/internal,13424,54346a692699b0ff23edbcc72d38684b78062e622e683561bc7b1d015528498f
cloudhost247-node/tests/integration/server-resize-order.test.ts,Administrative/internal,8658,be0f4d745a9493a38f290c927b840614ee991925066a94dafd66aefda556ed31
cloudhost247-node/tests/integration/server-termination.test.ts,Administrative/internal,16879,2909a218bfe71cfe0f3553d1e67bca7562a2280e8ecffca843176eb968819e95
cloudhost247-node/tests/integration/ssl-firewall-api.test.ts,Administrative/internal,4770,5260baaf525ea0c88041e510514e0de874b41691fe7c6b789b148e8a545a863f
cloudhost247-node/tests/integration/tools-api.test.ts,Administrative/internal,22397,83616ebefe82d61e0e7f393d5dc1991524bd53283eb7cefbd49d038aea402deb
cloudhost247-node/tests/integration/totp-mfa.test.ts,Administrative/internal,7228,b677fcbade5fceb961a698ac9888ade6690f41ba78706325b43dcadd838d4acf
cloudhost247-node/tests/integration/webhooks-api.test.ts,Administrative/internal,56561,299c06dc7910f125109fe2be39eb69511e82de8b763fe0d584b72959dd3c907b
cloudhost247-node/tests/integration/worker-deployments.test.ts,Administrative/internal,35516,a3a347a22ca44400434fb218b9de8340b327bf742fef0150fb70348bc9623695
cloudhost247-node/tests/integration/worker-lease.test.ts,Administrative/internal,1635,5287b89b810241d08fe5224f5a91b0202faf5354df017f2d2f728fca3e16a7ad
cloudhost247-node/tests/unit/adapter-capability-matrix.test.ts,Administrative/internal,17683,4a4c89a71bf54e680099e94a0ff20fd6c5c7e5f96e041f6e251eed89cb149205
cloudhost247-node/tests/unit/ai-control-plane.test.ts,Administrative/internal,12947,b96fa69b348e4f71ef8e8745a1a8c1c5ed8dd37e96b8778b6031cad7fd40a556
cloudhost247-node/tests/unit/ai-registry-boot.test.ts,Administrative/internal,8850,30a058f65697147f9cd626eae23b606ff418c14d683669cf36d505aa45c00d74
cloudhost247-node/tests/unit/ai-support-operator.test.ts,Administrative/internal,1686,1d4c62d110a2207ab75c13f0b2e5eaaa3a5e509df5a451438aa3ef5163138265
cloudhost247-node/tests/unit/aws-adapter.test.ts,Administrative/internal,12628,6d9de9c6fbd29d4f56149bb1e4b7f791fd1310ea7ef39df6344c481ea88553c9
cloudhost247-node/tests/unit/aws-replacement.test.ts,Administrative/internal,10133,78fc6149d08d871ec373149962564811bfcdfab4e187d8aa92014b4afabf2dff
cloudhost247-node/tests/unit/aws-serial-console.test.ts,Administrative/internal,3127,1efe12347ced4feed58daabde123d9f499240b81cd3cafd6555995093825c033
cloudhost247-node/tests/unit/cloudflare-client.test.ts,Administrative/internal,6377,cb653923c2e5fd7a27ba4873ec8950193607b155e4d32ba1e473aa069ef52437
cloudhost247-node/tests/unit/contabo-adapter.test.ts,Administrative/internal,6981,ed65a7bff49b3cd38691c3365df7fac93ca0542ee43680b4b22d37ff723683ae
cloudhost247-node/tests/unit/control-panel-adapters.test.ts,Administrative/internal,4336,4d96241f7abff9ccf3b5abb9273b3553e8c26fa321c385f745ae60a877b28271
cloudhost247-node/tests/unit/customer-identity.test.ts,Administrative/internal,4476,d92643a12d10f3bc48b558db372b077ad83522c6ff89c37d2a6baf8b55ae7a52
cloudhost247-node/tests/unit/deployment-adapter-operations.test.ts,Administrative/internal,29565,48103b49ad9d12a6f8ba6a4de7b3eb41bf33727d086ca15e0ea380c0951a2649
cloudhost247-node/tests/unit/dns-providers.test.ts,Administrative/internal,16821,4f4eef769d27ef4b42ec208537707e6e99fc1a0ff4919b2af59f7e538077bd8a
cloudhost247-node/tests/unit/domain-name-grammar.test.ts,Administrative/internal,2825,57d9ab1b39e37a7a52d7ed37ee7cb4ec9048ece84426e45e25dbfbe2e41925b4
cloudhost247-node/tests/unit/domain-provider-architecture.test.ts,Administrative/internal,3100,4393d82c1dfb17f416d73ea36e6f6c56eb07eef69ca5c26b4dde3ca6af2ba5b9
cloudhost247-node/tests/unit/env.test.ts,Administrative/internal,1809,b502a9712a7ea407398bfb745c67cdd6bc42a87ba6ad28138fca177148cfa32d
cloudhost247-node/tests/unit/health.test.ts,Administrative/internal,2217,6104be883fa8e912c4fb3a4f63041432ccb3cae42402d342aa4bbc7e9e956a03
cloudhost247-node/tests/unit/infrastructure-provider-registry.test.ts,Administrative/internal,3963,bec8ecb55c3b83c6b0d0a1ba700a240233810d54ae73d8e8ee186bab7042f5bd
cloudhost247-node/tests/unit/jwt.test.ts,Administrative/internal,1996,f5a538f4948d71725b2b0c55bdd0091ec7d690be1e41ace505a741a9f7f33673
cloudhost247-node/tests/unit/manifest-catalog.test.ts,Administrative/internal,4373,3c848638997f0cc96e54eacdf6728f68616289dfbcd05bc3e8dff78980c2a1bb
cloudhost247-node/tests/unit/money.test.ts,Administrative/internal,5347,f14649e31e40f0c4b427415fdb2048c4e42d1abc0fbe9a2acc8fa96c17384695
cloudhost247-node/tests/unit/mrz-engine.test.ts,Administrative/internal,14551,ad23409a68a273bf66349d4f21d7c3c1800bbbc15b47eabd75f665b4175b607c
cloudhost247-node/tests/unit/password.test.ts,Administrative/internal,884,2658b8bd194403006ff3f1c692b4a0c44a2a253535aa8fe262bea5f4d3c2e13c
cloudhost247-node/tests/unit/provider-capability-truth.test.ts,Administrative/internal,11073,a453658c0387650f7c59d331141364c764375b81dfde8d5a65e4804f18a7d0cf
cloudhost247-node/tests/unit/provider-configuration.test.ts,Administrative/internal,9909,85834a2f9cb4c7e614fe1333e19000c6cd1075d61baeda12fa832290cf8ab3ca
cloudhost247-node/tests/unit/provider-console-metrics-truth.test.ts,Administrative/internal,20809,261e8cd7c30cbade7226e5ca38c4a0eb653d81fd3add6c16bbe36736f05843ba
cloudhost247-node/tests/unit/provider-error-mapping.test.ts,Administrative/internal,2270,8f5bedb2887a7c6e4bff31fdbec4d12b0d37a6a8c95ea0c9b0daf90a3eda9d75
cloudhost247-node/tests/unit/provider-rescue.test.ts,Administrative/internal,19224,70e561d150887d222509e9dd05dfb86a0ff7a0f681351399ee64e5829dba9e6f
cloudhost247-node/tests/unit/provider-response-sanitization.test.ts,Administrative/internal,1662,06626f6cbfa95e25de7fc4d16115b52759c920b318b021c1cb3e559b6385af40
cloudhost247-node/tests/unit/rate-limit.test.ts,Administrative/internal,1834,530ac1313c1ab7d8191ac595caad3b2f7ef7981e917b70d67c201ba35d11af64
cloudhost247-node/tests/unit/revenue-guardian-rules.test.ts,Administrative/internal,7350,6a9c40eb38c99515ffbdf4d76659695723435a9f6a6784c58e7309fdadd5a32e
cloudhost247-node/tests/unit/spa-routing.test.ts,Administrative/internal,3742,0531de94a4825a5c8088e930572ac88bd67232bf4164249e58e3c0bc14040562
cloudhost247-node/tests/unit/spa-security-headers.test.ts,Administrative/internal,2848,b0ded703721eb1b285f20f2fd1261b50fff9867e96e6f4adc14be8cb16ea6ee3
cloudhost247-node/tests/unit/tools-dns-wire.test.ts,Administrative/internal,7073,980a2100013bf60a15e3f351e82708e644e5613779e391c501d737e41e9c989f
cloudhost247-node/tests/unit/undeclared-adapter-fail-closed.test.ts,Administrative/internal,6524,8d231fa57553d8d8cb220af6dbe9f5402eb78c4cf5cc174c8b662440964e44ab
cloudhost247-node/tests/unit/webhook-secret-fail-closed.test.ts,Administrative/internal,4632,cba6d5ca54db3b123ac34c392d0e222d115e760e7a51a642e35ccb29dbfaf08e
cloudhost247-node/tests/unit/worker-runtime.test.ts,Administrative/internal,2025,4dff5cf2ebf826fc068dec86e4be977738dce5687e8906febfa09f935382f69d
cloudhost247-node/tools/verify-financial-invariants.ts,Developer,26766,2c75b540b81fea970230ade9a8b1ae446bba4170b4de76051947ab48aff61d62
cloudhost247-node/tools/verify-payment-authorization.ts,Authentication,19309,8579604dd4fa8e3edeee1c1c4a8dcc73073d9e86741c753591e9cfd283c5408d
cloudhost247-node/tsconfig.json,Administrative/internal,559,11a1d9d235f37b409eef1281d96c6a9c52f0fa25dcd454609c7b79b07c84ce3c
cloudhost247-node/vitest.config.ts,Administrative/internal,843,a7c79771a14eed08234cca6b918e737630ec644e56132512bf8d0dc3a75fe0cc
cloudhost247-page.php,Marketing,856,eca954e5e0a256dfa55034d6fa47f99c55b2fabac6e84b4c04be173fee0a36fc
cloudhost247-sample.php,Administrative/internal,678,864bfab88bd37f8b696bdafc6b3f5283bb52a58e3e3dc55b06ca6d85e5767ec5
cloudhost247-sitemap.php,Administrative/internal,1029,692222357beb841f67cdce8142309f72feaed8064d1ca1bcc1885806df871789
cloudhost247-vps-sample.php,Administrative/internal,806,faa082b3b24b2f35d0e04cf5f77863e23612a795b22dad1c1475da54dabc3c08
comingsoon.php,Marketing,662,2978df7b78a71c71d72a3e34af92f1620b9f32ce12c8849e482e477c79cf078e
cookie-policy.php,Legal,365,1b581c79e139b2b66cade5ea1dbfcf89b117220f5dc15ec389cafa0e100a3772
cpanel-hosting.php,Hosting,822,64daaa5108fc39e77014183dd0f071facddc09d7d9d312f1c4e41c33bfa9a8d0
crons/cloudhost247_builder.php,Administrative/internal,2110,34122e34d7bdc9452b4b4c35393ecdb36b4243fd492bf320ca6108837d913949
crons/cloudhost247_currency.php,Administrative/internal,572,43fcb54a2f75e2ce7b2cefbae9ccd91eb51eb484b4dc0cd242df7f59336568c3
crons/cloudhost247_integrations.php,Administrative/internal,1987,7a1e9b73a22c52b28f53bf7245b1c7e1f5d83d041198ce46e62fb8d0868d1d68
crons/cloudhost247_marketing.php,Administrative/internal,2053,b4851054525c7ca4b96ad6e7ca6e139d592ecffde811a4a586ea46aae2947cf0
crons/cloudhost247_ovh.php,Administrative/internal,739,385d5c3afd6cafc14d105013b6841366329b2888d778cc65d4c6c098aab84444
crons/cloudhost247_passkey.php,Administrative/internal,893,853da1380d6cc1f3118240be11cc05c9b84f5afa7cef12fbf51bdc49782cfc86
crons/cloudhost247_smm.php,Administrative/internal,1567,bd52987c5352a6510b9d689a0213349d7fccab0d9c54708cf0d6b20ba448eb78
crons/emailSend.php,Administrative/internal,46794,d080bbdc7826087b7289e6b226649e0a213608924bf0483eea5da8f2ceadafc7
crons/getIpStatus.php,Administrative/internal,9665,cd40acb83d82ce39d22791307cbf581ca5cf26e7d2b9e038bff7325307884cd2
crons/getServer.php,Administrative/internal,12853,153ccd19e30de68d5c99ea3628d9fde285450305b36f1bd01314ec9ee366e411
crons/priceSync.php,Administrative/internal,9746,e474b5aeae09707b623f5cd79b96346b89c3498be24801fac54c394c0002b52f
cybercrime-policy.php,Legal,14055,4a8bb10d1bb956565f085c4d4cfa071daa0f28ae7f998fde3063520f9d57ea88
data-deletion.php,Legal,653,1e143053fce2dc8804f2041be141ea1959f65d0211e8cf629d87bfd41e502b74
data-privacy-notice-and-consent-form.php,Legal,523,ec4b679cd90354a546ef0634fcbbf491013409430fc944479bdcbb3891a12e5a
data-protection-standards.php,Legal,866,f1079d98834b99a9a4dbed08f1adf7d255e2dd289bbfc94131cfc0cb71ab39ab
dedeicated-server.php,Dedicated,267,9de9a509f846a4c4f3bfe4dea8e3ecf9ea9780965760f04e5873ea9b2b46e6e1
dedicated-server.php,Dedicated,684,1984500a4eb15e5c1021700e9f0ab42a980b9454befc7bf643806f0c7a69baeb
developer-friendly.php,Developer,690,9266d04900dc80621a0bcdf1dfcacaaa5293f4e75e831ce0a18ec5ad8bfd00e6
docs/API_BILLING.md,Developer,11085,8915f58f61b984788fbd8933c650b0efbe06983d375cefcb5c206ddcb5065b56
docs/API_CATALOG.md,Developer,13155,32d6677326035afe65fafe994cd0be20fc65eb64eca0543497cb0be30417d8ad
docs/API_COMMERCE.md,Developer,11835,bd617bf4e8161a9fc621be5404614fd0a07dad94344ef6b96ff00434093a6bb7
docs/API_CUSTOMER_APP.md,Developer,15449,e929d2e20c9851daaa552ab24553944b52e3b4c8acda55f4f4d8e577fc06e973
docs/API_PAYMENTS.md,Checkout,13443,5debd31dd9a0fd697d7ec7aef311cbfc2628b755d141d0f2265059b7c4937953
docs/BRANDING-COMPATIBILITY.md,Administrative/internal,15332,1da2b2d7850f334ca3cc5604cce4af4edda4ea430ed18eb870cefa20c654718c
docs/CPANEL_DEPLOYMENT.md,Deployment/PaaS,37744,fca856c95af4ed9fa5fe1fd8af9c33f34c76656285a3f8b4fd92539b0738fbda
docs/DOMAIN_BROKERAGE.md,Domains,2989,684dfb8fb17badfc1af7fc4e8b11b3e3e19b1ac1af2fa9f8543ef59518c1a057
docs/DOMAIN_SERVICES_ARCHITECTURE.md,Domains,15361,9de15844dbe8a8fab9cf7ed75b7092e7beb703e7d4532ffc2aef3dbdfc7e7f58
docs/MRZ_DEVELOPER_TOOL.md,Developer,12947,32e08c3bc5e7a31d04d65ba1cbbd7ba346e8226cd7bb00799f938a953382ae6b
docs/NODE_PLATFORM_STATUS.md,Support,170655,78512c566f160334ae85e13e26a6b3d399781909ce4081abc02f4136d4ebf73d
docs/PASSKEY.md,Authentication,11153,9e57eda3fc2f3178a069faac5b23b046a0885f286c9b3a73e76b1d26a0f79e4e
docs/PHASE_6_MARKETPLACE_DEPLOYMENTS.md,Deployment/PaaS,10217,9b7cf66003e49f2bad2cf71e83e15e0a567ee995375b3f14383faf39e737dc7a
docs/PROPOSED_SCOPE_PHASE_5E_BILLING_PORTAL.md,Administrative/internal,10454,54c8049c1dc2c14ee0b2c221f2fb0d4b5778f525d3d1716110225fdf2fb568db
docs/PROPOSED_SCOPE_PHASE_5F_ADMIN_BILLING.md,Administrative/internal,10643,d7eefd60f8dbec8b70a86f601290569024135ac83f5aedcf36d914bf3acac242
docs/PROPOSED_SCOPE_PHASE_5G_RECONCILIATION.md,Administrative/internal,6581,d6c48ae0d782db74ace095573d696fcf39713b011d8aaa5c7f6146dc76efed48
docs/PROPOSED_SCOPE_WEBHOOK_PIPELINE.md,Deployment/PaaS,28199,206fe20234c989830b9a4eb2d5ac03e26de29ace0ea581a15b32f55c6867c421
docs/README.md,Administrative/internal,2513,468ee6875fcd7e32340ae8cc7338571006624391c77ac28cc7f539fcaf783994
docs/RESTRUCTURING.md,Administrative/internal,15971,41b442b8fb59377bd7cca3880eb61fc317c4b3ad8934bdaf8b09f81919d4c853
docs/SERVER_AGENT.md,Administrative/internal,11445,76476fd9b1bf75cf8690a10c1e43a9d6cf1bb9ac7dfea8fcadf9bcf603953b3b
docs/SERVER_PROVISIONING.md,Administrative/internal,55826,d2e98baeb988ff3f53504cf34c47a1c3c49b3d3b70d21adf2cb903d3fb52000f
docs/UNFINISHED-BUILD-CODE-NAMES.md,Administrative/internal,31203,2298890489671ba1008496916ab1e3d36572af0550d86d7bcb9462c28196b615
docs/UNFINISHED-MODULES.md,Administrative/internal,116261,82384c00199e1ca7baace32188c3844bd78bb80cb4f63f3421db5f9e8c528ec5
docs/VULTR_CONSOLE_BACKFILL_RUNBOOK.md,Administrative/internal,4914,2554eb4eff963d8fd060496657849feb0de4363844a591532e232654bb38a9de
docs/WEBHOOK_PIPELINE_UNFREEZE_RUNBOOK.md,Deployment/PaaS,9943,42312f6970c2bf654cbad3c80859391d1f67281bb677da4d50e72ba06a9cad1a
docs/WEBSITE-INVENTORY.md,Administrative/internal,7158,9692e4db481a32427295c53fadbefdd1afd159128abe0a39ea8c0287422a4aff
docs/announcement-bar/ANNOUNCEMENT-BAR.pdf,Marketing,630346,5f9528b20a70166dc006eb70d7af5d7218626a3d2a37a5a26e0341221c52ebf0
docs/announcement-bar/BUILD.txt,Marketing,1026,d606d60dcae5ab6bc15826a731e8f09cf1477fbc0337ff7c97d32179e398ef12
docs/announcement-bar/announcementbar-examples.tpl,Marketing,7618,2618611376b20f153c1e58176346605e1c3d0689ace4236ddf8f3d8c0cc9caf9
docs/announcement-bar/announcementbar-header-integration.tpl,Marketing,2882,390726ce7edbcd16434274cbd8d1fef3eb757359487d5a16a2c2b413d10dca9f
docs/announcement-bar/cloudhost247-theme/preview.html,Marketing,3291,a87feb9a31468d01cfd6085e7ebf4c5d7a43ec8266fb8aaf59cc110d8673046b
docs/announcement-bar/cloudhost247-variant/templates/css/announcementbar.css,Marketing,3602,69f58df8f5bf2415b34d9054bb8a5da5268df9d42d6eebca7d1547da8368fbce
docs/announcement-bar/cloudhost247-variant/templates/includes/announcementbar-examples.tpl,Marketing,7618,2618611376b20f153c1e58176346605e1c3d0689ace4236ddf8f3d8c0cc9caf9
docs/announcement-bar/cloudhost247-variant/templates/includes/announcementbar-header-integration.tpl,Marketing,2881,bf09d2d96fba9540dcecb46bf83952e7c53e6f7f56909777adfcecc4b22ec541
docs/announcement-bar/cloudhost247-variant/templates/includes/announcementbar.tpl,Marketing,4923,fbf1191fbe1f758e0f122ad5d8b62153fa0869e093e18abfda76faedbf6217bd
docs/build-notes/cloudhost247-domain-lookup/BUILD.txt,Domains,1899,20c3588545ba97a9cee068172c0a8d6518061463dbd4d3eb7c4d1a6c09c23dd0
docs/build-notes/cloudhost247-domain-lookup/INSTALLATION.txt,Domains,525,7e0ed1a8205e64de55c252c96d4e51440143f3415f9aab858f95c56b080dd480
docs/build-notes/cloudhost247-email/BUILD.txt,Email,2727,2fa8b1aea876b52816c7357c0c7576005b238ba79a2e489ee9cd44bb192f064c
docs/build-notes/cloudhost247-email/INSTALL.txt,Email,1487,6e73ca88f72bde0401de64517a7d86ccd7ee39948eb284a0ce4474a89c18b6af
docs/build-notes/cloudhost247-smm/CAPABILITIES.txt,Administrative/internal,7123,01deb99a3b9a4e0f4727642061bd201175888f569b5fed314131cdd87bb94767
docs/build-notes/cloudhost247-smm/INSTALLATION.txt,Administrative/internal,7738,1b1a8b9237077ab45d7ca8312482cc0357cc070054e7703bade16bac21f77da8
docs/build-notes/cloudhost247-tools-platform/BUILD.txt,Developer,3607,bae325e0ed74dec090b65a0daf5499185e9b4898b055e2f18c60f4819ee2ce48
docs/build-notes/cloudhost247-tools-platform/INSTALLATION.txt,Developer,963,2db679c32bdfc678ac67d4e807a301f10a7c6529ddaecbd920ff98cec487b660
docs/build-notes/customaffiliate/BUILD.txt,Business,2239,197b1e57ae3aba09fbf7af0efcf5585c36d9eb0ad95c909070a67c22fd53a764
docs/build-notes/customaffiliate/INSTALL.txt,Business,13596,6a25a741cdb2e99622e5749dfac0cbf33b20cb31d2266a7de5d8cea4f8779071
docs/build-notes/digitalproducts/BUILD.txt,Administrative/internal,2078,3f5924a48a1d62be8e25d86864759ec66e64519780fbd5f041159f75ccf74394
docs/build-notes/dnschecker/BUILD.txt,Domains,1651,c19ccc1cd890e0d301cb9cb51baa4120ac50850055b79f0f2877b60de97eb741
docs/build-notes/phoneservices/BUILD.txt,Administrative/internal,3206,c7a9479168368951de2de0d5142f13e59ba0dbc6051ab74188251b7eceff4e78
docs/build-notes/phoneservices/PHONESERVICES.pdf,Administrative/internal,619031,d70e9669cbdfa18028735a0c0cc07e4c94bc2e05393c4dc98d6eb3ff0dbde9cc
docs/build-notes/smm/BUILD.txt,Administrative/internal,2268,d75250719704b85c8edcee03c19a1c74d38349f36a96238816d1065dbc13c8bb
docs/build-notes/smm/INSTALLATION.txt,Administrative/internal,8383,01d755df7d30e689a07bf283d90bd8f9db67d6bc32115e5b7f679a5f4d063232
docs/independent-rebuild/API-INTEGRATIONS.md,Developer,55856,e67b0f266fccf303d72a207613517c263f7e30ef382840b33f81ab7733028071
docs/independent-rebuild/API-INVENTORY-AUDIT.md,Developer,11536,01ce7331c237b0479832fe0a956a2df6d112fff7920c348ffc59453052669ef4
docs/independent-rebuild/AUDIT-AND-PARITY-MATRIX.md,Administrative/internal,32190,bdc9c6b363db1d632aa8ac2b902b8df0a7e995c991a52d649cc2dbfe4273378d
docs/independent-rebuild/BRAND-RENAME.md,Administrative/internal,13672,e624c4e153bd0fa71f32c883ab8b0648f6d3db19db5b270d06bfb0b514fae660
docs/independent-rebuild/CURRENCY-SYSTEM.md,Administrative/internal,8084,e29a808425101ef2cd94d6e2c932470050991a58d25861e0efecb6ac5dc90de7
docs/independent-rebuild/DOMAIN-BROKER.md,Domains,15512,84449c821b02cbbcc4b0593e7e20166b02d9a9a861fb05525d132088f7845b96
docs/independent-rebuild/EMAIL-MARKETING-AUDIT.md,Email,25057,e652ec6999441b4ca3bc3f80cac580e02465ba804d3d389d69191ee3d846a1df
docs/independent-rebuild/EMAIL-MARKETING.md,Email,36246,221f0555944653a5320599f1d7356718dc7c584bcab0e4d2afca9561847a8d24
docs/independent-rebuild/INSTALLATION-AND-UPGRADE.md,Administrative/internal,22845,ee8fc0cb86086aac24b7b1dd562a64daf26f59a81972aa3d37029df19bf608ab
docs/independent-rebuild/MODULE-MANAGER-COMPLIANCE.md,Administrative/internal,22283,ea5f1542fa4a356434dcdc23070c6615c7f10aa3e2e1ab7f852661588b24f33b
docs/independent-rebuild/MODULE-MANAGER.md,Administrative/internal,19224,f69d2152e75a5bde534254edf5b20b50348820a9ba9929c63d0fa293bfb87dc7
docs/independent-rebuild/OVH-INTEGRATION.md,Administrative/internal,27997,51ffb5e2d6494de79a668b47f1717cead5d5e5aba4880de4baee4eb36bf69c29
docs/independent-rebuild/PAGES-ARCHIVE-INTEGRATION-REVIEW.md,Administrative/internal,4688,facfe7115dfc67b104550cd6daa5e113b2ea0ae49b5282cb479a9d907379d665
docs/independent-rebuild/PHASE-1-REPORT.md,Administrative/internal,1914,5227cfb7facaefe09688f072bc0af1d5ad0b38b9cdd6b743aa14daacd9895da6
docs/independent-rebuild/PHASE-2-LEGACY-PARITY.md,Administrative/internal,7909,e3b423d7019669731c4aefee73ab2ef905e98db671b0b7bddc11c777808b0fae
docs/independent-rebuild/PRE-STAGING-REPORT.md,Administrative/internal,12632,778cbfc4458215a31af3e81dd142258f9293048b7d0680193d62ed7bc32c14ce
docs/independent-rebuild/RDP-SECURE-REBUILD-WORK-ITEM.md,Administrative/internal,12220,4529de3cd0660a2662456b721a5d1b5bd28e2d95dbd82ca4a4516c3ff4c7e595
docs/independent-rebuild/SECURITY-REVIEW.md,Administrative/internal,36582,4beb9ca1c28756c499caa4e51add088ba494dbb32701b887718057473440e1ee
docs/independent-rebuild/STAGING-DEPLOYMENT.md,Deployment/PaaS,14843,318ad17508cd4bff4d548d5e376a17dc57db920cfab2e630e1b34296277eddb2
docs/independent-rebuild/STAGING-TEST-MATRIX.md,Administrative/internal,19558,bbd1ff6080b7ef53a78b9c9d715a4d6f13f318e7f088c63448c8bc4a6290b39c
docs/independent-rebuild/WEBSITE-BUILDER.md,Administrative/internal,19615,718a2c31554b7657963b353d2052562967ffc73c05f59b175f5cb93647ed0b5b
docs/independent-rebuild/branding-exceptions.list,Administrative/internal,1695,b00a3be38d01f2eca8fb8852c53ae0d83ab5caddcdfe329539de618122d81cc5
docs/independent-rebuild/original-file-manifest.sha256,Administrative/internal,281401,7afc505d84adff859437ef901dc8f554f2484416c6998213f53b664985db6130
docs/independent-rebuild/staging-runtime-evidence.template.json,Administrative/internal,537,2fd70c5359ade7a94ffa351e924709c091e963706943ab29368b800f50d26c0c
docs/policies/Backup Policy.pdf,Legal,300313,bbddf397217ebcb1c8a5a05012d8556b72038409b6959ad2172fc4fbac09406a
docs/policies/Cookie Policy.pdf,Legal,406478,111e4ce9d06c43a2b7dff53d068cb54ee9acbcdb145741c324d39bd3aea21814
docs/policies/Cybercrime Detection Policy.pdf,Legal,287427,43d99af6198059108a101281284096226c78998544d46a93d42f6ed5c7f6c5da
docs/policies/Data Deletion Instructions.pdf,Administrative/internal,402995,8c483cb18cf908cd82c32ebb7a435fe1915534bbe8933768db82d3d57a7f0466
docs/policies/Data Privacy Notice and Consent Form.pdf,Legal,395299,0364594a50b1801b06d6920bab1c06662f87eeb8044cce7022d88c9c40515a69
docs/policies/Data Protection Standards.pdf,Administrative/internal,411597,4c6a04e620402fda5d54e869859355c26052bb4d214bc8079b162d90a4534e61
docs/policies/Domain Name Auto-Renewal and Deletion Policy.pdf,Legal,188197,8b8d84de62197fe650734ace7cafe2e0b9d1c4d243af591c188301e8dc50ed0a
docs/policies/Domain Name Registration Agreement.pdf,Legal,311432,cb80963a5002df2b37d383fc348129fc2ac1c584eedb46aacae183c1e651e5be
docs/policies/Domain Registration Addendum.pdf,Legal,248569,61ecff8766153f682016bc3160b6052d1cdbcfa86150503414072d049ec1e7c8
docs/policies/Fair Usage Policy.pdf,Legal,372705,26cad9a7c4a33a966060574fe443ba8bce4c446eed25747eb62165eb7cd0aff5
docs/policies/Frequently Asked Questions (FAQs).pdf,Support,408318,3a3f34fd7eeb05a5cc84ad00d7b9d29c19b572d8295466fead239f635493e8c7
docs/policies/Help Center.pdf,Support,414642,6b74c354fcd062b5c9d78f9f733116c537a4144a558f1ef5e08182d00cda4b67
docs/policies/INSTALLATION.txt,Administrative/internal,280,c9007131dc92cb2e368cebc8e30ff326d8ce2650f47eaeed3c2241bee6f87a7a
docs/policies/Legal & Policy Center.pdf,Legal,370981,66b9e84eb8131f014ab43a0ed1254f64fba141f93338b0c31e36b44ee6fcb2b8
docs/policies/Legal Notice.pdf,Legal,403521,266816bbab203629c69135584f91a43a9d0781ac052f0549afe5c7bf09d62c06
docs/policies/Privacy Policy.pdf,Legal,420017,e09bb610d8713913ba6a8f649b59133c981c17b1d66786b8b22a091a24f9a46e
docs/policies/Refund Policy.pdf,Legal,403589,3456e64b0481e62cdcd6274c9fd59a0d2c5a333a1299a91a147b04adc982819d
docs/policies/Terms & Conditions.pdf,Legal,417412,b68f8c6a5219ffb07ceb2a2622191554bfd6895114b90a4f76f46ce10110125d
docs/policies/Trademark & Copyright Infringement Policy.pdf,Legal,281783,392f5195bbba67b0ccdafea960bb745c550bb81e4475e72e4639dfa0d4115941
docs/pre-restructuring-audit.md,Administrative/internal,10805,896a20bc412b0d4a4e5fdde0a23b855e9e895f461cd9d03ee7e88317a080d7b8
docs/staging/STAGING_ACCEPTANCE_REPORT.md,Administrative/internal,27979,761008a4123b3a5cbbccea0dd33de537ca284b0cb67b44b90786620f7edc25be
domain-agreement.php,Legal,625,f7e2843ac804245d9d2e892170c8f8c45451a2381b1aa9aedecc6ee2677d5254
domain-brokerage-terms.php,Legal,9650,13e042f37da3258062f5850853faf2c42012810c9c4efc944e2a6e7ff666fdb0
domain-renewal-policy.php,Legal,658,f271aa768c1b5bc4269da07d94c04290000b7a1ca34c9c7dbe10534dcc8bbeea
domain.php,Domains,644,ee4a12ed5ba1d568c78716f79cf1830fc9084ff4cfae282bf834de190c878932
domainregistrationaddendum.php,Legal,417,9af27154cb84fa31866d5995b85608ccbe0310ce8481935c8247353506a058b1
email-hosting.php,Email,2929,4170d9c6be9851d9c42a78b0bbe829d01ea53de6d2dbc08c877f4e3b0a638e11
enterprise-servers.php,Dedicated,690,c284fe42e74a5229d3228173704bb3630fe55aa06d2f4240b980fe6349e5e2be
fair-usage-policy.php,Legal,462,962621f095a5da8a306c59b4785edf8b7d7cea7a2f18b1be5edddd479f939ae5
faqs.php,Support,4711,2aefe645a389242af78b0c9a120c39150b47f6b21f4ad4c8c21eb743f0bc4355
future-element.php,Administrative/internal,674,9de7be0e8963cb352dff53a3c77ae2040e69057947b810c07e14ee07ee92ad3e
game-servers.php,Dedicated,666,0abf54cb285b85c55005eb77392d1acb4cbacc8f9c88900578ba7187668d1b63
help-center.php,Support,662,7357089490c5f3996ea2626ba1340b3194d0164b945dff90de6f5e5a328681b1
infrastructure/backups/README.md,Server Management,866,da801f600e7626d598395c51d9a24eb6def7e806bdd3efa391f4eb22a6a7a65f
infrastructure/docker/.env.example,Cloud,1089,18cc01a8d7d52298c4ee4553af9db851682519c259bd85b3add7e5d7af0e4bbd
infrastructure/docker/Dockerfile.app,Cloud,993,6c1d5b4e249a488817be9437656cc4f292cd30d3429ef75d12f005965c3c5b39
infrastructure/docker/docker-compose.dev.yml,Cloud,1315,09b2c32d1009c194dd54f165c46507de81ef5020489af62abba86ba84c5f6c45
infrastructure/docker/docker-compose.yml,Cloud,7657,0e3310e45c30ee1402fec3cc4e57c679383f554f7a93add6850fe28152066df9
infrastructure/litespeed/webroot-hardening.htaccess,Cloud,2131,dd37c338e8f41a21b5fd5126bbcf9d71f26def37aaabb3e8daa94af4ed857ba9
infrastructure/traefik/DYNAMIC-ROUTING.md,Cloud,1047,15b76b87be1f89d5a0b6f6d6b5d602ae46f7579c01d84e430d9222269ec20c6c
infrastructure/traefik/traefik.yml,Cloud,1018,dd75bf2e3dc0b4898f909557b20f3e1e283f46ad4f12081c087dc8e3fe115f9d
lang/overrides/arabic.php,Administrative/internal,61444,a46a5ed46f11f40bd5b3b35f5e6a2cca0c6356cd11d28181599756d141596b7d
lang/overrides/azerbaijani.php,Administrative/internal,54795,eabb20da795dc4b473e5f469f5ef87d89daa84939b68c49e7224705d1601d65d
lang/overrides/catalan.php,Administrative/internal,52146,8a22b30b0ab16052862d2b71251f79f5982dee9c789e2549b5d5e3f3768d7d89
lang/overrides/chinese.php,Administrative/internal,44961,9e01f889c4df9acd6ef65a3337a98f7e4e9280fa24cb76a3a222e5c933048afa
lang/overrides/croatian.php,Administrative/internal,49861,8a3dcefafd7dcba2d0f38a966dd44f302e9c00106e8a334590a3f78b93c1fe69
lang/overrides/czech.php,Administrative/internal,50618,a568d3cc4bff705384b198bc451f31f8cbd0f16ed4674859731f9397eb862793
lang/overrides/danish.php,Administrative/internal,48676,5a3c402073c95c5c062584adc0600f02928b0ed420a95f4c50a1de638ffcd46d
lang/overrides/dutch.php,Administrative/internal,49606,cc84f7c71a5ca7ffc3fae985f5ad08fca461217f7df47cd1ee59e1a95c3145c4
lang/overrides/english.php,Administrative/internal,52883,b956dc8fccabbd8567ccc86cb5615926780ed21033eee3a56ce69a32c7001ebd
lang/overrides/estonian.php,Administrative/internal,47966,5d17ca8bd23747683b673bacd2255d41a4d8d5d1b236c4b4bdbda7a7bfce1fed
lang/overrides/farsi.php,Administrative/internal,65257,8c4b6c4e99bd8d4c4adc36651955ebaea3a5cd59eb86f9d3084ec4f7c3776758
lang/overrides/french.php,Administrative/internal,53022,447ced7bfa5e285686038560fb4bb04d37ccef68d2c5e219a6b259acd4831226
lang/overrides/german.php,Administrative/internal,51865,e359f376732a2df7b707e961642db546ca2762bdebe3fc2117c8c5b8a83d42ed
lang/overrides/hebrew.php,Administrative/internal,63539,5f5825317cfb99595a0bcfa56a53e917a283b72caa8cdbb830c16bc4f76aaee9
lang/overrides/hungarian.php,Administrative/internal,51969,473e0e35b6ca4ef314b9d86b0bf72383720064d27789e0e88347ec69ff952da4
lang/overrides/italian.php,Administrative/internal,50978,c7a71faf5c97874f0aefaeb83c7996969c7cd7319339d9d3cba048aded2282c5
lang/overrides/korean.php,Administrative/internal,54210,acd00e6f887f71805aafe74aeca5156318a900a850809cfcefba84288bd49a17
lang/overrides/macedonian.php,Administrative/internal,73221,05da97cb555ab25e4a3db1e5c131ea8f793bd4d716ba2ae91cc0eab37031559d
lang/overrides/norwegian.php,Administrative/internal,48148,8b111f4083c44eb6186d5d7274b217ecf4e8b0c918e36dfd3cb5cbd7d388bd23
lang/overrides/portuguese-br.php,Administrative/internal,51571,d35c04baff36ab478722e78ee822c11dac3eb4a4db0510567be583c2f35a831e
lang/overrides/portuguese-pt.php,Administrative/internal,51570,6c26ca0568f2c3564f519e0ce83bc5fcd55d449062dea0e3f10b93d57c04b75d
lang/overrides/romanian.php,Administrative/internal,53970,07b9596745bb989aef0831dea586c5fb2127ba586519c475477670f9ee5cc4ff
lang/overrides/russian.php,Administrative/internal,82887,8c7009854c37c0df17f93348a4e9ff43d507288ec38010e7c49c5f9dbd10252a
lang/overrides/spanish.php,Administrative/internal,52439,03a945f0cb62569a377009d56143a571803329063fb49a9a5a577e17c31cda29
lang/overrides/swedish.php,Administrative/internal,51019,491b6d9127afa56fe1e1b5b303b10237c42de499ca6a7e7799d2a68e31f6214f
lang/overrides/turkish.php,Administrative/internal,58998,1911493a6b22524eff482977cd1bd5a37d38621316ec873557412b6b54dbedf2
lang/overrides/ukranian.php,Administrative/internal,80381,ca046d7940afe60ebd1c7c3b068f62163ffddf9e0d1b1c663b1ac735230cc3b1
legal-notice.php,Legal,666,56ef26ef877ad8946456a72657573e068c8292d7123643b8520f350917434131
legal.php,Legal,3974,46621bf1068c2472066e9cdd9b47544ad3363a88663930da23328056a9a992b8
modules/addons/cloudhost247_broker/bootstrap.php,Administrative/internal,1102,5953eb9e0808988cd03d80238f11cef0bf1a4d0a7480bdf7326b506e4ed8aaaa
modules/addons/cloudhost247_broker/cloudhost247_broker.php,Administrative/internal,4296,e0b7ea74ff0e453a4555ecb4ff5fbc4e29288cf6002ccd2c895e61d3841da608
modules/addons/cloudhost247_broker/hooks.php,Administrative/internal,1351,8bc994d4ea524b1ddab601cbd4deebb2dde6076547f2c279e6eecd3241fb1e5f
modules/addons/cloudhost247_broker/lib/Domain/CaseStatus.php,Administrative/internal,4547,01ee2c3a9533e37c3117756f805e341ab6d2355951fb659428a996b3649e106f
modules/addons/cloudhost247_broker/lib/Domain/DomainState.php,Administrative/internal,1922,08fb10e466dc12dc3fc3eee76b6f73b05b8923af85d1e5098bcf73e281fcdbdc
modules/addons/cloudhost247_broker/lib/Domain/DomainStatusResolver.php,Administrative/internal,6265,2f29810773ec38ecbc67cf72d5d21c7db3d8ebb22c44aa49f84d4800a7740574
modules/addons/cloudhost247_broker/lib/Domain/LegacyLookupBridge.php,Administrative/internal,2615,cb3cd1e83927b9bdfa7536158f38953d34818c8549e70b412432766596874137
modules/addons/cloudhost247_broker/lib/Domain/LookupBridgeInterface.php,Administrative/internal,692,b128ad5b9ab7fa45abdec677f1d59786f8434d09a05576a26ef4b7a7447e85b9
modules/addons/cloudhost247_broker/lib/Domain/PaymentStatus.php,Administrative/internal,921,3f4e67dba46b4b13337381d7163405a4f50f3a920f4d52629d8c71d06aebbd4d
modules/addons/cloudhost247_broker/lib/Domain/TransferStatus.php,Administrative/internal,1823,d00b416afbf6afab60e7d4da021a08dabb26c3e7a04d314efaffb960919c9a1e
modules/addons/cloudhost247_broker/lib/Http/AdminController.php,Administrative/internal,22247,997ca5ed05b4800f43577f5cae20176a8fa4998ab5061cc23c8b7973dee910f6
modules/addons/cloudhost247_broker/lib/Http/AdminView.php,Administrative/internal,33614,02f9c294744dfb12aaef6c79c80d88284e7b59e330749412fed6b7634ece411a
modules/addons/cloudhost247_broker/lib/Http/ClientAreaController.php,Administrative/internal,12814,26862c886486ba84a686007eb6fcea5e20f4c86db86e0f5eb7ac8914f462f3c8
modules/addons/cloudhost247_broker/lib/Providers/AbstractIntegrationAdapter.php,Administrative/internal,4306,f444cb260f1a7038d732b36b6bb25f36cb2ab45e6cf25f703a07b75e73d0f889
modules/addons/cloudhost247_broker/lib/Providers/AdapterRegistry.php,Administrative/internal,2714,3068f5c7072bc019b27bc7b583536ca983a5f4f9dde377ed5392fd4c5e285666
modules/addons/cloudhost247_broker/lib/Providers/AfternicAdapter.php,Administrative/internal,1207,71515f46be96001d74f2ea019b89c932c41536310161ee85cb649732569f30ab
modules/addons/cloudhost247_broker/lib/Providers/Capability.php,Administrative/internal,2535,a80ef52b150c55224dd9efcff21c8f007ac6d7da4c804874ed3f6180dfb13005
modules/addons/cloudhost247_broker/lib/Providers/ConnectionState.php,Administrative/internal,2180,a0f8b383a385750cffd90f80c04a134dc13b33fd8cc997178c104d55e2edd5a6
modules/addons/cloudhost247_broker/lib/Providers/DomainAgentsAdapter.php,Administrative/internal,1369,aca6ee7b5bb21b66fdcc9518cc7fbb1fd240d2389fec8ae81ec10f8bac41c63c
modules/addons/cloudhost247_broker/lib/Providers/GoDaddyAdapter.php,Administrative/internal,6205,c552c8276d16955e1473cfcf6be62728f60e795f37373d46485e318e4d440d17
modules/addons/cloudhost247_broker/lib/Providers/ManualBrokerAdapter.php,Administrative/internal,2427,c15feb17b29403ec5eca405a0ed8014634d0016ffc7809ea67696c099bfd4397
modules/addons/cloudhost247_broker/lib/Providers/ProviderAdapter.php,Administrative/internal,2214,c91dac08c9871371e87a80b3a19b4e22eafd37b83660f2889f5878f8d2a7c57d
modules/addons/cloudhost247_broker/lib/Providers/SedoAdapter.php,Administrative/internal,1389,2228e49652c2dbb9826656f9e2c91b901f8c4c2e1f0ebb8520cd739f075bdb8c
modules/addons/cloudhost247_broker/lib/Repositories/AssignmentRepository.php,Administrative/internal,913,82e6c6c89732cfa58af7ebd86592437c8769accafb5570b93cbe17cb92a9c16e
modules/addons/cloudhost247_broker/lib/Repositories/CaseRepository.php,Administrative/internal,8402,2d75bdb0922d3f85a6f18e97d5787eecd39c77753bda1d56a243161c5a522941
modules/addons/cloudhost247_broker/lib/Repositories/DocumentRepository.php,Administrative/internal,809,4c92afed27a9fe280d789e4943bd01982428e40edc1a94b515f7d9063e4340b4
modules/addons/cloudhost247_broker/lib/Repositories/EventRepository.php,Administrative/internal,821,b7ae23c91799c0c2cf32a13832e89013ce7e6f5e2eea8c7600acd365f58bbf8b
modules/addons/cloudhost247_broker/lib/Repositories/FeeRepository.php,Administrative/internal,1137,0c8b9c17b6cda74a58c5ce5e3e93ee0f8bb7bbe2e2cf98ef5010e5b91702a42b
modules/addons/cloudhost247_broker/lib/Repositories/MessageRepository.php,Administrative/internal,1049,ea4dad78b792f7fb96cb271d7134865a29c21b2a9cff6dcc524bc651b9e84517
modules/addons/cloudhost247_broker/lib/Repositories/OfferRepository.php,Administrative/internal,1202,cf071f7e589bbda3cd0866383f49af12f9c65b0f3441b024baefb8d146f0fda4
modules/addons/cloudhost247_broker/lib/Repositories/PaymentRepository.php,Administrative/internal,1215,74e98ce5435d11717fd459b47af259adddd868c3e6c5545e510d226ef247f7f0
modules/addons/cloudhost247_broker/lib/Repositories/ProviderCallRepository.php,Administrative/internal,2112,dd80bd2f4b79ac4c2f9712131163a088e0486b572e953686a89cd6b3c4cb8b13
modules/addons/cloudhost247_broker/lib/Repositories/ProviderConfigRepository.php,Administrative/internal,1867,22107f0fd5c6a48a0a3c10fd55e78ecf9bf8a87bd884daf1e298ddef1f29b3af
modules/addons/cloudhost247_broker/lib/Repositories/SettingsRepository.php,Administrative/internal,1948,3f7aa2d68a3038762b2a9943da068f678c67ed030d9d3f54b9b2611e99ca05e3
modules/addons/cloudhost247_broker/lib/Repositories/TransferRepository.php,Administrative/internal,1058,e84bfb6066b65caff96d6c9e18948650d01ebc6582468e285484c46f96cba172
modules/addons/cloudhost247_broker/lib/Routing/AcquisitionRouter.php,Administrative/internal,3440,3de2287e3e9527bd9fd7d25cf874bcdc39639c696cd489498b4a7f640087f446
modules/addons/cloudhost247_broker/lib/Security/CaseGuard.php,Administrative/internal,1666,2bfc6ded1451174a61e489abb590e41b4aeb9bf379884f0a58c1a0605eeaed75
modules/addons/cloudhost247_broker/lib/Security/ClientGuard.php,Administrative/internal,1393,e3125639505bbebfb9186d0f3e2b111e44a3701890376e8abf850682760ecbbe
modules/addons/cloudhost247_broker/lib/Security/InputValidator.php,Administrative/internal,2657,d83592d3b629725bb1d5cc35fd328953ccbd970daecb9bfd079bf27269e94c92
modules/addons/cloudhost247_broker/lib/Services/BrokerageService.php,Administrative/internal,15207,73d8dc8dd96fd69ca6016c9245a0c67e6659568c5b1c514b9e74c35033185d06
modules/addons/cloudhost247_broker/lib/Services/CaseNumberGenerator.php,Administrative/internal,974,b035130345eab8db79a4571cdad489506e59736bac6ffe4943de1141b5c56b37
modules/addons/cloudhost247_broker/lib/Services/DomainDeliveryService.php,Administrative/internal,12753,cebed5e2f2a4bf34fa84bf79ef85f1545a535664b2f06921fbda341ddef550a4
modules/addons/cloudhost247_broker/lib/Services/FeeCalculator.php,Administrative/internal,2740,fa48663b266cf0bcddad9e48042d248bf717b0e7b7878b9012e8ae1f6b330bcf
modules/addons/cloudhost247_broker/lib/Services/NegotiationService.php,Administrative/internal,10579,e0383f9dd64c392bbf7edd47ba05d4667c0d65d20812682afcc909afc8e80b95
modules/addons/cloudhost247_broker/lib/Services/NotificationService.php,Administrative/internal,7309,65d9b7983204f7a7b52a7b5ccf86b5f112558a5c00ace266c5e0fdc008537484
modules/addons/cloudhost247_broker/lib/Services/PaymentService.php,Administrative/internal,8418,dee3e664aedfc10c748e3f5d92cd955b4418331bc3cbdc32e9d5a5c45a610e11
modules/addons/cloudhost247_broker/lib/Services/TransferService.php,Administrative/internal,9596,5da535da6297cb96650cfa05ad2b6dfa3c7a98943f3cb0a18eaad90acd8a1acf
modules/addons/cloudhost247_broker/migrations/V100.php,Administrative/internal,13998,cd65140f6be05c69b1c095f83b477e7b46e16e9badbd83922110825a8b5bb43c
modules/addons/cloudhost247_broker/migrations/V110.php,Administrative/internal,2090,03d268a0e08fbc3da2755616bb475e87a67e14fe0af904dc6615669c07b3d0a9
modules/addons/cloudhost247_broker/templates/detail.tpl,Administrative/internal,7905,5d8da95b801b0f4576eaaffbd295491aea5956d95813056a3fb69707d9a5b8d1
modules/addons/cloudhost247_broker/templates/list.tpl,Administrative/internal,2007,390c3810c1e23b0de91f32669b4c005e1a6ce57263cd469a261816dd5efe44bb
modules/addons/cloudhost247_broker/templates/new.tpl,Administrative/internal,3431,bb75d1656d59525f9cdb83629cbdcb1d63ea17ef6e321a2b0af2115565627256
modules/addons/cloudhost247_builder/README.md,Administrative/internal,5086,368ce7cfc533b94854ebd3710fdc34704a49baf7ee0490c96ead38b31857830b
modules/addons/cloudhost247_builder/assets/css/admin.css,Administrative/internal,7460,421a04542f4239e4be1d1bf173c2c6f73be0b3f56c9f05c927cd14a8122da433
modules/addons/cloudhost247_builder/assets/css/editor.css,Administrative/internal,8247,fd284dc48192451b6cce3fbabd4188fdb6aad86c10d88f171846e0c8bd5b43a0
modules/addons/cloudhost247_builder/assets/css/runtime.css,Administrative/internal,16545,a2986382fc3fffad629aa06ce1cfe3a3fa7e13b30984798f86ddb3f9cfca04ed
modules/addons/cloudhost247_builder/assets/js/editor.js,Administrative/internal,58451,434e807a23c647b354ba23b03c731a1fb64a1b5b840089155fd55d1f28717831
modules/addons/cloudhost247_builder/assets/js/runtime.js,Administrative/internal,6737,298ec351963cda272a1d5915a51909753c48fe54c7550ebd0cde5047ad545979
modules/addons/cloudhost247_builder/bootstrap.php,Administrative/internal,900,69d5e150ff3edfe514ea99028abc3353e2ca4882f97159c0d91f183be535485a
modules/addons/cloudhost247_builder/cloudhost247_builder.php,Administrative/internal,4757,3369e509c3e131b62abba52cb3be97962cae67f8df43844a58a955ddb3265363
modules/addons/cloudhost247_builder/hooks.php,Administrative/internal,2833,89a974e11008660d910621dd7a53ea06dac7e375f74d96874d55892d5c2ae940
modules/addons/cloudhost247_builder/lib/Admin/AdminController.php,Administrative/internal,51224,a83ce23e0d381ae63bc30c57ff358e1cdfb233c3eb983b5e50659504ceef05e6
modules/addons/cloudhost247_builder/lib/Admin/AdminView.php,Administrative/internal,69894,d4ebbf5a9dd160d4bd0ebbd2a4dfae95ce70fb43b2ee140188eca26e0946b80c
modules/addons/cloudhost247_builder/lib/Admin/EditorContext.php,Administrative/internal,1322,a8587c5b7055addca3870143381c44b64869415742554ef0316582edb88b30ca
modules/addons/cloudhost247_builder/lib/Catalog/CartLinks.php,Administrative/internal,2226,8870bf8af1f71c9c93d69af379067ab1882f54cfa348cf82a7dbedd56145c2e5
modules/addons/cloudhost247_builder/lib/Catalog/Money.php,Administrative/internal,1179,f69531b69109cdb3c2d26089d335031c9ed66aff23a18e8031ab09bdf6ebd46a
modules/addons/cloudhost247_builder/lib/Catalog/WhmcsDataSource.php,Administrative/internal,18308,81f7e3d8be53260aea5524f6abe7cb20425863df89c665a1aae05b2ab0bf9f93
modules/addons/cloudhost247_builder/lib/Contracts/LiveDataSource.php,Administrative/internal,3608,afec4207ea30957a3883ac8393df663ef240c0e30b73053f7b9f7904b1884211
modules/addons/cloudhost247_builder/lib/Render/Icons.php,Administrative/internal,4554,e7dbee46a521508f0dc66ec7d378329eb891e155d71e06e5e3cc26a7739cf2dc
modules/addons/cloudhost247_builder/lib/Render/RenderContext.php,Administrative/internal,3700,79e3721dfecd4648750f31a2c7ab72264551071ba66b5038da0e4b9d98173b8e
modules/addons/cloudhost247_builder/lib/Render/Renderer.php,Administrative/internal,7616,a3b95d20a3b5ce9edb35722ee6a390c9e773d2fc605ab32f31662a36fd7055ee
modules/addons/cloudhost247_builder/lib/Render/StyleCompiler.php,Administrative/internal,5734,357b732412c02c9da8f740bb1e3dd2fccde88749ad3d5122aad1123e5a5453c1
modules/addons/cloudhost247_builder/lib/Render/WidgetRenderer.php,Administrative/internal,60520,47d4756788fdac78a9c7a52bd5866d54ea6219f13238b445ffdff665722ae71b
modules/addons/cloudhost247_builder/lib/Repositories/EventRepository.php,Administrative/internal,5703,4e7b0f5b4390223dac0e43a0bea63933601b3c5b6ef25dd76ccc53541dc70b82
modules/addons/cloudhost247_builder/lib/Repositories/FormRepository.php,Administrative/internal,6209,84b52d32869c2bbf15f9b8c2be97a46ea5bca6ad3114757c6ffb04a9de4d46d0
modules/addons/cloudhost247_builder/lib/Repositories/LibraryRepository.php,Administrative/internal,14175,c41c39e4879d34dd5cb42da2309f5ce2fccc2aa1d3008fbc9ae8d1186b4d9947
modules/addons/cloudhost247_builder/lib/Repositories/MediaRepository.php,Administrative/internal,4169,609b6cd59cdef2ea730fc0aecfcb49e8d96060669cd7894f543ccdf0b3067c13
modules/addons/cloudhost247_builder/lib/Repositories/PageRepository.php,Administrative/internal,17901,6ec1bdcc81a3228c06c20bce8929f4f5a6ff24ff729d43fa28f03d64ba32fcd1
modules/addons/cloudhost247_builder/lib/Schema/Document.php,Administrative/internal,5721,56a6a975313f922cd9c6d2ba1eead8ab4bfb47424224852307d155b57fd72bf8
modules/addons/cloudhost247_builder/lib/Schema/DocumentMigrator.php,Administrative/internal,2559,55b81cc331b05cd042a65162a16be732baf436d9d90bd2b955b8a32adbddb2bd
modules/addons/cloudhost247_builder/lib/Schema/Node.php,Administrative/internal,8142,925c5d5e6d20aa653f3ed2c7223464e528045a7cec2d2c1b44ab5774aebafbfd
modules/addons/cloudhost247_builder/lib/Schema/SchemaValidator.php,Administrative/internal,10175,461081e297849b64a52e05b72f65c5fb48ec193a942aa9a46e9f4aea3e744756
modules/addons/cloudhost247_builder/lib/Schema/StyleSchema.php,Administrative/internal,17233,108d3db0b1c940bffd4d9371320c6090785e5c07c0cc0271ab65ec08a9f4d501
modules/addons/cloudhost247_builder/lib/Security/CapabilityPolicy.php,Administrative/internal,6704,733c35c56b7321e975a564f7d33b44702736c0b94eb75e52bd463a9fb90e8f98
modules/addons/cloudhost247_builder/lib/Services/DisplayConditions.php,Administrative/internal,6239,2dcf453aeff5245360e943d94956591efa9d1ccc1220535a122cbab6eb0a1706
modules/addons/cloudhost247_builder/lib/Services/FormService.php,Administrative/internal,19300,6aae00e4e27faa7d3fb0760a32e5d5d953efbdec4c02b6551ec9d21019d4adca
modules/addons/cloudhost247_builder/lib/Services/MediaService.php,Administrative/internal,15080,44fc6bd8c46397cc08f0cad4f660499bcb7c669fbf266b1512560ce4906edbc5
modules/addons/cloudhost247_builder/lib/Services/MenuService.php,Administrative/internal,3965,51afa9dff89a7f512f01f0c3eef4885a1dca80cc448ef151c38442895a6b0fe3
modules/addons/cloudhost247_builder/lib/Services/PageService.php,Administrative/internal,19410,e1036ccb282eff15ecb66364ae9c10d23a81e9dce92497a43c3afc1ecd1c8ad9
modules/addons/cloudhost247_builder/lib/Services/Settings.php,Administrative/internal,7052,27af65fcfe6c9d627fc8cea68c77cc06b4d8855a6283c45fbd5383e3c73ac857
modules/addons/cloudhost247_builder/lib/Services/SitemapService.php,Administrative/internal,3015,da150abd987ff312115981a21939cde2e1af2bb592cdfe4b69b470fdb1f14cf1
modules/addons/cloudhost247_builder/lib/Services/Starters.php,Administrative/internal,15349,f911aa4c1bd7b1410bc0736f2aa31efc2b60a1ed9b02eac010964b2fa474b6dc
modules/addons/cloudhost247_builder/lib/Services/TemplateService.php,Administrative/internal,11355,1894c975c8422905d2e2e9f72b52a5027eb9f609a51e0ec45cd53756354aea95
modules/addons/cloudhost247_builder/lib/Services/ThemeService.php,Administrative/internal,6228,8eb4dddf5b70c26be945f5c6f95dac76ffa6f3b195ad8ac2b9af12d7b1bf6f89
modules/addons/cloudhost247_builder/lib/Site/PageResolver.php,Administrative/internal,11497,cf5cedd5140216b5e11d9ee8e747ce1d35f76d06a7834f17e3e9c1da1b30e471
modules/addons/cloudhost247_builder/lib/Site/SocialMeta.php,Administrative/internal,2976,2bccd530dbc8d55469593b12fea6618703a4e38b76662205df03cd4c9e8ad831
modules/addons/cloudhost247_builder/lib/Support/BuilderException.php,Administrative/internal,3414,28b5a27d084a6e151a902798f2cd08500e357e6375a5da685b7c21479aabc66e
modules/addons/cloudhost247_builder/lib/Support/CssSanitizer.php,Administrative/internal,3253,80e1cc749efc0045f02fcacad6f03efd5da51bfde71a87538d373799056024d5
modules/addons/cloudhost247_builder/lib/Support/HtmlSanitizer.php,Administrative/internal,10211,794decd0bed349dcedd4254e1c2daa93e7045ee0c4b0af1976023c5035806fb4
modules/addons/cloudhost247_builder/lib/Support/Ids.php,Administrative/internal,1405,909d43342fe84bec18dd54a56fe85ec99b0ead035c4240e0965ec2c48ca506c2
modules/addons/cloudhost247_builder/lib/Support/Paths.php,Administrative/internal,7148,c063ac3962a5fb51c3caec0e95db9e9b496f060ff3ed189443b519af8301e647
modules/addons/cloudhost247_builder/lib/Support/Slug.php,Administrative/internal,3101,c00c08a9859ad4a894e067668f8e1adc9cea02aec1bcdc971bf3787e3c590848
modules/addons/cloudhost247_builder/lib/Support/UrlPolicy.php,Administrative/internal,3543,a98bfc2cb18cd5957559c60db1092edf227ac4d9db2a762cdd383e0e2a95d7f9
modules/addons/cloudhost247_builder/lib/Widgets/WidgetCatalog.php,Administrative/internal,41486,1b2b485315b20d7ff65e641524e6f5980c62dcdcff240638b1bfebd6e88b55a2
modules/addons/cloudhost247_builder/lib/Widgets/WidgetDefinition.php,Administrative/internal,3903,d442f6a0b0d1e520487d159c888ff0500a0ac4ee7ec833756f40dda7c660cb36
modules/addons/cloudhost247_builder/migrations/V100.php,Administrative/internal,12057,c39c4e71813784fad131ecc5f08d79b6fb4e51869ab145e2cc9c126c53788ed6
modules/addons/cloudhost247_cart_recovery/README.md,Checkout,15493,3d84ec116a5b200ad3e64b76c63d8d77ddd0ffd93989feb81b823060bfbb30fd
modules/addons/cloudhost247_cart_recovery/bootstrap.php,Administrative/internal,965,841b0d5b0f4a613ef0cd7838e4a0ae4ad2765b33f095f8f348cbe832cccc6447
modules/addons/cloudhost247_cart_recovery/cloudhost247_cart_recovery.php,Checkout,3630,600c77714a17de123dc73114e11a0b13fc4f69f15cee2a3bdb362b7c6a31d4f1
modules/addons/cloudhost247_cart_recovery/cron.php,Checkout,2247,14fc5883f78bf7aeb077a5c9b1829efeba0e1c16adf0a54080bafbeb7468dd74
modules/addons/cloudhost247_cart_recovery/hooks.php,Checkout,9183,3bd3eaef2c1ce00ad39d4cd51c7a2f82823bae7494cd7c77f045c86feda2c332
modules/addons/cloudhost247_cart_recovery/lib/AdminController.php,Administrative/internal,10387,879c42149b8f9a06d7e45ab938bf8e8288f71cd04553c18ddc787d51bccf0a48
modules/addons/cloudhost247_cart_recovery/lib/Analytics.php,Administrative/internal,4734,4114e546366fb3cf1d301d4dd6bb16483dd821fe41a8add99ecee05997824d7c
modules/addons/cloudhost247_cart_recovery/lib/CartSnapshot.php,Administrative/internal,11474,77d82af8209a19a92e7f4238c79eaaf6f468962c6b8714feea52c760093a324f
modules/addons/cloudhost247_cart_recovery/lib/EmailService.php,Administrative/internal,11437,bec831994146080385e6efb6253e05431ef72fdff2a00eb9581d6e6c967e68a8
modules/addons/cloudhost247_cart_recovery/lib/Lock.php,Administrative/internal,2759,7f070ce3b386d0928915602b0c09ff68a86e663cff66d2d7497e85f426813bdf
modules/addons/cloudhost247_cart_recovery/lib/Log.php,Administrative/internal,3104,3635c71a3129714b89d7b3c4ac2f1ac097a4f38396a2be20d1ccc47ca8f68a2a
modules/addons/cloudhost247_cart_recovery/lib/MigrationRunner.php,Administrative/internal,3025,53e811057bfd2088591b3b1e37efcceb58a6205193083e7eea46de6bc515994a
modules/addons/cloudhost247_cart_recovery/lib/OrderRevenue.php,Administrative/internal,2932,68f648fad57569e79722e4fa40e33d94058b18d66426baeb0f1ac10d3a18434e
modules/addons/cloudhost247_cart_recovery/lib/RecoveryService.php,Administrative/internal,21156,95e17376d57772d3d48747b1ba4419dd6733b21bd21c70b8709d98c2010778d8
modules/addons/cloudhost247_cart_recovery/lib/ReminderService.php,Administrative/internal,13312,237a71b040f78f96b6d2fa72c97e7d0aff42af998545cca3f0a53f04787837e2
modules/addons/cloudhost247_cart_recovery/lib/Schema.php,Administrative/internal,1709,9384f359707887466d8b3a4a3b13362caa09b100ca5129990f10787ba3d990a4
modules/addons/cloudhost247_cart_recovery/lib/SettingsRepository.php,Administrative/internal,5646,ef8f96f635e4501b8a88ab5c3fee116bbf0c76bba97af86ebc24e136a4e20a42
modules/addons/cloudhost247_cart_recovery/lib/TokenService.php,Administrative/internal,2233,f7e593060c48eba78530821a2b01323a18665b2428a0bb525fe664dfff6ee68c
modules/addons/cloudhost247_cart_recovery/migrations/V100.php,Administrative/internal,5932,e6ef0b20e88ac05ab802856736aac7e1cb88c2a54e921fe65870753425985700
modules/addons/cloudhost247_cart_recovery/migrations/V101.php,Administrative/internal,1931,a9bf8601937e178db02d9adb79ae2e33260fc5673efad8c70aeebf767800ebc8
modules/addons/cloudhost247_cart_recovery/recover.php,Checkout,5115,f7834888549114e58dafc71c9f1f33d48f153f0bc56cb324bcd55116bb6ce559
modules/addons/cloudhost247_cart_recovery/templates/admin/index.tpl,Administrative/internal,16234,4941ac62c1b821451a047b0bb88665d7fb99a6de2672a4ff4521632a9dd411a5
modules/addons/cloudhost247_core/bootstrap.php,Administrative/internal,467,7dea5495696782bee7b1910fa690eb3dc0cd2a6a8c9ebedac1b1b0c48b96f7f9
modules/addons/cloudhost247_core/cloudhost247_core.php,Administrative/internal,8367,0fc5b436a8a75cf143864984ae4cf464e83a44c4225ca42bc5e38fc53db88e94
modules/addons/cloudhost247_core/hooks.php,Administrative/internal,146,f26b53ece75b1fd9dc0e1c7be85b0d2ed03f9b26c132809def3ea62b051da007
modules/addons/cloudhost247_core/lib/Contracts/Migration.php,Administrative/internal,168,4ec299f733cc89451b44b10bc7fcca4523342abdac45bb9c4dae383181031fe9
modules/addons/cloudhost247_core/lib/Database/CoreAuditMigration.php,Administrative/internal,894,4db8adceca3cee8d523be2384306990b19701f49f1da6682741200bc4e898801
modules/addons/cloudhost247_core/lib/Database/MigrationRunner.php,Administrative/internal,2409,ed6b719a0ae51aad5770884c45ad8af18e084af77663ac6601c21b8f3ffbdb2e
modules/addons/cloudhost247_core/lib/Security/AdminGuard.php,Administrative/internal,2527,201ed890fd0a375c6db10fb921aac5f4ca2951505c3cd6c2ef7c795b8d9f79be
modules/addons/cloudhost247_core/lib/Security/SecretPolicy.php,Administrative/internal,1100,f2b69c6aca422e3a17b65b5de44f0c154b5845bd2ed87aaea1db3a63911cf103
modules/addons/cloudhost247_core/lib/Support/AuditLogger.php,Administrative/internal,1130,03093bdff1ae3397d9613bebcd357d0e15f761e04aaafae920f815a5ab4998f0
modules/addons/cloudhost247_core/lib/Support/AuditRepository.php,Administrative/internal,1756,be488c85f65b16b550e8201aba881c4e1fecdd564e429daef34a64551f9c55c1
modules/addons/cloudhost247_core/lib/Support/HealthCheck.php,Administrative/internal,610,65e7b98b1b10235dda9ee72a7de685101bfc096e06d3f09ed6f82018ba037aba
modules/addons/cloudhost247_core/lib/Support/Logger.php,Administrative/internal,1360,f1a4a1ec9d6a44e64c13d015c708f33e96e9f81b50fc9fcbda12e72dbb2e4d50
modules/addons/cloudhost247_core/lib/Support/SafeError.php,Administrative/internal,520,85f68536e277c4a305595cdf17ca9741accb4d89a14318d15e245e742a724198
modules/addons/cloudhost247_currency/bootstrap.php,Administrative/internal,369,9ab53dd325fc90d3cc64e5e42a71e59ce1e2205de2297095cb7aeaf9e455479d
modules/addons/cloudhost247_currency/cloudhost247_currency.php,Administrative/internal,6448,95f415e2b98e49ca6218e606e0764de01010b6523434a904359d70220688056f
modules/addons/cloudhost247_currency/hooks.php,Administrative/internal,1080,80bf0ad287a16cf70babe71bb65492de3501d2a3460bfb8549e92bbddf1bec5f
modules/addons/cloudhost247_currency/lib/Contracts/RateProvider.php,Administrative/internal,153,09523b8c31abed9d0b6ae996307528b7c9d413a18fb912d22945ce0b942bcb63
modules/addons/cloudhost247_currency/lib/Providers/EcbProvider.php,Administrative/internal,1176,d36e409ce6a2ed706547b06c7b8755f25350227ed7614dc70003d07def14f8ea
modules/addons/cloudhost247_currency/lib/Providers/FrankfurterProvider.php,Administrative/internal,1256,73e36f1ad1fee366cd7f9754113e7b13698ead55e5ac2d7e34adb3a19c5c325e
modules/addons/cloudhost247_currency/lib/Providers/ProviderFactory.php,Administrative/internal,378,6966b848af06e55ecaa4af0bc6d85a76813dbef8131ad07b4f8c10eeafa17d23
modules/addons/cloudhost247_currency/lib/Services/AdminController.php,Administrative/internal,2938,7aae442821838bda269f815c410f07cff4c998f9abeeead10983db94687544c2
modules/addons/cloudhost247_currency/lib/Services/CurrencyRepository.php,Administrative/internal,4639,0303ecabd40a86e16ab0f572b95abf4a45a896b72134304cc510a498d474e8c6
modules/addons/cloudhost247_currency/lib/Services/ExecutionLock.php,Administrative/internal,904,6991c209dd7872c383c219f0acee6838b7e94baf2ebe2fc85733bb58123a85d9
modules/addons/cloudhost247_currency/lib/Services/UpdateEngine.php,Administrative/internal,3032,0c36fb2e2d3a9acbf68b241264ca55ecc22453b4ce783e4d2c22b11706950ece
modules/addons/cloudhost247_currency/lib/Support/EndpointResolver.php,Administrative/internal,1466,50448c351817c35fd48e26a4e737ba98b84b5155500290bb28431d068e986e13
modules/addons/cloudhost247_currency/lib/Support/HttpClient.php,Administrative/internal,1045,a66b4a94d3fed4356added2d659ab4e4bd541b6d8d6754bbf1e20bf1d2daf6a3
modules/addons/cloudhost247_currency/lib/Support/RateMath.php,Administrative/internal,1326,6037df13987ab46f7ffd73ec1b11437851412575586b22eb604932af965cc070
modules/addons/cloudhost247_currency/migrations/V100.php,Administrative/internal,1752,5497a1992216f30e1dc9789f1914dd68148d32c68c94464ea408a7b66bf17626
modules/addons/cloudhost247_currency/migrations/V110.php,Administrative/internal,2126,575e34507270527347f3364e02ee9db68807ea2d92c679d30a6843db6d7d178c
modules/addons/cloudhost247_domain_lookup/README.md,Domains,7800,9851e7417e3fe02420e85ba609b9cc9dafc7717348725f7cc83037900ddd11a5
modules/addons/cloudhost247_domain_lookup/api/IPWhoApi.php,Domains,5891,1f036b6e97bd0c4a42258ce25b9ffb2b6c4e2e4250debb8e4fd41e4f507a01f6
modules/addons/cloudhost247_domain_lookup/api/IPinfoApi.php,Domains,9198,f098b1782613e7c57b7da2fbe74870b636915bee095735968d692e61589e2772
modules/addons/cloudhost247_domain_lookup/api/NativeWhois.php,Domains,13338,722dd6c646ef06a33364f6ab1bbcd256cfe7060b4b7d351060c6c43c53cff2f4
modules/addons/cloudhost247_domain_lookup/api/WhatIsMyIPApi.php,Domains,10606,e5a1e62e3b9200351b959542be988469db089c4001b0e32859ffd8c9c935714f
modules/addons/cloudhost247_domain_lookup/assets/css/cloudhost247-tools.css,Domains,11284,5f322fcad7565ada82c9249f1e42e9c77ea9fdfc3150cecc289dea4e652f5ec1
modules/addons/cloudhost247_domain_lookup/assets/js/cloudhost247-tools.js,Domains,21907,9022482c96269006dbc975b1eaa2bc332e740f43606182b285ca495fa120c02e
modules/addons/cloudhost247_domain_lookup/cloudhost247_domain_lookup.php,Domains,18352,9f67ada333a2df92fa43f43ae888598db76377ff52078c0c5fb09df190929a81
modules/addons/cloudhost247_domain_lookup/hooks.php,Domains,4888,a5dbc5071648d42b518dbe64afb40d1d315109e1dcbc95c8b23a5fc756bae4cd
modules/addons/cloudhost247_domain_lookup/includes/AjaxHandler.php,Domains,8474,58e4af0778accabab5b72290b33aa8ebb25ba3302786887c56a64fcd47b3086b
modules/addons/cloudhost247_domain_lookup/includes/Autoloader.php,Domains,1755,7c8d6077c1e69556883ec127d3c9388cdbbd453006cc245fabede162439fcfdf
modules/addons/cloudhost247_domain_lookup/includes/CacheManager.php,Domains,8992,c8eee51180c8d411c4c80b95accb4feb694b9a085ebe9a58d42e1f18a4ee31f0
modules/addons/cloudhost247_domain_lookup/includes/DnsTool.php,Domains,8527,ec623d5f5be46e2e29ac20474a7e3554e021c68ad8b88091d77ac9ab68e7a9b9
modules/addons/cloudhost247_domain_lookup/includes/DomainAvailability.php,Domains,6695,a2eaeba4d44b58c8b5954d1d864a47c8eb608423d7b65a83e6bd9af84ce2a13b
modules/addons/cloudhost247_domain_lookup/includes/IpTool.php,Domains,3446,689c322d43ef5c388a69452d027915c25d407147e89974d091301dbbed38ae98
modules/addons/cloudhost247_domain_lookup/includes/SecurityManager.php,Domains,8969,ba9c35d559363581983c080b6371db232de26e39b04599afe501fb35e6c65713
modules/addons/cloudhost247_domain_lookup/includes/WhoisTool.php,Domains,3557,5b4618e7f8b9f97196de6ef85808909f381688509244d8288629bcb3d5b0587b
modules/addons/cloudhost247_domain_lookup/templates/admin/dashboard.tpl,Administrative/internal,7315,0e6d44599b8dfc1285ed4e9dfbdc3a9acf188e2bfd00ad869dd120f7250c9892
modules/addons/cloudhost247_domain_lookup/templates/admin/logs.tpl,Administrative/internal,3705,2d6e95859cd6383910336b251385516e9e5997b2851ed35c123e67608de0aa9f
modules/addons/cloudhost247_domain_lookup/templates/client/tool.tpl,Domains,18897,91312a8c9d82be6f26f201bc6da146f108b67e6691db866ceefbf392588cca55
modules/addons/cloudhost247_domain_lookup/templates/client/tools.tpl,Domains,1503,cc8e5fc4dcfcb3d192495d64dee9f54c03566d4f784d2d4c7dc19549f0296db3
modules/addons/cloudhost247_integrations/README.md,Administrative/internal,4679,cb43e49b9107ab604d55133ec31756d606f1fc05a6999c9ee7610965b014719c
modules/addons/cloudhost247_integrations/bootstrap.php,Administrative/internal,528,b8a8dd2933019de1e4ece2daea08ce17a4f58f4c5b5a2b8f31d70cfdb9cd8379
modules/addons/cloudhost247_integrations/cloudhost247_integrations.php,Administrative/internal,2697,bc7109cf4f1a0e14124aa249a7bd72343541f6b0e9e23643abe2ea66a89e81d6
modules/addons/cloudhost247_integrations/lib/Api/CurlTransport.php,Administrative/internal,3320,74556e0eae00d5cc5ecaae420d59b67bf2f341c0838a8c44e469759b92229a7c
modules/addons/cloudhost247_integrations/lib/Api/IntegrationClient.php,Administrative/internal,15787,e12f2ef1cc09011dfc767eb5ac5a5bc7dbe1c0baa96b6bfe772fe721c1b70793
modules/addons/cloudhost247_integrations/lib/Api/Signers/AwsV4Signer.php,Administrative/internal,4530,fcd5ba2bf014ff619276b18224e0a2601a306947bff543800a5d286f2262db5a
modules/addons/cloudhost247_integrations/lib/Api/Signers/OvhSigner.php,Administrative/internal,1277,084e355d8192a76328156e676d66ad90a60911eeb359bd4ccd69196140dc4ff9
modules/addons/cloudhost247_integrations/lib/Api/SmtpClient.php,Administrative/internal,19182,66afeb339eb322a820482f6496c26609b6e3db9005c789a4b3fe6cef0e53cba0
modules/addons/cloudhost247_integrations/lib/Api/SmtpProbe.php,Administrative/internal,7943,81c4a0814d8ba14b28689772234a8c447a174534c9dc0f405c72904a7630306b
modules/addons/cloudhost247_integrations/lib/Api/Transport.php,Administrative/internal,629,e8e0940b9f04edaca8e2601c7c3dde0bfb93e055b862316507091856d7fa3c6f
modules/addons/cloudhost247_integrations/lib/Api/TransportException.php,Administrative/internal,684,4ea2e14fa2d48b8514a1695f037ec5a297105d68321c44400cb9bd77bcf17b34
modules/addons/cloudhost247_integrations/lib/Registry/FieldDefinition.php,Administrative/internal,4378,4d926b6bba9111c646e2ffbd4a4d3f80e61a85e37f530eea64aa434d9a371a32
modules/addons/cloudhost247_integrations/lib/Registry/ProviderCatalog.php,Administrative/internal,60065,3a26da1a4e08442eefea31acfe1f659e91f88df2aabdfeb96d6594c4a8a031ca
modules/addons/cloudhost247_integrations/lib/Registry/ProviderDefinition.php,Administrative/internal,7838,86b0db67dbc053a5689de9266d8fcf4e69cde54472cbe98e0e0c9d5257eee402
modules/addons/cloudhost247_integrations/lib/Registry/ProviderRegistry.php,Administrative/internal,4333,85b7735a2660a4f21a84370049fd62386598a4619ce9da8bb9872cadd9994729
modules/addons/cloudhost247_integrations/lib/Security/MasterKey.php,Administrative/internal,3645,e9a121f96f1fa9833b03b9373cd69087d3621b496bab755960d870c5c690a0c7
modules/addons/cloudhost247_integrations/lib/Security/SecretVault.php,Administrative/internal,4231,fc121741e7553e0b2e079f65cbe084cc49c51353ad51764ac9d6bcffca76c1eb
modules/addons/cloudhost247_integrations/lib/Security/UrlGuard.php,Administrative/internal,5523,9b1f756245a7ac7aab62ac98f6b680150d6612af42fc0b05b73d430692beaf26
modules/addons/cloudhost247_integrations/lib/Services/AdminController.php,Administrative/internal,14235,ebca959c8cffe79574599b226bce3e230b87ca494e27f770c2caf16329438dfe
modules/addons/cloudhost247_integrations/lib/Services/AdminView.php,Administrative/internal,32168,6d8e5b810a024b79a8270ffba2510d33bb0dc25f7f96c8c9a673b9439c079a5b
modules/addons/cloudhost247_integrations/lib/Services/ConnectionTester.php,Administrative/internal,7863,030323c2e4cfc20251790ff83fa8026101d257e4bbb0905046d79efab4230c6b
modules/addons/cloudhost247_integrations/lib/Services/IntegrationManager.php,Administrative/internal,15758,7bae4588cc05be21bc84c0b536c0ec99e0a2a572b7e038d076907414d7614f46
modules/addons/cloudhost247_integrations/lib/Services/IntegrationRepository.php,Administrative/internal,21084,cb42d85d935a104a888946d6623faf69321f645af8cd52c4ec15900514e1a551
modules/addons/cloudhost247_integrations/lib/Support/Environment.php,Administrative/internal,2911,6341a8ce833fd9c56bfeada00661ac84babdb23456dfec261aee2d2050c5de8a
modules/addons/cloudhost247_integrations/lib/Support/IntegrationException.php,Administrative/internal,1282,1d0c60aa7397aff88ee7e398dd4bfd6b0ce3dd159cb1ad1b3e9518a65e995d60
modules/addons/cloudhost247_integrations/lib/Support/Redactor.php,Administrative/internal,4252,e632c658759550446a74cf95b6310b6c10cbdfc61867ac60f627aa22a3ff5ece
modules/addons/cloudhost247_integrations/lib/Support/ResultCode.php,Administrative/internal,3212,6cb28cca5e1a3d36e392c2446245e08a981f67c2a6bdf165580f6f24cca4f1a9
modules/addons/cloudhost247_integrations/migrations/V100.php,Administrative/internal,4367,6e37ed456ad00fa2b4522215668df9f8569d720ac562f67e89fc3aa845ed9aa5
modules/addons/cloudhost247_marketing/bootstrap.php,Administrative/internal,1117,7f74089a1750d7828dee26cb4783be5438420f1966f205f78ef39fc2b8b81e14
modules/addons/cloudhost247_marketing/cloudhost247_marketing.php,Administrative/internal,4176,e4a56c4c16fd0dd406e4a703fe95c6f9c3106921749dae2c14e361150bbaa003
modules/addons/cloudhost247_marketing/hooks.php,Administrative/internal,2308,3fef3f345310ebc1fb4a9af67fd73bd721f872faec8dfdc12650a5af3587e620
modules/addons/cloudhost247_marketing/lib/Domain/AutomationRunStatus.php,Administrative/internal,1137,b54aef1a2dd5f346c88986ddd309acacbd5dd9a90b7b047220e8faf301267c38
modules/addons/cloudhost247_marketing/lib/Domain/AutomationStatus.php,Administrative/internal,952,aba6706bf18154bbdeb8963b49aa9b72000787a062100b3d720afb10b5e0382c
modules/addons/cloudhost247_marketing/lib/Domain/AutomationStepType.php,Administrative/internal,881,c8f05aa80a305b3bcfc0da345e3de27e2fe0a297bdcc464017f8d214c34bb88f
modules/addons/cloudhost247_marketing/lib/Domain/AutomationTrigger.php,Administrative/internal,1099,b9a02b9fcc83b6bb707b9d9ab90fb6d6f87c00a31af3562667c6c2ebb960823d
modules/addons/cloudhost247_marketing/lib/Domain/CampaignAudience.php,Administrative/internal,1377,565218350faf18de2ac34c1880e44db2e24c4f9f6437545da1bcd1a97ba72f7e
modules/addons/cloudhost247_marketing/lib/Domain/CampaignStatus.php,Administrative/internal,1835,666cc68d735b8e6f52422eda7bebbefdea3e24655c4fc8b7b4e04ae9ae3434af
modules/addons/cloudhost247_marketing/lib/Domain/ConsentStatus.php,Administrative/internal,1062,f54bb457206336a1d73dbe914da4eb280b4625f0d4632e95d77fff6802a1ae5d
modules/addons/cloudhost247_marketing/lib/Domain/EventType.php,Administrative/internal,1427,55a7d8827c092c456ed30941f11b2739fe74f80f208c998f05a99674d70f46f6
modules/addons/cloudhost247_marketing/lib/Domain/QueueStatus.php,Administrative/internal,1142,198fef2379a7d1ff0c18e7b5fe5e2772d631bb8a425fbf825b2d080e5e224f8f
modules/addons/cloudhost247_marketing/lib/Domain/ResultKind.php,Administrative/internal,1266,4e77c3a76f6a85a48ff1fe4dbe137dc35ab11fcf110001917233bc3753b5aacb
modules/addons/cloudhost247_marketing/lib/Domain/SegmentField.php,Administrative/internal,7386,719c7e9284d1ef13ce937123655f06730f2992ebb4290cad111dff7ab3d98c92
modules/addons/cloudhost247_marketing/lib/Domain/SegmentOperator.php,Administrative/internal,5359,26a50748f4441bcf9718c2a2408c8556332ad790b224ddccb2a76ed7948a4fa9
modules/addons/cloudhost247_marketing/lib/Domain/SubscriberSource.php,Administrative/internal,913,2514a715dd81d347db490bf19bd434150842c0bde47b36d927eb7af8acfe48de
modules/addons/cloudhost247_marketing/lib/Domain/SubscriberStatus.php,Administrative/internal,1064,5621a986a166eaadc25501e96ebb4056c5b3fda74fd9bc0f00d79826ce842223
modules/addons/cloudhost247_marketing/lib/Domain/SuppressionReason.php,Administrative/internal,1013,63e5a58668876628209fe92e99593e3bed2c14d3d76478daea7fcc858eca7ca0
modules/addons/cloudhost247_marketing/lib/Domain/TemplateBlock.php,Administrative/internal,6683,c2d71c0309c2b13563688e77d3821912e1d5225d88b60b1b3a7b2a8a255ffb79
modules/addons/cloudhost247_marketing/lib/Http/AdminController.php,Administrative/internal,72658,e972639cd1c164a4569fdef6d10da5fdcc276dd9d302e23dc3e89ae143b5c114
modules/addons/cloudhost247_marketing/lib/Http/AdminView.php,Administrative/internal,108675,7084729569b0891508d6e6e2b08a304f2b396a78683701506f2a2ea5c7e39109
modules/addons/cloudhost247_marketing/lib/Http/TrackController.php,Administrative/internal,8409,d353d32daa8625aeedcc44a199b5db3c8ab9a45eb4b5f4082641a184aad6b0ca
modules/addons/cloudhost247_marketing/lib/Repositories/AutomationRepository.php,Administrative/internal,10920,c975dd2f0fb7981fbbff466063cfbd09214f6ba4ed7fe9fb27ec297521cc5c9c
modules/addons/cloudhost247_marketing/lib/Repositories/CampaignRepository.php,Administrative/internal,10402,236f29dd924caecda6e95ee5e9a65b82f3f15f4af3d33664fcc48d0b54cfff21
modules/addons/cloudhost247_marketing/lib/Repositories/ClientDirectoryRepository.php,Administrative/internal,5980,85bf10dd66039386fee5d3f17169e7be6042f7a5112a81036a1e00bd2a3db8cb
modules/addons/cloudhost247_marketing/lib/Repositories/EventRepository.php,Administrative/internal,4552,8a5146be0ad7b97332dd45729416729c603c0a9919a2c48c1a52aa513634ca1d
modules/addons/cloudhost247_marketing/lib/Repositories/ListRepository.php,Administrative/internal,5038,d57e80c709def7837ee9419fae5dfd59db37aaddfa98473f03fe28925ffa5eb9
modules/addons/cloudhost247_marketing/lib/Repositories/QueueRepository.php,Administrative/internal,11766,24971070101d9ecc49992cde577f219db8f266604bc0d289727b77bd42cf43db
modules/addons/cloudhost247_marketing/lib/Repositories/RecipientRepository.php,Administrative/internal,4445,9cfe6c849d9f32a608a306343261d58b3ce4dd2efec02e9f1c03c176e14aae06
modules/addons/cloudhost247_marketing/lib/Repositories/SegmentRepository.php,Administrative/internal,4952,6e11d4a7bd917fadb265946b64a6f4b92de934cf767798f36a1854dd67b273ac
modules/addons/cloudhost247_marketing/lib/Repositories/SettingsRepository.php,Administrative/internal,3168,c47917026be69359ec8819a8f3f965545ec6bc46223a563275160d8bda47f2a8
modules/addons/cloudhost247_marketing/lib/Repositories/SubscriberRepository.php,Administrative/internal,13947,eb282273513374997688da1acbac54fa7bb80c8b02464cf137c8612bd9fe5a3c
modules/addons/cloudhost247_marketing/lib/Repositories/SuppressionRepository.php,Administrative/internal,5772,de1230c08752afa08e6475b99169f99b0e01573ea533514a1b920ef0d02e61a1
modules/addons/cloudhost247_marketing/lib/Repositories/TagRepository.php,Administrative/internal,4157,dbc69d5b777c032b11f32b9fc1f7dac4dfdaab211c8be28bfe0ffe51584a5bcb
modules/addons/cloudhost247_marketing/lib/Repositories/TemplateRepository.php,Administrative/internal,4972,7f568caf5858574f6c3f49a62540a39016f85eecf3677f05947f1f0939069fd0
modules/addons/cloudhost247_marketing/lib/Security/HtmlSanitizer.php,Administrative/internal,5891,dd7a0680c40d5aa3c54fea46c22896149fd5b6b0f6b2513a230bf0bd38818b43
modules/addons/cloudhost247_marketing/lib/Security/InputValidator.php,Administrative/internal,3336,01cfaa77cdeb80935637258904313ee418cdccf9bdfda64a6884d307188cc9ba
modules/addons/cloudhost247_marketing/lib/Services/AnalyticsService.php,Administrative/internal,12435,dbb54c2f4cd91fc400d4b0b404462c0640e6fbc19dd6ab7f0b1c035867980ae2
modules/addons/cloudhost247_marketing/lib/Services/AutomationService.php,Administrative/internal,35053,d7656273346f139c4325bf135875630b9475d07d92b17e2c9b14257db3566430
modules/addons/cloudhost247_marketing/lib/Services/BounceParser.php,Administrative/internal,4976,2bccdbe8722f6ec3a46e655835c1196eca2a5f8dff2110c2116c9c1b66cfc07b
modules/addons/cloudhost247_marketing/lib/Services/CampaignService.php,Administrative/internal,29403,0fa9a06909a1ea360c4a4c9ba0ea847356e80d2c8769a5acac2966e8a059691e
modules/addons/cloudhost247_marketing/lib/Services/ExportService.php,Administrative/internal,4809,eb80e4fe476cfd2a643227608474484b17b480e9a172b6d5fe57c1bcf3ed32dc
modules/addons/cloudhost247_marketing/lib/Services/ImportService.php,Administrative/internal,13181,892a90c190c01ebbac3c7c44cc25e7a8c121d617b77bbf2333dfa1ddeee69653
modules/addons/cloudhost247_marketing/lib/Services/MessageTransport.php,Administrative/internal,1186,a5d69d9169467c355b12f6a7d1074b66fb788a6813a9d12c2a92f17d5d8fcba2
modules/addons/cloudhost247_marketing/lib/Services/QueueService.php,Administrative/internal,26427,995d28b3764f537331d5b6906b859c9c99526ec37d593e7cee9ac14544c6efeb
modules/addons/cloudhost247_marketing/lib/Services/SegmentService.php,Administrative/internal,25778,bd43e5def5b0a46b9cb540baa29bc7e9af10a33d5c97e0aa7625eead319952f7
modules/addons/cloudhost247_marketing/lib/Services/SenderPolicy.php,Administrative/internal,642,23b1de37e76eda1ccb711b2f79d6c0f7a1f5f933141277e51120bcd5765c0131
modules/addons/cloudhost247_marketing/lib/Services/SmtpTransport.php,Administrative/internal,10522,f30fc162adcb6e5015e6ce5bdca694fe0327df9021904f00f71594c1e1c291ad
modules/addons/cloudhost247_marketing/lib/Services/SubscriptionService.php,Administrative/internal,14663,30e212247523f9943f45f516ff5a7f27d57c3279564f752e691142a5b0a44525
modules/addons/cloudhost247_marketing/lib/Services/TemplateService.php,Administrative/internal,23102,3bf989f94ffaca7b93fd34b76ef6e2938de472750151d06d28022243d3105ea4
modules/addons/cloudhost247_marketing/lib/Services/TrackingService.php,Administrative/internal,21369,3313ed06ae953c267d37000442ec3d044daba8b694499839d4366c5c56cb344d
modules/addons/cloudhost247_marketing/lib/Services/UnavailableTransport.php,Administrative/internal,1041,d97f1e543352ce8bd756d61958bb19f6d06cb5f443bec57087b220a8b0d8b2e6
modules/addons/cloudhost247_marketing/migrations/V100.php,Administrative/internal,13183,9a61be593788ea88b7bd29f8543c86861df508a81d35eeb81dca4247ccba029f
modules/addons/cloudhost247_marketing/migrations/V110.php,Administrative/internal,1825,cce725f383e45942ca52377bcf7b9e6dfd1100d3cc2da3edb735f931e6afea20
modules/addons/cloudhost247_marketing/migrations/V120.php,Administrative/internal,1335,9121f959513e53db1f5d26649414e6a33b6e574acd3cc79562215cf3ba1a361a
modules/addons/cloudhost247_marketing/migrations/V130.php,Administrative/internal,6116,1f7faf52c9076312aab8ce9700ad28196bd1aded5101ffb081ad7c637d538be3
modules/addons/cloudhost247_modules/README.md,Administrative/internal,5703,b2605d75beeb23083962f63739ae41f8af34458aaf628ab662065bd90b61f1a3
modules/addons/cloudhost247_modules/bootstrap.php,Administrative/internal,825,372f7350f9a9e1189c2676016cee3d954fbc5679dd653e18a18b5f0d89333a04
modules/addons/cloudhost247_modules/cloudhost247_modules.php,Administrative/internal,3619,2fe9dba2d4a943cd94de7053edf9ec8bf7750f1c4f1521185adaed614eeda064
modules/addons/cloudhost247_modules/lib/Install/InstallationPlan.php,Administrative/internal,3943,fe2e56f00c11a93e7df73c42945741f241171635ad1a00fb48055202090b2cb1
modules/addons/cloudhost247_modules/lib/Install/InstallationTransaction.php,Administrative/internal,5445,4d749379ed7765d7abfbfe2983a444bea54e99881df31dccab4b8a309bd86520
modules/addons/cloudhost247_modules/lib/Install/Installer.php,Administrative/internal,23540,7649822217b451f64d22986bbf9f1992e83d7a1ceb4d83536e465e0dca746a60
modules/addons/cloudhost247_modules/lib/Manifest/Manifest.php,Administrative/internal,22126,78034f48b51de8b4db12c673b9e4da967eaf884ea5bffb1522ef34ef499bcd50
modules/addons/cloudhost247_modules/lib/Package/ArchiveInspector.php,Administrative/internal,16454,d2b267630843f8500f65e88eb104569d6f7cd8bb84168177aa6c8966f5d27cd7
modules/addons/cloudhost247_modules/lib/Package/PackageInspection.php,Administrative/internal,1958,d73bc7d435ccde75d21e5ffef877e32d9a6222eead95588fb3a3c167c52d1847
modules/addons/cloudhost247_modules/lib/Package/PackageStorage.php,Administrative/internal,7449,447ca0740c97d08f638931bdd0ab0fb41f38acb175d88220f6ea5594343f6164
modules/addons/cloudhost247_modules/lib/Package/SecureExtractor.php,Administrative/internal,6058,269ea71bd55cffa7da548de4438ff6bf12ba31f4884c0cfb520cdc1bf30801ac
modules/addons/cloudhost247_modules/lib/Package/UploadReceiver.php,Administrative/internal,5853,c05f6ffac0259a956b27b30ccd976966a07026d4032cbe31a9a47a45508e5df9
modules/addons/cloudhost247_modules/lib/Registry/CompatibilityChecker.php,Administrative/internal,5635,c554baff89da0d421094bac8b702446fc4d01cca8f536a442c870fa4ff2e9278
modules/addons/cloudhost247_modules/lib/Registry/DependencyResolver.php,Administrative/internal,5507,fe4d12ea2370e8869574e62eda9bea9ead94977f18f9844416e99a8903dcd278
modules/addons/cloudhost247_modules/lib/Registry/ModuleRegistry.php,Administrative/internal,1682,3e2ccb6163d6fee7471f213e56629f5a251349b576d19ea88e924eff212db6be
modules/addons/cloudhost247_modules/lib/Registry/ModuleRepository.php,Administrative/internal,13228,2c3e694ddf2cfb67e919c6b9c1d09bffe17ac91b0b4da90effb75e6bce2afbd5
modules/addons/cloudhost247_modules/lib/Registry/ModuleSettings.php,Administrative/internal,5018,0d99746af714c419bb6c444132bc00ca51cc41a0752b70e5dab59b6fda6e7106
modules/addons/cloudhost247_modules/lib/Registry/UsageCensus.php,Administrative/internal,7519,0b1b8e25fe4c15cd7ebbde31f68472c1434eda34f28b564e253489761eb95093
modules/addons/cloudhost247_modules/lib/Security/CapabilityPolicy.php,Administrative/internal,6992,5019eae5359081bd821bc9f4f2a8291f961f0d6ee7de1a522eb6bd853561467f
modules/addons/cloudhost247_modules/lib/Services/AdminController.php,Administrative/internal,27602,09223382574e0ef9bb2b87305218620f2ee7cdb10fc7fe8d0ba757534dbcd792
modules/addons/cloudhost247_modules/lib/Services/AdminView.php,Administrative/internal,50941,4c085b2e61bc13c09be09f93207d36dd9aa5bee0cbd6dd5ba14fee4841078748
modules/addons/cloudhost247_modules/lib/Services/ModuleManager.php,Administrative/internal,11648,d9100ba4ada821107b8a578d4c356dab545e43a38b518269c10edccbec7b1f28
modules/addons/cloudhost247_modules/lib/Support/Checksum.php,Administrative/internal,1309,7c9aa5fd6ef1749539299ed755e062d1c9a51ef344682b23c0ea19dfbbb875a9
modules/addons/cloudhost247_modules/lib/Support/ModuleException.php,Administrative/internal,1598,632540f4c71f4e3c3ae6cfa3c1c7f745f98c2ad4f5d5f7ee93816d2acfb3f8f4
modules/addons/cloudhost247_modules/lib/Support/ModuleType.php,Administrative/internal,2388,ade39ffc75ca5ac269ad8493dac3ee27aaf524d3b7be16181bf20f880ad12306
modules/addons/cloudhost247_modules/lib/Support/Paths.php,Administrative/internal,6647,8e68aedabd24dbe3f5e98f8cea6340a7919524833c35f4e0d972e12b74eb9b27
modules/addons/cloudhost247_modules/lib/Support/Version.php,Administrative/internal,3024,8f448dc4154061a843324cccfe88431572d275511f5671399cd6c1044c07ed76
modules/addons/cloudhost247_modules/migrations/V100.php,Administrative/internal,5318,c6cb91d83acd2f88ea8e0750709ec379471044e56bb4e6d399fbbbf6a64ef99f
modules/addons/cloudhost247_modules/migrations/V110.php,Administrative/internal,1465,620062428982db06cebbb7dca5f12cc4d1e8a02f7ecf723a16033525ab382dc5
modules/addons/cloudhost247_ovh/bootstrap.php,Administrative/internal,319,ef9b2e92a5d6569ad2a8c1c0b4b4c444f7838f3ef3d75831abd3ac13ad44a20f
modules/addons/cloudhost247_ovh/cloudhost247_ovh.php,Administrative/internal,36840,30362c936893348b64292b3248d1bc5c4ef3560c6c29bfcb9938ea95f67847a1
modules/addons/cloudhost247_ovh/hooks.php,Administrative/internal,241,b2f934b5395cc66873a87a5c27486e8d498396b4576331f37ad77158be29ecd2
modules/addons/cloudhost247_ovh/lib/Api/ApiException.php,Administrative/internal,369,1d747955e760078354e50b2bf0b4b29e5ffc765bf5381d2e3d63db689e3caadc
modules/addons/cloudhost247_ovh/lib/Api/Client.php,Administrative/internal,2536,329f08376ec7ca707755d8b104bf6cbafb173f4c4ad1c748c1aafe6fe65f2713
modules/addons/cloudhost247_ovh/lib/Api/Credentials.php,Administrative/internal,682,1f26f4095a69a9f4bfcccfc5f31066db83a5464f1ef7f2ba0f270ca27ec9d1e5
modules/addons/cloudhost247_ovh/lib/Api/CurlTransport.php,Administrative/internal,1427,2163d35cca3170beb091c2672572970e834ec56d10c3e10c1916310c0580d137
modules/addons/cloudhost247_ovh/lib/Api/Endpoint.php,Administrative/internal,632,298936d6c48d7f4a290099f5ae071ffc3ad650d9fef54ef6510461ab81472173
modules/addons/cloudhost247_ovh/lib/Api/Transport.php,Administrative/internal,151,e8df55c055ff305ffcb5c5bdbd578a0afa1ea0fac91d3e58fc88905cee9b8f79
modules/addons/cloudhost247_ovh/lib/Catalog/CatalogService.php,Administrative/internal,2486,5296087ef2b02cc747202caddbcd54cce9dc83dcc184637926fc3948eadc6a5c
modules/addons/cloudhost247_ovh/lib/Catalog/ConfigurableOptionMapper.php,Administrative/internal,6967,20134b8f6a554d086b0d8a411f5c87cb8185e0480ff2c46bb4b28c0c0decab89
modules/addons/cloudhost247_ovh/lib/Catalog/DiscoveredOptionMatcher.php,Administrative/internal,7237,f02a96d9d17032911b0ffbd1fcd7d83e91a4ab9128096ca96c40e92db9af615c
modules/addons/cloudhost247_ovh/lib/Normalization/CatalogNormalizer.php,Administrative/internal,3058,98e984ab5ed517be49da66e9661b8530095152f99805158d1ea8d3c95502af97
modules/addons/cloudhost247_ovh/lib/Normalization/IpNormalizer.php,Administrative/internal,475,948541768d9caf5b7092113db9f6618b896771a745dfc31ce132bff4e6eade49
modules/addons/cloudhost247_ovh/lib/Normalization/OptionValueExtractor.php,Administrative/internal,6382,988a85551674029b66c94226354e136c2b44868475109ccf845e7c54c7a4a102
modules/addons/cloudhost247_ovh/lib/Normalization/ProductSpecifications.php,Administrative/internal,4621,1864bad1687eda74cbc4d987b50ccdd03cb06367dfa2cf3ded2ee1e4ffb1012f
modules/addons/cloudhost247_ovh/lib/Operations/OperationsDashboard.php,Administrative/internal,3692,76e707c35f5cf5537d0f86d67e9ea549b575f7384be5baacd35bf6a4f8b96226
modules/addons/cloudhost247_ovh/lib/Pricing/PriceCalculator.php,Administrative/internal,800,bc6bcf15636b11530fab4a2f7c9ad6d739cbd28ec5665c77a3dad94ae1ddf233
modules/addons/cloudhost247_ovh/lib/Pricing/PricingService.php,Administrative/internal,4591,fccff1ba27dda4881fdf5f26711be017d899b03be01137dc048320a7fcbf18d8
modules/addons/cloudhost247_ovh/lib/Pricing/SourcePriceExtractor.php,Administrative/internal,2231,ca865613ac25469220ab515dcce5e39cc2e2c847c16e1463e1efd9e66a7c2a46
modules/addons/cloudhost247_ovh/lib/Products/HostingProductManager.php,Administrative/internal,22532,88dfb3b1ce2e37ad2caedd106ae27592b783e9a187a2fade56d069b6849dd6db
modules/addons/cloudhost247_ovh/lib/Products/PublicCatalog.php,Administrative/internal,2163,4c83455db508c6c2c209a25b700b13456bc24da688df2053908d5f40e8dd3254
modules/addons/cloudhost247_ovh/lib/Reconciliation/ExistingServiceLinker.php,Administrative/internal,13137,8aae1e423fec1be74cc05f07d2ef40530a78daa0e23ffe803f6177100f4f59de
modules/addons/cloudhost247_ovh/lib/Reconciliation/OrderDiscovery.php,Administrative/internal,1990,ccbf4d2f7b46269c8568d539af30dec611d781a1779849fa9299d3924969155a
modules/addons/cloudhost247_ovh/lib/Reconciliation/OrderPoller.php,Administrative/internal,2526,05c845076ea3591cbab829cff91bb69d6150ff6a3f3e6bcd733e8ab3cdbdc7ed
modules/addons/cloudhost247_ovh/lib/Reconciliation/OrderResourceResolver.php,Administrative/internal,612,6304dc732fa8fa046947485fc3c06d9aae3ba41aefe314ac1c9563854e5b6a08
modules/addons/cloudhost247_ovh/lib/Reconciliation/ProvisioningDecision.php,Administrative/internal,535,fe52ad95c9eaf2f10922ca9bf0e4937c3957c3af7134252238edd3ec016fa0b6
modules/addons/cloudhost247_ovh/lib/Reconciliation/ServiceMatcher.php,Administrative/internal,1186,a3c71ee23d5d89166543a90e48fcd38ac1a5dc10dc9ef0b46197440740c0101c
modules/addons/cloudhost247_ovh/lib/Services/AdminController.php,Administrative/internal,11691,f0dbef0432e825cb6aa48f423bd060b617cb739769f19d5a8f5705efdd5d1a9a
modules/addons/cloudhost247_ovh/lib/Services/AdvancedOperations.php,Administrative/internal,20251,38f5777b0d3ad9f2566db2f3d6dddafb73f405f75c5df46ca7e3e566e1f13bd8
modules/addons/cloudhost247_ovh/lib/Services/ClientServiceView.php,Administrative/internal,1911,112a9e3ff44d5ab5d27dc364ca9425f1c0b2cb5e93a5c6315098c16edf5aca08
modules/addons/cloudhost247_ovh/lib/Services/ConnectionResolver.php,Administrative/internal,3891,83b30a77bf678365077101dc729c65c0c4c06163ae1c75db5131580608322b23
modules/addons/cloudhost247_ovh/lib/Services/ExecutionLock.php,Administrative/internal,781,0c0cae5c21ad31b12e776e3e6f45f6ee9d42323c69bba5e292a97d0dd52ba6a8
modules/addons/cloudhost247_ovh/lib/Services/MappingRepository.php,Administrative/internal,1474,e05a8f399824e3c56255a2f65cef02b0878c470ec03f34c216b448a48507e2c0
modules/addons/cloudhost247_ovh/lib/Services/Provisioner.php,Administrative/internal,6572,1118926a9baaff0d4c9f4b6e7f37c0f281e4ffa7855878426ef5a42b14a478ca
modules/addons/cloudhost247_ovh/lib/Services/ProvisioningStatePresenter.php,Administrative/internal,1177,c0114807bb08441e781f797b2bccd00210fbaf0486ad5c1e94db3d494497c3f2
modules/addons/cloudhost247_ovh/lib/Services/ReverseDnsManager.php,Administrative/internal,1115,b80a35a0a28032cce799d35714a34f268bc20ff04df053835e72aac21e181f10
modules/addons/cloudhost247_ovh/lib/Services/ServiceManager.php,Administrative/internal,6897,9f475241be257f2ad718f20e9804ba0e3a57d57154388842eb1e51f92009ffa7
modules/addons/cloudhost247_ovh/lib/Services/Synchronizer.php,Administrative/internal,2173,97033d68f24273c56bf277b1e0f4c39c95e2b2c9c737787a5dadd493ba3e9df4
modules/addons/cloudhost247_ovh/migrations/V100.php,Administrative/internal,1708,ed32a019c63acafc368283f8e21d3959c1ae67974fbee7c4f45c899bfc6d5741
modules/addons/cloudhost247_ovh/migrations/V110.php,Administrative/internal,3313,34a79ff1af6d84e23b196bcbadddd221918191d54ac730bdec1d510cda9762a9
modules/addons/cloudhost247_ovh/migrations/V120.php,Administrative/internal,1848,9b8556d31d73cddc688ad82f323dd18339daf8b606a692724a5f80435d49dfc8
modules/addons/cloudhost247_ovh/migrations/V130.php,Administrative/internal,1097,637ab658f04ab3f1272a5fa9d73e056874399ca6704548c87570a92665f4629f
modules/addons/cloudhost247_ovh/migrations/V140.php,Administrative/internal,1277,757094095b112dc7057fb6015046a5bd4c681e5f214eebb383027618b495c083
modules/addons/cloudhost247_ovh/migrations/V150.php,Administrative/internal,1288,3eb1189df57254a13e3e2bf2b0951127272f129d2d73880f48d11c3554b5d837
modules/addons/cloudhost247_ovh/migrations/V160.php,Administrative/internal,1432,18c7d2e56c36c743b3f53176aebaef94ce4388f7f264ea865bb11d407171cd49
modules/addons/cloudhost247_ovh/migrations/V170.php,Administrative/internal,1257,981abdbcd0a5034d86708094b46f69a2fb5ae50d77e6dcfe3d8001cb3bce6c6f
modules/addons/cloudhost247_ovh/migrations/V180.php,Administrative/internal,1147,a448cca811af14fb10b95b968cee6a24606ea823b921acd10a71548531dfe2c4
modules/addons/cloudhost247_passkey/README.md,Authentication,5733,3eadfb4e74f353a29f7de4f7f590dc4ffc7e26f8684dcd13c95eb961f0fe3c87
modules/addons/cloudhost247_passkey/api.php,Authentication,14041,1a1c9e88cb0b17faabcf5ccf2bd7e3a6b4084f2814fd38cdf604d286c6a1525f
modules/addons/cloudhost247_passkey/assets/passkey.css,Authentication,2324,9851819ebd844e9b36b4e8d04d0a22fa4be849ffcdbc08e6fc30e074d5cdfa31
modules/addons/cloudhost247_passkey/assets/passkey.js,Authentication,13229,143e59edfa2edf15e20b95e1c2ff3a28538b4f833febf1eac6bb97abc7b2a803
modules/addons/cloudhost247_passkey/bootstrap.php,Administrative/internal,1400,59f83118b4f50de501d16a164563d9dd89cd99a4874f93cab7c6cad47d3097da
modules/addons/cloudhost247_passkey/cloudhost247_passkey.php,Authentication,4750,7ee489dd095b7b471860faaf46848a2bab47f1ce30190baeac255d1b3bc054ac
modules/addons/cloudhost247_passkey/hooks.php,Authentication,7491,7f8daadd727becd451585628763a5e9045e31d938f7eeb35eb231bac13b155f2
modules/addons/cloudhost247_passkey/lib/ActionConfirmationService.php,Administrative/internal,7489,9dee4ea601bfc7f05e46f98bb0c8c065b01e5a748959eb9f40c78de3c6668141
modules/addons/cloudhost247_passkey/lib/AdminController.php,Administrative/internal,13260,23ab1b0224f2d7b83d95a6c2993677ec0e411ed26ebd101433d185e2fefc101d
modules/addons/cloudhost247_passkey/lib/AuthenticationService.php,Administrative/internal,7588,2d5115799ee75d7bea6cf9d2903b7979fbe47ec7a229fffda98797c55df8f7d2
modules/addons/cloudhost247_passkey/lib/Base64Url.php,Administrative/internal,1153,eeeeff18ca99368dc9c8fa24e0e36192c50fc8a3109c6bdbca10b2f49d85413b
modules/addons/cloudhost247_passkey/lib/Cbor.php,Administrative/internal,7213,5d6829e882862248c224ca129cc3d75d1bfe248fe5bd4d72e8d96f81127dab89
modules/addons/cloudhost247_passkey/lib/ChallengeRepository.php,Administrative/internal,5780,7897980520dd7654bed937971829516d2302f689835c3fac79a9976e5ec29529
modules/addons/cloudhost247_passkey/lib/Config.php,Administrative/internal,8241,ea34e330382e53019363587e09b1c27d555cda81f15f7618ab78dad9eae6014f
modules/addons/cloudhost247_passkey/lib/ConfigurationException.php,Administrative/internal,561,6dd0ce89577e29a305443256918590e16ca5647b402e107add4392510904a589
modules/addons/cloudhost247_passkey/lib/Cose.php,Administrative/internal,6158,38b81ae5874d2eccd0fe23ccf2941dad2f5b5d095181248b054b12dbb146ae39
modules/addons/cloudhost247_passkey/lib/CredentialRepository.php,Administrative/internal,7556,f7bbe6150c3c483a0ad3adc6a243e57bf54c13145de912ec396f0f98dc9894f4
modules/addons/cloudhost247_passkey/lib/CredentialVerifier.php,Administrative/internal,11349,17ec3f998562fdbd65f714a1c3c4582c0b571139d873536f1778b6311ef84685
modules/addons/cloudhost247_passkey/lib/Crypto.php,Administrative/internal,3178,a8bf6af2848e264e2748705862c3f28e0713193b94b169d901fff63ea317dd21
modules/addons/cloudhost247_passkey/lib/DeviceNamer.php,Administrative/internal,1026,88668b766dbf73aa649d8f42dce71dacc723461a37eadd167a461c422e6bcbda
modules/addons/cloudhost247_passkey/lib/EntraIdService.php,Administrative/internal,11848,39853f2776238ea72a2653d6e54036dfcd8298d433463e73b04d89fe88a7d31b
modules/addons/cloudhost247_passkey/lib/EventLog.php,Administrative/internal,6214,450fbcfb508fe3aa096c65630b80f636942f471fb9dce9033e7890c00e1241cd
modules/addons/cloudhost247_passkey/lib/Log.php,Administrative/internal,3353,20d83e8bb9afc4a76ab0c467f6e36f68775b3801ea81a2678efd4b1f50106a03
modules/addons/cloudhost247_passkey/lib/MigrationRunner.php,Administrative/internal,2970,7eb6bdfe11ef0b3f761ee9804c0e3d3b29c2e6bf38597a9ab38c4341e5eb27ae
modules/addons/cloudhost247_passkey/lib/NotificationService.php,Administrative/internal,3192,abbe6e712bebdc39a2d64797b73f1cff64ccfe79f057afb2dfad42f463b66919
modules/addons/cloudhost247_passkey/lib/PasskeyException.php,Administrative/internal,686,8bf8154c44557a6017b2b54f494ed0d0467bec59e27ed0c75dd7133484cb8db1
modules/addons/cloudhost247_passkey/lib/PasswordResetService.php,Administrative/internal,9674,41a53e1d9f184578a68a2e051a7dca6153df26133c0787518ab23492b49105ca
modules/addons/cloudhost247_passkey/lib/PolicyService.php,Administrative/internal,6564,519c4ae52f908781849f37c3102ff1b75d8fc3968a69bb73a2a636db3ccf6c08
modules/addons/cloudhost247_passkey/lib/RateLimiter.php,Administrative/internal,3415,2af90c8d53ce8c3fba6aa6453e2416f61a1d4ac56e435922e46011ba2bdc725e
modules/addons/cloudhost247_passkey/lib/RegistrationService.php,Administrative/internal,8578,d662b0c10cc2d6fc80cab0923f4ad52c586eb5e309d01699d00fa65a6298a76f
modules/addons/cloudhost247_passkey/lib/Schema.php,Administrative/internal,3120,7ad20060f8731e4d38ad1c90402cfb93e2e8d5b97e7945664422191dec84ee3e
modules/addons/cloudhost247_passkey/lib/SessionManager.php,Administrative/internal,3458,40460add7a71c3d52a5b606f9916fd76edff8445bec92accbb1d46ce986e9eb6
modules/addons/cloudhost247_passkey/lib/SettingsRepository.php,Administrative/internal,10473,d7cdb268abce03525efe46157137a1f7ea6197192c7bf1961e2b127b19520009
modules/addons/cloudhost247_passkey/lib/UserDirectory.php,Administrative/internal,4288,cb5558395341173eb452c5888df82ec2314492ea1caa642fd397a04a4e6f6e44
modules/addons/cloudhost247_passkey/migrations/V100.php,Administrative/internal,9202,f3d002653c28c7c58d0280faf52f628e130cce8b11689f41af82be51c851d375
modules/addons/cloudhost247_passkey/templates/admin/index.tpl,Administrative/internal,21203,06f92e378e4a9a66fbe608f4edcf779fd4c7983fcdfa0470dfc06508d56d56ac
modules/addons/cloudhost247_passkey/templates/client/login.tpl,Authentication,1174,71ebe070b0f1150b3e0b7274cf03151a9eea9cbcaf445adb5bf1ef4218b52a74
modules/addons/cloudhost247_passkey/templates/client/security.tpl,Authentication,3564,531079bd42a002cc88576cd952fac448ef17e8c294e32da42a6af8dddf366d33
modules/addons/cloudhost247_payments/README.md,Checkout,4033,8f16f360203bef7e5386aa690979423e4b4b3370093f4d1870a8e4cf26db7a37
modules/addons/cloudhost247_payments/bootstrap.php,Administrative/internal,514,0d2976184fa791d074636581495c5628b24bdd121e89531b6d2ccbb6ce409e41
modules/addons/cloudhost247_payments/cloudhost247_payments.php,Checkout,3847,464bd004d547251abf405a87bfa16cd32df5697651c58221903bf1977fac869c
modules/addons/cloudhost247_payments/lib/Services/AdminController.php,Administrative/internal,22043,80b99f6bad6d4b000995eea9803c795fd49334ff802b0929cf0c8fbc4e8ea4c8
modules/addons/cloudhost247_payments/lib/Services/TransactionsView.php,Administrative/internal,10234,9795badfaf19b35a74eefecea0229bd33f8853138eaef44bca1de31d81585ee7
modules/addons/cloudhost247_payments/lib/Support/StatusMapper.php,Administrative/internal,3293,da91ff5c98c83e0405e20fc310f0fb2f38fa469d10d5ad6ebbc1e2c33e68b618
modules/addons/cloudhost247_smm/README.md,Administrative/internal,5121,d5d35fb0218c01f77ffa75e5463af8406c0015c9e2af643e65101e079767f996
modules/addons/cloudhost247_smm/bootstrap.php,Administrative/internal,422,d90df59ef383465e7223508fc390e0479962331cc05531686c0e1beffd3e5516
modules/addons/cloudhost247_smm/cloudhost247_smm.php,Administrative/internal,3992,d5760bfc7326138cc603933c11e4aa6fc68324f9565f117072f40223b404239c
modules/addons/cloudhost247_smm/hooks.php,Administrative/internal,1906,22b91db50a4dba2d538b46cfb2f0779f3baefebb0fdc6af8285ad986b40f5f9c
modules/addons/cloudhost247_smm/lib/Adapters/AdapterFactory.php,Administrative/internal,2201,6028a27e9c19b07d4158d34654ca44f58269ee9cb938e00c120441670666bdb4
modules/addons/cloudhost247_smm/lib/Adapters/GenericSmmAdapter.php,Administrative/internal,11245,6a9e3c34ed212d133e511aed0dda2b1a0940ef3d6da509a14e3a6268c043b3f2
modules/addons/cloudhost247_smm/lib/Adapters/ProviderAdapter.php,Administrative/internal,2135,bf1063a00fdf47c2f26a70450ce137a914fd6ab9d9eda054202a305fc58882f1
modules/addons/cloudhost247_smm/lib/Contracts/ApiRecorder.php,Administrative/internal,784,a8a38e28669764a15d4f58d4afb02256b2607dcc7451febcd87357cdb7bb6118
modules/addons/cloudhost247_smm/lib/Contracts/OrderStore.php,Administrative/internal,2696,132e1dd6dd04f20c6c50e1a0fcf1b70c0a341dd211ac3a6c376f897b60bd6cb7
modules/addons/cloudhost247_smm/lib/Contracts/ProviderFinder.php,Administrative/internal,925,23a3bda861d03cf21f88df8e8163a215e80c55700f3b56e9e7dbb2a8418f6a16
modules/addons/cloudhost247_smm/lib/Repositories/LogRepository.php,Administrative/internal,3965,935eff79f1dd464147d02d1e1dcab369881d2ea0b9acdb9166bab541d0edd9f7
modules/addons/cloudhost247_smm/lib/Repositories/OrderRepository.php,Administrative/internal,11856,f26b491d1b1f90e58a56d5e830111561773581dcc73d8bcef6f6c4a8479794be
modules/addons/cloudhost247_smm/lib/Repositories/ProviderRepository.php,Administrative/internal,9094,ca083e74cc509bebd174d29ba0089a36b78418b1d5f8d8e904b6d79ef8fad70f
modules/addons/cloudhost247_smm/lib/Services/AdminController.php,Administrative/internal,16279,dba1dac75bb19ea8a39cbb770119c101a8579043e5bfb05f3a073384cbe22fb7
modules/addons/cloudhost247_smm/lib/Services/AdminView.php,Administrative/internal,37581,70890a52c85811af56efe9ec19952492de4ab6e77f4925271ffdb1848012165b
modules/addons/cloudhost247_smm/lib/Services/Automation.php,Administrative/internal,7737,24e8c5717383c25b644fbc535a73256ff3e2aad50ef8fb28597d522ba60afcbc
modules/addons/cloudhost247_smm/lib/Services/CatalogSync.php,Administrative/internal,3380,d5d40234b41293cf3e3303a83b32ca8ebed1b0a0c795c24ff250ee52dbf90108
modules/addons/cloudhost247_smm/lib/Services/ClientAreaService.php,Administrative/internal,12706,307ccdb8a605a507c7696ef73c85cac26d43dedfb0550bd6bc71987007f0cba5
modules/addons/cloudhost247_smm/lib/Services/ExecutionLock.php,Administrative/internal,2702,6d22d351231158f194b0c0a840da53f95cc5f622a74720b88cd3b23c450efa8a
modules/addons/cloudhost247_smm/lib/Services/MappingService.php,Administrative/internal,8285,a806d63f62ce20a1b43796591a44180c2d3ab95f208d7bc33af9ae390f84e3d5
modules/addons/cloudhost247_smm/lib/Services/OrderService.php,Administrative/internal,20586,863ae399d2c4e16c515e682aa6033f7659ca13f4d1f4b53139fd718550807912
modules/addons/cloudhost247_smm/lib/Services/ProviderService.php,Administrative/internal,9774,e54fe05908eae6c3f707ee928bbf6f76dc677d56906a906dda01a6e27a91266b
modules/addons/cloudhost247_smm/lib/Services/ReconciliationService.php,Administrative/internal,5083,4cf10758e58bb3deee47380dc5da5f7f1d6111f240eae985464c7cdd0162db51
modules/addons/cloudhost247_smm/lib/Services/Settings.php,Administrative/internal,3221,82e7ff7ff522aa3c54336c781edb70c23fddcb906f5f77aa756f3b29a12016f0
modules/addons/cloudhost247_smm/lib/Services/StatusSyncService.php,Administrative/internal,8649,2ff50080b550b09d3d59e1af690566bc249c04b3be7d2e07a61646f4e8d8926d
modules/addons/cloudhost247_smm/lib/Services/SyncService.php,Administrative/internal,6257,ee29be6b1e0a20f1b7e840442c81e8502e0d62f1154e5c8e05f67093d9957a07
modules/addons/cloudhost247_smm/lib/Support/AdapterException.php,Administrative/internal,179,cd6c728e040472b4e2ca69986ff5c4377d789323cf080e378e2819dcac923672
modules/addons/cloudhost247_smm/lib/Support/Crypto.php,Administrative/internal,2304,20770a0930de8e53d452eebf808d0a7129872cec1189c77370d4e3b5ff1fa2ad
modules/addons/cloudhost247_smm/lib/Support/CurlTransport.php,Administrative/internal,2388,b3d770be5f18526f917144cd7ac744a9962468a5cb3f0251249235f910e8251a
modules/addons/cloudhost247_smm/lib/Support/HttpTransport.php,Administrative/internal,903,596ca251b0bc997f0a73c14430f400e43eb56d40b414d9dfde450f121c3f2990
modules/addons/cloudhost247_smm/lib/Support/ModuleException.php,Administrative/internal,616,30d7697eb6ead38e5907c2ab25883262017aa7f16ffabd3270b2f572a1700cd9
modules/addons/cloudhost247_smm/lib/Support/Redactor.php,Administrative/internal,1997,ad2b560e32373a457e17a169d94e9231e948e1cdd268cdd6058333b8cd0fa93c
modules/addons/cloudhost247_smm/lib/Support/StatusMap.php,Administrative/internal,5318,83ada1ad797bfd69193517b855899a6eb1692d8ea71800b39e6b4ed565a9800c
modules/addons/cloudhost247_smm/lib/Support/TransportException.php,Administrative/internal,190,1a9cdf986bf99d8db24c6412a4615e7fde141d9792d926a7c0929de9a8ae8f56
modules/addons/cloudhost247_smm/lib/Support/UrlPolicy.php,Administrative/internal,6578,6261bccb46edc313bbdb336bcfd2ac8966f717124756d6e3a46bc8929d638e14
modules/addons/cloudhost247_smm/lib/Support/Validator.php,Administrative/internal,2533,a3ed462ba0fafda495df4f7a0778d0c84bd9d94ebc1c94f70b357db7cc2f2456
modules/addons/cloudhost247_smm/migrations/V100.php,Administrative/internal,11512,1e3ae169893d2cebcafad2c9768e2713d15f81468b1a3301911e5e81c675fb61
modules/addons/cloudhost247_smm/templates/orders.tpl,Administrative/internal,1614,8b080553890a7b7faedd2fb5d29ddd28b9848ca701d38309b81bcbe19a176d26
modules/addons/cloudhost247_theme/cloudhost247_theme.php,Administrative/internal,12166,72187349adcf0064c9bfbe13b47f20541ce55412b5bb66431bdfcfbd25563dd2
modules/addons/cloudhost247_theme/hooks.php,Administrative/internal,5133,d54c41e5c477006e53baadfda5ce1d3397090e8f96dc7c63863709da6fdd2a43
modules/addons/cloudhost247_theme/landing-bootstrap.php,Administrative/internal,1785,17273272f91c7a521d8cc42ae18d79d4144e7eca531a724cba86d8145043cd85
modules/addons/cloudhost247_theme/lib/AdminController.php,Administrative/internal,5162,b2542fcc5c57d68703ce8669c11b3d3b2a652112dedd1d03c29718e170751f9b
modules/addons/cloudhost247_theme/lib/Content/ProductComponents.php,Administrative/internal,6522,6e9527bba9d9cbfd9b67f3ab973a93c2c1a7fc6bf541a74343f4ee34383e9e43
modules/addons/cloudhost247_theme/lib/PublicPage.php,Administrative/internal,6987,96c4783d8723b1aba9b883dd5dcdc9402a1414188d6496164a56bcc21f6d3a9d
modules/addons/cloudhost247_theme/lib/ThemeRepository.php,Administrative/internal,26957,97d1117d376f8e6c53ad5974b5bb221b526b57f9d90f939b96cef4c058b2fa7d
modules/addons/cloudhost247_theme/lib/View/AdminPanels.php,Administrative/internal,5107,cbc2248d22ab84145dcd5803b5af5a4d9f32170d82338e939aa14b7567e38441
modules/addons/cloudhost247_theme/lib/View/PreviewRenderer.php,Administrative/internal,9171,9675df67e2e5cba7c2baf501b54b81908f622f6c7127163ecfb6160b41ab273c
modules/addons/cloudhost247_theme/migrations/V100.php,Administrative/internal,1240,333dc730e2375880221f64720c8fd0300358aa32fbac1ba4a158f55bef702dcd
modules/addons/cloudhost247_theme/migrations/V110.php,Administrative/internal,969,eb0a98c145ae83ca1446ee3bfceac96448203ad485c6250c89810bbe81058297
modules/addons/cloudhost247_theme/migrations/V120.php,Administrative/internal,2539,e6f40c4b909eaf94cc56d5f7878fee1c07c4d33f32d723834c641694ee6ea78a
modules/addons/cloudhost247_tools/README.md,Developer,5272,b911e20585de832df26c34bfafe1216a4ebf97fe38932fb7c183a48261667b56
modules/addons/cloudhost247_tools/api/index.php,Developer,2559,aa6915e6e146bf1bfaf9681cba31d8aa4964f73997848eec2a8d90ade16cec80
modules/addons/cloudhost247_tools/assets/css/cloudhost247-tools.css,Developer,10277,5558bc1fa4f1a049da1981f84727bf6db8496ce3c5e06d3e02fde4392ccc7b13
modules/addons/cloudhost247_tools/assets/js/cloudhost247-tools.js,Developer,85394,c75a545281e7324d3971f3c5cee2ad8f61714c418428a4629da7bd59f8e63f92
modules/addons/cloudhost247_tools/bootstrap.php,Administrative/internal,328,da34d762a339066272cc996b67b89c6bcf170ed8201b23610312cb61697d5774
modules/addons/cloudhost247_tools/cloudhost247_tools.php,Developer,17741,e2f3e9b69efe0ad8315e0ca428647541a8206d6f036fb635e9727d530c3ff970
modules/addons/cloudhost247_tools/hooks.php,Developer,1342,fc0acac3e68d3917ed7a52e51da8017b56ef1e55d35adab04217776331cbd6b4
modules/addons/cloudhost247_tools/includes/api.php,Developer,10735,8c9a2811aaa5883e1c31e9690233f83e8e3c97fe347e86d0c7eb69a3d1c4a757
modules/addons/cloudhost247_tools/includes/classes.php,Developer,20253,c4ccfc8c593861f67879096cbb81ce4db33986d218220387c57e77636d59187d
modules/addons/cloudhost247_tools/includes/dns_client.php,Domains,13109,3e15917b95a24ac7557228a8387b23a193d3dcf6e93c8259b1886c161958a2d7
modules/addons/cloudhost247_tools/includes/functions.php,Developer,16211,c980b83b187b93ec7ca44e00b949c031d76ea6273d82423831938630f6473541
modules/addons/cloudhost247_tools/includes/tools/designer_tools.php,Developer,6586,869e7be346086933fe06bfc16f3570ebb8ee1a269ba0e30d8631aba122a02feb
modules/addons/cloudhost247_tools/includes/tools/developer_tools.php,Developer,12513,5bf30e4f8bfec94240082caf73c9e14a6ab5f64c26fae6253be3b97a481e056f
modules/addons/cloudhost247_tools/includes/tools/dns_tools.php,Domains,16319,f60ad6211ca5be7ab262ca4589f8525f84000d670245100c40a0841ee1d601a2
modules/addons/cloudhost247_tools/includes/tools/gaming_tools.php,Developer,3368,91ab27e099928619c200326262dc896a073368851a65a7ce1c3bfb7a15719ad6
modules/addons/cloudhost247_tools/includes/tools/ip_tools.php,Developer,14623,21ac07c02739c0310cc7efe0e79459cbdacff60410a10b8c33f35ad20f17ef48
modules/addons/cloudhost247_tools/includes/tools/network_tools.php,Developer,13638,a39761f60154390aadcff477e88ca3cacfb5360b668fe7c733ca627a28dd79a3
modules/addons/cloudhost247_tools/includes/tools/productivity_tools.php,Developer,16773,80deb15c1d128eece7e81a7aaab6ca7a48825914efba1e13067b2f08d966daa2
modules/addons/cloudhost247_tools/includes/tools/security_tools.php,Developer,6933,0df4c685adb76402f3f33d85419541826ff375f9c26f5f6763013a97ebf9e253
modules/addons/cloudhost247_tools/includes/tools/webmaster_tools.php,Developer,6705,c475b3691e35bce076978864deb0608d7ad534216a3ea1c6f6e86e078002bc32
modules/addons/cloudhost247_tools/migrations/V227.php,Administrative/internal,3395,474850da6f747618128d8f82aff376f31b2070c044154f27a194edd23608a9f2
modules/addons/cloudhost247_tools/templates/client/category.tpl,Developer,2035,89b2d7858d45654a3776477ba59c51577fd8f2c4178578a2843e0192cf7ded01
modules/addons/cloudhost247_tools/templates/client/dashboard.tpl,Developer,4261,e20106923c7281b3f07bcc0c9ee62a47077508cc4052d11a5c0a1c882022f1e0
modules/addons/cloudhost247_tools/templates/client/tool.tpl,Developer,5087,4843be954ec99e3d323293d9708a06e3673c72bcdbe53eefcf07a8735058e50b
modules/addons/customaffiliate/README.md,Business,17314,ccd45e333922f4580b8010b6cfeab0cf7f4519069be6eee6b8c4e274f311afa9
modules/addons/customaffiliate/bootstrap.php,Administrative/internal,1025,9cd20b68dd8b980a42988c738720d31de4d5450a6255a2a5f3ef2fb70c227d07
modules/addons/customaffiliate/customaffiliate.php,Business,4645,3375077d046ebb8cb1544146ada17293256f88e9f72c7463ebbed4c627f82706
modules/addons/customaffiliate/hooks.php,Business,8092,c11555ef60b8a67183bd55824eb92f186ae025677a1f6b23af741148400c8556
modules/addons/customaffiliate/install/migrations/2.0.0_commission_engine.sql,Administrative/internal,1436,73fc7c77a2df5a2a6a555dd12ad5d4443818e4a307b773b47d3b4b8a82c343e5
modules/addons/customaffiliate/install/schema.sql,Business,7074,eb20fcb94ead53e9034bda97cd9abf5a0ddbb02d63ce5384be64464e8f910089
modules/addons/customaffiliate/lib/Admin.php,Administrative/internal,12954,51701f7e446f32032b8eb0dd1673bed8d410e9adab1c2e4204dc3ace479c012b
modules/addons/customaffiliate/lib/Affiliates.php,Administrative/internal,7301,39af1e335157ef36cd132165b13a05d58b4e7e340acb4901743a3ad5268e7e07
modules/addons/customaffiliate/lib/Catalog.php,Administrative/internal,6475,ce893f9bb4ae781f34846b031199ce6d82aa4b07017153710fb35827be9028da
modules/addons/customaffiliate/lib/CommissionEngine.php,Administrative/internal,18777,c68fdc5ba86b751a0b5dafb8ab63b8a7f2960c5707f294941c75b65898c11546
modules/addons/customaffiliate/lib/Installer.php,Administrative/internal,11166,a72b0fbd38030553bb87368d0b332f8e609b6bc4dbcaa66fefc46b772e2ef3e1
modules/addons/customaffiliate/lib/Ledger.php,Administrative/internal,10690,a6daf720715d03192fbcb5d5bc54be51b2bafb0645b4933f84c6c89d5dc95c5d
modules/addons/customaffiliate/lib/Logger.php,Administrative/internal,5534,ed64be70f9ed12d058a569294fc8e113110f399c494d8f131a995fd9ff77daad
modules/addons/customaffiliate/lib/Rules.php,Administrative/internal,7869,417e3f798498a6b4ed1aa1f4545b78e0366f85551d8dff1d9b84c1355bdfcd7f
modules/addons/customaffiliate/lib/ServiceChange.php,Administrative/internal,4536,8325483761b87f7d2db08d48b5ac5b779f34a49e05a029ed2bc959a47d25a343
modules/addons/customaffiliate/lib/Settings.php,Administrative/internal,10620,a5396dbcbac1ecc9fa8975bfa149929a515d7ea505e8eba3543bfca891c750dc
modules/addons/customaffiliate/templates/admin/_helpers.php,Administrative/internal,816,eb8ec4fc4ec3aded53b594456c92ce509b4ce8a6fdc2cf25c7197f659a60e435
modules/addons/customaffiliate/templates/admin/commissions.tpl,Administrative/internal,7142,c8f26129bd5a3927a9c74b37fe0f87b41a3241aad0652abd2104e3334bfa27b0
modules/addons/customaffiliate/templates/admin/dashboard.tpl,Administrative/internal,8024,7f0c657f961084348839aaf0c301f8814cdfe62dacb7598c0fe60ece84fcbdaa
modules/addons/customaffiliate/templates/admin/ledger.tpl,Administrative/internal,5478,a23db3d8f1bbe601b2741a8d8d2e82400f66509f32f499cf53532391c067c093
modules/addons/customaffiliate/templates/admin/logs.tpl,Administrative/internal,2440,5c5fdb14599a5d3f2b88d57a5bb42ec6d221de33733e6ae90396e312e1a32d64
modules/addons/customaffiliate/templates/admin/settings.tpl,Administrative/internal,9671,2e2ca523f96dbb8bca0943dc6b7ac44550994d4ee79588919633562e670c2554
modules/addons/customaffiliate/utilities.php,Business,12522,94bc2fc2686f7689eaedbfb2150f2ca5273d54cf94aafc150e658af65a80b26b
modules/addons/digitalproducts/API.md,Developer,2927,61fa74b2776d776c42032c2e5a55f68292348ccd0763e4cf63fc248394237994
modules/addons/digitalproducts/AUDIT.md,Administrative/internal,2707,964a21eb3e386f286c6baa7a7f64f9c442317b95aac7ac25b898ee8aa0ca761f
modules/addons/digitalproducts/DATABASE.md,Administrative/internal,3703,c0920acf7e845b86a75e6a86928f3dd6c86d0bb15eb8b41e034db3b24f30cac5
modules/addons/digitalproducts/INSTALL.md,Administrative/internal,2023,47b3545172be0a5e0a28d019dc1f2e007103ca20b9ecbeb22327162c38788d0b
modules/addons/digitalproducts/README.md,Administrative/internal,4325,709346d972dab96d58985083515d0955cb6d895cfe3cd05f8392216b60aa6e0b
modules/addons/digitalproducts/SECURITY.md,Administrative/internal,3167,4a84b8da74ea60cf8956df3ba55e831f429b45d7184e3da36521db93c34389aa
modules/addons/digitalproducts/TESTING.md,Administrative/internal,1812,9ea4cf303d28d0e823cb9fc15299d14e8bcd2c9db20e00d6dfc1ec480197fc80
modules/addons/digitalproducts/UPGRADE.md,Administrative/internal,1947,bfe7e4369f8663a959ad023e5d47aabe647aa73f1a217c10da97810a4cf0a9fa
modules/addons/digitalproducts/api.php,Developer,10007,aa5498f4d74e30eabe7d820d8466dee4cfe929c01e541565c6fbd60d2dfeceff
modules/addons/digitalproducts/bootstrap.php,Administrative/internal,631,ef9eb6f941771f710017158fa758225879b5253171e5cc69edc16e8cc754768c
modules/addons/digitalproducts/digitalproducts.php,Administrative/internal,7549,6c84b5c73bc0299c5d36f49d34413e1e6608570cadee4d0ecfb9b1ab9b0b5034
modules/addons/digitalproducts/digitalproducts_clientarea.php,Client Area,827,34640a9a6d7267a81326c86e441731c3f66e8be3d2dd842404b67ae1d59392f2
modules/addons/digitalproducts/download.php,Administrative/internal,7844,b35fb494bf30d393e5416f2bffb6980d114384184a6851852c9754dae5df4387
modules/addons/digitalproducts/hooks.php,Administrative/internal,8590,38a889a143595d64deb9dc019397aceb977d962b6f4ca472130007ae49a2ec84
modules/addons/digitalproducts/lib/Admin.php,Administrative/internal,39492,08becc9ffb5ad5abc09ca93b6d27347969fd5225fed6ae2ac36db358a4263413
modules/addons/digitalproducts/lib/Client.php,Administrative/internal,8282,cb3c48527abee6d35aea701e52eeb08588f069b1c62f68f2c6487e548acbc124
modules/addons/digitalproducts/lib/Core.php,Administrative/internal,26302,aabd07e210c9e56815667f319bad43ec0a5348957a23e608bf83d860fac45680
modules/addons/digitalproducts/lib/License.php,Administrative/internal,11713,90d97a275b0a02df5f60122b61eb5dececb7cc797f27b7f5a38b5f3086e01814
modules/addons/digitalproducts/lib/Security/CapabilityPolicy.php,Administrative/internal,5663,dd9c89b66d69b89aaadec8f35063c2899d88ece6c508362abe4fa0f3265b1ff8
modules/addons/digitalproducts/lib/Security/DownloadAuthorizer.php,Administrative/internal,7339,0090b99918a683f746bdc817a8adbde8a3df0b135d35c0ac3e67bf761d74407c
modules/addons/digitalproducts/lib/Security/RateLimiter.php,Administrative/internal,1696,38cd91507a89d189a0a68aeb1d2adc3c617ae56e31ecebd77ff33ada39d0ed50
modules/addons/digitalproducts/lib/Security/TokenService.php,Administrative/internal,2248,a5884900cacd5507431b42668e6be64339010caf8dc2dcf6511f571ae8f7fad4
modules/addons/digitalproducts/lib/Security/UploadValidator.php,Administrative/internal,9483,c6b142f22059c121ef698537a266be4942139943ff6c81e833f5176a94da0164
modules/addons/digitalproducts/lib/Services/EmailService.php,Administrative/internal,5959,34b35435513f9d1592164c33364c8235cc91fe5e58fdf5f6cca2670a52d5a832
modules/addons/digitalproducts/lib/Services/EntitlementService.php,Administrative/internal,14440,625338e83de183125fc5c4808beece4a24a3c7579751b8145d0ab2e074178cfd
modules/addons/digitalproducts/lib/Storage/LocalPrivateStorage.php,Administrative/internal,5329,e08091407c67f62c1252f358503619c144ecad8159b91bd33624889ce042d123
modules/addons/digitalproducts/lib/Storage/StorageInterface.php,Administrative/internal,389,a8dad4fa5e22abb502361d5b3d7289bc6f9a7ff1b8bbca53a9e4b282a7f5d5a9
modules/addons/digitalproducts/lib/Support/Audit.php,Administrative/internal,1002,7ba6d0a2d0cc365c8243b406de0c51a29f45042c6be4466a45612e7fbb7d8006
modules/addons/digitalproducts/migrations/V100.php,Administrative/internal,27430,b90bd85c91e4e8392da0e2fd500eb379b481c308f3d40062d5e5da9d8cd7e3ec
modules/addons/digitalproducts/templates/client/downloads.tpl,Administrative/internal,1801,c3b5ff9439df74e408f7de9e5b2d4970b8bcca827a1d30f96b8e72e5aa3e9108
modules/addons/dnschecker/README.txt,Domains,6093,2d37114839326a1a4300bebedd247f72efaa306390203da28e0677bacacaec51
modules/addons/dnschecker/dnschecker.php,Domains,15509,777655bea4fe030d0ea5cf5d451fd63bc5a4d4e5eb2f22a4ae3f35a8f6e7df9b
modules/addons/dnschecker/hooks.php,Domains,966,7e46730ae3d28fdfcd8a274e6db2abe7b0bc421e963633579526832bedd4a147
modules/addons/dnschecker/templates/clientarea.tpl,Client Area,9341,c07931fbca6bca4ed2d112a4428d6d891865ac289c7b5e4fe44ae112814030b2
modules/addons/phoneservices/README.md,Administrative/internal,21308,c46dc61a63d458108d83e585cb1de690c7c57a24119471eddf478ce369e0a5b5
modules/addons/phoneservices/api/bootstrap.php,Administrative/internal,3755,0ed82f5b58b8aad27cbac0e52e4f21b2535cc08e6f26431404ba7028c44e4303
modules/addons/phoneservices/api/rest.php,Developer,1764,7ff76e831679e2a9cbea19bd320f58d67e11044b826da2bd85d1c51a209280de
modules/addons/phoneservices/api/webhooks/sendgrid.php,Developer,2232,79ceaad486232526c059c4df2b562d2d4516fe2c3a002f929591b4b60fe295b8
modules/addons/phoneservices/api/webhooks/twilio.php,Developer,4461,45c96b7d3c64e49f7cf51da9f2a0d21fd35f8ffa74e45472802a1b0c1011f4f1
modules/addons/phoneservices/api/webhooks/vonage.php,Developer,4611,08e7e0ae1b56727508ccf79c7edc71e5241d90f3820559c53562b589e9b020ba
modules/addons/phoneservices/api/webhooks/whatsapp.php,Developer,2945,0f1607a7a2ca8cbd6e361aa904e87f382eebf6c77a028b5b3b6fefa1a5e6a399
modules/addons/phoneservices/assets/css/admin.css,Administrative/internal,2517,c5706331ebf18f6357dd71adea327b78c0f0bddc79227b110fc378aea8bd5657
modules/addons/phoneservices/assets/css/client.css,Administrative/internal,3688,3f956c60c03ab9cdae8ce539b7a9204dc3b43dd4b60949f5e3e76167a351f28f
modules/addons/phoneservices/assets/js/admin/app.js,Administrative/internal,1063,32b3bbf00dcff7f80763010df0d4abba73757e885a669bb2a7601163ca85c90a
modules/addons/phoneservices/assets/js/client/app.js,Administrative/internal,28439,0fc261935585fff8581e88ede78affbbd96797d5ff27613574ba24d5cfd114c9
modules/addons/phoneservices/bootstrap.php,Administrative/internal,1112,96d53c3fa4cbbb191e6ccd264d6a32377a370a80317764f41762ef19ad76a2f1
modules/addons/phoneservices/composer.json,Administrative/internal,954,affcf32bc8e7b2ef80c901e0b623de41d613876bab9fcdad0dfc5275fc0bebff
modules/addons/phoneservices/cron/run.php,Administrative/internal,1698,b8215ef5f426469b78ada757d47fa6c35b23806bca67a02ea04b698f47b8379c
modules/addons/phoneservices/hooks.php,Administrative/internal,7379,b99d91185ac686414b0bec4738974220b5a6d253cc0ddb5af7336541efb9df1e
modules/addons/phoneservices/install/migrations/1.1.0_platform_hardening.sql,Administrative/internal,3617,dac329e825b1633d346402f989828530f50fddce0bc049dd59324a499a3d522c
modules/addons/phoneservices/install/schema.sql,Administrative/internal,14127,9c0cf97bb7a2cf95d5e3584aea25dd75d3e66960fe60bec4a887461ca5bbd9b7
modules/addons/phoneservices/lang/english.php,Administrative/internal,1627,cf8bffc13474b60d14a18674937bfff3d61498f185985b49c54d47d734bbed87
modules/addons/phoneservices/lib/API/Controllers/BaseController.php,Administrative/internal,3024,b1f7eb7f5df408c7e0c9994d5f4331620b9637f6da37b2d3608bd592fd57d9cf
modules/addons/phoneservices/lib/API/Controllers/EsimController.php,Administrative/internal,4022,86a5d51c167c99588db47d83fc308ac06dbb739e0e79e7c61b9b69b16ed92135
modules/addons/phoneservices/lib/API/Controllers/NumbersController.php,Administrative/internal,5520,4cbedf636ee8ace3beb84e27c51c2ee85bf9922e27efb472a0855e65feb7f25f
modules/addons/phoneservices/lib/API/Controllers/SmsController.php,Administrative/internal,4860,10510b3dbd8c8489173f1c7dbc0cb9e37c43f26a7189a105890bb52a3c06a4aa
modules/addons/phoneservices/lib/API/Controllers/UsageController.php,Administrative/internal,2811,2f0594560c52b73ba144f1304859119b0b843fd12c0ff0366090383c254a97fb
modules/addons/phoneservices/lib/API/Controllers/VoipController.php,Administrative/internal,2418,2692d2eb9a482e7372402ff58d73569290be5cfd59401cee63189402e0ec704a
modules/addons/phoneservices/lib/API/Middleware/AuthMiddleware.php,Administrative/internal,10177,27101324f0210526218d7c2772e99cf169330e8e6dd5241e2bae0a6cb21af44c
modules/addons/phoneservices/lib/Core/Config.php,Administrative/internal,7770,ea050af5ed3ff9b2f31a975e2d3f30d7741a1343972a2f78df5429d8a0eb7806
modules/addons/phoneservices/lib/Core/Crypto.php,Administrative/internal,5572,6ba84f121bf47fc1823bb644fd8a45abe5da22f4f2f52869eae7d26607a0b29d
modules/addons/phoneservices/lib/Core/Database.php,Administrative/internal,7378,4adf8e6092ca9b35f2802b2123f7af78a41e0eaaf7b5315994b21cadec1159ba
modules/addons/phoneservices/lib/Core/HttpClient.php,Administrative/internal,6665,3b4a799c262fbce3bf69d46b6c907eb2ea7c90d988dfbc8492eb96c0421ce0f3
modules/addons/phoneservices/lib/Core/Installer.php,Administrative/internal,8720,4527c4cb86438fae2c917fcd503794a70c6da2eb4768a0a9f2c890f3f809429f
modules/addons/phoneservices/lib/Core/Logger.php,Administrative/internal,5463,155d7cad52546d640c10411b24a4d6345621363328bc614f322e03b5e2a19f4c
modules/addons/phoneservices/lib/Core/Module.php,Administrative/internal,21518,ae2e55c92b3d3930424c4f0b2ffc6dd9ec77ccaaad792a265c3b980f3b77a4be
modules/addons/phoneservices/lib/Core/Provisioning.php,Administrative/internal,14834,4f937b7009e53562661889e033c93490efcbe3337685a30f2f9ea0f0a866a5a1
modules/addons/phoneservices/lib/Core/Router.php,Administrative/internal,8070,12b280aaf7706b454a8f729b678c6b3d3952c68a9a8b7b104c70e0e65d8e5739
modules/addons/phoneservices/lib/Core/Security.php,Administrative/internal,5644,7d4575c5576e71a612dfb4ec18376479ae09fd685d6226006168cd90f4dbca41
modules/addons/phoneservices/lib/Interfaces/ChatProviderInterface.php,Administrative/internal,1315,2ff6daf8dec99527e680c654a27da8333b5eb6be7751f32c5f7e96b7b7bc4085
modules/addons/phoneservices/lib/Interfaces/EmailProviderInterface.php,Administrative/internal,762,a10eb08d6e9cba47438c6996cc23b936f9483db767425446a054672c7ec204db
modules/addons/phoneservices/lib/Interfaces/EsimProviderInterface.php,Administrative/internal,855,53cd1f3cb83a6e9190df680c84d492f04efca6c547fa03c45bea2270847da813
modules/addons/phoneservices/lib/Interfaces/NumberProviderInterface.php,Administrative/internal,987,7cf95fafd9d8aeca454624bd8638a5ca92dcd6896deed1a6e5693adc7d1c96de
modules/addons/phoneservices/lib/Interfaces/SmsProviderInterface.php,Administrative/internal,744,f0f417aa74adcd741ed2c2ad7f3c88ab6c808134b10096b2b6e9c47ac4fd54b6
modules/addons/phoneservices/lib/Interfaces/TelecomProviderInterface.php,Administrative/internal,679,844f6aea9135b651342012557a0aabc123cdabfc2edafc37c52ee2821056e1f5
modules/addons/phoneservices/lib/Interfaces/VoiceProviderInterface.php,Administrative/internal,844,81ff42fb9a964322bbe3fea2b9f6cef11c9170ad63d7706b183e6fd85d839ed6
modules/addons/phoneservices/lib/Providers/AbstractProvider.php,Administrative/internal,8263,74d5d0fe3244d4809a28a20b901ee32a5f0e2b20242e0b519452acfaef798113
modules/addons/phoneservices/lib/Providers/AiraloProvider.php,Administrative/internal,13465,3b682e910e248d48e5ff84d4ceff6173ca2df30d9db80e553a417132a25d417b
modules/addons/phoneservices/lib/Providers/ProviderFactory.php,Administrative/internal,5701,ce49d0b4dd7205e708ad89a474351ee454b64ee468a82c6ca0e3de197121f76c
modules/addons/phoneservices/lib/Providers/ProviderRegistry.php,Administrative/internal,8658,7d5f1ce0868a73d7b83aef539326c98c3d2c935b208c4bd74fb728fe46251ecc
modules/addons/phoneservices/lib/Providers/SendgridProvider.php,Administrative/internal,5155,0ca7e67aca294827295f112a19d53015279f86e147522e10c061832e7e9388ca
modules/addons/phoneservices/lib/Providers/TruphoneProvider.php,Administrative/internal,9118,0d3cc1d46ce5e13db2ddc8cd1e33ec8f24793c22416c93527bf6c87acbb0dc9d
modules/addons/phoneservices/lib/Providers/TwilioProvider.php,Administrative/internal,27235,b73cb462177ca4cc876143317d69eaf92f060e7acf782256cf6fdb1bd71b2df5
modules/addons/phoneservices/lib/Providers/VonageProvider.php,Administrative/internal,24619,a8da032333a05e50a4fa7dfdc612421fba28857446dac519819759ee46be8e41
modules/addons/phoneservices/lib/Providers/WhatsAppProvider.php,Administrative/internal,9811,6ea23403069bb3817a68384defa97889a978514ac51f6bd919580a8f0f94fdf3
modules/addons/phoneservices/lib/Services/Cron.php,Administrative/internal,7073,0d554ea89a7a30e68493b698301d51063cd1d52eccc4af7ddca959cb5ee3110e
modules/addons/phoneservices/lib/Services/EsimService.php,Administrative/internal,12745,230b57b3450251495c13fd7a76c11e419f598e549e6363552c31ca25d807c585
modules/addons/phoneservices/lib/Services/NumberService.php,Administrative/internal,10629,1ebf31dc8c766ec700de0ffcb4bae2495f8071a277e5046b558c908d73b708e7
modules/addons/phoneservices/lib/Services/PricingService.php,Administrative/internal,5940,5db6a1c1955e8729b417c41255f94ccad7976d0077433e8b22fdca6ae8e3b330
modules/addons/phoneservices/lib/Services/SmsService.php,Administrative/internal,16882,e0572eaaa3def629d89a8998584836322a9cc021ac94f139f0c9992ee0073a89
modules/addons/phoneservices/lib/Services/UsageService.php,Administrative/internal,14293,65b1b106888d6ca023b7a742fce57f5ee615f3674a8f98cb86239697331d2871
modules/addons/phoneservices/lib/Services/VoipService.php,Administrative/internal,15303,4b7ae9ef440722e07671c922693d287512089ce716557bafa9b69e1fa59fb7cc
modules/addons/phoneservices/phoneservices.php,Administrative/internal,8867,306e8a380cc5372b2c7a4935f8e593ce256c13e1ee0945be3c0f613e6200c98b
modules/addons/phoneservices/templates/admin/api_config.tpl,Administrative/internal,12479,4865de3abf94b40680e10ca5cf6062411e2db9e8560468cd436ceb2c3921a4b8
modules/addons/phoneservices/templates/admin/dashboard.tpl,Administrative/internal,8794,9033022417d9efca2b59f9f14f8a38e9ed79bbf9df3bc093ae1878aa35c11a8e
modules/addons/phoneservices/templates/admin/esim.tpl,Administrative/internal,3382,5c98b0bfc3765a73b1c5a06c5957da8a96f896dc6a142a9ec6eb68abfba5fbad
modules/addons/phoneservices/templates/admin/logs.tpl,Administrative/internal,2951,fdc2b878f4ad0c09b727fff8402a8a0c94f4382ee11d855ba6cfa0f9dcf2de34
modules/addons/phoneservices/templates/admin/numbers.tpl,Administrative/internal,6056,a9bc9d73fa5814f7e797496c26a7a1f017fa833d593723648dfb2d8753454430
modules/addons/phoneservices/templates/admin/pricing.tpl,Administrative/internal,4215,a1d0929aea001c5b78e7580cf3713ff1df98aa450909c3b4ff23815ebb7ec970
modules/addons/phoneservices/templates/admin/providers.tpl,Administrative/internal,3848,6681ed6f0fc848ada5710e8f96fe5a868a98d4b5076a012a08736397b7f7b6d5
modules/addons/phoneservices/templates/admin/sms.tpl,Administrative/internal,4184,b8fdc5dca8233ebece82feda154e896415dc4e9e9b96d8704000fc4f8b0f068a
modules/addons/phoneservices/templates/admin/transactions.tpl,Administrative/internal,6163,20bf18a30d63f5e7be11c588b3a5b65f8dae27345a5fcddea57cb5c3afa01841
modules/addons/phoneservices/templates/admin/usage.tpl,Administrative/internal,3300,46a240326938923dbf86f67eb9038e57fb66c445ffcd98b82f3533dbd14a5854
modules/addons/phoneservices/templates/admin/users.tpl,Administrative/internal,5461,0f6b392cb36984016d4c814921d154241f6a785c0ab026549a6d25d1f1871f98
modules/addons/phoneservices/templates/admin/voip.tpl,Administrative/internal,4036,ec7ff8a71e4a43392d1120c3628c39b1ef31c694d88d6097eab31e43a17564f8
modules/addons/phoneservices/templates/client/_helpers.php,Support,1857,c0a4317e5ead35f820852abfe6635b1a72856ef83f5210a73be06dcc111338a2
modules/addons/phoneservices/templates/client/dashboard.tpl,Administrative/internal,3511,b342abd45587048744ef842e1ba830da3e846ee2d383a878e6d075f4f85f6b2c
modules/addons/phoneservices/templates/client/esim.tpl,Administrative/internal,6051,87e44020af271f5d5ced079a8c65b388e8030b2e847d1fdd92fdd02b12a26b15
modules/addons/phoneservices/templates/client/numbers.tpl,Administrative/internal,5539,59c77886136997df5efa4874b68f5702d957b81c80982a20c50ae89420de83bc
modules/addons/phoneservices/templates/client/sms.tpl,Administrative/internal,5675,cb6469a6ede8483aa60e985b569e3fa25e7bf9db40877d1a7ed2cdd38a5371f0
modules/addons/phoneservices/templates/client/usage.tpl,Administrative/internal,4182,4a6c3d9e3601d803093222c69a03a1c3dcb2e6b647c2849120351eb3af98d03e
modules/addons/phoneservices/templates/client/voip.tpl,Administrative/internal,5007,809800d868b421d8f4d72508e9b8a8735b9dd5e51ff742de379c235071fe5e00
modules/addons/phoneservices/templates/clientarea.tpl,Client Area,2198,50aef432069c10436acc57123c848e4d37eae701b9eae0b64d0a6d43f8e7a54d
modules/addons/smmaddon/README.md,Administrative/internal,8041,45c2f0579af50272548003cb480c427671e52ce78b1e10184c0c8b0eef0f4942
modules/addons/smmaddon/example_api.php,Developer,4825,9c0d5745f1da042a6055dfb4358a165b51a8e40a81987ff583d037d0eb0f64f8
modules/addons/smmaddon/hooks.php,Administrative/internal,13324,8a89901ef2b49f5e826a6e21df402fab9cb75c53c6206e767ecf727ccc22555b
modules/addons/smmaddon/lib/AdminDispatcher.php,Administrative/internal,16050,c66fcf48dd123b6c8c752675144acee7567b06ffb092ecb5c2af058e5ea7d757
modules/addons/smmaddon/lib/ApiClient.php,Administrative/internal,4238,43bdd52b6a49d6478a4c5763c819c53d1686d98c1d18665281f7a18b44b77495
modules/addons/smmaddon/lib/Helper.php,Administrative/internal,7425,7ca83849d7aa041bdce813ae14ea260a754bbb74842d02c4ff44b1967034e246
modules/addons/smmaddon/schema.sql,Administrative/internal,3842,1e55c850c03703b59a8a8d48740fdd139ef9dddb494a1a0edf4d6c844361fb10
modules/addons/smmaddon/smmaddon.php,Administrative/internal,8411,1d729c1346d05620a586cf97d36580d600855b0ae9987d01ef5209bc0a4c8f90
modules/addons/smmaddon/templates/admin/dashboard.php,Administrative/internal,4259,ccaffb89796a22aa1161b7cc66b0729be2087cd0eb6dc78d949558c6fdb17398
modules/addons/smmaddon/templates/admin/logs.php,Administrative/internal,3286,09bad590dafd3f718dab9a32244707333fa08767552c84a7c4ec6fdccec2628c
modules/addons/smmaddon/templates/admin/orders.php,Administrative/internal,4184,23629afe55398e43464eb41e7dee456cfffd6f17e64517578e09e344aadde525
modules/addons/smmaddon/templates/admin/services.php,Administrative/internal,7817,c045b54c5392fb6b8173ff4d09ce686b60c6bfd1969095edd0adac19ee4ccad5
modules/addons/smmaddon/templates/admin/settings.php,Administrative/internal,3276,a6ca2d4d0106c7c2c83fd9be1c6206bc7e0787b0d031189d853e74ce8e20c262
modules/addons/soyoustart/classes/ApiCall.php,Developer,40197,89f75cafeae17e3a1f2459d7b322d7a75ed5e06ff614b7562695dffeeb1d7282
modules/addons/soyoustart/classes/Configuration.php,Administrative/internal,5537,4cc884ff7e4a34c53f5de825fc753a945fb408e64bfbbe2de75e0e4ccf056c55
modules/addons/soyoustart/classes/ConsumerSetting.php,Administrative/internal,21243,bc5d9721ef50965cd9f8b6ccac0b671a79f9e3df29d5408de19d341f68cfe462
modules/addons/soyoustart/classes/ConsumerSetting.php__,Administrative/internal,20772,1bd4bfb477ef48add616ddf5c6196af8a5763e490df6bd24ee372a90c0a361e8
modules/addons/soyoustart/classes/CustomDatabase.php,Administrative/internal,21008,b260d322ff5145ddf705d62f27871d818bc7083905d95b7d53c4ffdc298a982c
modules/addons/soyoustart/classes/EmailTemplates.php,Email,12690,823e971fafc405013380922cb659df759e8da15043fca238905bde9cfba27d89
modules/addons/soyoustart/classes/ExistingServer.php,Administrative/internal,16762,3453cd5963c5a11be0903f639a1792ba699f89843821661baefdfd6d11e3cec3
modules/addons/soyoustart/classes/OrderManage.php,Administrative/internal,2798,9eafd27d96050ca2ea6092d22722c75c2a00026a3b4269484551eacb6ea8de4a
modules/addons/soyoustart/classes/ProductSetting.php,Administrative/internal,65219,faee7e0fae1300311290b6ea37ad62b2e0eb83d0fd684ae4f676afd0a4994f80
modules/addons/soyoustart/classes/ServerStatus.php,Support,2981,fb07821f858bbfcbfb0285ffe637030a40856fffb702092dc28ead80374adcf9
modules/addons/soyoustart/classes/index.php,Administrative/internal,53,a21ddf72582af0094119864492c7cef93a310dfa75e3b65e4e4d3766ab3d677c
modules/addons/soyoustart/classes/upgrade.php,Administrative/internal,5195,a279e651a3e8ade526475b285e3bb2ca178efdb74ec553d864a3cb8fc2603c0d
modules/addons/soyoustart/config.json,Administrative/internal,7387,c16424080322f7d161743242f4252bf7bd46f7ff63b6150f8ec9f42c1602d5b3
modules/addons/soyoustart/hooks.php,Administrative/internal,25715,3d8d9e40e8cc2fe54bad9ab8c536a1d23163e37c303153c66d7c1d7a062994dd
modules/addons/soyoustart/index.php,Administrative/internal,50,416e7a0f5a39f8d047c069450a846194ea0d479ff99afe17e393c4b63e2f4934
modules/addons/soyoustart/lang/dutch.php,Administrative/internal,16673,e22f43bad4d057d7450220e8aee5c2af3a7afe6e6bda030e39c2c3e577b17a7d
modules/addons/soyoustart/lang/english.php,Administrative/internal,17317,ae07acb8f47cdd4bbf3d6430d32ed3f01ec3ffc3b0f9006ce4d1b8437342dce7
modules/addons/soyoustart/lang/french.php,Administrative/internal,17562,267bd2cc2e69f805aac466a263363317b67c00071a828f3eef21cf1b0f9e245b
modules/addons/soyoustart/lang/index.php,Administrative/internal,53,a21ddf72582af0094119864492c7cef93a310dfa75e3b65e4e4d3766ab3d677c
modules/addons/soyoustart/lang/spanish.php,Administrative/internal,17972,998bb98fe1437c9c51822b38c0b3ff5745d491524babdcebbcc82ca85791c5c3
modules/addons/soyoustart/lang/turkish.php,Administrative/internal,16999,0b96dc9677a37bc98e5ed96153512d0b8106ce57284a9028299f46f60355833e
modules/addons/soyoustart/lib/Admin/AdminDispatcher.php,Administrative/internal,543,49ffa1a1c9dcf3b14377ca9085942158340776ac9644f623c55f8043fb867b65
modules/addons/soyoustart/lib/Admin/apicall.php,Administrative/internal,2336,304bc1ebd6915568ae42f0aebda2be57dc0525aa088830a1597334fd2437aab0
modules/addons/soyoustart/lib/Admin/controller.php,Administrative/internal,82881,00d86b66717892548a836d0f2455eb17826026afe002dc425ecb7005917330df
modules/addons/soyoustart/lib/Admin/index.php,Administrative/internal,55,36b171cccef3e1a6bfab5154821a556d93b65c7b6319292971d443d7e620fd32
modules/addons/soyoustart/lib/Helper.php,Administrative/internal,76099,34fb7b1ff7739d711569990e5b9814235a8eb5833d0db86db8855c5b1257dbae
modules/addons/soyoustart/lib/index.php,Administrative/internal,53,a21ddf72582af0094119864492c7cef93a310dfa75e3b65e4e4d3766ab3d677c
modules/addons/soyoustart/soyoustart.php,Administrative/internal,2529,6673e464e051862a14ce9f5079902ce7457648ba6bbb83f030f8afa9219caff7
modules/addons/soyoustart/templates/admin/addimap.tpl,Administrative/internal,11915,7f86c43c119c5bace5e02aafbfd2a4dd1ed497b38870b4a4137fcbea61e51b2d
modules/addons/soyoustart/templates/admin/consumersetting.tpl,Administrative/internal,36136,d9c64a271a57f4f6a454d46bfb927f07aed0d22bc84fee124cf4d9d26c159be6
modules/addons/soyoustart/templates/admin/dasboard.tpl,Administrative/internal,2643,cbd0ba9342744a67e696614392949a64c1992e2b915a631f6537a916dd13ec2a
modules/addons/soyoustart/templates/admin/existingserver.tpl,Administrative/internal,12088,3d345773dbb2df54bd61128f32d68ad0de7523bdf1151ca85281e9a1ca9950a1
modules/addons/soyoustart/templates/admin/footer.tpl,Administrative/internal,693,d37fc013c0571622f750a4370d9c977823c6215a54d1b779fd08ce32ca676dc8
modules/addons/soyoustart/templates/admin/header.tpl,Administrative/internal,5185,2a6d2223fda4542960b40e4d21356303e7e6d50e9792ae025e5f1fc4b75a8b62
modules/addons/soyoustart/templates/admin/imapsetting.tpl,Administrative/internal,8444,04a9d703cc8558e32474868c680f90dfe00b3e015c14fd9e928a8607b8ce2f63
modules/addons/soyoustart/templates/admin/index.php,Administrative/internal,50,416e7a0f5a39f8d047c069450a846194ea0d479ff99afe17e393c4b63e2f4934
modules/addons/soyoustart/templates/admin/logs.tpl,Administrative/internal,4490,09fbbe9af040694d3b480c22df147f20f9f44c544ba0e5b57c2686b324ad65f3
modules/addons/soyoustart/templates/admin/manageemailtemplates.tpl,Administrative/internal,8117,0da7c50ecae9aa9ed05fc880a6d441d6f243550ffb04a09134035a62c8c35c1e
modules/addons/soyoustart/templates/admin/ordermanagement.tpl,Administrative/internal,3321,c2ecc057503740247abbd230d257a0fec6a390f3aebfc9582d66b17b47fd4c96
modules/addons/soyoustart/templates/admin/productpricesetting.tpl,Administrative/internal,5249,61d9bd60d25c4b3bc96840d46a675277d0d6df530a89d0ced5e15a9da15f421a
modules/addons/soyoustart/templates/admin/productsetting.tpl,Administrative/internal,16190,158e48c4ddeb51a22128e7bfb9699f636961843ad66be528c79bb35ecd44cbc0
modules/addons/soyoustart/templates/admin/serversstatus.tpl,Administrative/internal,5122,42a645db89055e95eb10a1fb672c5644cc90900970db1d4778c726e499725d7e
modules/addons/soyoustart/templates/admin/settings.tpl,Administrative/internal,3481,ca7200e9caa8f9761d5d43459b1e5fd9109a8cc2bfc15779cd89b7442ebaf0ce
modules/addons/soyoustart/templates/assets/css/index.php,Administrative/internal,55,36b171cccef3e1a6bfab5154821a556d93b65c7b6319292971d443d7e620fd32
modules/addons/soyoustart/templates/assets/css/style.css,Administrative/internal,36246,afac489a365ffd95c7c5a45d0ece0b94488403d226e5cc105ee73e3ae51e62ae
modules/addons/soyoustart/templates/assets/images/delivery-status.svg,Support,9282,724a573602a70357ce2365eb504eade82b905e3bd57ea5170320db5a13238da8
modules/addons/soyoustart/templates/assets/images/disable.png,Administrative/internal,350,e8803f5d489bbc312c00d65e27f585e0084ff6e5c796891b04aa2f8e49ed66f6
modules/addons/soyoustart/templates/assets/images/edit.png,Administrative/internal,413,4aab16147e9ece5a54601493eb60cae67361e0dd9cbdcee4b7ce8dcbbc8c2b82
modules/addons/soyoustart/templates/assets/images/enable.png,Administrative/internal,359,938090536223a9eb5cbdef010eb28cb4b4d59d3a719fde13e9cdbe0ebbe8d16b
modules/addons/soyoustart/templates/assets/images/envelope.png,Administrative/internal,19541,930cab786fe79302e215501f2d7b4cb39d2a99c7dbc2b1ebc5f744fc499b091e
modules/addons/soyoustart/templates/assets/images/google-login-button-asif18.png,Authentication,8581,09ca62f0df5048f9b311d20feafb21e6aee3e18822a767de49ffe1f616943561
modules/addons/soyoustart/templates/assets/images/icon_1.svg,Administrative/internal,2961,b4b87c866a75b021f8ccc2c736dd4c9ae95c9d03fc921eaf5ee783fc1f9d4543
modules/addons/soyoustart/templates/assets/images/icon_11.svg,Administrative/internal,2663,0f2f591b44fdc134204281176145090595df2bf19eb442eff50439ab1ecfc2ac
modules/addons/soyoustart/templates/assets/images/icon_12.svg,Administrative/internal,1850,3cae86b4cb754a8dfcd0980ce3865e0b0b85dcdb22448c8c050064c5d87289a0
modules/addons/soyoustart/templates/assets/images/icon_2.svg,Administrative/internal,1075,3924f8c90ced5456212c5f6f38b6bd251e368ef4a81d9ccc4fc47a4cefaf1259
modules/addons/soyoustart/templates/assets/images/icon_3.svg,Administrative/internal,844,87e730ff1bb06aa52b5f639ef0f42fbe0276c7f0d4862613d45be1d2046d20bd
modules/addons/soyoustart/templates/assets/images/icon_4.svg,Administrative/internal,1234,3dd30ce0d8d0a12ae13fe7c221d43be7f24a29e0783f6af656e602cfef67aeb4
modules/addons/soyoustart/templates/assets/images/icon_5.svg,Administrative/internal,4300,e87471164bc68dc5ec01d5ff5abb9fccd393c64989c8c7dd4604d6d5ff225b73
modules/addons/soyoustart/templates/assets/images/icon_6.svg,Administrative/internal,1922,60c77d30815a56690ebc351ed21d15532d469658a35d3bada6e20d99ac80d281
modules/addons/soyoustart/templates/assets/images/icon_7.svg,Administrative/internal,998,61659ef5d93e78e32546be1bfe5b0f507adce31527b99cc26a5349e3450dd47f
modules/addons/soyoustart/templates/assets/images/icon_doc.svg,Administrative/internal,1427,81850a4783680ac15014aec8bafe973b65035a876942728629b104c42028f2d2
modules/addons/soyoustart/templates/assets/images/icon_existing.svg,Administrative/internal,3335,1e38bba29ad4bd47ec8dbf464b228553cf76e37f8311a2911cf5a238cb2939d8
modules/addons/soyoustart/templates/assets/images/icon_price.svg,Administrative/internal,1215,9a24012015d547adf203f8720604311c9058dcd1dcd971b404a531a2bf6eaec1
modules/addons/soyoustart/templates/assets/images/imap.svg,Administrative/internal,17698,753747aee1670bf1c74b0a622795bf1915e6581347a8a326e6f13741d52f8a8e
modules/addons/soyoustart/templates/assets/images/imap.svg_bkp,Administrative/internal,7144,cab17fa8df1b06db1df7fbde0cce72d529e546789439249eed20b9735e5fb4a6
modules/addons/soyoustart/templates/assets/images/index.php,Administrative/internal,55,36b171cccef3e1a6bfab5154821a556d93b65c7b6319292971d443d7e620fd32
modules/addons/soyoustart/templates/assets/images/loading.gif,Administrative/internal,1849,f6ecff617ec2ba7f559e6f535cad9b70a3f91120737535dab4d4548a6c83576c
modules/addons/soyoustart/templates/assets/images/logo.png,Administrative/internal,2232,958d34ebb8876e24cf1ef42b71096144c599971aa5297c971afe75fb285f040f
modules/addons/soyoustart/templates/assets/images/logo.svg__,Administrative/internal,46464,c32df0edf4fb99a7e9cfc74e6f36afd852423a2173da3b57ef0fba3455b0cbb7
modules/addons/soyoustart/templates/assets/images/ovh_logo.svg,Administrative/internal,2733,33ecfe935c70ba671cbc92fecbf99a8cc296b1730423be8e5ea3d46f0455832a
modules/addons/soyoustart/templates/assets/images/preview.png,Administrative/internal,271826,5cccd52824d8a1a24b2f81cc8e97eae6840f011c690ddcabcf5c70c81ca7fd2e
modules/addons/soyoustart/templates/assets/index.php,Administrative/internal,54,1267893446920a11d3a3c99c841ec0a7674b91173da0ec4fa4f30b8f762f43bf
modules/addons/soyoustart/templates/assets/js/index.php,Administrative/internal,55,36b171cccef3e1a6bfab5154821a556d93b65c7b6319292971d443d7e620fd32
modules/addons/soyoustart/templates/assets/js/script.js,Administrative/internal,71783,b7f30fce8c0bf76727b6d683b1951d98a4154b8d92dadd7f81e3460ae29c8960
modules/addons/soyoustart/templates/assets/tinymce/changelog.txt,Administrative/internal,92798,773d7e03ba57a09e3d8c256213217567c7b557f36eed7c79c2e0d1253827faa1
modules/addons/soyoustart/templates/assets/tinymce/license.txt,Administrative/internal,26945,4861f9692e2243502dc9174bd8180ab418445aadbcc91ac63e4838879aec840a
modules/addons/soyoustart/templates/assets/tinymce/plugins/advlist/index.js,Administrative/internal,211,797830f9ed6a882e726da802bd2077451319d0355f67ad7d0d83c471dcb9304d
modules/addons/soyoustart/templates/assets/tinymce/plugins/advlist/plugin.js,Administrative/internal,5703,dc599e588f7f665c52ea0f99d2a9ff17269b983f98900b05e99db16d81d139e7
modules/addons/soyoustart/templates/assets/tinymce/plugins/advlist/plugin.min.js,Administrative/internal,2226,5ced5195bd272da68803e42bf5746aa946ed9a3d846e1a6386a111d5484530cd
modules/addons/soyoustart/templates/assets/tinymce/plugins/anchor/index.js,Administrative/internal,208,7accd6e66e9a39e967ae4b444d0d31878e1524a2b4abb23feb5ce04a9d0aa3a3
modules/addons/soyoustart/templates/assets/tinymce/plugins/anchor/plugin.js,Administrative/internal,3433,ce1e423f97d0aeed77f4cbb2ac8d47e92250e32702000d11ebc5ea7bb6dcd104
modules/addons/soyoustart/templates/assets/tinymce/plugins/anchor/plugin.min.js,Administrative/internal,1426,0320a634a06f99fcf5ad6deb14825e6183eb4300e9f461f60d64848e3db8aa9f
modules/addons/soyoustart/templates/assets/tinymce/plugins/autolink/index.js,Administrative/internal,214,0c1cccf0071bc51a7c29d33cf3c935711c467693362f38d7ccc62da0cbc20c91
modules/addons/soyoustart/templates/assets/tinymce/plugins/autolink/plugin.js,Administrative/internal,5798,84775e1596de7c807bde40031d5085fef306bad17f00c652f2f6660e3cdc61c2
modules/addons/soyoustart/templates/assets/tinymce/plugins/autolink/plugin.min.js,Administrative/internal,2127,b6269e7047e1d9ee17b5cb998f5d6b1392ac567e2bfdb078e77b6d7d875ed4e8
modules/addons/soyoustart/templates/assets/tinymce/plugins/autoresize/index.js,Administrative/internal,220,a6c0905c6ee20aae873690a0a4b9e56225aa0b7beb259e579b0f0e444c41ff59
modules/addons/soyoustart/templates/assets/tinymce/plugins/autoresize/plugin.js,Administrative/internal,5699,cfc45ed8f33f283b8de9fde44e1af14161a8c1e934de76bbda843673e495fc45
modules/addons/soyoustart/templates/assets/tinymce/plugins/autoresize/plugin.min.js,Administrative/internal,2074,1de4169f6bdf5c40cd11f484923d5f46852e4887c7a3eaee8b6d74ee1e4ff4ae
modules/addons/soyoustart/templates/assets/tinymce/plugins/autosave/index.js,Administrative/internal,214,0ecbe30a858fed86f377aa02f2eef37248141e32f63a10a56f9f635643b8d37a
modules/addons/soyoustart/templates/assets/tinymce/plugins/autosave/plugin.js,Administrative/internal,7526,7def6e666390f9b1a537ee30583c4b6bd70918cbc3016593e22769e151853567
modules/addons/soyoustart/templates/assets/tinymce/plugins/autosave/plugin.min.js,Administrative/internal,3083,967c9e65af2df3481f55b8949368b8c5f74015470b5f4cdfdbc544507f54dcc2
modules/addons/soyoustart/templates/assets/tinymce/plugins/bbcode/index.js,Administrative/internal,208,f695b60fbf4a386e833739d79d6d2fc747061b72434c571ea318205bb9328bbb
modules/addons/soyoustart/templates/assets/tinymce/plugins/bbcode/plugin.js,Administrative/internal,4004,1f22464704b31968bca3a9c2e1b2c2c7eaecc9c6847c4d847c8a92840d41012a
modules/addons/soyoustart/templates/assets/tinymce/plugins/bbcode/plugin.min.js,Administrative/internal,2850,749a2ca206d8a80386c317f23e067b30770281f15d5fa898d24d38d52db9e3bb
modules/addons/soyoustart/templates/assets/tinymce/plugins/charmap/index.js,Administrative/internal,211,78c72a22df8c1264cfa148e10a4aff5a8bef87b581eaf8e00d29d8f69558cc09
modules/addons/soyoustart/templates/assets/tinymce/plugins/charmap/plugin.js,Administrative/internal,22205,3aa04599c9febfb69583b47eb35b3eb02ec708b8bf20a9654438215dec932dfb
modules/addons/soyoustart/templates/assets/tinymce/plugins/charmap/plugin.min.js,Administrative/internal,8601,f7f129649dd03e78c621e54ce7cb2642acc80f52e8114b5dc3e3bb42b35e02b0
modules/addons/soyoustart/templates/assets/tinymce/plugins/code/index.js,Administrative/internal,202,7fb46f017a879aefb5794bb6a86b5a13c964577ce9b9bdb7a00bbba6a2b25c5e
modules/addons/soyoustart/templates/assets/tinymce/plugins/code/plugin.js,Administrative/internal,2547,150b63d160a84a2223af3ec2e452c81a9555b4f702342960b6c9b65b02a88b41
modules/addons/soyoustart/templates/assets/tinymce/plugins/code/plugin.min.js,Administrative/internal,1024,b38f0d55a3f7cbaaf7908d74f6970e2c8f5c94bce948f075bb0a2d9dfb716083
modules/addons/soyoustart/templates/assets/tinymce/plugins/codesample/css/prism.css,Administrative/internal,2472,1f9e2da3b634ac6e0b92d91a23e53c601f80caa479233377d04fccb602115ed5
modules/addons/soyoustart/templates/assets/tinymce/plugins/codesample/index.js,Administrative/internal,220,79e5691e055090dca7d86dfca2058b9e57967ea38acfcef3f3edc5b4c9e887d2
modules/addons/soyoustart/templates/assets/tinymce/plugins/codesample/plugin.js,Administrative/internal,34851,108ea954338ba941e60d65c456723140965cf826514735f6e87e832b625823a7
modules/addons/soyoustart/templates/assets/tinymce/plugins/codesample/plugin.min.js,Administrative/internal,19415,35dc24023764d99a89ac43a1d7f7e3205ccf13d60352a3dff5deae8cb222cf7a
modules/addons/soyoustart/templates/assets/tinymce/plugins/colorpicker/index.js,Administrative/internal,223,b616f80d45848ffb1c9e5cfc1323d514e51219902c23e89f50ace06154b8fbc2
modules/addons/soyoustart/templates/assets/tinymce/plugins/colorpicker/plugin.js,Administrative/internal,3479,fbb9dc802b9e2f2033ed90c1fbb20bd3f0e6da4ddaf10b31a4fe701f198e6df2
modules/addons/soyoustart/templates/assets/tinymce/plugins/colorpicker/plugin.min.js,Administrative/internal,1349,44b45ab8b7d470cb166bd4a3fde9994dbb7305d9274b4b470c91f98e4b14c9d1
modules/addons/soyoustart/templates/assets/tinymce/plugins/contextmenu/index.js,Administrative/internal,223,09da785cba3cbf4126a70823a2cf38600118c43b086014e391254f2d2691cd73
modules/addons/soyoustart/templates/assets/tinymce/plugins/contextmenu/plugin.js,Administrative/internal,4914,7baf0f212f94d86566d5643459d5c1c89490be3184b8e1fa4557b93c30f281e0
modules/addons/soyoustart/templates/assets/tinymce/plugins/contextmenu/plugin.min.js,Administrative/internal,1824,9ec923ef0f58d2734ff8fa1359000204e9bb588d517f4dae19561b2887dc6c46
modules/addons/soyoustart/templates/assets/tinymce/plugins/directionality/index.js,Administrative/internal,232,e3223d39205ae952aa69a29489fa6e9a9ce1943f5dd550d8b11a97b0c1f3365c
modules/addons/soyoustart/templates/assets/tinymce/plugins/directionality/plugin.js,Administrative/internal,1917,19c339c93e09ae196d72482538f498f8b840c4eba5f06bf43b11dac3bbada7c7
modules/addons/soyoustart/templates/assets/tinymce/plugins/directionality/plugin.min.js,Administrative/internal,857,f0aabb563087feac0b0cad11c6aaeed03489244d6a77d83c0d9deb81ff099c27
modules/addons/soyoustart/templates/assets/tinymce/plugins/emoticons/img/smiley-cool.gif,Administrative/internal,354,bb0e93a050a32df7913e4026b3c88a176998e0e3e073ba06e9b73f6c24227c9c
modules/addons/soyoustart/templates/assets/tinymce/plugins/emoticons/img/smiley-cry.gif,Administrative/internal,329,a0c5f3e7a682449c973c9d9f7c46342081c46920686d2353f57aff91ab907f68
modules/addons/soyoustart/templates/assets/tinymce/plugins/emoticons/img/smiley-embarassed.gif,Administrative/internal,331,d3cafcb50b335672cb5e9f4600ea9ea261dac7828dd28844d4927c393a25618f
modules/addons/soyoustart/templates/assets/tinymce/plugins/emoticons/img/smiley-foot-in-mouth.gif,Administrative/internal,342,03fe04d3ed533423ac81f05146584b0c451be3d4a30e76687ceef283ed07071f
modules/addons/soyoustart/templates/assets/tinymce/plugins/emoticons/img/smiley-frown.gif,Administrative/internal,340,1b984bf98931dd1debb54461eb9d83e985f2b2999fe14bcb556d6c0921bc83b0
modules/addons/soyoustart/templates/assets/tinymce/plugins/emoticons/img/smiley-innocent.gif,Administrative/internal,336,8db353ef102196f2c6ddf5c4666446de955d7b14fc0957c806c9dbfb48fb0c29
modules/addons/soyoustart/templates/assets/tinymce/plugins/emoticons/img/smiley-kiss.gif,Administrative/internal,338,3154c3665356c13ab10fefdbac1fe187fff978a0052037c99cdc4a97103413f2
modules/addons/soyoustart/templates/assets/tinymce/plugins/emoticons/img/smiley-laughing.gif,Administrative/internal,343,8f6adedcd091975ffead171867a6304d908bb6541a6ccb4919286ec6b7d4551e
modules/addons/soyoustart/templates/assets/tinymce/plugins/emoticons/img/smiley-money-mouth.gif,Administrative/internal,321,f0b9f4f22e237f5dbc851f900fed8d7eca4c954ae6fbc606c0cd8be431d0ac80
modules/addons/soyoustart/templates/assets/tinymce/plugins/emoticons/img/smiley-sealed.gif,Administrative/internal,323,9933b442636b6e537df7b564e2c3f7a2873526eea6b022a98eb1e468e5204c32
modules/addons/soyoustart/templates/assets/tinymce/plugins/emoticons/img/smiley-smile.gif,Administrative/internal,344,fd89cd460ffcacb7e725e00c0275ef5b3924ce468248e5ff4fb43545571cfa65
modules/addons/soyoustart/templates/assets/tinymce/plugins/emoticons/img/smiley-surprised.gif,Administrative/internal,338,3871f356cb41976d7ae8a5f005e8739e4d014352a8adef9b33f773d81b6e6c01
modules/addons/soyoustart/templates/assets/tinymce/plugins/emoticons/img/smiley-tongue-out.gif,Administrative/internal,328,5843c85667a8226dc43be83749fd9fbbc5d20b1577de2b763915d99815d37d47
modules/addons/soyoustart/templates/assets/tinymce/plugins/emoticons/img/smiley-undecided.gif,Administrative/internal,337,d8b9bcbb433951ff3c4ca8dd959ac3844239b98e6d52218833e1485a91f67347
modules/addons/soyoustart/templates/assets/tinymce/plugins/emoticons/img/smiley-wink.gif,Administrative/internal,350,2af75ad7b1c08488505513503e34b15f40005e04a2a9568f698f0945d2d8ba1f
modules/addons/soyoustart/templates/assets/tinymce/plugins/emoticons/img/smiley-yell.gif,Administrative/internal,336,bba903fbcb46fce8c68b9e01863fd095b3b1d0e6aa72161f3a88d762a5f90a79
modules/addons/soyoustart/templates/assets/tinymce/plugins/emoticons/index.js,Administrative/internal,217,79d70c7869aa6fcee5db4712355916dcf24a8d49260287d2f5546163b63decea
modules/addons/soyoustart/templates/assets/tinymce/plugins/emoticons/plugin.js,Administrative/internal,2339,7dbf339322e82e77e0b4afdd41be16a3b34a16ea3f1b5031120825fd2285aed1
modules/addons/soyoustart/templates/assets/tinymce/plugins/emoticons/plugin.min.js,Administrative/internal,1071,0da7c4133f56d5df695b09441ea62b61dafa7f5b60228b8282f556074189860a
modules/addons/soyoustart/templates/assets/tinymce/plugins/fullpage/index.js,Administrative/internal,214,cb52449c0f7c18510a98943ad2dc495d58abfa49044e5f0d52359e23914a0846
modules/addons/soyoustart/templates/assets/tinymce/plugins/fullpage/plugin.js,Administrative/internal,16864,e992cb8fd3e246c53dd153b91fd648fc59525ab81fbe485698b56f253218f63a
modules/addons/soyoustart/templates/assets/tinymce/plugins/fullpage/plugin.min.js,Administrative/internal,7168,fe3161fbf0190ff1fc5562c7fd64b4de933e533568b536a58bff9d4b38159acf
modules/addons/soyoustart/templates/assets/tinymce/plugins/fullscreen/index.js,Administrative/internal,220,ec0754224bc4212b14dcba3e5cebc0f4df72346f2a7ccc9117a029fe9ab460ab
modules/addons/soyoustart/templates/assets/tinymce/plugins/fullscreen/plugin.js,Administrative/internal,5487,05bcb521d4ae9381a2d4bf299139fc3fe61ef43f2078f65d943da3497897360c
modules/addons/soyoustart/templates/assets/tinymce/plugins/fullscreen/plugin.min.js,Administrative/internal,2161,aafdeee65ed0af9c6bc5b3de0fa80be68eb5378a7b6505c74aa2cea502d6701e
modules/addons/soyoustart/templates/assets/tinymce/plugins/help/img/logo.png,Support,13208,95b06f8538b11c4c30170075a09f93cf5871f74dd2541e95ad3d9da31976fcac
modules/addons/soyoustart/templates/assets/tinymce/plugins/help/index.js,Support,202,59b8df5a31d3615e5ddd023a262bbd89b877cc94defab0b436bd7ff5b9c339f6
modules/addons/soyoustart/templates/assets/tinymce/plugins/help/plugin.js,Support,27998,233a79f3d4f3cde1643d95535e4b4ec8c1ba07d589760600c93c6469baf8456d
modules/addons/soyoustart/templates/assets/tinymce/plugins/help/plugin.min.js,Support,9992,db51b1303f0978b6f632a81d12d4eaf4cb9b457f12968ae3b35e38dce031b31c
modules/addons/soyoustart/templates/assets/tinymce/plugins/hr/index.js,Administrative/internal,196,98679db3236a051e683e47d5ef0a3b3d00e2a5c75c1fecc841aa7bf8f6e64126
modules/addons/soyoustart/templates/assets/tinymce/plugins/hr/plugin.js,Administrative/internal,942,fdbf94692abdc55e703d8a758e4d43d4061f7e863d81001021d9e76fa38edacc
modules/addons/soyoustart/templates/assets/tinymce/plugins/hr/plugin.min.js,Administrative/internal,428,043194ef7f5efece27728e81e821df49586aaac13e006346236b4d5fa627d109
modules/addons/soyoustart/templates/assets/tinymce/plugins/image/index.js,Administrative/internal,205,1cea0ef3852e75d013c77f27f555f2420672e2f390ba3741dde8a9f08264e477
modules/addons/soyoustart/templates/assets/tinymce/plugins/image/plugin.js,Administrative/internal,42899,75546903537c5b0906cb42c294d2ce1cf316f530eead807b91adf3dbdcaa34c3
modules/addons/soyoustart/templates/assets/tinymce/plugins/image/plugin.min.js,Administrative/internal,18255,c9408fa29ba97a360fdc576f468da489b229520467f4c6f588aa740c831192ff
modules/addons/soyoustart/templates/assets/tinymce/plugins/imagetools/index.js,Developer,220,947d75fb5a52aa79c7d4dc4ccddae311f14b7893250d01829dca87d18261f510
modules/addons/soyoustart/templates/assets/tinymce/plugins/imagetools/plugin.js,Developer,98362,0f69fd2a566a6f019d42b203f7521b273ef278a0043837a8e0be67376cbd35b5
modules/addons/soyoustart/templates/assets/tinymce/plugins/imagetools/plugin.min.js,Developer,36525,afc9fd29148f578f03fbb2e4bd2d63776ae5faa26b4adae85e2dce954bfab8fa
modules/addons/soyoustart/templates/assets/tinymce/plugins/importcss/index.js,Administrative/internal,217,80d45a38b0d4bc945d6ca1ad3644bafa31c56bd0e80f1889931525d750230a5d
modules/addons/soyoustart/templates/assets/tinymce/plugins/importcss/plugin.js,Administrative/internal,9383,c325ef9a4a3599b58c0413b256ac3dad2b8cb560014a846ab7956b0b21d07f58
modules/addons/soyoustart/templates/assets/tinymce/plugins/importcss/plugin.min.js,Administrative/internal,3167,53a0a85d6f557e488410bccf89b56db098e90e787d23d820be0186c49888a274
modules/addons/soyoustart/templates/assets/tinymce/plugins/insertdatetime/index.js,Administrative/internal,232,adbda4183d33fea40ce71d193fb3a97b134a794cd6e4009b772fccc802033e7e
modules/addons/soyoustart/templates/assets/tinymce/plugins/insertdatetime/plugin.js,Administrative/internal,6196,578eba163afe6e75a378828d28b2a946a45bf5366b3748773478fe9dabd1709f
modules/addons/soyoustart/templates/assets/tinymce/plugins/insertdatetime/plugin.min.js,Administrative/internal,2633,92290a9999d3bcd7dc16cae335bdd7fe9ca5b2babf7eaa57bb8b9c458d6d18db
modules/addons/soyoustart/templates/assets/tinymce/plugins/legacyoutput/index.js,Administrative/internal,226,285c5de0fe59e26d1dba1ce39b8c1f01f02b126438b672ca18e9a5e3d17fb066
modules/addons/soyoustart/templates/assets/tinymce/plugins/legacyoutput/plugin.js,Administrative/internal,6810,863192496386ddc83d406bf12fa29eb771fc8dd0ceacf58107006dff29c60e44
modules/addons/soyoustart/templates/assets/tinymce/plugins/legacyoutput/plugin.min.js,Administrative/internal,3402,3206cb59accc766e99c9beaa901cd69d6da9e6fee8646ac46f76a7ac3b03aa34
modules/addons/soyoustart/templates/assets/tinymce/plugins/link/index.js,Administrative/internal,202,73f68eed09e80a882f87bf78a6594377c12096f643ba7b61bb7a288caec8337e
modules/addons/soyoustart/templates/assets/tinymce/plugins/link/plugin.js,Administrative/internal,23865,a77e431b1dbe8a7e4a20e26ed09245e41ddc701678b9d6fa2342251db0ef5853
modules/addons/soyoustart/templates/assets/tinymce/plugins/link/plugin.min.js,Administrative/internal,8919,f3a61f8d9ecf45e6839df74d17519c6cc2978432cbc62ece1a8145c082e17fc8
modules/addons/soyoustart/templates/assets/tinymce/plugins/lists/index.js,Administrative/internal,205,e306753044e51741665ab14c3300264f772c0919cb711b8592555e113c73ecf8
modules/addons/soyoustart/templates/assets/tinymce/plugins/lists/plugin.js,Administrative/internal,39778,c5778d21b3bf963892d04c81169129cd09161d6db2583c7ba082d9dd77655709
modules/addons/soyoustart/templates/assets/tinymce/plugins/lists/plugin.min.js,Administrative/internal,14256,716674f3100c6f3b507441c13b0307d27c8bb4d39f9dd5270c081b95c020736d
modules/addons/soyoustart/templates/assets/tinymce/plugins/media/index.js,Administrative/internal,205,c2e2dc7de97177120945fb94cea9281b714be3c0091e66bc2c74c0a3808dac04
modules/addons/soyoustart/templates/assets/tinymce/plugins/media/plugin.js,Administrative/internal,37495,9732776bc52087c8fc25a00b982d41943c0efc46cfc4b56a0ce861ca79a540ca
modules/addons/soyoustart/templates/assets/tinymce/plugins/media/plugin.min.js,Administrative/internal,15064,132040ae83183ac149a8db40ef6a069faed70383df92126d0a25cd2396674787
modules/addons/soyoustart/templates/assets/tinymce/plugins/nonbreaking/index.js,Administrative/internal,223,cea46dac6e2839babde49828aa5ab4399393a120114e750df8fad632de68c885
modules/addons/soyoustart/templates/assets/tinymce/plugins/nonbreaking/plugin.js,Administrative/internal,2533,61e926ac3478bf991e9ae29e257ad81a19150231c6a6bdc9c07ab77932668931
modules/addons/soyoustart/templates/assets/tinymce/plugins/nonbreaking/plugin.min.js,Administrative/internal,1012,166d22b16f10b32788d068fa49f77ef1c3c298934d2922cd0933613dd288ed00
modules/addons/soyoustart/templates/assets/tinymce/plugins/noneditable/index.js,Administrative/internal,223,87d3fc12f285731a0d39a2e7cedb1bb767cac881a5ebd50605bd818802460371
modules/addons/soyoustart/templates/assets/tinymce/plugins/noneditable/plugin.js,Administrative/internal,4265,542fa439b604ee2eaf4f0ddb9f16e96e92cd21296d56df6f812e0006b8a76f71
modules/addons/soyoustart/templates/assets/tinymce/plugins/noneditable/plugin.min.js,Administrative/internal,1540,5c13add86c73d8dc82b83df2bd74b36a1c9dcba38d8364c10e5462aba954f35c
modules/addons/soyoustart/templates/assets/tinymce/plugins/pagebreak/index.js,Administrative/internal,217,63b65d5e67ddc43489840cfac919033bdf0b2473cb7899a373f4ffd8469b993e
modules/addons/soyoustart/templates/assets/tinymce/plugins/pagebreak/plugin.js,Administrative/internal,3536,2b6ee1d8b0fc4000287650497e238bca23ab632f7ed573ee66c76b81686eb449
modules/addons/soyoustart/templates/assets/tinymce/plugins/pagebreak/plugin.min.js,Administrative/internal,1436,c3e42cf75e45b63ec386187bc1de965e99e4dbb70183073118d34bc54a5b7701
modules/addons/soyoustart/templates/assets/tinymce/plugins/paste/index.js,Administrative/internal,205,3f1dbd2fc569cc7718e30ab0249ab483d982782f8148ca8164d6fb7f5ab9b077
modules/addons/soyoustart/templates/assets/tinymce/plugins/paste/plugin.js,Administrative/internal,55180,d32fc745ed67d715280719fbe652bb26adf5fe01599ef54dbb537a35994f452a
modules/addons/soyoustart/templates/assets/tinymce/plugins/paste/plugin.min.js,Administrative/internal,21601,fde846924cab3828685c8617017b7a8aa0fc0b77847b8b0651b55eb13f7a4176
modules/addons/soyoustart/templates/assets/tinymce/plugins/preview/index.js,Administrative/internal,211,551cd530393f957956522372f17524dce28b4139936992dcea49fcf630051d6a
modules/addons/soyoustart/templates/assets/tinymce/plugins/preview/plugin.js,Administrative/internal,4557,af429613bc41c0191b3a9914302a2e1c424ab01c3bee11cf3e148d130e895415
modules/addons/soyoustart/templates/assets/tinymce/plugins/preview/plugin.min.js,Administrative/internal,2044,bebd3bcd6d63b190de90adef73b1488f140b601390c4101778a11e92c199a972
modules/addons/soyoustart/templates/assets/tinymce/plugins/print/index.js,Administrative/internal,205,18fd02f098c8baf140ec625c582fec2d92de492b65bf30ce74ac57ccf0a4862d
modules/addons/soyoustart/templates/assets/tinymce/plugins/print/plugin.js,Administrative/internal,871,970e0a31fd4b7b5e4e1d322ee4a6d60c9eea22fcca516dbe42794ebfb65b6b02
modules/addons/soyoustart/templates/assets/tinymce/plugins/print/plugin.min.js,Administrative/internal,366,908242b5e19623b0f4030af0fc3564d7fec1b0103f1bdf1b0234148bd13ff07b
modules/addons/soyoustart/templates/assets/tinymce/plugins/save/index.js,Administrative/internal,202,66816786d1b4966bed96482116175c003277828191f74680907231f113357f84
modules/addons/soyoustart/templates/assets/tinymce/plugins/save/plugin.js,Administrative/internal,3409,426b4f93aa81535f32591c2d62ffc982cbda19444638e53c1a166bc22e3f8a06
modules/addons/soyoustart/templates/assets/tinymce/plugins/save/plugin.min.js,Administrative/internal,1426,b2d21719b6ecbe1228b7bd8edb6e30a2b3c8ef42759618b874e6a181ff7134d3
modules/addons/soyoustart/templates/assets/tinymce/plugins/searchreplace/index.js,Marketing,229,716175ff0fa3d73209fa07894e818cb707ece91ecd29b3f20f051e1b96c45874
modules/addons/soyoustart/templates/assets/tinymce/plugins/searchreplace/plugin.js,Marketing,20330,bf3860dfec4d31142413e7559966319dbd7394848a7b8f531b88a0802e4c8e02
modules/addons/soyoustart/templates/assets/tinymce/plugins/searchreplace/plugin.min.js,Marketing,7358,8e4f41f1b7080003d4be926b17a6510d883d7e1fa7ea6e9a48e8465b81105300
modules/addons/soyoustart/templates/assets/tinymce/plugins/spellchecker/index.js,Administrative/internal,226,d7eebefadc34059486603e44bd45b3ee024e919102cb1d97b0269ef0e3d1c2bf
modules/addons/soyoustart/templates/assets/tinymce/plugins/spellchecker/plugin.js,Administrative/internal,27429,38cae369e5e41bb64dd9e80ec5712aee88a948e47bd09234ee0f548b98c6e934
modules/addons/soyoustart/templates/assets/tinymce/plugins/spellchecker/plugin.min.js,Administrative/internal,10184,3db3e237122c10e74e3e462fe35108df674551a7b0d13f74d68cce0b618a8444
modules/addons/soyoustart/templates/assets/tinymce/plugins/tabfocus/index.js,Administrative/internal,214,3d6b6d504fac9aae475e31bf403ab4835c010a107d88a828db17d4c80fd6bc35
modules/addons/soyoustart/templates/assets/tinymce/plugins/tabfocus/plugin.js,Administrative/internal,3643,eb69737a1bf70925a70ccb4f60c1750e0fd0f9dbd2f72171f2fae1d5ed006b7e
modules/addons/soyoustart/templates/assets/tinymce/plugins/tabfocus/plugin.min.js,Administrative/internal,1631,033dc713c765fb5832deee8498601db11b287a60fe46e3822e0c2de4903c8064
modules/addons/soyoustart/templates/assets/tinymce/plugins/table/index.js,Administrative/internal,205,05530c3adfc605fea520b2a8a819695b0cd154028dd22a8eac4a57b400506116
modules/addons/soyoustart/templates/assets/tinymce/plugins/table/plugin.js,Administrative/internal,368068,8a8b285b0a79eb45a7b3a743971cf9677baf29a4d97a6f167f699e6f6059adb9
modules/addons/soyoustart/templates/assets/tinymce/plugins/table/plugin.min.js,Administrative/internal,135387,e68aa8e331507caf7dd69cc992f82aa26b9d6a83251a071cb19353252ea374bc
modules/addons/soyoustart/templates/assets/tinymce/plugins/template/index.js,Administrative/internal,214,c31e123dc5f6d59963398db1d39a47ce76a1fff308b7a4a81b6929ee2aebb855
modules/addons/soyoustart/templates/assets/tinymce/plugins/template/plugin.js,Administrative/internal,13969,406bca4bc80a777fed0015ab919b37b6e52e9e66bdf4a8a90f5eee020328f524
modules/addons/soyoustart/templates/assets/tinymce/plugins/template/plugin.min.js,Administrative/internal,5414,8b969c9f932f9ac1d81a6f1b2a4d32216bdc3eda0da0a28dcfaeb18f16ab6e14
modules/addons/soyoustart/templates/assets/tinymce/plugins/textcolor/index.js,Administrative/internal,217,24668f3ee06b2b160af8c110840442c2b21397ecca8b5fd256594ae605ed3529
modules/addons/soyoustart/templates/assets/tinymce/plugins/textcolor/plugin.js,Administrative/internal,11183,69c3a0be71f9d001d8989f76e34358ff5c56d2e04d8710bc4d590ada637c12a2
modules/addons/soyoustart/templates/assets/tinymce/plugins/textcolor/plugin.min.js,Administrative/internal,4924,edb5ef4ad3c3c94c1a4bb973e7399089eae0cb8e39d2cd26ae6846dc35c51f75
modules/addons/soyoustart/templates/assets/tinymce/plugins/textpattern/index.js,Administrative/internal,223,75dc4c59f3537536dcf04e0a8ff40c0e3729eb5690e8b7fee5d3ad7b97fbc19c
modules/addons/soyoustart/templates/assets/tinymce/plugins/textpattern/plugin.js,Administrative/internal,11683,d76131feae0f3b4a746578640e71c801c987a023afb8aa6c0e2d1424bc43e020
modules/addons/soyoustart/templates/assets/tinymce/plugins/textpattern/plugin.min.js,Administrative/internal,4412,5aa70cc0352ae6e15d02a3bf911bc748de4a575c0d254fec56cb78071e3b9aa9
modules/addons/soyoustart/templates/assets/tinymce/plugins/toc/index.js,Administrative/internal,199,7382cbdf507aa3d180e70f56f2c016fdbcc68f86b39f147dda4527457333998f
modules/addons/soyoustart/templates/assets/tinymce/plugins/toc/plugin.js,Administrative/internal,7228,b67690f8917e9f8917d381b39596ef97897aa6abd80bf415168e40361c38e28b
modules/addons/soyoustart/templates/assets/tinymce/plugins/toc/plugin.min.js,Administrative/internal,2941,8832719f109860c8881e57df29ea3ef26bc9c9bedbc70fb6ea58766ee90db6bf
modules/addons/soyoustart/templates/assets/tinymce/plugins/visualblocks/css/visualblocks.css,Administrative/internal,5627,261f117923396e4409cab44a4983d51b70bcd3f3fc801d4390c9453c5c926c36
modules/addons/soyoustart/templates/assets/tinymce/plugins/visualblocks/index.js,Administrative/internal,226,b086c3391bd1b051ff079362e70a78f063d317c829aa1683861dc61a9b9b7452
modules/addons/soyoustart/templates/assets/tinymce/plugins/visualblocks/plugin.js,Administrative/internal,4315,9b238bd256d0a0fdae637bf9b28255fda8c5983dbe831b1c3fc6a966161a01df
modules/addons/soyoustart/templates/assets/tinymce/plugins/visualblocks/plugin.min.js,Administrative/internal,1691,55414fd7a1ea371e23678ce05dea76669930e3be0893277538420dfa2a8d61a1
modules/addons/soyoustart/templates/assets/tinymce/plugins/visualchars/index.js,Administrative/internal,223,2b56fb66d0bcc14abd5dee49bd44898cb137a54bc14bf85e72ddaec27adc85ba
modules/addons/soyoustart/templates/assets/tinymce/plugins/visualchars/plugin.js,Administrative/internal,20237,5912f4257e9cdbc2c53293677d7faba088f86a5ec5603bc9a7854c4508c0d5e7
modules/addons/soyoustart/templates/assets/tinymce/plugins/visualchars/plugin.min.js,Administrative/internal,6294,f1d2f4e291addae27c70497d1bad935e7f85da8e6daa2ec941e305a8552554ed
modules/addons/soyoustart/templates/assets/tinymce/plugins/wordcount/index.js,Administrative/internal,217,55b2e5acba8ad1045fd2800949cbf4c0b60861dba7426fda78758c79a6fb4670
modules/addons/soyoustart/templates/assets/tinymce/plugins/wordcount/plugin.js,Administrative/internal,16721,e1635d9e6b3997883d41bd814daf1bfd862245e7ed1937941bc90b9f8a322c72
modules/addons/soyoustart/templates/assets/tinymce/plugins/wordcount/plugin.min.js,Administrative/internal,10937,f3e1b43adb65a87a234678fc6bd5f7ae5931daf1309697dd79d29d2d964fad41
modules/addons/soyoustart/templates/assets/tinymce/readme.md,Administrative/internal,3624,9106acf5350b5c7b63f3e05835d512ae3d583f9bbb19f1fb928b9b71313bf76a
modules/addons/soyoustart/templates/assets/tinymce/skins/lightgray/content.inline.min.css,Administrative/internal,3375,39163566571950975e199649ed9ca8e0e48a163aa08f16618f40678a31703177
modules/addons/soyoustart/templates/assets/tinymce/skins/lightgray/content.min.css,Administrative/internal,3781,27ff88d8c82ad478c48c27c332a98595110b25d060f60b2c8a6dae2c3b784269
modules/addons/soyoustart/templates/assets/tinymce/skins/lightgray/content.mobile.min.css,Administrative/internal,234,0e55fe5d71d4b0520b49ebccd450ae2d1d8522db1bc07854de7b6fba4b0b5fec
modules/addons/soyoustart/templates/assets/tinymce/skins/lightgray/fonts/tinymce-mobile.woff,Administrative/internal,4624,e64bf156a432d63f5b34b4567b513dc0d351b49161c7f608fb82574bfdd9d213
modules/addons/soyoustart/templates/assets/tinymce/skins/lightgray/fonts/tinymce-small.eot,Administrative/internal,9492,a10fc4343d95b716c16d77463d475be5c079599ea67e1cd2bd3a94d5e7f508f9
modules/addons/soyoustart/templates/assets/tinymce/skins/lightgray/fonts/tinymce-small.svg,Administrative/internal,24789,86fdcad75b22daba5edc36604601ed978fcea994030d9c229bff422b9eae07d9
modules/addons/soyoustart/templates/assets/tinymce/skins/lightgray/fonts/tinymce-small.ttf,Administrative/internal,9304,2f657502906d6f5c3fc8df3a82969114ebe030addfdc061c60c974b0f515fd09
modules/addons/soyoustart/templates/assets/tinymce/skins/lightgray/fonts/tinymce-small.woff,Administrative/internal,9380,d3efbb678ca6de5632902bd93772746ba2f8e4e2322b953936e12694a183aa31
modules/addons/soyoustart/templates/assets/tinymce/skins/lightgray/fonts/tinymce.eot,Administrative/internal,18808,9f5f4d62ce9ad4bf25c73cb80920c490cc361bf35dd47dcb3ce2ed767be7404d
modules/addons/soyoustart/templates/assets/tinymce/skins/lightgray/fonts/tinymce.svg,Administrative/internal,46119,ae982fbd5e7f1473a0946692ad617ac98d76ba516b4063411d3dd51b78f6c254
modules/addons/soyoustart/templates/assets/tinymce/skins/lightgray/fonts/tinymce.ttf,Administrative/internal,18644,aad8f3f45064995545e9efd9c4bf10cb4967469aec14a475f648db771d25b6f9
modules/addons/soyoustart/templates/assets/tinymce/skins/lightgray/fonts/tinymce.woff,Administrative/internal,18720,e378406db7a120c29069a998f7fdd2d4d1867185b360c36767137dbbab5cf83e
modules/addons/soyoustart/templates/assets/tinymce/skins/lightgray/img/anchor.gif,Administrative/internal,53,2861666fd107d278d4449970615136d06d7f746be9bb19072cf9c8f30e565e1e
modules/addons/soyoustart/templates/assets/tinymce/skins/lightgray/img/loader.gif,Administrative/internal,2608,eb7cfd3d959b2e09c170f532e29f8b825f9bc770b2279fde58e595617753e244
modules/addons/soyoustart/templates/assets/tinymce/skins/lightgray/img/object.gif,Administrative/internal,152,e6a15e52bc4a17b085073ba8debd4708ead6ae3d4cbeb3880c65cb7afc489777
modules/addons/soyoustart/templates/assets/tinymce/skins/lightgray/img/trans.gif,Administrative/internal,43,9cf020d7c3bba7f5ab10cda54aabef934f906d4f9a3acf99e9e7dc6c98579635
modules/addons/soyoustart/templates/assets/tinymce/skins/lightgray/skin.min.css,Administrative/internal,43950,a72f2f4d0f6ad141bc7395739601b17795dc4def0740e70f2c99df93fc29e1fd
modules/addons/soyoustart/templates/assets/tinymce/skins/lightgray/skin.mobile.min.css,Administrative/internal,28006,2830bb562f5e4e7ca776888484934d01ce69a6a7e20f9e45f58168ca936e8e71
modules/addons/soyoustart/templates/assets/tinymce/themes/inlite/index.js,Administrative/internal,204,75ff707ec8fb168b8a204081ffacc3087b2a2dd8c34ad5ed7b278738937dceab
modules/addons/soyoustart/templates/assets/tinymce/themes/inlite/theme.js,Administrative/internal,339115,e67ca7f3ee7a20041e98cc52e5401fd8c0ad7cc8b14573f3e88d8a7c48421892
modules/addons/soyoustart/templates/assets/tinymce/themes/inlite/theme.min.js,Administrative/internal,137124,be20944793ec0df329acd59e0cf106d5cab88d0ab60e359b36828112ce518cfe
modules/addons/soyoustart/templates/assets/tinymce/themes/mobile/index.js,Administrative/internal,204,f59cf7da1d1bc127545e073ed65ee1ff5ef877431fdd69206cf769d99d02ec64
modules/addons/soyoustart/templates/assets/tinymce/themes/mobile/theme.js,Administrative/internal,468704,c77a25f3c23a232aa1d89a96ce4c0c667b07654cc0f271ef795fe8d31d0836f5
modules/addons/soyoustart/templates/assets/tinymce/themes/mobile/theme.min.js,Administrative/internal,174158,6cda0e4b789adbbec270ac78abc80fd9dc78346e179def2f1900c323b131202b
modules/addons/soyoustart/templates/assets/tinymce/themes/modern/index.js,Administrative/internal,204,639c5026480a947d55a72fab0a55a8e536dbf68fd7351bd054dc6623b58933bb
modules/addons/soyoustart/templates/assets/tinymce/themes/modern/theme.js,Administrative/internal,332992,e5184cfc9137cfa5f0de5bb2ba0d58351a5730ba80d7f5761f31765050ab3c18
modules/addons/soyoustart/templates/assets/tinymce/themes/modern/theme.min.js,Administrative/internal,135904,d117469dc7df0166507deac6e80031ce83fc1bf2af8ad774b1936e347cd9d15a
modules/addons/soyoustart/templates/assets/tinymce/tinymce.min.js,Administrative/internal,350402,bf4285c9eec8d58370658516b2a7664038c461cb18777056c43797e298062960
modules/addons/soyoustart/templates/index.php,Administrative/internal,53,a21ddf72582af0094119864492c7cef93a310dfa75e3b65e4e4d3766ab3d677c
modules/addons/tools_center/API.md,Developer,12399,59ee0ce3ed699b41455da1fa75f1814fab56d4fdab05fd53df0aeec37a48caa1
modules/addons/tools_center/INSTALL.md,Developer,8414,0f28f3de04eb12ac1826feaf1870ecfb8be8b6623a8f22b988da85efb943c350
modules/addons/tools_center/README.md,Developer,2420,702ad580acadf9fa62d511c9d4472b6a98630cba99c336eeb54d88db8a22e80f
modules/addons/tools_center/clientarea.php,Client Area,13141,6d52da8ffc1d90e9c0d91fa27964fbae267904f8a819bf186fe327521bb6c5ee
modules/addons/tools_center/css/tools-center.css,Developer,13561,98c4f40ee8771f767302eac779aeaa35faed2cdaf940b165a0cfea2341f7bf32
modules/addons/tools_center/external-api/api.php,Developer,4096,20ed03131c46eaa94b8ff694dcb4ba6bf4ec9d9b142086d66785b1a1b0830a0e
modules/addons/tools_center/external-api/auth.php,Authentication,3776,f083980351664a8a8d482ffacdda640dad675cc82b719236e0c30c7a01db4cd6
modules/addons/tools_center/external-api/cache.php,Developer,3666,62c4f51e4a9fc07e420efdad8acaef8d2dcb3c7e3cda708aa021f0a497497a4a
modules/addons/tools_center/external-api/config.php,Developer,1719,45bf99405cd5132c677c19a427c9fc7252bf9fc414a75493941510bf553eda0d
modules/addons/tools_center/external-api/rate-limit.php,Developer,4114,0fd5878181f4c6673e20e89288894b13c8659c634e8cc6229222e408b2ee95b1
modules/addons/tools_center/external-api/tools/designer.php,Developer,12938,d98f4de3c35412df80dc3458f0906b4c3b61cfa4cf76b50bc0c98d3eb21ee2d9
modules/addons/tools_center/external-api/tools/developer.php,Developer,27932,9c2f43ddf2a2d359d56448ff4a4c5635bb6b5aac751a78f437d3aef5ed476a54
modules/addons/tools_center/external-api/tools/dns.php,Domains,29259,70a8f3df60b2f241f3d7077abf0db7a631761e4826183f227cd469daae58e1bf
modules/addons/tools_center/external-api/tools/gaming.php,Developer,6377,cbd41f540b1f8801d369f6b288d33858bb1507ee1ba12a0b3bb99d1d0cf47652
modules/addons/tools_center/external-api/tools/ip.php,Developer,44104,881f960347e31c3bab2195c7e18b2416cacb0f53d0063f7d31ace26d9a17d1a5
modules/addons/tools_center/external-api/tools/network.php,Developer,18676,672295e2bdde75b306ff051ab11dd082b075e6be728f164fb26f9b96c9fd0f30
modules/addons/tools_center/external-api/tools/productivity.php,Developer,29624,e508892f878bbe36cdc9f3be30ae34ee9846b5dd32ae21896ff579ed76919483
modules/addons/tools_center/external-api/tools/search.php,Developer,4479,724d724cb203227fc31d59fc83ac0017e450391ebf907840bb665048f36cc91c
modules/addons/tools_center/external-api/tools/security.php,Developer,16518,82a72b52bcc4219c1880c50b854bb76460929dd7e982de0983d9052ea171edf5
modules/addons/tools_center/external-api/tools/webmaster.php,Developer,18113,3946f333ad51b615c27aed1a8a7f19783cf9a45ef2717bc93f0b299d675407c0
modules/addons/tools_center/hooks.php,Developer,7707,b876d6200637a0f846206efc5981223fbda6c47b111e3a5192507218bc98d773
modules/addons/tools_center/install.sql,Developer,4871,0c329b425f18e209c50916508a28b9794fc9413bab45b452674f5589c93b1cb7
modules/addons/tools_center/js/tools-center.js,Developer,19485,70d6cf96f5ada27e4b9c0af3a7ccddf3bf2fa3edec26d24e77fc892abefa79c1
modules/addons/tools_center/templates/tools/category.tpl,Developer,1909,8621a732270e55fd9dbc46553f2222de8cea7b4221283e4d44107c3122612aca
modules/addons/tools_center/templates/tools/dashboard.tpl,Developer,3972,0bf9fcdc3c0a4b8835977620d753204a66d080fcbb6c94bbd894552910ce7547
modules/addons/tools_center/templates/tools/tool.tpl,Developer,25442,2b2ca150140d49faa5d2c7d376570b9bbc49319a09d4fe19ffadd47c5e4520fb
modules/addons/tools_center/tools_center.php,Developer,10694,9b9eeda710a45558dd04f3c6516c5b93f5228585645234b2331df4c78374d3cb
modules/addons/xtreme_currency_rates/api.php,Developer,78141,7f1f9f98c4e745df9b0d1cdf7b7ea25e18876280a41cfe2c728c63f6e8119dff
modules/addons/xtreme_currency_rates/css/style.css,Administrative/internal,62403,92345017bff24a848c134d67d16b69ca856146616641a5a133f164618955e439
modules/addons/xtreme_currency_rates/hooks/AdminCssInject.php,Administrative/internal,2231,d70c091b1faa8c0679502259d33def20f2a15ecd3a597b2551b967112db29d3c
modules/addons/xtreme_currency_rates/hooks/AdminDashboardWidget.php,Administrative/internal,12986,5f58eab15a97f572ca48cab9bc7483495c9a67041737b7c56a4036fe7fff0260
modules/addons/xtreme_currency_rates/hooks/AfterCronJob.php,Administrative/internal,17894,87f8c9dec784ef2a4a792ea2ae095bb4f47da709b76fd332be165515cd205414
modules/addons/xtreme_currency_rates/hooks/FetchCurrencyExchangeRates.php,Administrative/internal,6198,93da499c821a9bc1ed50446616c2b725975181ad41d8e0de795412c083f21391
modules/addons/xtreme_currency_rates/hooks.php,Administrative/internal,2972,5cd02b373f44a4ef75827b570ca506233661978b321e7e5e0e9adac3630b8c12
modules/addons/xtreme_currency_rates/languages/english.php,Administrative/internal,2190,bbf1dda167c9a511ff6d6de5f845603ac8f0d133eebc733e35aa736daf6f59c8
modules/addons/xtreme_currency_rates/pages/dashboard.php,Administrative/internal,31965,e9f72990e67430c39ef024677c0536e2d7b2bd11233111038e7d273d4bdea384
modules/addons/xtreme_currency_rates/pages/documentation.php,Administrative/internal,17837,340167d82a4acb173d63f0ec3abe04db119017fe573fcb260c4724123b4747e2
modules/addons/xtreme_currency_rates/pages/license_verify.php,Administrative/internal,13987,7a73ef429d410470a63bb060e473e4e788facfd31c572aa3be380839a7b52546
modules/addons/xtreme_currency_rates/pages/module_settings.php,Administrative/internal,63053,eb1b993c30fe4ef37c2f90a882c67e7be99b463e33511c1c502c6835138b3e3b
modules/addons/xtreme_currency_rates/pages/other_modules.php,Administrative/internal,3767,349b25d2241e5cb96a7121ffdfb8b95b1679370cf40120c972c49133aa4336c1
modules/addons/xtreme_currency_rates/pages/partials/support_sidebar.php,Support,4026,b68b7ef085a43beaae7c3a96ed0d45f45b45490fdb2e7885ac10b68813caffbd
modules/addons/xtreme_currency_rates/pages/rate_history.php,Administrative/internal,39251,846826822c53d00e9e1755fdf0f7827c17e365087cffc74c6d16f222fc2b7491
modules/addons/xtreme_currency_rates/pages/update_module.php,Administrative/internal,12857,0517122c92d794bc2034a3e2a862805a820b48a380c05bea2fc0df1eb0a53ffb
modules/addons/xtreme_currency_rates/security/guard.php,Administrative/internal,12131,7a22a2a5a32008d64950b3e6bbdd71535d70fa7ba91966c1a7e1d7d7477f73d0
modules/addons/xtreme_currency_rates/security/ioncube_callback.php,Administrative/internal,8083,4c6a0d2a6b3dd08920bac86db79daf7eca317d5e20c6b1af7da829ce68e2609e
modules/addons/xtreme_currency_rates/xtreme_currency_rates.php,Administrative/internal,32281,0bc14173bb35c2fa0320452bc66d0690e51398e961ff46c63b39c267c291f78b
modules/gateways/blockonomics/assets/css/order.css,Administrative/internal,7543,2cf133a6a197b7fc28ae15763d241618ef2a538b4dec75cbf016ba6fc7a9da54
modules/gateways/blockonomics/assets/fonts/blockonomics-icons.woff,Administrative/internal,3068,671e6c4fe97134fb56732a4486f624e31072bc077b92c0cbe45fc18d192356d8
modules/gateways/blockonomics/assets/fonts/cryptos.woff,Administrative/internal,2284,7a7540fb570bef009251793daea66342387454641fcbdf5adcf71c3a7aadaeac
modules/gateways/blockonomics/assets/img/bch.png,Administrative/internal,1395,78231b2321b5230d5a4eefcdbb1bb97e08f22738ec3d9d8080141532db3865e5
modules/gateways/blockonomics/assets/img/btc.png,Administrative/internal,989,fa9e8223d884b73fe979767df8053cd4c8ef5ca04a62f178c4c3c92a5012b2e1
modules/gateways/blockonomics/assets/img/usdt.png,Administrative/internal,5990,99f24ea91c1dceb3aa31d7443a8fcadbc7644944b56deef08e8025f09f18f185
modules/gateways/blockonomics/assets/js/checkout.js,Checkout,13412,8c93a2afcfb5fd002256ab20c04fa3fdfdbb1937c3c0f55557a913c33704a8b2
modules/gateways/blockonomics/assets/js/vendors/ethers.min.js,Administrative/internal,733070,c2bcdc085e0557a379a6056c629be748d22a3c1dbe539a48ae02de7d69c95eff
modules/gateways/blockonomics/assets/js/vendors/qrious.min.js,Administrative/internal,17579,db99dcaf40a926181bce4522477c2efc5924f6c4b29111b6a97faea477c9528b
modules/gateways/blockonomics/assets/js/vendors/reconnecting-websocket.min.js,Administrative/internal,3136,f62326e9596ea7558ca1de91259e480d4d844a6efce848a9a81f09b605ef6344
modules/gateways/blockonomics/assets/js/web3_checkout.js,Checkout,8660,f41915daeb859667f1e923b4d9fa7632dbde1bd8c2220ea9be5984dd9ba8bbd5
modules/gateways/blockonomics/assets/templates/checkout.tpl,Checkout,4698,5eabdb298ffeff8f2f325a8840e29bae3200b2d9e63eef82ab270e86c43df2f0
modules/gateways/blockonomics/assets/templates/crypto_options.tpl,Administrative/internal,772,96209b89dd479f1625a9b99cfe75a74502cf4f99b3d66e0709bc4fff7748f360
modules/gateways/blockonomics/assets/templates/no_crypto_selected.tpl,Administrative/internal,268,3031717ba35e44a9b4cbfce9472bbeca241fc0bb758457cbba6d9006d2ba1488
modules/gateways/blockonomics/assets/templates/web3_checkout.tpl,Checkout,5662,153722d08b0e198bd4a3984628ddc61334cb180511680f379016ca166e77766b
modules/gateways/blockonomics/blockonomics.php,Administrative/internal,39647,739cb40ba0e24d3384503d00e452cd9309b0abc126efd0cb91ae8f562a77930d
modules/gateways/blockonomics/lang/english.php,Administrative/internal,5682,fdd5d9e92ae902cd2f04bf71343bac06a67606c90841efbc10279ef29f6af082
modules/gateways/blockonomics/lib/GatewaySettings.php,Administrative/internal,11820,41ec49fca7c7d5c7126c0eca729a79c9529f54055bd8b9a53458140d6659eebf
modules/gateways/blockonomics/lib/Keccak256.php,Administrative/internal,7878,17179985f86192eba54f9760f818752ad8aa525f20b4fab6b5864557e4517ef7
modules/gateways/blockonomics/logo.png,Administrative/internal,18348,76eec8d37658091afc997a1d81ee633aa16484887ca675ba696675675791a20b
modules/gateways/blockonomics/payment.php,Checkout,4425,d39124ffeedbc8416ddeb16ef04325f11d5218445968d5f8667373b3ebacac2c
modules/gateways/blockonomics/pollTransactionStatus.php,Support,5586,b15caf440d402e027ed385b99f66c8718922e527482f7b13de41d7dbde996b30
modules/gateways/blockonomics/testsetup.php,Administrative/internal,258,03eadb9bbf99bf5db352eb2ae403bf8f2030653cbd42dd02285cd92b954659ea
modules/gateways/blockonomics/upgrade.php,Administrative/internal,3126,6ddaebf07aac145b4eca030d2683e5c89468e458222ded6ab20de661b9a7f538
modules/gateways/blockonomics/whmcs.json,Administrative/internal,740,a3dfe292bdbf68f6d9042bc93484f9512cbae87a5a6f8c548178f4d3bc098714
modules/gateways/blockonomics.php,Administrative/internal,18059,737cd95752db7fbed771468c20d3c303d7860890f63535c859ba93834810c113
modules/gateways/callback/blockonomics.php,Administrative/internal,7251,dd693c9d1b6a8cc3fdfe365ed46680744d4be9cabb4aac6279c844b1a2b2daab
modules/servers/RDP/RDP.php,Administrative/internal,11570,81c3c277de44f731c07bee5ab3dca32d94773e9c8b506080fa32d9f3990c751d
modules/servers/RDP/assets/css/admin-style.css,Administrative/internal,542,abeaabd4952e479492a57f360213c2b8b3bd7d3f7cc023c06a92d2c08900c9d7
modules/servers/RDP/assets/css/client-style.css,Administrative/internal,1670,e52580eb824e9dde46f24677236c593b65bf56075b7a058f69d691842b4ba2a5
modules/servers/RDP/assets/css/client.css,Administrative/internal,832,b412c8ac668e5bbb0346262649eb835f94cd25d6fbbeb4053f69de04a10c7b4e
modules/servers/RDP/assets/css/index.php,Administrative/internal,51,588a4ebe296d511a488acb8f3b790fc498c0b3129db87fe9c3ca4a4f41417024
modules/servers/RDP/assets/images/netlink.webp,Administrative/internal,4458,90334d7ffdb8a85bfc69d99348dca44f1c37adc2ac44ddd36777487d47bf48d8
modules/servers/RDP/assets/index.php,Administrative/internal,51,588a4ebe296d511a488acb8f3b790fc498c0b3129db87fe9c3ca4a4f41417024
modules/servers/RDP/assets/js/admin-script.js,Administrative/internal,961,5eb37106a88581e8d0d3a29448ccb7639ed03e48a14f27166ef44bd8b7f5f4d3
modules/servers/RDP/assets/js/client-script.js,Administrative/internal,875,91f1e69a671b75dad5454ec3f9152a200b473d4ff6bbb7606410b7549e9a830d
modules/servers/RDP/assets/js/index.php,Administrative/internal,51,588a4ebe296d511a488acb8f3b790fc498c0b3129db87fe9c3ca4a4f41417024
modules/servers/RDP/bootstrap.php,Administrative/internal,348,0e89611a97be6d824934a959bb9388264730f3bb819163e378e629f8067fb147
modules/servers/RDP/hooks.php,Administrative/internal,1075,3723efacfd138718791f98489f89463733c3b8661227d2373c87252641e4ded0
modules/servers/RDP/lib/Api/ConfigResolver.php,Administrative/internal,2392,65df2f19efe64f3b7425741927627ecc8be7e7f5ddc6a11df5897a059a5fbabf
modules/servers/RDP/lib/Api/ProviderClient.php,Administrative/internal,5406,4ca9267715e342a16050177999ebb12e6b47557458b82e07b4f860719db8842b
modules/servers/RDP/lib/Api/ProviderException.php,Administrative/internal,365,0ba8ed147c3fc19ba08210b81693ed3980e24a7bb0485229abb23699014b2266
modules/servers/RDP/lib/Contracts/Ledger.php,Administrative/internal,427,ee5aec78f2c0eb136e31dd539ce4f7c5f2a13493db6d082f24221512681efb47
modules/servers/RDP/lib/Contracts/Provider.php,Administrative/internal,342,fdbfc14154752f92262120e8acd6cb38c172a8009935285f63aa75f0cbdc33b9
modules/servers/RDP/lib/Helper.php,Administrative/internal,11024,e2790be6127374cba470ff0bc7b22902fc815a25d1b3a1f6c2ea244fe0b81fc6
modules/servers/RDP/lib/Operations/DatabaseLedger.php,Administrative/internal,3025,25235bc42ccfc1be229387e1c152733efe2018d42adf00b74505672fd3f472e5
modules/servers/RDP/lib/Operations/LifecycleService.php,Administrative/internal,4700,9a04b9db3280b395cdcd85acfa0e152adebf4e9c27de9998da6d9ebcbec1c8fb
modules/servers/RDP/lib/index.php,Administrative/internal,51,588a4ebe296d511a488acb8f3b790fc498c0b3129db87fe9c3ca4a4f41417024
modules/servers/RDP/migrations/V100.php,Administrative/internal,1422,2709c3b797004a987da8eee1eb31df8a5f4095619975763195f89dd3a6f6417b
modules/servers/RDP/templates/error.tpl,Administrative/internal,1969,900ec36e9e30507f2c8eb4386cc0bd9f2dda50b71f5f653ff6ffa24d29590062
modules/servers/RDP/templates/overview.tpl,Administrative/internal,2114,f240e0aaf7ddd06ba6d7cb6b8c507938314ba562ccd44d2ccbe805fb1f0f3475
modules/servers/Smtphosting/Actions/CreateSSL.php,Email,2039,91e4172cc9394cecc7af65d249cf01de3925be5741d5033b19fff5789eb8932c
modules/servers/Smtphosting/App/Config/Packages/Provisioning.php,Email,358,374806d54152997cc2d1ae74aaa014bd2f314e43ad9670cb63a955f12740e909
modules/servers/Smtphosting/App/Config/Packages/WhmcsService.php,Email,1359,811a2157e51452b6256e23651b3480cbfd5b8466801e044498243acf74d797b6
modules/servers/Smtphosting/App/Config/configuration.yml,Email,392,32f600f0064b8cbc031d94f6fdcbfc314eab653fd944f6c3f78eba255bcc2772
modules/servers/Smtphosting/App/Config/cron.yml,Email,6,cef3b628b41ca179d5b787df4bb501c2075f8f42403c73cdc539ad8135da15ce
modules/servers/Smtphosting/App/Config/di/buildWithDefaultMethod.yml,Email,11,69f398e2fc6244dd3b8bf0c2104ff168f2ca2bfe6b07d406373b63fd6c7aaa5d
modules/servers/Smtphosting/App/Config/di/interface.yml,Email,15,959a546c35df4bdd35e5104c0d803081a839a93f00e17188ea406d5bbda449b1
modules/servers/Smtphosting/App/Config/di/register.yml,Authentication,10,5963fa398b93fbe65926fbdd940a0d24b8538c23ce23a16fdbc941d8646d923d
modules/servers/Smtphosting/App/Config/di/rewrite.yml,Email,1767,b5bcbb857dc338ba7506526a4bbea3549434f9f3c7a699f0534646c67574d6cd
modules/servers/Smtphosting/App/Config/di/services.yml,Email,0,e3b0c44298fc1c149afbf4c8996fb92427ae41e4649b934ca495991b7852b855
modules/servers/Smtphosting/App/Config/events.php,Email,18,e3a18d7aab12d038391ec3d65609c583a694d4486dda9ca68dbac564f40d130d
modules/servers/Smtphosting/App/Config/hooks.yml,Email,106,a564dd0567ff6529eea4640e523d1870582fc173656cb810fb1ab1599a49b61d
modules/servers/Smtphosting/App/Config/menu/admin.yml,Email,279,446ef247bfb328262819bde832c5df204a81bebd9388dad2869d75655750600f
modules/servers/Smtphosting/App/Config/menu/client.yml,Email,312,e5531c5a84bcddad2747bccab2573bc9bef7de67afa30d43ea0c3811bdce4069
modules/servers/Smtphosting/App/Config/sidebars.yml,Email,107,8205176c56917e6eb0c8771858d19089c21142902359740aab02e9878d9e57f9
modules/servers/Smtphosting/App/Config/ui/admin/home/index.yml,Administrative/internal,1,01ba4719c80b6fe911b091a7c05124b64eeece964e09c058ef8f9805daca546b
modules/servers/Smtphosting/App/Helpers/ClientAreaSidebar.php,Client Area,4235,3b0be2eb6c072cebc6893aa7a1fb2000cd34da2503900debd60753de4d9b0a88
modules/servers/Smtphosting/App/Helpers/PageController.php,Email,3189,89241fda6cb955066a0417addfbea08d448a0765fbda62119fe95ea99f683caf
modules/servers/Smtphosting/App/Helpers/ResellerModuleChecker.php,Email,1657,8bfeda2bff1ca2faf2481bb96a3f9c6f6cb85aa38719887f92b2886d456e69fe
modules/servers/Smtphosting/App/Hooks/AdminProductConfigFieldsSave.php,Email,572,aa33c0a19548068cbaa83ff7fcb57638ba93065a710e9f171b4e24110fda66db
modules/servers/Smtphosting/App/Hooks/ClientAreaPrimarySidebar.php,Client Area,1174,03d3937c90a6eb41d2646f39d04a18a8798bc1f4d98b7d2341cde33af67b7938
modules/servers/Smtphosting/App/Http/Actions/AbstractAction.php,Email,145,e41a1128864a9d018520d93a9a147ccbe0abc1ed4c1d31b7a2767ef10ffa7554
modules/servers/Smtphosting/App/Http/Actions/AdminServicesTabFields.php,Email,763,69c4aea2bf802167eba199b7184028e34b0c5cfe63c401c52cb7c9d0617028c2
modules/servers/Smtphosting/App/Http/Actions/ChangePackage.php,Email,1539,d5ae71611fa46bc6df3823b269cece7977c36a9e141e3268d6741a968dd78cd0
modules/servers/Smtphosting/App/Http/Actions/ChangePassword.php,Authentication,977,e83bb94844f7ff5c55dd50807f73342753c45e07ee82b8d5f407abaf9b24fe99
modules/servers/Smtphosting/App/Http/Actions/ClientArea.php,Client Area,2890,489e7d27c19be9608359d658defbc2b78b6acfa6671d890026b4c039e8f9cc24
modules/servers/Smtphosting/App/Http/Actions/ClientAreaCustomButtonArray.php,Client Area,2037,6090e40e0c109250a3fbb3ee6e4d1795909b25f7bbb24b1ab81e5eb7309e6876
modules/servers/Smtphosting/App/Http/Actions/ConfigOptions.php,Email,1725,a77db1a9a9c368106cc6714095c85e03f04a91341782feb0a0e1bb2738cbfe17
modules/servers/Smtphosting/App/Http/Actions/CreateAccount.php,Client Area,4028,9f3e7b2e4241f7e0fe25027923153e3d2ff112294f9b1dd25a6057322b9a6a97
modules/servers/Smtphosting/App/Http/Actions/MetaData.php,Email,470,8ea503fb5961e60c72c3274818f0a2205a40a06d360a8f8b4bb91681bbbc8b8c
modules/servers/Smtphosting/App/Http/Actions/Renew.php,Email,832,a930edbf173d1ea5537b2e6882fcafe3fb1364f494b3c5c23427238a2af4d3f2
modules/servers/Smtphosting/App/Http/Actions/SuspendAccount.php,Client Area,906,15e9b7d7412c7bdb4a1f32b35c97cbf07a5afdd8fa6abd0459ef0315b18f2ea0
modules/servers/Smtphosting/App/Http/Actions/Synchronize.php,Email,2615,31802538094fd015adbb702f715d97d32751abbf265712e8384c24453a85d7c0
modules/servers/Smtphosting/App/Http/Actions/TerminateAccount.php,Client Area,1363,84adaaec006af9416f9c6d0ea8ff5526c195d411a053f2542e91f6adfe821b1e
modules/servers/Smtphosting/App/Http/Actions/TestConnection.php,Email,1067,e53a77999b22030ba0c0e3a3fc29ddcbe3a69da31d373a2c04f6ece06c5b6f48
modules/servers/Smtphosting/App/Http/Actions/UnsuspendAccount.php,Client Area,903,981e184ff29913446acb8f2bce3e830f66e8e5198d60f1ccb649b6d361b15796
modules/servers/Smtphosting/App/Http/Admin/ProductConfig.php,Administrative/internal,1546,dabcdb83ced863d730bea9a999df682b662d62c75c4cd111538bda8e3603cc37
modules/servers/Smtphosting/App/Traits/HostingComponent.php,Email,477,e6ba30b791fad7b5c2a323e2f96bee79f30d095dfac38e564fdaae5d638c1c33
modules/servers/Smtphosting/App/UI/Admin/CustomFields/Buttons/AddCustomField.php,Administrative/internal,774,7c3d4b0b06d60c08006003dc7e73f72597d8a125f8d1186d4cdf78f080d06437
modules/servers/Smtphosting/App/UI/Admin/CustomFields/Buttons/AddCustomFields.php,Administrative/internal,825,29b737b7a1af21cc18c3276bb8b23adad6b3e6942ac376635968e95a735780c4
modules/servers/Smtphosting/App/UI/Admin/CustomFields/Buttons/OptionDetails.php,Administrative/internal,824,8cd80e809f4a81492f08e895c8d41d7475d8cdaff3da2684b32033353a717247
modules/servers/Smtphosting/App/UI/Admin/CustomFields/CustomFieldsWidget.php,Administrative/internal,988,090cec3e730fea5cd93fc60257ac5960876667285b68e2bb8385c2b8f4b97d15
modules/servers/Smtphosting/App/UI/Admin/CustomFields/Forms/AddCustomFields.php,Administrative/internal,1790,860357acd44019d2a529290344ac641fbc9dcdb383fd94c308b9daf1407d743e
modules/servers/Smtphosting/App/UI/Admin/CustomFields/Modals/AddCustomFields.php,Administrative/internal,737,7aed4805290a3373693f57ff7b254bb6d9055fc922295df6d41fc8261f623316
modules/servers/Smtphosting/App/UI/Admin/CustomFields/OptionsTable.php,Administrative/internal,2914,ebc9b3196fd5ebe601ae3e71dfee7650b1f3ae118042f82207f307995d75166f
modules/servers/Smtphosting/App/UI/Admin/CustomFields/Providers/CustomFields.php,Administrative/internal,2211,13c2c84d97d7aa05dccce89649caf5b2a4b2cb61351f18ff20006f43b2ff2c96
modules/servers/Smtphosting/App/UI/Admin/Home/Pages/HomePage.php,Administrative/internal,400,ba1b384e1a1001cabcbad302e1ad080aa4a67d275a8eeeb35a150f1f63b3112f
modules/servers/Smtphosting/App/UI/Admin/LoggerManager/Buttons/DeleteAllLoggersButton.php,Administrative/internal,940,3667cb6055e7931cce0892aa0b8f957f45ddfa12e61ef166baaeb673ab121b5c
modules/servers/Smtphosting/App/UI/Admin/LoggerManager/Buttons/DeleteLoggerModalButton.php,Administrative/internal,898,56f130080d206e42b5d598ed7aac6333f457c1745c328ca2d4e094c3112c39e6
modules/servers/Smtphosting/App/UI/Admin/LoggerManager/Buttons/MassDeleteLoggerButton.php,Administrative/internal,896,8e4997607f01781e243dc5a4240d92969b6685d19d70061da3359ee5b56fa861
modules/servers/Smtphosting/App/UI/Admin/LoggerManager/Forms/DeleteAllLoggerForm.php,Administrative/internal,1273,f94bb47bbbaf407fb8de6c295d11fc8ec6da487cfc12b576139a61dbb47e9602
modules/servers/Smtphosting/App/UI/Admin/LoggerManager/Forms/DeleteLoggerForm.php,Administrative/internal,1234,bedcaa183591fc8ea0f315da7fc9db62eac1b8cae1e6619de3d2d6c09de5e671
modules/servers/Smtphosting/App/UI/Admin/LoggerManager/Modals/DeleteAllLoggersModal.php,Administrative/internal,801,1a9dc50ebb602985c1124815e9075440275fa9792ea40ddc4413bfdab1d3da50
modules/servers/Smtphosting/App/UI/Admin/LoggerManager/Modals/DeleteLoggerModal.php,Administrative/internal,901,4e31a61b4461dfcdfa391bf63f199bc4c25ffc83fd2fd857365081726fd8b6e8
modules/servers/Smtphosting/App/UI/Admin/LoggerManager/Modals/MassDeleteLoggerModal.php,Administrative/internal,869,4057803f1ced8152a7c6a1a3834e0a8abd8d6e5d4cc0428cc65209358e486d53
modules/servers/Smtphosting/App/UI/Admin/LoggerManager/Pages/LoggerPage.php,Administrative/internal,3597,c56e533f10bc75599b47a93870a1e8dc7c2e9a6e8495e5462115c9133d780725
modules/servers/Smtphosting/App/UI/Admin/LoggerManager/Providers/LoggerDataProvider.php,Administrative/internal,1521,3c6f31ebb29237d60367dbda57da7e850a960d08b204295b04bc1744a636eef5
modules/servers/Smtphosting/App/UI/Admin/ProductConfig/Fields/Blueprint.php,Administrative/internal,3038,443014db9e16e42ef597d69d998db21c03cd93ef98d057128b68747ef2bfc380
modules/servers/Smtphosting/App/UI/Admin/ProductConfig/Fields/Bundles.php,Administrative/internal,3602,531bb2cc2e0a84ae48adae6b2f9cc7a907956685a1de52db14ff4f5d8531b00b
modules/servers/Smtphosting/App/UI/Admin/ProductConfig/Fields/EmailTemplates.php,Administrative/internal,2265,82717af47a8de0c93c6212ee40cd9e95f6e90cff3e5b21c0deea3cb4df05e56c
modules/servers/Smtphosting/App/UI/Admin/ProductConfig/Fields/Platform.php,Administrative/internal,1490,4d0762b954fad47077c52af84123aada0fbfb76e2736e797461f666a9fa90606
modules/servers/Smtphosting/App/UI/Admin/ProductConfig/Fields/Region.php,Administrative/internal,1994,1e8fba6cdaec686944a1a769aba7505c06182be59f131ca24ec37836220e456d
modules/servers/Smtphosting/App/UI/Admin/ProductConfig/Fields/Zone.php,Administrative/internal,2409,6fd07fcfefca2cc29f053e813afbe61e0c57ef068074d9d6a9f2e98973b5a198
modules/servers/Smtphosting/App/UI/Admin/ProductConfig/Pages/ConfigForm.php,Administrative/internal,1419,1a1b6a8459f03c830626df72e914913a79c7b1ebd2ab02620e30ecb9e2fa8e3e
modules/servers/Smtphosting/App/UI/Admin/ProductConfig/Pages/ConfigurableOptions.php,Administrative/internal,372,513c150b6709fd725c16925c268c2838802ffdef9aa30dcda97f96d29bcdbda6
modules/servers/Smtphosting/App/UI/Admin/ProductConfig/Pages/CronInfo.php,Administrative/internal,753,a067436237b4b4c6208163e6a3fbf23bc4fc02994f78ae76b8c3dbc120e9cdb0
modules/servers/Smtphosting/App/UI/Admin/ProductConfig/Providers/Config.php,Administrative/internal,7751,d7b56a8582c6da54170f6d5c4323647006372b47033ed5042c744a70a0169645
modules/servers/Smtphosting/App/UI/Admin/ProductConfig/Sections/ClientAreaFeatures.php,Administrative/internal,3439,e71ec7357a8a20152315bfb4fd460e59915af332f0ce39943508120740bb10c8
modules/servers/Smtphosting/App/UI/Admin/ProductConfig/Sections/CustomFieldsWidget.php,Administrative/internal,1313,605637dd639b5f5b15436d10261dad51d6ccefc60c76a1a8c82fd5350cb233e1
modules/servers/Smtphosting/App/UI/Admin/ProductConfig/Sections/First.php,Administrative/internal,1607,1615db3f6c567e58c7534c05f21a50b058862845850a3ee94324d4b6454a5e3a
modules/servers/Smtphosting/App/UI/Admin/ProductConfig/Sections/ResellerProductConfig.php,Administrative/internal,2178,1f76f17a977598acd0cfd12b83d062d20ee88cf1a772412c96566049a3980119
modules/servers/Smtphosting/App/UI/Admin/Templates/assets/css/integration.css,Administrative/internal,654,e4f34527ea4bee155118f93093f8bd3f47f536b3d9c7a7b7498ccb10f6a5c0c0
modules/servers/Smtphosting/App/UI/Admin/Templates/assets/css/module_styles.css,Administrative/internal,90,fc6b7484bcbdb178135a8228048ea2d0087ff9400714e21896101b8de4808f3c
modules/servers/Smtphosting/App/UI/Admin/Templates/assets/css/productConfig/index.css,Administrative/internal,137,38537a9e1ad2c5e790260f1dd27b08ea27bfd2b0bad8808c8c439343467a35e8
modules/servers/Smtphosting/App/UI/Admin/Templates/assets/img/firewall.png,Administrative/internal,239241,a02e7689cf47d6485be9012b583e004042a6f9f94fe7084fcf43c0b6ac9be2dc
modules/servers/Smtphosting/App/UI/Admin/Templates/assets/img/graphs.png,Administrative/internal,226601,e3fdd2c1264727c230da7be5a308a0807a18e7f9d17164a9233426f8df9e5426
modules/servers/Smtphosting/App/UI/Admin/Templates/assets/img/password.png,Administrative/internal,2357,fd6365633faa2581d417d1097f675d038068ee8fc6549a6fcddab7b8684c172c
modules/servers/Smtphosting/App/UI/Admin/Templates/assets/img/powerOffButton.png,Administrative/internal,226446,630f60c47e2efb6a14fd2c9847f2b00d8e97dc55dd79d8876b7c4b83d0f5e353
modules/servers/Smtphosting/App/UI/Admin/Templates/assets/img/powerOnButton.png,Administrative/internal,226388,b991118f4f2bb558388c47da10d2c20d8f3b726e6da2015d1c1195bbbc2128d9
modules/servers/Smtphosting/App/UI/Admin/Templates/assets/img/reboot.png,Administrative/internal,1716,f4f570fca53e10f6eff3a56622110b7696bfd76eb3ab16fdb72f74b259fc5e05
modules/servers/Smtphosting/App/UI/Admin/Templates/assets/img/snapshots.png,Administrative/internal,237945,8b7519bcdb8a9371463ef7469e6f6a01fafb12683bdacc61cb4a122c0ae57618
modules/servers/Smtphosting/App/UI/Admin/Templates/assets/js/productConfig/index.js,Administrative/internal,8355,e7af712a8cc7e0f7716174cce7b453bcd5781712cac0bc248ec2a924c600ec37
modules/servers/Smtphosting/App/UI/Admin/Templates/assets/js/serverPage.js,Administrative/internal,426,c321f01a1a964d89e1cfd39b3d065b4f304911d28c318e2a0a036e6df3e7ee31
modules/servers/Smtphosting/App/UI/Admin/Templates/assets/js/servicePageIntegration/index.js,Administrative/internal,277,6b45ae3f2b8695b2ef1907859e6435a39d9cacd6dfcfcb464d6342e5bfdc7e8f
modules/servers/Smtphosting/App/UI/Admin/Templates/home/pages/homePage.tpl,Administrative/internal,1371,152746f4f1bb419a2faec8a95df60fe3c0c2f1d342e593c09fd1236c786a3640
modules/servers/Smtphosting/App/UI/Admin/Templates/loggerManager/buttons/deleteAllLoggersButton.tpl,Administrative/internal,1253,97f4d8078022f7115fe61b5318018be186883235e541181ae8436c6a058b58a2
modules/servers/Smtphosting/App/UI/ConfigOptionsSection.php,Email,2100,6aa64ccd7a7a6ac6e671e710344084cfd7c3482c99d974326670f66050a39638
modules/servers/Smtphosting/App/UI/CustomFieldsSection.php,Email,2235,04209d318d7f80d5f6870002190d57bf080c0e4d9547988c1a3d4547d04d1da7
modules/servers/Smtphosting/App/menu/admin.yml,Email,288,c51cab3003647889f2b61dceadab935d74a72a350fe80332553294eb0c53803f
modules/servers/Smtphosting/App/menu/client.yml,Email,382,d087605f27058aa48017d872aaa3a42bd4b3c3e1b78ca6170447711b3bf0203d
modules/servers/Smtphosting/Calls/CustomFieldsValuesRequest.php,Email,494,d3967365c0ff717b1c7e4fc25faca5a4f293200a35b22cb878049812deb159a0
modules/servers/Smtphosting/Calls/GetInfo.php,Email,256,89bf22ea7e4f231fe03727dfe2fb12660e3bd3034fac8c2d1c412968901c7161
modules/servers/Smtphosting/Calls/ProductOrderRequest.php,Email,484,9192ab8b5b8c44b4a1c4c166b9eb22670ab591a4bb81756a609660eb080d68f2
modules/servers/Smtphosting/Calls/ProductsListRequest.php,Email,318,6f961a3b543b9cdc161c010f649f2b89d9b3f41a6d629249be853a0b0b83f21e
modules/servers/Smtphosting/Calls/ReissueLicense.php,Email,326,a313a6c931e0022ed3b413653cd5deedc98e2a6b8e8d2dbdb9b022be480e239f
modules/servers/Smtphosting/Calls/ServiceBootRequest.php,Email,326,d540346eb0bd94c8844a70c6777161c3b37241fb3f8b2b492f23222e0a1bbec7
modules/servers/Smtphosting/Calls/ServiceChangePasswordRequest.php,Authentication,347,ca39e54bb82833ab4e05374e6caae714e81aa17bc888995746132e350a1185cb
modules/servers/Smtphosting/Calls/ServiceDetailsRequest.php,Email,480,ce8de1ca72095c74f4e453a37907caa77a31a776a04de2217a6c261151a4cf9e
modules/servers/Smtphosting/Calls/ServiceGetTemplatesRequest.php,Email,338,bee0e45ddd5d302190931951713fba415bb277778c67967d30b92374ad2ed682
modules/servers/Smtphosting/Calls/ServiceGraphsRequest.php,Email,331,1fb1c4946e078adc2caa06c465eb8f7481b214475e81d936b4b80720b5710b64
modules/servers/Smtphosting/Calls/ServicePowerOffRequest.php,Email,334,783854b8befab4b5f3ff254925930948e3c8f3ac7c0d63f600ed2b3e4c5bb3ee
modules/servers/Smtphosting/Calls/ServiceRebootRequest.php,Email,331,88260d95f34fd75897dc8a03c0d5ad83e77e2c14a0d8fa376a908dff3e24f30b
modules/servers/Smtphosting/Calls/ServiceReinstallRequest.php,Email,336,d9822df3f060232cf3ee8927ff092fb84d9561e6e99d75077a9eca8adab5ce05
modules/servers/Smtphosting/Calls/ServiceRenewRequest.php,Email,329,e3ce387e1557829509f24a9767945ad21ca4573adb74c9a3e39b968781ad3e1a
modules/servers/Smtphosting/Calls/ServiceSSORequest.php,Email,331,badd4780938095d1ba7baa1ece3698c9082a53b348c57705557154f5ac29fa7a
modules/servers/Smtphosting/Calls/ServiceShutdownRequest.php,Email,334,d25cb71b0fa962cace84b3dcac747bbfcad3e41d9b35ed4c28b1f8d51996f48d
modules/servers/Smtphosting/Calls/ServiceSpiceConsoleRequest.php,Email,341,44e4715e2fec1bdc8d12de198eca8828c046d4a48623ee713df28239601841e5
modules/servers/Smtphosting/Calls/ServiceStartRequest.php,Email,328,e56cdf3bebf8a0a06eae03e2f468dd14d54c37e4b44e8d6a986e81045514b0df
modules/servers/Smtphosting/Calls/ServiceStopRequest.php,Email,327,a79dd6679c75ed6a8f6ebb89dc88791cdae63109cedaab587bc1b953a26d0f18
modules/servers/Smtphosting/Calls/ServiceSuspendRequest.php,Email,333,b5579b5c89f3771699934270835d8c427c81a4d7f189bbc694ae3bfc9ff13247
modules/servers/Smtphosting/Calls/ServiceTerminateRequest.php,Email,337,0e673a3431840a02a88e6e7716c46cff7ea108decbf77fe3e26ed073fd450a7b
modules/servers/Smtphosting/Calls/ServiceUnsuspendRequest.php,Email,337,acde5e42961e3179cc0d98fc21dfc852415c7918c65b9710aae99a5743a16fe9
modules/servers/Smtphosting/Calls/ServiceUpgradeRequest.php,Email,333,9c5e6b97a463432946371dc95521cae008af86f72df8dc9a44982d6b448eb2fb
modules/servers/Smtphosting/Calls/ServiceVncConsoleRequest.php,Email,339,d3f424f675b6d594206ffffb80455fa7fcae42986ffd1aa8adad895c1b66e672
modules/servers/Smtphosting/Calls/ServiceXTermConsoleRequest.php,Email,341,8fa84ec5191dd863e7bca6f35fe109b8c88ee6a5890d8956a74218ad0fe32e7a
modules/servers/Smtphosting/Calls/StepOne.php,Email,260,71faaad5676ce3ae086a775613a111ae38853cfc477082491249162d99996ef2
modules/servers/Smtphosting/Calls/StepThree.php,Email,264,fa58db3feb5795b4741f7aea7bfb7264204341620145640bbecfa6b880c6f307
modules/servers/Smtphosting/Calls/StepTwo.php,Email,260,fc55daeae7906f3661728ee1d65b84427c135eadf032b35314a63f8c9684f995
modules/servers/Smtphosting/Calls/TestConnectionRequest.php,Email,326,fd3d20159b2e6cf79a31227a115c19bafa2684a07448b61dce04fdc3b1cab328
modules/servers/Smtphosting/Core/Api/AbstractApi/Curl/Request.php,Email,4470,051f2ac62cabe498b0c4911c8d2f24b5e2285dd08e1225de60787c8609ff1218
modules/servers/Smtphosting/Core/Api/AbstractApi/Curl/Response.php,Email,1444,ed2e323e2031a311588ac56f78834baa0de519b360c81b14e80876b20762d642
modules/servers/Smtphosting/Core/Api/AbstractApi/Curl.php,Email,4071,aed7736d5668c732558877327bf80731d775033e84defa917ee1c919117eca0d
modules/servers/Smtphosting/Core/Api/AbstractApi/Parser.php,Email,457,5963794864a11723440e983267d54676f90823aece9e49576da7547c62c9c084
modules/servers/Smtphosting/Core/Api/AbstractApi.php,Email,563,db23b60d912004db2973df9d30d6db0acfdc6ca01a0c07046a427c8551981ae1
modules/servers/Smtphosting/Core/Api/Http.php,Email,4908,15b59a12a88c9f2669f249c4a3d610527c5496fc91acc2461e68757976dc7028
modules/servers/Smtphosting/Core/Api/Whmcs.php,Email,2449,f9ffc25cce16b0b43a373bb8ff91a42774ba835b36d7241a73fb4efe1a729b65
modules/servers/Smtphosting/Core/App/AppContext.php,Email,4262,ac88c1f4354f92a07aa9ddc82b4bf8e5878ac8ac9058854601d21a1e2216dc99
modules/servers/Smtphosting/Core/App/AppParamsContainer.php,Email,1263,034aa15f863188c18d19b7d2c7124eb59a6d4c2ea831aa251e644a609c5e2094
modules/servers/Smtphosting/Core/App/Application.php,Email,2828,bcf8b8a92dfcada6a31dca3e87a5590143c15705dec2fc504c28025536529487
modules/servers/Smtphosting/Core/App/Controllers/AppController.php,Email,505,0e9288a2e16d1570aa3e37cb6a685a766cd7a6a135ed1d0fdf88f41992a5c81e
modules/servers/Smtphosting/Core/App/Controllers/AppControllers/Addon.php,Email,1372,f5a782048e6dbcf1fef7973222e11415989f755bcfa885868318c848f9952564
modules/servers/Smtphosting/Core/App/Controllers/AppControllers/Api.php,Email,625,ddc020e4ef3dcbd88da62640407797f591ada3bd036d40b2d3615bc0ba491a3e
modules/servers/Smtphosting/Core/App/Controllers/AppControllers/Cron.php,Email,645,6a940e1e369783180957fd322943d5474312cd1ca22a04bcbe56bc6a90962492
modules/servers/Smtphosting/Core/App/Controllers/AppControllers/Hooks.php,Email,653,c2c5ae67832b0dd9eae847fb3c25b7f1837bf33bbc1c600e74647ad7f9caf99f
modules/servers/Smtphosting/Core/App/Controllers/AppControllers/Http.php,Email,1204,160cecf7408f326416a6287a8121e5bf0f5e8689453895322188042c9d2cf174
modules/servers/Smtphosting/Core/App/Controllers/Instances/Addon/Activate.php,Email,2920,919692aefe8023fd4a392c52c4ff0291ca8b16032884208ac11ff4804ac76e07
modules/servers/Smtphosting/Core/App/Controllers/Instances/Addon/Config.php,Email,3813,94224536aa1dd846422ab50d879848416880f82afee2563969651c1cd05f1e5d
modules/servers/Smtphosting/Core/App/Controllers/Instances/Addon/ConfigOptions.php,Email,11097,6b156b5a51b0235a4cccaa69f5f65e6c5e73373a532359528fa50ac7249b5a6e
modules/servers/Smtphosting/Core/App/Controllers/Instances/Addon/Deactivate.php,Email,1504,67952e64ddadf0933043cc516081a528678608d4e7a36203c9296b93b00788dc
modules/servers/Smtphosting/Core/App/Controllers/Instances/Addon/Upgrade.php,Email,1770,f14238f8d67e52ef1a1fc3ab334f9d4b648cb96b89e8f4abf088a341a4f9920a
modules/servers/Smtphosting/Core/App/Controllers/Instances/AddonController.php,Email,4217,ba98f108e32fa3b42e716890acc1b8ecf31d6919fef5bfccd988b3a2d380c7b7
modules/servers/Smtphosting/Core/App/Controllers/Instances/Api/ApiController.php,Email,694,4d1156e1e3c2c8f3c43661189486c4f74860536218d584e1277ca2dd49749c4d
modules/servers/Smtphosting/Core/App/Controllers/Instances/Http/AddonIntegration.php,Email,1331,73e8b6d51870d6cc48dbe552208b71c851953f4a25bf995947c03cb6c51cfbbf
modules/servers/Smtphosting/Core/App/Controllers/Instances/Http/AdminPageController.php,Email,381,d8b746ec46551b7a803d1548f2950b98dad4a2501b17e58728f5cf523cd1c331
modules/servers/Smtphosting/Core/App/Controllers/Instances/Http/AdminServicesTabFieldsIntegration.php,Email,1262,0fc0add53ff71c8a8e3e405427724b9c79e1ddae81494cbe311149b9b47d9fad
modules/servers/Smtphosting/Core/App/Controllers/Instances/Http/ClientPageController.php,Email,859,e12319c5a8eca8cd59d366bf1a4abb6266d57350739329285271fd5ce890c6f8
modules/servers/Smtphosting/Core/App/Controllers/Instances/Http/ConfigOptionsIntegration.php,Email,1445,602aa70952644403604b2a3d27dd96b2f938e79d38160782fc8dcf865d878c97
modules/servers/Smtphosting/Core/App/Controllers/Instances/Http/ErrorPage.php,Email,2651,631c0f62f7cd2c8ecedb4c0870e6669421528d6bb75ab08f87779f87b6282513
modules/servers/Smtphosting/Core/App/Controllers/Instances/Http/Integration.php,Email,1238,f1d34468ba605197d2c1d54f49a997651292c2649ecd1e33cf6d6c30a407f825
modules/servers/Smtphosting/Core/App/Controllers/Instances/Http/PageNotFound.php,Email,1096,343c2c7304fdbf23e6ba6921738677cb0256783fd7d948364e1219c727e7fe41
modules/servers/Smtphosting/Core/App/Controllers/Instances/HttpController.php,Email,5688,445aaafda4f9bc522e93f4bdef284fc295cc0c11c4c55d8d18e5f2a37b169757
modules/servers/Smtphosting/Core/App/Controllers/Interfaces/AddonController.php,Email,174,888c8d43a900abec6a56f9bc0083a4087e6b2481ea2796b9fb78e2ccbf31ba1d
modules/servers/Smtphosting/Core/App/Controllers/Interfaces/AdminArea.php,Email,126,c2e47ff3360d201cb6f403ff6aba9aa76f7d2a29ea64a8db8467dec2e2629a9b
modules/servers/Smtphosting/Core/App/Controllers/Interfaces/AppController.php,Email,199,16cc5331c6f57a16658aa84744a644d3adc46c088dab87de28816d9ee36a5c54
modules/servers/Smtphosting/Core/App/Controllers/Interfaces/ClientArea.php,Client Area,127,6a09ca3deca6c1ef057d6f30ef0a32bc499db218a032431ed503553bd33b6fb9
modules/servers/Smtphosting/Core/App/Controllers/Interfaces/DefaultController.php,Email,234,60b5ca7ab620062613ffa54dcb789c70d9a045e507284f882137e5410a138fd4
modules/servers/Smtphosting/Core/App/Controllers/ResponseResolver.php,Email,3623,9e8e9a02c5e30aabbe21abf2c10cbaa921a62ba67b303986833781840f7aa225
modules/servers/Smtphosting/Core/App/Controllers/Router.php,Email,2571,e9494aa2483a2bb706e62c553499f1d88a20f88718b53c0fd2de754f9a13ec2e
modules/servers/Smtphosting/Core/App/ErrorHandler.php,Email,1213,f4e1ea91e6ed3f2f11d8a9ca8193107854e15547d9ae4fc02e7503a684ca8eff
modules/servers/Smtphosting/Core/App/Installer/DatabaseInstaller.php,Email,2574,195b57f028a0567ff05d424be59ac3cd7c8ca1224c9ba03f228b09cd2435f78a
modules/servers/Smtphosting/Core/App/Installer/ModuleInstaller.php,Email,2463,c0a80fb825c3d5ec6766090c2779e0812f0249c43480c0f216a941700b9a4be1
modules/servers/Smtphosting/Core/App/LowLevelLog.php,Email,2460,2231d4e34f1d2001729c1b60761be52c89d53491bd24549828750390a094543d
modules/servers/Smtphosting/Core/App/Packages/AppPackageConfiguration.php,Email,537,8a78b2ae696fc2a11209dee6d6cf26e6a2bcbf4049ab142e51cd1ac7b9886db7
modules/servers/Smtphosting/Core/App/Packages/BasePackageConfiguration.php,Email,3956,d7ab6d3b5116ed3b8d3bcb0f7ef705449ed0afafe8f07dc862b4572a3007a6d8
modules/servers/Smtphosting/Core/App/Packages/PackageConfigurationConst.php,Email,199,38c3e9ce84c07a42ffe0e96453a770f796a5b42c905616b603eec6a5f6d5bbe5
modules/servers/Smtphosting/Core/App/Packages/PackageManager.php,Email,2849,8368bad09cf0b42027c3418c84ee70cc5ee3c087400c8f3c85c8c049957e41b5
modules/servers/Smtphosting/Core/App/Requirements/Checker.php,Email,3057,e179b2d8a2d8957e0e50f2ed885b40ff20128550dd3d202b4ca7e869abb12d16
modules/servers/Smtphosting/Core/App/Requirements/Handler.php,Email,927,b016bfeb5006b3735397a1b45b25c5c31b9074e79657ad6fc1316d5cea1f1faa
modules/servers/Smtphosting/Core/App/Requirements/HandlerInterface.php,Email,235,4ab44527fd77c123a07819484cfdc5a0cb28d0ecb73ac87957f027fb5b0f9305
modules/servers/Smtphosting/Core/App/Requirements/Handlers/Classes.php,Email,1328,c2121a65d068df77c7e59a02c81adb76e93e6b46e00dfc726e6f4b19e401fcb1
modules/servers/Smtphosting/Core/App/Requirements/Handlers/Files.php,Email,3538,6da812f398230cc64356cd54d1c47e4f567dd6d2a1cda6fb09fab13be35dac29
modules/servers/Smtphosting/Core/App/Requirements/Handlers/PhpExtensions.php,Email,1393,594313d60c2470fc619df604880d2a54c058cf8781e8469e6a733724a35a29a4
modules/servers/Smtphosting/Core/App/Requirements/Instances/Classes.php,Email,637,e5ba8c5dac621a00e4a4cb13a4d5748ef3503284fa8e54f5248e16c29482bb69
modules/servers/Smtphosting/Core/App/Requirements/Instances/Files.php,Email,872,4987191ed13a148bbf442e97c6c8136d0049e63009f62428b28b0f4bfa516f57
modules/servers/Smtphosting/Core/App/Requirements/Instances/PhpExtensions.php,Email,663,633b883c5809259ece3814fc1a27fc8fc8031af71d7f4b7cdf6975fda553caa2
modules/servers/Smtphosting/Core/App/Requirements/RequirementInterface.php,Email,198,2c52ebbfb9225f1a19b8453e0e9c0370aad544741d5ad3021d95c7eed0b9a363
modules/servers/Smtphosting/Core/App/Requirements/RequirementsList.php,Email,496,8ef5365e19af434c20b7c8ebbafbc4ebdfbf112b782db8a182f29bf3f3b6a77a
modules/servers/Smtphosting/Core/App/TemplateDisplayWrapper.php,Email,1562,6898232fddca4f041f909c21683f374f2267d17c515c46c85ff2c42e6370b574
modules/servers/Smtphosting/Core/Bootstrap.php,Administrative/internal,1356,4be19227df0e18c1769a3d423f4d516252f3f0d0a69f09fa3989af43bbb657dc
modules/servers/Smtphosting/Core/Cache/CacheManager.php,Email,5203,edfb9496995470e2ff954ec2dc8aaa8819e7ab43fcf6e89ae11bc6ab34a1a06f
modules/servers/Smtphosting/Core/Cache/Services/DatabaseCache.php,Email,2325,a050b0e5f5cceb86ce3d6986a8aa01361f4a8929864a58b91eb9c1d2f7f72ed2
modules/servers/Smtphosting/Core/Call.php,Email,5205,13caf19b53599d5df1d09d98440c2eb651288a66c6d2d0c32b9da2e535136e6c
modules/servers/Smtphosting/Core/CommandLine/AbstractCommand.php,Email,2588,7bb047623bad97e32137c1bd48fff4f05e5ca34450149388cfda53f38cb782f8
modules/servers/Smtphosting/Core/CommandLine/AbstractCronController.php,Email,775,b2e2e3fbd33961c4f82db0fc59b7cba7f186a78f435c5d7f5bfa2861cee13567
modules/servers/Smtphosting/Core/CommandLine/AbstractCronControllerWithoutThread.php,Email,5561,a136071fcddc0f02a668ffdcf357844bc3a7477efa5189f11fa803f6dd14aa09
modules/servers/Smtphosting/Core/CommandLine/Application.php,Email,1365,768311e2dece0a7598ddab3383d12579a00e64b33978f67388410cd176ed4057
modules/servers/Smtphosting/Core/CommandLine/Command.php,Email,1366,1ed7a892957d2e71871ea507beeba0251be7ae3dfb44471872f5b815eab6af1a
modules/servers/Smtphosting/Core/CommandLine/CommandLoop.php,Email,1747,bdbc1b3038d57d55cab43d50cd20c2fbebb6090ef023f3c574b55c2e46943875
modules/servers/Smtphosting/Core/CommandLine/CommandManager.php,Email,131,2ac944727ec286fe80d0d3e12cac941d710814b8cfd04c7ff630a85a50ff7534
modules/servers/Smtphosting/Core/CommandLine/CronManager.php,Email,157,98b61748f02a6c9b0f923597fad641efbc3c4b68eb53a1cb00a5d029eebe66e5
modules/servers/Smtphosting/Core/CommandLine/Hypervisor.php,Email,5089,3d86a4766ad7bfec500465d2d6b74d010eeebc484337fbc79d795f42a2e4c11f
modules/servers/Smtphosting/Core/CommandLine/Job.php,Email,100,de43f6ad0ed9e367a6bfcde5e305786ace1a9ca847e2d916c1a06214e957a473
modules/servers/Smtphosting/Core/CommandLine/JobsLoop.php,Email,1704,ecff42d85f0511924dd83cabe5a3c1f04f09a12d6cce85710a1a2f4a79e046b2
modules/servers/Smtphosting/Core/CommandLine/ReaderCronTask.php,Email,1268,6ce0835ebf3bb2ea9fe319b4518d8e8e23749c9099fd3106123ecd9f5e13be88
modules/servers/Smtphosting/Core/CommandLine/Tick.php,Email,1324,eba419f204c3c520cc129313138b30b0b6d857aa612771e43d369b6d6552b82d
modules/servers/Smtphosting/Core/Config/configuration.yml,Email,380,04b2705addeb3ef638c7e00ab8af39b25f898b8747e25c8899d05aa58f675afa
modules/servers/Smtphosting/Core/Config/cron.yml,Email,7,b0ac811fb28da89cd39b5fa9ea7fb101a6401a4d071be601477edbb7f0562334
modules/servers/Smtphosting/Core/Config/di/buildWithDefaultMethod.yml,Email,637,570b3bb2d400cbe4cb672738faf694ee9eb01eebff681cd47a601bb7cbd7f64f
modules/servers/Smtphosting/Core/Config/di/interface.yml,Email,15,959a546c35df4bdd35e5104c0d803081a839a93f00e17188ea406d5bbda449b1
modules/servers/Smtphosting/Core/Config/di/register.yml,Authentication,4997,7d6950d8bd49ba0a4dc766e31029d3fa9c6489e0782b27ec5a940d667865457e
modules/servers/Smtphosting/Core/Config/di/services.php,Email,389,ad382b93a94acbf182180034cbc24f8f7b7793d1bccd2c3ef171f145cbe25535
modules/servers/Smtphosting/Core/Config/di/services.yml,Email,413,f5a26977783e5e956bacbf37e61857fd5db2ad0133392238d1aac5966c9c842b
modules/servers/Smtphosting/Core/Configuration/Addon/AbstractAfter.php,Email,332,92c1ed1f89ff6ea30e5eba6c1b8bd930bce4eb71bbcd4634f7773d930d921b6e
modules/servers/Smtphosting/Core/Configuration/Addon/AbstractBefore.php,Email,276,a9a5848084c81ae99fde23b424ba3d07396529597dd6c14eab5ddc7f9ea87cb1
modules/servers/Smtphosting/Core/Configuration/Addon/Activate/After.php,Email,492,324ad8f2ff6c7cbad636c48fb65acd7f020a1e43dde2dd317d8d0a755299c65d
modules/servers/Smtphosting/Core/Configuration/Addon/Activate/Before.php,Email,1097,20d4909950d7dfcc81860f7cd4cf15e329bcfd5994e6fed5baa50f7334f5cb57
modules/servers/Smtphosting/Core/Configuration/Addon/Config/After.php,Email,495,179c59f1192fcefe8af537b28bfe6bf2f5764fbfe00c409a4fd5913270017494
modules/servers/Smtphosting/Core/Configuration/Addon/Config/Before.php,Email,498,eaf914f0fc66dcf69c5443977258eb8149720ee923fa9561aaa371fac6ede631
modules/servers/Smtphosting/Core/Configuration/Addon/Deactivate/After.php,Email,489,e0dbd5040abd2c8cb05bb11aae07afca789a24dc2fda881edaa41ee633942e03
modules/servers/Smtphosting/Core/Configuration/Addon/Deactivate/Before.php,Email,493,8cd4318dfc5667a86d759a1720ca2cb8a6fd0936396b19f76a398c30a9bf56a5
modules/servers/Smtphosting/Core/Configuration/Addon/Update/After.php,Email,488,772e1bfa2b1f8b2f106a5a74e2ba62ffc738a7a3cb9d0e97e51ca3cf340b4e12
modules/servers/Smtphosting/Core/Configuration/Addon/Update/Before.php,Email,447,19ecc1a2f32ead0b2ab4cb8ee9fea076038db6311648f68264eb244ca75201d2
modules/servers/Smtphosting/Core/Configuration/Addon/Update/Patch/AbstractPatch.php,Email,1706,45eb95c66370010ef49c5f20720953d1a9ba56077bade33893be39eba71b6921
modules/servers/Smtphosting/Core/Configuration/Addon/Update/PatchManager.php,Email,3106,8d187a3cf0dbb2e7803b260df6431954078af9dc2c2d05312fa0f3e67c200d1d
modules/servers/Smtphosting/Core/Configuration/Data/Version.php,Email,229,d4afeafb622fb2dd6ff677c221d02d6ee818749ec4301dc461d88b29ad18fa56
modules/servers/Smtphosting/Core/Configuration/Data.php,Email,3558,cd1933abe1bc735ffe5edf8c0ac78244f3695eca477fa41a611a1ed6c4ad8673
modules/servers/Smtphosting/Core/Configuration/Requirements/Files.php,Email,825,5dd7cd5515f68ebedd2aca63b1ae8547de1674478fb7eaa1409948304c29ee17
modules/servers/Smtphosting/Core/Configuration.php,Email,4254,43e668166100ae16e70926fda433a23378ad8dcd4c2ad17921871135019017ce
modules/servers/Smtphosting/Core/Database/data.sql,Email,0,e3b0c44298fc1c149afbf4c8996fb92427ae41e4649b934ca495991b7852b855
modules/servers/Smtphosting/Core/Database/schema.sql,Email,758,10066458577ef9dc0fa4a515e23cc12e7b752c18c4c49e06eec2626fbca90bad
modules/servers/Smtphosting/Core/DependencyInjection/Builder.php,Email,1793,87431667a7e7c45a77606422a62eef30c928266d6d8308d7c0eb09915fbddbb5
modules/servers/Smtphosting/Core/DependencyInjection/Container.php,Email,6366,de341fbc18174f71157d04dcccb0d033b9d3ae6447e1d60c547ff5318e839109
modules/servers/Smtphosting/Core/DependencyInjection/DependencyInjection.php,Email,1433,9eb0b89688a4671be0fb80d7f78c45ac6d2e56cd955d605e0741aa8ca590427e
modules/servers/Smtphosting/Core/DependencyInjection/Services.php,Email,1594,d042083c64a0f329449ec2b7689ea07c18444dd1404fd6447a3b915e5705f5f3
modules/servers/Smtphosting/Core/DependencyInjection.php,Email,315,d7cdcc2331a92ba9e56a75b22c8106a18c22ddd70ed09368718c70439649897d
modules/servers/Smtphosting/Core/Enum/Enum.php,Email,339,70e48dfb7087e42e9fddbb28f9e73d493aeebe0e1a15fa45e7fe4ce0cfe7da95
modules/servers/Smtphosting/Core/Enum/Level.php,Email,282,a4b49a46ff61502770a939516f9e7dc3a6d090ca6f8eb5f98296ee919e724b92
modules/servers/Smtphosting/Core/Enum/Status.php,Email,358,aca0be3f30c51f9b098458fb802f97cf3904a7c86024edd29bb9a03252645ad2
modules/servers/Smtphosting/Core/Enum/StatusColor.php,Email,735,d7cae35681152da31dbaea554849b92ea8ae696e9bf1bf94747d27754154945b
modules/servers/Smtphosting/Core/Events/Dispatcher.php,Email,2204,76a6298b3624cbc3b3dc057a3dca37d3c440bc2cab90455b46a36e248f71639a
modules/servers/Smtphosting/Core/Events/Event.php,Email,98,4beb6e9fc18e484c0f66ca1abcf7c2fcdf56ad06a3426ee43cc002e5c52d261e
modules/servers/Smtphosting/Core/Events/Listener.php,Email,101,41ebf41aa5a48fb437142c4c37ec021b6ffdf8ed7ab7b34000e73dfdd86d6e77
modules/servers/Smtphosting/Core/Facades/Cache.php,Email,255,32dc423f808098e6fea4ec6e7456bbea56ad2cd89171916ff3a8da5179ff7c6c
modules/servers/Smtphosting/Core/Facades/Facade.php,Email,321,66dced5e87caff0ae440d090834370e7bd7b16020add462956efad6594785e1b
modules/servers/Smtphosting/Core/FileReader/Directory.php,Email,1001,6c581613cb1ffd286b94e64fdddb247a574839ee8541148d088363e04e4513a5
modules/servers/Smtphosting/Core/FileReader/File.php,Email,1944,a5b3a3fbec4b4c0a71537782b774c81a7e028a6dda8cd162ef4c95afcac365b0
modules/servers/Smtphosting/Core/FileReader/PathValidator.php,Email,2142,640b9ec0179960697e65d4122725af8a4440a1c191c487d979edff4d8a8e8365
modules/servers/Smtphosting/Core/FileReader/Reader/AbstractType.php,Email,1028,53e7f553cd936332acb1ac9e727b2ced74ea9257fc0147c57a6349f044bf3e06
modules/servers/Smtphosting/Core/FileReader/Reader/Css.php,Email,917,8f831e66a5edf29e425c3266f80f7a939f135936a843ef887380220aabfb89ec
modules/servers/Smtphosting/Core/FileReader/Reader/Html.php,Email,918,690966fff9b25c9da2592f8aa4c07b671646a81a38ce2c75571c70c3700a10ab
modules/servers/Smtphosting/Core/FileReader/Reader/Ini.php,Email,852,7e36a401bff814d6a74fff7796dc7d0549ac25bbe7cf18867dfd6a7648dff79b
modules/servers/Smtphosting/Core/FileReader/Reader/Js.php,Email,916,18705be3bf4b274b6474056323e0e4dddba413120116d250d46c7a3e01e6c4ba
modules/servers/Smtphosting/Core/FileReader/Reader/Json.php,Email,810,77b5d2888ca684f9811c9fee571b8d7d76bcd927e3686dc108ee3c0b1b2cba4e
modules/servers/Smtphosting/Core/FileReader/Reader/Php.php,Email,917,194ed22aa248e56d83f270a3e471c54df70d456db862c7ef4ad7925470d0691b
modules/servers/Smtphosting/Core/FileReader/Reader/Sql.php,Email,2347,bcaed1744239d45fb518a70aecf761d3ed11b5fa1864cd6047d3732d643f7101
modules/servers/Smtphosting/Core/FileReader/Reader/Xml.php,Email,579,ebccefad1811938e4d929da32f500f942ca76e7f01de6e4d19f6cb10e076a9e1
modules/servers/Smtphosting/Core/FileReader/Reader/Yml.php,Email,1195,1b7e914c625c687e12fd4aee7ca4d55020982e82701809312d2153ee902a40d5
modules/servers/Smtphosting/Core/FileReader/Reader.php,Email,2800,e0a05d51d87810bf7336064492da295d7f891051d31639afc6c6be3b2c131b70
modules/servers/Smtphosting/Core/HandlerError/ErrorCodes/ErrorCode.php,Email,2262,c2ee40f12c08ec04b72c37a1b0cae54eb973195187a62eb2c7290bdfc08491e3
modules/servers/Smtphosting/Core/HandlerError/ErrorCodes/ErrorCodes.php,Email,1764,6b32db0b31bd9afaf57ec72252bc27d73fa4b554e04b5c858ae08b744ad41d19
modules/servers/Smtphosting/Core/HandlerError/ErrorCodes/ErrorCodesLib.php,Email,3126,8c059239dbd83d1fa1bda63d65516349d7b6cfa15b93e5b3281fdd73514dfef5
modules/servers/Smtphosting/Core/HandlerError/ErrorManager.php,Email,7318,93b7aea319bd3c447cd8bac1b4a558cc5f7b8b8bd8f3dce381c3cdb5ff6210a4
modules/servers/Smtphosting/Core/HandlerError/Exceptions/Exception.php,Email,7815,2f17e32e6581f1e0890f76bd13a9c426725493be6a8cba596cd4f9889283cb73
modules/servers/Smtphosting/Core/HandlerError/Logger.php,Email,6437,eefcb1a3168f12ee00d83198d25140bd3a42110aaf36eb1db1a3fa2aa4351c03
modules/servers/Smtphosting/Core/HandlerError/Model/AbstractModel.php,Email,1925,afda0cc52fb5fab3e84b0b27dfe4f4a823236bf03c9a74717442901f119a52a1
modules/servers/Smtphosting/Core/HandlerError/Model/Error.php,Email,223,8de29e73cfd7f7db511d324de7cdc2b8a7b0b649fee62904cdc358a1d119e677
modules/servers/Smtphosting/Core/HandlerError/Model/Warning.php,Email,227,cdc6ad99a6a5c4df0fd3a80bcad270c40a1cac0ad7532576b50f134a6dd4c2d9
modules/servers/Smtphosting/Core/HandlerError/WhmcsErrorManagerWrapper.php,Email,464,2841f52d9f9b938e5832f01503a3340b042cd7d004bcb7bcfd0a9dd99fdf68cb
modules/servers/Smtphosting/Core/HandlerError/WhmcsLogsHandler.php,Email,3900,54b2bad861af03a00adfe910bb6e9b932201cf86450751f047dd2ddceb829731
modules/servers/Smtphosting/Core/Helper/BuildUrl.php,Email,4121,92cbf1768296b7fd8c758bc2fd9aa993e24f18a0e312feed44bb5f25c832bd47
modules/servers/Smtphosting/Core/Helper/Converter/Json.php,Email,1032,fe8b3011c84d1cdc4ca58bb368d2a2dbccb7b370ef0249d20117b6b356b3a67e
modules/servers/Smtphosting/Core/Helper/Country.php,Email,2815,5ca92012945e4a7e642b31b76e21fe3c3ab12a78db0fac5452519741c51dfabe
modules/servers/Smtphosting/Core/Helper/DatabaseCache.php,Email,5091,7c68c689eb09b5fd899b6e8d60e898f7499b5ce1dce87ee74aecc0f750a6201f
modules/servers/Smtphosting/Core/Helper/DatabaseHelper.php,Email,1640,e5338cc5c72c3408032a8b702bdc3b8ccd7a1ee90e72f1657d90d6f6acb7d157
modules/servers/Smtphosting/Core/Helper/DomainHelper.php,Domains,4472,68b3499e706b1134729fa16ea06d67a89f9f8668255ccc8243e2dc4d599acb1c
modules/servers/Smtphosting/Core/Helper/Functions.php,Email,12602,848e47c6139ca6dec25907fd58414a1359cf60fe4ee4d8d07b6602fdb7fb5b39
modules/servers/Smtphosting/Core/Helper/RandomStringGenerator.php,Email,2586,37ca941f7dffc25d0e526c196aa06c38893c2bd3322fa1a760ec41919d4be32e
modules/servers/Smtphosting/Core/Helper/WhmcsParams.php,Email,654,e6d0d98128232cc45885de0019ddd2f20ecf5a13bde03a614fc709400308af3c
modules/servers/Smtphosting/Core/Helper/WhmcsVersionComparator.php,Email,725,c8cd5068319553d88b78998988f825f8483f0fdec1449bd05bd2c79c6ee11c77
modules/servers/Smtphosting/Core/Hook/AbstractHookIntegrationController.php,Email,6429,32ec36c3980170345907f7cdc7b911d66cd390412259843cea231e85ca2e489a
modules/servers/Smtphosting/Core/Hook/Config.php,Email,835,866fed83d14e79b97ebf5b51ef14edaf984b28036633cbdb0be7dec575ac67c2
modules/servers/Smtphosting/Core/Hook/HookIntegrationsWrapper.php,Email,1854,db17342cb28e7437787c622f485ee4a578d21467896c73d5b1ad44179a604238
modules/servers/Smtphosting/Core/Hook/HookIntegrator.php,Email,8583,22bd8d557a67aea3b4efa9d82538e4605f264f53f693678366e32d81df2cc548
modules/servers/Smtphosting/Core/Hook/HookIntegratorView.php,Email,2019,fb2dd23eeb9a7e9cec2fb89d9c14e74ba7aaa568024dee4aaa11b10de11fbfef
modules/servers/Smtphosting/Core/Hook/HookManager.php,Email,4312,a0bf75b0e47249e0ac369c71e429a07a67ea7d37f601f9402ea42671325c41c5
modules/servers/Smtphosting/Core/Hook/Interfaces/InternalHook.php,Email,191,ffca9dbd0b84ee3e5bd0005c9edac9318844040d6873f0806d1cd7450df31273
modules/servers/Smtphosting/Core/Hook/InternalHooksWrapper.php,Email,1539,671c6e2f5447ceeb9f9d0054ef3932aafdd275043b15a2c2641eb3972ee8982c
modules/servers/Smtphosting/Core/HostingCustomField.php,Email,2075,5855cc721cdf4d1711a5cbaa989d1ff3ab58b8396c322b2d04e8adef10c15212
modules/servers/Smtphosting/Core/Http/AbstractClientController.php,Email,252,d746c219fc35243e2571299f189e874e588fee98a0f8deca07f52e03dd0b063a
modules/servers/Smtphosting/Core/Http/AbstractController.php,Email,553,5af8b4c859f86a732e6587647b657b317349be73060726a7dfcda983380ab622
modules/servers/Smtphosting/Core/Http/Admin/PageNotFound.php,Administrative/internal,425,895f2f9bf748ce6e69e321629a9e9e39288a47cbdaf618a64473da43bb9de859
modules/servers/Smtphosting/Core/Http/JsonResponse.php,Email,2657,549a964a8ba0684d96e5cf74cdecddf5f525655603cbf5f59483160f739810d8
modules/servers/Smtphosting/Core/Http/RedirectResponse.php,Email,1185,8b94568af72c2ab2c89eac35d8c5b5389b1f4563ebb09f9cc24c408c40c656c7
modules/servers/Smtphosting/Core/Http/Request.php,Email,2344,91bddf1b938bd024411870954b7a4706b8334d3eb9eb905fcf8ef5548b8b30c2
modules/servers/Smtphosting/Core/Http/Response.php,Email,9768,68cb954a11e9213d19f63e23cbfcf796542b9abd95373ed9d40c3a57e4828303
modules/servers/Smtphosting/Core/Http/UI/FormResponse.php,Email,229,10352342c086fdbc90e07e855a525879c513a5c30f6a77eea2d58f2a1fd4d220
modules/servers/Smtphosting/Core/Http/UI/WidgetResponse.php,Email,257,bff1038c8cae1698a1748b354f6e7a6cd728e7b309714fd83a0d11846c1af7f1
modules/servers/Smtphosting/Core/Http/View/Breadcrumb.php,Email,1748,a0a593381f6e68e25efe8bd4db3cd5bc8477e1ddb8840da962272d0b37a1d393
modules/servers/Smtphosting/Core/Http/View/MainMenu.php,Email,2502,74c9923c501d125f95c604a828bb5bb3c958b34985f798033d895164ae3060ed
modules/servers/Smtphosting/Core/Http/View/Smarty.php,Email,4456,0031ef9ecc86dc106a70e469a16f6c274a26c6480602834834bb919bdee4c8f7
modules/servers/Smtphosting/Core/Interfaces/BuilderInterface.php,Email,901,3e1fdeb9beac931cc8f126fb6f6ccaa4b74806f1312021242de15e7d4fef7376
modules/servers/Smtphosting/Core/Interfaces/CacheManagerInterface.php,Email,1490,284df202d3c00fb8f7f11538ea68363db9f96ec90be7bcf742a3fb8abca45586
modules/servers/Smtphosting/Core/Interfaces/CurlParser.php,Email,330,4e3091e80f3414f9415093cae405cf4eb6b37afe88319dd89f02d5a0a09cbed5
modules/servers/Smtphosting/Core/Interfaces/LoggerInterface.php,Email,1423,decfc0d4250a42f527424826f034c6d954c9c504dec593583afeb08718d2b57a
modules/servers/Smtphosting/Core/Lang/Lang.php,Email,11537,a2c274ae3e3ce452c217494fdbe564f5dc5a7b5d6ad7def57d5dc65cdfbaa393
modules/servers/Smtphosting/Core/Lang/Langold.php,Email,11834,164efc035c8cfb23b690c165910d4140189fe04fb7a52d29b6fae3e95c665129
modules/servers/Smtphosting/Core/Loader.php,Email,1038,5769a51a86238cfe531d6b5ad73a530cd6b6bbf81a6eb3d4f830b7506a1e0528
modules/servers/Smtphosting/Core/Logger/Collection.php,Email,944,7113d8cf7b7cd4ec80762a5d9b963c25ead2cc85d79b2b7fa465a9de78e16a89
modules/servers/Smtphosting/Core/Logger/Entity.php,Email,10502,dee89e00ca648a39e385896f9ad2cb8f1dd25f135c64cddbeaea90a0a8d899a5
modules/servers/Smtphosting/Core/Models/Breadcrumb.php,Email,1177,d416687f6ffb7b1aa7b2be3747ef0a62969bdcd4c4cde86b42cd23a2b0016ee8
modules/servers/Smtphosting/Core/Models/Commands.php,Email,2941,a20d52d2744fe9fa0068a3745790bc42997729de79d1d1f740690e0a1227661f
modules/servers/Smtphosting/Core/Models/CronTabs.php,Email,2701,59b634568b2954739153c3ee5674635adfb27faecb35d84a2e66036109777ed8
modules/servers/Smtphosting/Core/Models/ExtendedEloquentModel.php,Email,559,f7bb2ff60ddefed29e466e2fd962f99d50137bedb6741b347a5a5d245d2572c9
modules/servers/Smtphosting/Core/Models/Logger/Model.php,Email,1423,39b16b6da820aed030f517cba6aefed359c1e0224e167c7e1ae326063df598b1
modules/servers/Smtphosting/Core/Models/ModuleSettings/Model.php,Email,1009,0b865c84ee07df9c87b59ec42f67f6382ae73afdc1b7a503532f2217258d55ad
modules/servers/Smtphosting/Core/Models/ProductSettings/Model.php,Email,1008,987db75aa154d02a045fa4289af4e62048db6a78ff7edf802bb7a37a2fc7ea3e
modules/servers/Smtphosting/Core/Models/ProductSettings/Repository.php,Email,1452,e17ca258518b37a0f05f85456231b0787d9c3ae5b6c524afd286805c0304eda7
modules/servers/Smtphosting/Core/Models/Tasks/Task.php,Email,1789,6f0004e0ff29cbb7412387502df0c41f4fc3d07cc954dfccc632e5fafd0eb1bf
modules/servers/Smtphosting/Core/Models/Whmcs/Addon.php,Email,1405,916f74aeabe0987eadfb7f695c2ad679fb17e4b3a0c6fe9584e086d5dfdc0798
modules/servers/Smtphosting/Core/Models/Whmcs/AddonModule.php,Email,1016,29086b97b0599f1b1222c98809437658a339c541f81a4ef290bf80548f9567d6
modules/servers/Smtphosting/Core/Models/Whmcs/Admins.php,Email,1970,0bc93a3db0de4049f4378607e25f920eeb4279040fe51ef70bc5913b981d7543
modules/servers/Smtphosting/Core/Models/Whmcs/CancelRequest.php,Email,1219,65f156e327a9e7a5e612c82c8e88918b76f2a3a91423b6fb26f4a5fac8d4fef9
modules/servers/Smtphosting/Core/Models/Whmcs/Client.php,Email,4644,d51933b02054e73bf91842dacff430942c8f3a2455859cc2940db88456202556
modules/servers/Smtphosting/Core/Models/Whmcs/ClientGroup.php,Email,1439,5462a45f766fee338ad4c74ae78ddf7b9830247855cd164369d1af50dd3556df
modules/servers/Smtphosting/Core/Models/Whmcs/Configuration.php,Email,1017,fdd6ab71a048cd8fb1aaab22e6e5002603b76a1c69ea13d67028be17d5f50179
modules/servers/Smtphosting/Core/Models/Whmcs/Constants/InvoiceItem.php,Checkout,545,8b3fc31113da9d4f88a5dbbe5bdbf0fe604c712228cb7297b38bbd4051e84ad9
modules/servers/Smtphosting/Core/Models/Whmcs/Contact.php,Email,1605,52684e3a664d39ca8898f69fbdcc6af2e3831329c472cce9ed92b4fe92598d53
modules/servers/Smtphosting/Core/Models/Whmcs/Credit.php,Email,954,94d7575a18c4ea96ea46cef265bbeee3ca0b1e0788a7806dab8caed714b53575
modules/servers/Smtphosting/Core/Models/Whmcs/Currency.php,Email,1396,c7f7406093b50e32be4966d8905e36aa438e397eee0f1704c1a1d039e0e2acb2
modules/servers/Smtphosting/Core/Models/Whmcs/CustomField.php,Email,1638,777605380ae714aae91cbc9c1fa5f2e7a5afe45a45e73c95baa3bf60815ccc0d
modules/servers/Smtphosting/Core/Models/Whmcs/CustomFieldValue.php,Email,1080,b683ccb5a825a0b72b9db5ffda7c0c718418698b13394cc21a2abe244b509c33
modules/servers/Smtphosting/Core/Models/Whmcs/CustomFields.php,Email,1313,02feeb8b3bebefec0c50232205b17391a31b466ba549090018982c1dc73f7da9
modules/servers/Smtphosting/Core/Models/Whmcs/CustomFieldsValues.php,Email,934,57cbe34897c1a4c3795c5152b0c1e6a1772fc289feb04b02d81747d6b3ca9b0c
modules/servers/Smtphosting/Core/Models/Whmcs/Domain.php,Domains,2224,f7a74473334065b4f497db40d76cc373a6b5e69626a014dc4529d7e3dd902647
modules/servers/Smtphosting/Core/Models/Whmcs/DomainPricing.php,Domains,1714,1fd17fa4613cabbdeeece8abb46c5996e16f5f2608baba53e13b5b2f0880e8b4
modules/servers/Smtphosting/Core/Models/Whmcs/Email.php,Email,1271,af26378133489311a1ff5512a58580fdbe194a3b89956a6d77f69165db2d6932
modules/servers/Smtphosting/Core/Models/Whmcs/EmailTemplate.php,Email,1509,f49293957898fb54ef293adf00a4a6201795f6b1c0efe3fe2dc81604b940b46f
modules/servers/Smtphosting/Core/Models/Whmcs/Errors/Register.php,Authentication,1513,323a268544d6a81ba3871841e67d5b33371d77b4e96a1a33327e36defe4060d1
modules/servers/Smtphosting/Core/Models/Whmcs/Hosting.php,Email,1638,770031c9d80014780a3ef177a2f6160ac2f1a7cff1a8c686ec9e351422f70a67
modules/servers/Smtphosting/Core/Models/Whmcs/HostingAddon.php,Email,1811,ce0eadc96ec6f49a61473893268798f938cc2eea608aac8c859e81de2d6c1bbe
modules/servers/Smtphosting/Core/Models/Whmcs/HostingConfigOption.php,Email,1371,70c5f879bff4d4205e28e03ff8a3b7b9bab2fe1da857130d7e41161bf8f5f5fb
modules/servers/Smtphosting/Core/Models/Whmcs/Invoice.php,Checkout,2126,98c3bb63a1818a9850879d8ddf06ba1c773c3750e98bfe7181b2ed1258f9e107
modules/servers/Smtphosting/Core/Models/Whmcs/InvoiceItem.php,Checkout,2109,54987698191c266fd06c1c1e6a76fb40ab7585c0c508f34022fcadf2b5a4b8b1
modules/servers/Smtphosting/Core/Models/Whmcs/Order.php,Email,2255,c5c1813c1f66dbd337f4cf5ec8cac5d263b25d8fdea579525ff06b4258d598d1
modules/servers/Smtphosting/Core/Models/Whmcs/OrderStatus.php,Email,1184,f6f420ad5ab3e5fa169d530d303a88e9f3125d645fb0db9b347c251d8d025d69
modules/servers/Smtphosting/Core/Models/Whmcs/PaymentGateway.php,Checkout,1195,a309295fa83d5b6820ce8ebde502eef2680c4a02538c1408c58111525af46af7
modules/servers/Smtphosting/Core/Models/Whmcs/Pricing.php,Email,1617,c7a1c7d88bcdd03387970053f875c0672e87a86c884daf4cb35b5bca4d92b097
modules/servers/Smtphosting/Core/Models/Whmcs/Product.php,Email,2396,b408a9a419f5ee4f1c264f76ad9cc2fb7f8b440b473d5fb989b3f77dd66825d0
modules/servers/Smtphosting/Core/Models/Whmcs/ProductConfigOption.php,Email,1268,971e014542c17335a0d9db09ff0b459dd23e9328913798bbc6130b8172a8c48c
modules/servers/Smtphosting/Core/Models/Whmcs/ProductConfigOptionSub.php,Email,1242,172995fc7b902ec99f7c5e0bfe417b6fbbeaaaafd1698c939ce6707292d7b805
modules/servers/Smtphosting/Core/Models/Whmcs/ProductCustomField.php,Email,3330,6ecb8c36082998cb389fa92ff95ca1b87d5ea419aa8957c93f5767b23ca3118d
modules/servers/Smtphosting/Core/Models/Whmcs/ProductGroup.php,Email,1467,94e247703c4a44fc5eb34ff6ba413298a144c8a6cd949378ca0e6ccf88bb8631
modules/servers/Smtphosting/Core/Models/Whmcs/ProductUpgrade.php,Email,1439,2ddf2dc0bf5c0cd5e00922bd06e8036337a10b306bf17c463f189137c09ab86d
modules/servers/Smtphosting/Core/Models/Whmcs/Promotion.php,Email,987,7c1a631e9e135e656211d00321c66203c04ab94d5d6b83d55601655e9622691b
modules/servers/Smtphosting/Core/Models/Whmcs/Registrars.php,Email,1311,557ae2b5c4efc5375eeed0ca4c4b7d7adb0c83964430e704bdb7f58446268b60
modules/servers/Smtphosting/Core/Models/Whmcs/Server.php,Email,1215,e90e8b99b8335312a252cf9693a40ebb9f29ce6be218b198d7e56bcc45c14104
modules/servers/Smtphosting/Core/Models/Whmcs/Servers.php,Email,1346,ed207b2438552bb67c5f6616e99a641e7e23cfb8d45f406830e86f40d56d1f70
modules/servers/Smtphosting/Core/Models/Whmcs/ServersGroups.php,Email,603,3cab8cf0d030dbe03cfdb00535809f473f7a99d33fdafe5ecd65354b5b142735
modules/servers/Smtphosting/Core/Models/Whmcs/ServersRelations.php,Email,808,72d1720793d129c7e1067fd1d9ffe894f080cc1c2b4562d117c140a933ecdd13
modules/servers/Smtphosting/Core/Models/Whmcs/SslOrders.php,Email,782,8cb14cec4183f494fb13460e3e8f82eb8d5ba15f7dca942a0737119d581e415b
modules/servers/Smtphosting/Core/Models/Whmcs/Tax.php,Email,1018,430589b32b02393ab81c5edb861a7a834d8368a449ddd1b959004fa45593769a
modules/servers/Smtphosting/Core/Models/Whmcs/Ticket.php,Email,2096,982d3b2610556a3080239fba92887ea49b236725774bd76460f6ec3724e52570
modules/servers/Smtphosting/Core/Models/Whmcs/TicketDepartment.php,Email,1158,e657c12dc9bff9436a44c6c69e92c8bfae7e5ab5539eced57e248418e2c70474
modules/servers/Smtphosting/Core/Models/Whmcs/TicketReply.php,Email,1332,65be62c2bb40a867ce822c5c5e9b9f20fcb610d5db5984d1b822c17358001a00
modules/servers/Smtphosting/Core/Models/Whmcs/Tld.php,Email,974,80e6523d12c8202f9093a93ebde3ffb8ae31c40be69968e5e72d70a00d5cfb15
modules/servers/Smtphosting/Core/Models/Whmcs/TldCategory.php,Email,1035,4137f528265150170946af3ae0c19978cec28f25dffa26ec84acb511d978b24b
modules/servers/Smtphosting/Core/Models/Whmcs/TldCategoryPivot.php,Email,1352,f0b9413d99a56cd43ac5a379f7ebe493a9d6aed6949c98f8436105499a146f65
modules/servers/Smtphosting/Core/Models/Whmcs/Transaction.php,Email,1116,f483d2df5dea574ed45d359822ece7f8d6d4e7a23b9162b4c251c3f8a28f876c
modules/servers/Smtphosting/Core/Models/Whmcs/TransientData.php,Email,1023,d3cff7e1a5d0d4f300b110546f2e089cc083ae08c77f959bb8955e3adb8d385b
modules/servers/Smtphosting/Core/Models/Whmcs/Upgrade.php,Email,2032,ffc0d321879ce2c9abc4f60a06c99ac1d353d86db92a8c8edd10b16e24c700b7
modules/servers/Smtphosting/Core/ModuleConstants.php,Email,6706,1a21f77d7355509b821aff6ba4ac3b2782be4752eb7c5382f331b6cab00dd5de
modules/servers/Smtphosting/Core/Modules/Queue/Config/config.php,Email,63,f1ddfebf7225ca10fc02f259a6518427da7100633725aea1f0e5649cf6697055
modules/servers/Smtphosting/Core/ProductCustomField.php,Email,3781,73c0f770c37ef88ce733bdd610da6ea4272a2715b80eefce693638732bf07626
modules/servers/Smtphosting/Core/Queue/DatabaseQueue.php,Email,3209,8d02171bbba8b58bd75888f4326a50364b67f4174b885dba544885e4a6341b2f
modules/servers/Smtphosting/Core/Queue/Job/ChildrenTrait.php,Email,663,2531935750066cd34aa574a314dbd14bdf7c1c042fcfa6922e7a6778f44623c0
modules/servers/Smtphosting/Core/Queue/Job.php,Email,896,2b282935d2340ccd926663dba74ea1ad94ca8d8148057e60942166ed126c1e4d
modules/servers/Smtphosting/Core/Queue/Manager.php,Email,2115,bc6eee49b55509881b56c46eee9262ebdf395a61621b67f64ee0d10bc85b4e0c
modules/servers/Smtphosting/Core/Queue/Models/Job.php,Email,2996,fbfc7878371002febeb049f032f213dfe6f334c877f49fae30f4f9179dd31399
modules/servers/Smtphosting/Core/Queue/Models/JobLog.php,Email,645,1e5d95674deee018f030a679c9319d408d8a0b8e1e4859294d3edd7dc705c6ac
modules/servers/Smtphosting/Core/Queue/Queue.php,Email,2163,c42aeadcf4fba87ac07fbb35fe9d0875d4170b2a2dcd706c8a8b05cf3bf3be11
modules/servers/Smtphosting/Core/Queue/QueueInterface.php,Email,652,41ab41fba09c0e6f9760c3da70dfeef682dcafd65eccafa88660b9055cab4d74
modules/servers/Smtphosting/Core/Queue/Services/Log.php,Email,1654,4ba0a5592aed30710f3090eb1dd12b28486c231ff158178b2227ba44aca935bf
modules/servers/Smtphosting/Core/RegisterManager/Entity.php,Authentication,576,fea388a243eb4d979def1404e0411a03cec95c5def02071780cfa2a1f9395208
modules/servers/Smtphosting/Core/RegisterManager/Register.php,Authentication,2043,39e2ab6c5ffabe819a568ccb21c40417c8072c2f4716f947f6c423413007cfa5
modules/servers/Smtphosting/Core/SL/AbstractReaderYml.php,Email,809,ce8dcfffaec10079ee6dd8b48eee7e65f0cdc65c9f66d4ddb37961610cdb466e
modules/servers/Smtphosting/Core/SL/Configuration.php,Email,2133,578b52d0be268f10c8deb5e0da3ba023c7b83087b212d2d6f34ae802bdfdd1fb
modules/servers/Smtphosting/Core/SL/Data/DataSL.php,Email,6577,75043c26320fa000b753fa99c5384c5983877c61e34c2b6bc04e865d94b3d60b
modules/servers/Smtphosting/Core/SL/InterfaceConfig.php,Email,2489,5b979e8c01142875cd6a124318f647edf1aac53d6bc4eec7f46830eb54ff54d3
modules/servers/Smtphosting/Core/SL/Register.php,Authentication,2076,afd630b7122b89f3e2fbe65ee635fa71ba240524818add05c7addc8dcd17898a
modules/servers/Smtphosting/Core/SL/Rewrite.php,Email,1286,8ea491ff0542b4035c4f6c63e8338c9d26c848059b53c37b7363c1eda5d519f6
modules/servers/Smtphosting/Core/ServiceLocator.php,Email,475,cd2b384638477f2efebec6e4c538d5ca2c6c25170cb3a22474e1a0130f9126b4
modules/servers/Smtphosting/Core/Tasks/Job.php,Email,823,70ff9030a82b0775211e2393f878b9dd1b125f366612a56a83afd40c9a93ac0e
modules/servers/Smtphosting/Core/Tasks/Manager.php,Email,495,eb0eb8044879d4233cc33de826fc1774bd5e2c76cc780b8ade7c7a1ce92b1927
modules/servers/Smtphosting/Core/Traits/AppParams.php,Email,989,60dad25bfcedeb4b4b30ad8ca17698ae32a1e7d4de8d119501958e56e42c7258
modules/servers/Smtphosting/Core/Traits/ErrorCodesLibrary.php,Email,1248,1a067d9206b63ae4583aa5e27744bf92f1e0586ae7cc85cd61c71ab2bc7fa36f
modules/servers/Smtphosting/Core/Traits/IsAdmin.php,Email,514,8438400f27e6e7e27548ccfe333aac7439a0a573b6b60b4d757caacfe0954e1a
modules/servers/Smtphosting/Core/Traits/IsDebugOn.php,Email,640,399d5b2fc51d08d2205bf9d0ddd8c93743d737d2638bc1745bc8ad04e2dceefe
modules/servers/Smtphosting/Core/Traits/Lang.php,Email,452,3d0d75a641b2cf559711c9eaa35e393e028086b451ec9ba9d6000a9d6d07eb2e
modules/servers/Smtphosting/Core/Traits/OutputBuffer.php,Email,549,1b8a28546d9aee77cc556c967fb5aacd0183a0f13f4985e4c0faf2431ac8f32e
modules/servers/Smtphosting/Core/Traits/Params.php,Email,742,45ff4a8dcbb388ad81f04c192fd3a73f9d507844109629ea9ab63e0ab3028bb9
modules/servers/Smtphosting/Core/Traits/Smarty.php,Email,983,efc1c96dcdec43c4c70df0e1a200657ede4b8fbbea31c1b2e89510a3b27daaa3
modules/servers/Smtphosting/Core/Traits/Template.php,Email,763,4fe3ed3db9e9e7cd35f55761ca22d790038c2654d6e090908ccd20b87805b425
modules/servers/Smtphosting/Core/UI/Builder/BaseContainer.php,Email,788,53a6053c4fdb02531309b9a18ebe93e7df3c304de4b577c72b43ce12c5db53e7
modules/servers/Smtphosting/Core/UI/Builder/Context.php,Email,7164,0274913513e7419ab7170dee41b31bc6e081bca75e1f23ccb5468e62064d3e85
modules/servers/Smtphosting/Core/UI/Container.php,Email,321,2a5792b63215ef5195cdd19b1193418c533ae14cb49fc9dac12d05b0c83b6ef2
modules/servers/Smtphosting/Core/UI/DatatableTabsContainer.php,Email,1795,501ae2382958b4a87e1730edb6f7a3ffe95019dc88e24fb4c53d678a0e215cb0
modules/servers/Smtphosting/Core/UI/Helpers/AlertTypesConstants.php,Email,928,0a7e5bd5dcd6f50a5131865322b50410e665c04f0be5f11760cef3502bee7f5f
modules/servers/Smtphosting/Core/UI/Helpers/AppLayoutConstants.php,Email,449,66c5afa4e15b54205ee54a0b53ab731554b28647c540131e0aba34f6b6d6786d
modules/servers/Smtphosting/Core/UI/Helpers/Breadcrumb.php,Email,1828,307cb9430e80b35add1938f08d023f85fd51fbf187ececcdaa617bb66d5550c5
modules/servers/Smtphosting/Core/UI/Helpers/BreadcrumbsHandler.php,Email,3325,87f019e2d896681298d8f45daf88ae352d34fffc90df9a62134a8c17b4c1be45
modules/servers/Smtphosting/Core/UI/Helpers/ContainerElementsConstants.php,Email,337,6feb6e0d6ecb415477c78061278c99a3ce606d2c87a433f1c683c6bf3c8a4144
modules/servers/Smtphosting/Core/UI/Helpers/TemplateConstants.php,Email,387,1e1ea86cb8ab3502110fcbbccc1e1562dadc2bdf776702fbc032072110eab3a8
modules/servers/Smtphosting/Core/UI/HiddenSearchable.php,Email,409,809b822b69514c667ff3e25c90e17cefe425d2c3fffaf04c63cf9491d3d17625
modules/servers/Smtphosting/Core/UI/Interfaces/AdminArea.php,Email,152,351f7619dd3960ea12ae9d736a88336bd7545142b3839a15c139c9a9ff583c44
modules/servers/Smtphosting/Core/UI/Interfaces/AjaxElementInterface.php,Email,253,daecb1546d960c5ec7633c7fe37790de244f1601910673247721de6757b8b23c
modules/servers/Smtphosting/Core/UI/Interfaces/BaseValidatorInterface.php,Email,319,cddd3750daceaeea15daa6a777a0e05db88baa1541bf6ad493fac961151d6636
modules/servers/Smtphosting/Core/UI/Interfaces/ClientArea.php,Client Area,154,8e1cbbff09fe4418205b576096ab1807ba6885ff7540abd549feea074026ad1b
modules/servers/Smtphosting/Core/UI/Interfaces/DataSetInterface.php,Email,320,8d661de466dd1644d5cfae95f0d1beda3b9bfbdbd372aae63fe28218a3087389
modules/servers/Smtphosting/Core/UI/Interfaces/DatatableInterface.php,Email,215,127e0a6cc8609aa97b95db60fdc00c4d391c5785b110c0febd7caab94521959e
modules/servers/Smtphosting/Core/UI/Interfaces/DropdownItemInterface.php,Email,164,0f1da8c0b81fc2a5644c6674ea143569c9291c98cf3bd9468724de678b1309da
modules/servers/Smtphosting/Core/UI/Interfaces/FormDataProviderInterface.php,Email,401,21e0e7db01a07a90069d548fdb22f2d081ccdd0606139209724057781969a078
modules/servers/Smtphosting/Core/UI/Interfaces/FormInterface.php,Email,285,19e840e49d496f4e9613ddc504b551ff9aeac9f0175b52061fa89b64d0f72ebc
modules/servers/Smtphosting/Core/UI/Interfaces/ResponseInterface.php,Email,198,db2c3db0247d552588fcedc9f671f5dd0ff12599f6e539280f6a85d85af9577b
modules/servers/Smtphosting/Core/UI/MainContainer.php,Email,6203,3b677926a0dcb57be58627b91775de0351dcac764406d0f1a96d263fd7a3ef49
modules/servers/Smtphosting/Core/UI/MainContainerAjax.php,Email,5353,9ada53dd9bbe3d11f083972178e2690e6fd6f83bf375899052498fd4c2e82347
modules/servers/Smtphosting/Core/UI/MainContainerIntegrationAddon.php,Email,403,bf9cce15f1c20ab25339aba601212de69916d6148c83f1b3a2e8a2551832e9ce
modules/servers/Smtphosting/Core/UI/ResponseTemplates/DataJsonResponse.php,Email,332,faed590089f2f5185ae6b30ee164268d8c984aee7ffaf34eebc5b1edf50361a2
modules/servers/Smtphosting/Core/UI/ResponseTemplates/HtmlDataJsonResponse.php,Email,340,413771d809b56db1f613c6f0a52879a8800da5bd479716934dececb4a8a3fb35
modules/servers/Smtphosting/Core/UI/ResponseTemplates/RawDataJsonResponse.php,Email,341,57af61b02f4da47a4ea4fc8c3b10c9e923dfb12bf24533cc5e69d515a25c6441
modules/servers/Smtphosting/Core/UI/ResponseTemplates/Response.php,Email,2977,71be2c101b8b40adce6ba6f7678ac4daa0e7c378ced1cf8d2a6b3fd6fbb6f177
modules/servers/Smtphosting/Core/UI/Searchable.php,Email,468,dbc7748ea9fd288330eff0ee43b8083226849670a800203409f2718a81200c74
modules/servers/Smtphosting/Core/UI/Traits/ACL.php,Email,1200,20daebb1b9ea8c1e03244508baaddf2ed2303c6ed8f35367907e06d00e4527c2
modules/servers/Smtphosting/Core/UI/Traits/AjaxComponent.php,Email,391,dde6a3903cdd1b5034e936c6f2c02f0b986804de4582f5db4855665713b4d6e4
modules/servers/Smtphosting/Core/UI/Traits/Alerts.php,Email,2190,88ebcbb287216e89343bac28c64ee38ef3d9a6dd1bd0b06314f747e95d74a3fd
modules/servers/Smtphosting/Core/UI/Traits/AppLayouts.php,Email,1487,284d68871a407678b09e5de872c7594260881d2c5392506e05624a582b0ab4a8
modules/servers/Smtphosting/Core/UI/Traits/Buttons.php,Email,794,c2edf3edd06fe81e763724d4aee7906e436ae7ec691bf122544814f584f38158
modules/servers/Smtphosting/Core/UI/Traits/CallBackFunction.php,Administrative/internal,516,c919180815c6eaf21ab612b0ba5e61e40248bb08b4df8db6a22586a5ffecf55a
modules/servers/Smtphosting/Core/UI/Traits/ContainerElements.php,Email,8105,c4e1bb4cfdbd9173f4c193c7c643ca5f9a40df5043376808534a66893230d176
modules/servers/Smtphosting/Core/UI/Traits/CustomJsCode.php,Email,4270,548096b347794ccae8a29d544092934fb6535e954ce8b637ec06f2b402d9a2be
modules/servers/Smtphosting/Core/UI/Traits/Datatable/Filters.php,Email,1583,06e19c0fa9d0276dd65e8b156479954b1745088b5f6472ebcdc9ca46d5408fdc
modules/servers/Smtphosting/Core/UI/Traits/DatatableActionButtons.php,Email,1368,27e49e53f74a57e6125a8e2ba286cb17774f8230349bf5fc5f6cd7997ba602c0
modules/servers/Smtphosting/Core/UI/Traits/DatatableMassActionButtons.php,Email,1419,27b8f529f109f0a9013c47750c231a0937aee2177d89f6e82d6fb10cac9e4ac1
modules/servers/Smtphosting/Core/UI/Traits/Description.php,Email,1015,f7e91ccaca075ba477732f0575bed3649e60f4fa193d711af97ac1a9284bfe29
modules/servers/Smtphosting/Core/UI/Traits/DisableButtonByColumnValue.php,Email,1358,bfd1b341a8720e323e3c3c9099835093ceb364374d4842803423e7ef31fb6ded
modules/servers/Smtphosting/Core/UI/Traits/Field.php,Email,5288,2405f970ca86381886137006a483563851c4b3a89dc04936331956079e08ef1b
modules/servers/Smtphosting/Core/UI/Traits/Fields.php,Email,2588,0479d412bde3061d847236437a51dbf12e54559c7968672a31f1c462a6d3a91d
modules/servers/Smtphosting/Core/UI/Traits/Form.php,Email,4387,46b02f2a2752fd4e09b8c955f70395500ca89e1e264503aa8ac1cd332748993a
modules/servers/Smtphosting/Core/UI/Traits/FormDataProvider.php,Email,1434,f9254fbd5083cdae04130501b00f040cedaa2bf9572ae629259e734275483427
modules/servers/Smtphosting/Core/UI/Traits/Forms.php,Email,1203,792e05019b2301adab3153e7e16ac613edcc04c2c6267a6066e433ddb66835e9
modules/servers/Smtphosting/Core/UI/Traits/HideByDefaultIfNoData.php,Email,624,15550640cfc598cfea163fb4faef5341ac5e488ed7b791bfe2a2cf84536503ee
modules/servers/Smtphosting/Core/UI/Traits/HtmlAttributes.php,Email,1448,e391369336e97fa2db427a0772afe11831c2a375ca8ccb4509f43db1af79c952
modules/servers/Smtphosting/Core/UI/Traits/HtmlElements.php,Email,4070,5207d7885fa03651a32577485fd87072266b8be47ce2e2731dfd019a3b8d3ff4
modules/servers/Smtphosting/Core/UI/Traits/Icon.php,Email,479,48b0c8e5ed82a2d06488ada1fefbd2462e1cb31b81986a4d0eb9a65652ae1535
modules/servers/Smtphosting/Core/UI/Traits/MainContainerElements.php,Email,1443,601cf32cd98e53a686aac494f0336d500935ab0873192e11f5de4837204ad068
modules/servers/Smtphosting/Core/UI/Traits/Modal.php,Email,1859,79765642e58c2c0586a99a3623ff149e5fff732c12b143406a541e71bf1b140c
modules/servers/Smtphosting/Core/UI/Traits/ModalActionButtons.php,Email,3724,f982b1107f6a327fea50b09a879160ea4b2df3afa4b0543db386a15cbdd2b4f1
modules/servers/Smtphosting/Core/UI/Traits/RefreshAction.php,Email,495,fa44b9afedd99497808fe6ada1eaa7115d49a92170afb3980273b87567e13bd1
modules/servers/Smtphosting/Core/UI/Traits/RequestFormDataHandler.php,Email,1619,fa49b82af69d6101fa69991606a0e05e4a75479eb21aabff89530fd31ec3c85c
modules/servers/Smtphosting/Core/UI/Traits/RequestObjectHandler.php,Email,1069,edeaf7808e63141f97349801de7a3881792333d77e6220b4be081ab51cb0b782
modules/servers/Smtphosting/Core/UI/Traits/Searchable.php,Email,1175,76e59d090260a9c02458bfef35f53a7788b0d332c3b45ce906c8d929b42b40ba
modules/servers/Smtphosting/Core/UI/Traits/Section.php,Email,531,f3b74f63a5d1ad693cafc02fdf11d3123640e36e13d42be64fc0a9b789ca695f
modules/servers/Smtphosting/Core/UI/Traits/Sections.php,Email,1387,844002a627482d39c7db6f80112594a7e4d06eaa91f8286881c9c6cc7e4ea01c
modules/servers/Smtphosting/Core/UI/Traits/SubmitButton.php,Email,410,b3c51c7142cd729f731d0348560b7738755b3559004fc8b4e45e245c2fef978e
modules/servers/Smtphosting/Core/UI/Traits/TableLength.php,Email,1309,4061aa711352051b9e1e2e2ce6f4cd87addc20e603dff712c52f9fad2bd11306
modules/servers/Smtphosting/Core/UI/Traits/TableRowCol.php,Email,632,f7d74eb1b1e4e2c050b8e3c46fdcdec1586cc47289d57406369f83e0a83bcb9b
modules/servers/Smtphosting/Core/UI/Traits/Template.php,Email,5685,73c24b37cea86fed650df4d340961ea9ba21dfd458532c34a230266ade2a27e8
modules/servers/Smtphosting/Core/UI/Traits/Title.php,Email,1233,29907d8108c57142a0c79f0208d56ebfe588436a592f533d46c2f9955d5abbf7
modules/servers/Smtphosting/Core/UI/Traits/TitleButtons.php,Email,1506,1628c8e1f42f162121591032da7c81423172c290e239bc2e6b76c7bc393defd5
modules/servers/Smtphosting/Core/UI/Traits/VSortable.php,Email,486,9294edbceba8d67b8d2b87f8bfefcdc6b60ae3dbb2a713b143be5fd95dc20135
modules/servers/Smtphosting/Core/UI/Traits/ViewBreadcrumb.php,Email,1049,8748f56d69e1fb0dabbccc54d515b27323a0eb69d1e94eadcb9870a625331eaa
modules/servers/Smtphosting/Core/UI/Traits/VueComponent.php,Email,3069,6772569df11266cbe15a9a9421e7df8d77f99daeb8cd9bb9d708948623f0e680
modules/servers/Smtphosting/Core/UI/Traits/WhmcsParams.php,Email,1067,4e0472af26f7d2c17369a090521d377a80773944f71b362a7847e88140547aaa
modules/servers/Smtphosting/Core/UI/Traits/WidgetView.php,Email,1281,dcf6eda5dce4a42e5df2714df2f39b5f72cfacb44227fdea0581984087cc04d2
modules/servers/Smtphosting/Core/UI/View.php,Email,3910,ae90b11035d72536f7bfc6ca873e68c0d35d902bad91b2af639e9649e4286a24
modules/servers/Smtphosting/Core/UI/ViewAjax.php,Email,1383,5f30c142f63cc5f20494f9e91b685770504bc0d8799ff197ebab55780cfc1fdd
modules/servers/Smtphosting/Core/UI/ViewIntegrationAddon.php,Email,650,783cd93c46abee6107228a4a5eb7d935ea100e03938aed4f2c80e8520ab7da6b
modules/servers/Smtphosting/Core/UI/Widget/Buttons/ButtonAjaxCustomAction.php,Email,2299,bff9d04a8e33708c4fc97e4aa506c60cd2f00cc52b3cf573ce86d76fcf14345a
modules/servers/Smtphosting/Core/UI/Widget/Buttons/ButtonBase.php,Email,704,2be5698a14a391fc38c5ed2754be9d55dd2459028e3d126e2e44b77709cb6862
modules/servers/Smtphosting/Core/UI/Widget/Buttons/ButtonCreate.php,Email,501,2067fbd3ae54cbed195cc1fa6f373d284a9ed461a870252576a5c6023b864968
modules/servers/Smtphosting/Core/UI/Widget/Buttons/ButtonCustomAction.php,Email,2163,cad2bec51d204e37a1dd142be77e339123f08afa51378e04cade71da8a259699
modules/servers/Smtphosting/Core/UI/Widget/Buttons/ButtonDataTableModalAction.php,Email,1200,f68dc79d6e5d9ddb4768c08e7962badbeefbe6fd302bfe2f613d718fcdb7a4ff
modules/servers/Smtphosting/Core/UI/Widget/Buttons/ButtonDatatableModalContextLang.php,Email,855,e9203703444049526e16601213185400d4cb12d2d1ce8b2cd5a3a21a632f3f2a
modules/servers/Smtphosting/Core/UI/Widget/Buttons/ButtonDatatableShowModal.php,Email,788,65e429f4d2086fad77404e321a5294d7fae9c1075e61fc074694d0a5f7160f54
modules/servers/Smtphosting/Core/UI/Widget/Buttons/ButtonMassAction.php,Email,963,6e4924fb66180a7a31243add62f27e6b9361ba2b659cc2390da3a9f2253b6516
modules/servers/Smtphosting/Core/UI/Widget/Buttons/ButtonMassActionContextLang.php,Email,358,131a4e3d94a248915ed2ab6b3f3093e81d91dc243638c3d07d71482268b2e93d
modules/servers/Smtphosting/Core/UI/Widget/Buttons/ButtonModal.php,Email,2196,5f93e8a60c30e04bf94daa02e1719ef8e1b7ba294d8cb758e9a56bed490a3807
modules/servers/Smtphosting/Core/UI/Widget/Buttons/ButtonRedirect.php,Email,2840,f05aa7c5725de42913c520e45ff0f7c72f2c9b84edb979f0cd9f22dc106b4a99
modules/servers/Smtphosting/Core/UI/Widget/Buttons/ButtonSubmitForm.php,Email,887,97364ed3d74557f686bb253f145e67657a6236b8aec1032e5ce402e137ca003f
modules/servers/Smtphosting/Core/UI/Widget/Buttons/ButtonSwitchAjax.php,Email,4034,08de515daa07e92164220c5410afa2f2b66b219be3cbf6ebf2acad9b10f66274
modules/servers/Smtphosting/Core/UI/Widget/Buttons/DropdawnButtonWrappers/ButtonDropdown.php,Email,832,de3ee96ad003305c2f37c8904ea53e7f125bcce7b980f6d19613910fd9e78911
modules/servers/Smtphosting/Core/UI/Widget/Buttons/DropdawnButtonWrappers/ButtonDropdownItem.php,Email,716,f12a92d0e19ca6587f667ca9c4e3a661475336dd684fc683292dcae56bbdd488
modules/servers/Smtphosting/Core/UI/Widget/Buttons/ModalActionButtons/BaseAcceptButton.php,Email,620,8b4e9eb75b52249ff992f5a4499a12816d5994093e2d2bfd439375687da2a30d
modules/servers/Smtphosting/Core/UI/Widget/Buttons/ModalActionButtons/BaseCancelButton.php,Email,634,5fc24f0c4b58a6eb08fd2ba7de07e0aa03f95cdf187113fa131bdcbb4bce2e49
modules/servers/Smtphosting/Core/UI/Widget/CategoryMenu/CategoryMenuDynamicContent.php,Email,1361,1f3089498bd22c9c5175e04eac14850c22adb3283a2e57016e0f1de2083dd00e
modules/servers/Smtphosting/Core/UI/Widget/CategoryMenu/ItemContent.php,Email,1309,ac4b2848621e97a605c98fc000009383740a262fd9f79f0b0ac8bdecbedbeae2
modules/servers/Smtphosting/Core/UI/Widget/CategoryMenu/ListItemContent.php,Email,1087,2cc57d6e15c45bed822a1e3a2b4d13ca1c4e4c20def2f942a2721273299fa909
modules/servers/Smtphosting/Core/UI/Widget/Container.php,Email,328,74b14002385656f885f2a4407dc9e39b8bd3334555f1b5c30e47d9bf09483fdb
modules/servers/Smtphosting/Core/UI/Widget/DataTable/Column.php,Email,3625,3b4dc04a1db40be1f3ac6c6ddc791d96ffd8ee83cf2c5d645dee0c0aecf0c103
modules/servers/Smtphosting/Core/UI/Widget/DataTable/DataProviders/DataProvider.php,Email,9947,905620d1bccda0fa6bde6af74ad1ba5047a75cfa070701547502c90199221c07
modules/servers/Smtphosting/Core/UI/Widget/DataTable/DataProviders/DataQuery.php,Email,4572,22590a2fc426e671da356256e0e5a7644227aabbb18c5c7a39aa48ebf31aec82
modules/servers/Smtphosting/Core/UI/Widget/DataTable/DataProviders/DataSet.php,Email,651,d6751365fe5dde1be631bbda9562bd38c78e83a8bb6c867b11695128195c4eb9
modules/servers/Smtphosting/Core/UI/Widget/DataTable/DataProviders/Providers/ArrayDataProvider.php,Email,381,c37051f4f4f7e7b494df6c82ead46888db820cb664cf35ad28ab3e9797351996
modules/servers/Smtphosting/Core/UI/Widget/DataTable/DataProviders/Providers/JsonDataProvider.php,Email,414,932a48d46f6acd0155d858c49a97bcebf6b0ba982cd8fa720150061868ed8e5d
modules/servers/Smtphosting/Core/UI/Widget/DataTable/DataProviders/Providers/QueryDataProvider.php,Email,2143,12153b113afaaa12eab2d492b45c72056055e48bc7d47b9e5ec43d43868a63e6
modules/servers/Smtphosting/Core/UI/Widget/DataTable/DataProviders/RawDataQuery.php,Email,3613,2bfbabed5656d445e50c9507a7d82b210ef03664a1e3060b4ace35ca64120627
modules/servers/Smtphosting/Core/UI/Widget/DataTable/DataTable.php,Email,8377,4a3cef47cf650398e65ae3d4b4f9a052546c0f335dd613238484efa2da29f7c1
modules/servers/Smtphosting/Core/UI/Widget/DataTable/Filters/Date.php,Email,712,9e0028690d8dd6c915943eefc0d3ae917208048066342645d15044855647fd44
modules/servers/Smtphosting/Core/UI/Widget/DataTable/Filters/Helpers/Filter.php,Email,371,888a90f4bede26d9ba507a610c91eb29e6fb7618449de258a4a602030f9a5a92
modules/servers/Smtphosting/Core/UI/Widget/DataTable/Filters/Helpers/FilterInterface.php,Email,187,46b19fb1c8098103f7868d79825350163ac583eee1cd298f1f463db976dd5d1a
modules/servers/Smtphosting/Core/UI/Widget/DataTable/Filters/Rage.php,Email,1021,dde5319e11b9195b51568c9babaa7414bbcb50b6d665ffc549617879102563f5
modules/servers/Smtphosting/Core/UI/Widget/DataTable/Filters/RageDate.php,Email,900,c5266e8d862b1dd455c36b5a8d1ed37b8d25d7d9ede4ddd21ed1a448f503b19b
modules/servers/Smtphosting/Core/UI/Widget/DataTable/Filters/Select.php,Email,1145,b337d04fc693ef357d74784ca81808e46c1fbd2e826d202866f46780412e9589
modules/servers/Smtphosting/Core/UI/Widget/DataTable/Filters/Text.php,Email,1585,c0cf8e41af800a712aecd71d86b9953ffc37abdf34767158bccc263a2d9cc77e
modules/servers/Smtphosting/Core/UI/Widget/DataTable/Filters/YesNo.php,Email,649,7ba018e3ab358368bf208b8abf7183656e90dbd1c0cc67c1b35019bb410726ad
modules/servers/Smtphosting/Core/UI/Widget/DataTable/Filters.php,Email,922,9f58b7e097854135a17c28ddf26fc86dd0407942e77b10caf324a9f2f63b1154
modules/servers/Smtphosting/Core/UI/Widget/DataTable/Filters_old/Date.php,Email,712,9e0028690d8dd6c915943eefc0d3ae917208048066342645d15044855647fd44
modules/servers/Smtphosting/Core/UI/Widget/DataTable/Filters_old/Rage.php,Email,1021,dde5319e11b9195b51568c9babaa7414bbcb50b6d665ffc549617879102563f5
modules/servers/Smtphosting/Core/UI/Widget/DataTable/Filters_old/RageDate.php,Email,900,c5266e8d862b1dd455c36b5a8d1ed37b8d25d7d9ede4ddd21ed1a448f503b19b
modules/servers/Smtphosting/Core/UI/Widget/DataTable/Filters_old/Select.php,Email,702,3aa123f551a63ff94cd6316b2473e7935efb9a63bef896fdf00f177e70130a70
modules/servers/Smtphosting/Core/UI/Widget/DataTable/Filters_old/Text.php,Email,719,bcb05e9050c173617abc15292c3c6a2d60913bc125d84a7f76d4743213b767b5
modules/servers/Smtphosting/Core/UI/Widget/DataTable/Filters_old/YesNo.php,Email,649,7ba018e3ab358368bf208b8abf7183656e90dbd1c0cc67c1b35019bb410726ad
modules/servers/Smtphosting/Core/UI/Widget/Forms/AjaxFields/Select.php,Email,2617,e0b117cc8ee2489ef7fbae22094c030d58396edf81abccfcea501e41c1ef87df
modules/servers/Smtphosting/Core/UI/Widget/Forms/AjaxFields/SelectRemoteSearch.php,Email,1328,f5726cc92e563eb71c3d813387ebb4d07b51932d9b60a72421862b843edb793f
modules/servers/Smtphosting/Core/UI/Widget/Forms/BaseAutoSaveFormExtSections.php,Email,585,d9199a8bb3470a41a651f066615db4e898da3043dbe45b821201a954e543d558
modules/servers/Smtphosting/Core/UI/Widget/Forms/BaseForm.php,Email,5840,874b4c93679df67eb9fff6fe47de4509dc4a9267c1bdecda877b923289094362
modules/servers/Smtphosting/Core/UI/Widget/Forms/BaseStandaloneForm.php,Email,1737,6b19f810e4d4fa6a0c466c5ccef08b5e2bc6592d6f922060fb8d7d2c8803766f
modules/servers/Smtphosting/Core/UI/Widget/Forms/BaseStandaloneFormExtSections.php,Email,555,52930dc2e3f151b788474c93d1997d8c68031f761cbb6171e602eba4370ed92b
modules/servers/Smtphosting/Core/UI/Widget/Forms/BaseTabsForm.php,Email,298,08db3c2f96d42772f872d94acd79a2923a643e83ecd586e9c9ce8a143280141f
modules/servers/Smtphosting/Core/UI/Widget/Forms/DataProviders/BaseDataProvider.php,Email,2988,cb3ede11df4b96cda0e312a676fcea94ec05e2720fa578a6391dda4c8a41cb2d
modules/servers/Smtphosting/Core/UI/Widget/Forms/DataProviders/BaseModelDataProvider.php,Email,2200,015eedd5e3f0f2b0e25808b8cf1eac384ba1c095f4a806270404521c92a22fbd
modules/servers/Smtphosting/Core/UI/Widget/Forms/Fields/AutoSaveFields/Select2vueByValueOnly.php,Email,444,c2e512de1819ad6213c31332bfd639e47c53bf4807a4023c45aaf5775b7cf226
modules/servers/Smtphosting/Core/UI/Widget/Forms/Fields/AutoSaveFields/Switcher.php,Email,417,146d2e2c7b5eaa9b50f73c5730f32c4f9c482df15b485ce4ada38c684d43c737
modules/servers/Smtphosting/Core/UI/Widget/Forms/Fields/BaseField.php,Email,619,d1092982f1d9309b44615087190fb2d0d8d6c773a9b9c033ea9eb2c80054b613
modules/servers/Smtphosting/Core/UI/Widget/Forms/Fields/Checkbox.php,Email,330,57657d52e9d53cc62379e67a6647d2804c6ca94a91941d6a5e1c529ec9b2c585
modules/servers/Smtphosting/Core/UI/Widget/Forms/Fields/ColorPicker.php,Email,298,6609fca50badd8c613dbe68844584f398ca6f51804cc90b7de259d7757ef951f
modules/servers/Smtphosting/Core/UI/Widget/Forms/Fields/DatePicker.php,Email,301,214f929d70f142bc7348f45fd6156f56da1f85e4ac7229bf92ccf9ed963eff64
modules/servers/Smtphosting/Core/UI/Widget/Forms/Fields/Hidden.php,Email,289,03f9a7685b5d905faca6f622a9a9ba9e31527113aa02ece6a22958a7a53d5398
modules/servers/Smtphosting/Core/UI/Widget/Forms/Fields/InputGroupElements/InputAddon.php,Email,414,4010424e3050f69c6a0f7254296e422553e911e3f7dc3e9a1f8fcafc81084525
modules/servers/Smtphosting/Core/UI/Widget/Forms/Fields/InputGroupElements/Select.php,Email,399,1ee62a66fda3a51a572e5468e59e0dc35a2e6fd2f3d47220f2e28c5c7acfe135
modules/servers/Smtphosting/Core/UI/Widget/Forms/Fields/InputGroupElements/Text.php,Email,389,8b41fc60456f373f0a1d4d830afc9d86b15393c366b4c6aa3eaad5763d41fd53
modules/servers/Smtphosting/Core/UI/Widget/Forms/Fields/Number.php,Email,786,16add1c11c26153e19d8dc022b8918e8efc17faeb1989d994bf3e4cbba265762
modules/servers/Smtphosting/Core/UI/Widget/Forms/Fields/Password.php,Authentication,295,53765f0281195e5d35f6490a589bc9d9657d0953a40f3ff24edb2cc8c7691277
modules/servers/Smtphosting/Core/UI/Widget/Forms/Fields/PasswordGenerate.php,Authentication,317,b35382dc21f49d79da65d4861988f84fe00dfbc0b2dbf4ae16d1d5c78308e285
modules/servers/Smtphosting/Core/UI/Widget/Forms/Fields/PricingField.php,Email,676,be6fa6e0c9ab358218b919236a9a35fe03260c0d7ad81f3917aa1fe6a7439dfd
modules/servers/Smtphosting/Core/UI/Widget/Forms/Fields/Select.php,Email,1131,d338f91dbd47058fbf3a7dce261ff07315ca63960d623bfd869959b653b2ed53
modules/servers/Smtphosting/Core/UI/Widget/Forms/Fields/Select2vue.php,Email,305,225ebcf18e2714feb8a695f0837cf64d1dde3d67338601d1ca2a7576334c8b3d
modules/servers/Smtphosting/Core/UI/Widget/Forms/Fields/Select2vueByValueOnly.php,Email,338,6b7be6eedc0c087ce4bf0a686fb87b3c2f2da91252860eafbf920b8db320d024
modules/servers/Smtphosting/Core/UI/Widget/Forms/Fields/SelectGlobalLang.php,Email,319,5bbaad6dd58f88432eff677d4cdc0f07f438646f08ac8ab5c6f08bb51ca3269b
modules/servers/Smtphosting/Core/UI/Widget/Forms/Fields/SelectLang.php,Email,301,aed6e7c14fe03ecfc1c8bf74e5befc7e02921623560592d6df678a2fb272a9a0
modules/servers/Smtphosting/Core/UI/Widget/Forms/Fields/Switcher.php,Email,340,7d179ae22fea88304b302c3d083d5c0998f6ab80eefa7bcbcfcdc556183d3325
modules/servers/Smtphosting/Core/UI/Widget/Forms/Fields/Tagger.php,Email,286,5791e184d5ad252fa5980b64c56f1bd6a12031791f9f73354c3823e03b1244c5
modules/servers/Smtphosting/Core/UI/Widget/Forms/Fields/Text.php,Email,283,b0d0bfd8aaa198709557b041f0650b91b0ad3f2b117656c18a4479936e2b7448
modules/servers/Smtphosting/Core/UI/Widget/Forms/Fields/Textarea.php,Email,908,6b5529bc0179eba8430bdc020629ee0db0bf08d9947453b9b8031e0136d03baf
modules/servers/Smtphosting/Core/UI/Widget/Forms/FormConstants.php,Email,383,0d4939f33c1e21cb6247a6ffbb88cabc46888a8c6b5e27b187ba2b19546378b3
modules/servers/Smtphosting/Core/UI/Widget/Forms/FormInTab.php,Email,300,d6cc2f57e9abfd388abb48d45f1a95bd95473a01f26fc25aaa8e72d509d90de6
modules/servers/Smtphosting/Core/UI/Widget/Forms/FormIntegration.php,Email,992,d4b370cc6cc2c2370b07fd917bb14468fe98b9f1345db238c81b206da84f886a
modules/servers/Smtphosting/Core/UI/Widget/Forms/FormTabsWidget.php,Email,355,f7944262215428383abfada870545d3c75e8236318b39539c9c2cf263cafaea6
modules/servers/Smtphosting/Core/UI/Widget/Forms/FormWidgetStandalone.php,Email,629,c0398ff9c7fde7b32283f7642e97303a8607a041d1e98e56bdce11afa94aa326
modules/servers/Smtphosting/Core/UI/Widget/Forms/Sections/BaseSection.php,Email,1809,4ffa9ddb7fedcf71dcb6df3b2f3bd9fe647f8fb39dced4923d1076a9cb4ca5a0
modules/servers/Smtphosting/Core/UI/Widget/Forms/Sections/BoxSection.php,Email,313,cd1fa93e05fdf6199d10c61b1c000572d1e305889e363ee480d6d27e633bd10d
modules/servers/Smtphosting/Core/UI/Widget/Forms/Sections/HalfPageSection.php,Email,328,6c9547180aa4eb95131d5cccf51d5638686c873481a96d456956882282f26a40
modules/servers/Smtphosting/Core/UI/Widget/Forms/Sections/HiddenPricingSection.php,Email,343,f2e34cefedcb8b120b2b3d951e8b41e17a2f888d963de7c8da50d6d406ff273d
modules/servers/Smtphosting/Core/UI/Widget/Forms/Sections/InputGroup.php,Email,1894,fbf1c648b29a559229eac5522cff7f1797c8dc12de6a0b1ca55628c0a3767fdf
modules/servers/Smtphosting/Core/UI/Widget/Forms/Sections/RawSection.php,Email,355,abb002f5e8fcfcf6174da9a3dcacbd6740f1fae8e08aa2166890297c3d584af7
modules/servers/Smtphosting/Core/UI/Widget/Forms/Sections/SectionLuRow.php,Email,319,ed7f314f2c6cf475b2045716cfc96fce7c9b4cedf74e36e734d45e2bbd4ca8e7
modules/servers/Smtphosting/Core/UI/Widget/Forms/Sections/TabSection.php,Email,313,3f4d9f0f0f1e128e097e9b2293b544843328d13c3ff2378e034e8205988ed34f
modules/servers/Smtphosting/Core/UI/Widget/Forms/Validators/BaseValidator.php,Email,2066,0ea2b579a2ded41ab6ae65c0c7111694a9708352434ad62a53e75aaf9c000ad1
modules/servers/Smtphosting/Core/UI/Widget/Forms/Validators/Decimal.php,Email,1225,e3b0945421c38cc83c7d4c2d0560722550aa10b6e40eb4d41f8935541faedeee
modules/servers/Smtphosting/Core/UI/Widget/Forms/Validators/IsIntNumberBetween.php,Email,1142,2e0b0f47d1366ef373763a4d28124dc44c3eaeaa7f34bf606eb5e1bd7faee279
modules/servers/Smtphosting/Core/UI/Widget/Forms/Validators/NotEmpty.php,Email,626,3f610dbeb8cf8a7a69b00153916b7dc872cd01f4d89669447129793eed7b8050
modules/servers/Smtphosting/Core/UI/Widget/Forms/Validators/PricingMinAndDisabled.php,Email,1093,3a8188798b025c91ade59a08e95af58ba19211e2bdacd323947b604d4803472a
modules/servers/Smtphosting/Core/UI/Widget/Graphs/Bar.php,Email,360,162bdab42513d38e0a9d08ddd6bf2d10e2f2921c344a4a1fc35dacee6e1bfd93
modules/servers/Smtphosting/Core/UI/Widget/Graphs/Bubble.php,Email,372,1a86a9f04d28c3346fe338932563fe511478baaa35ca645cbcd0834c6b1c0cf1
modules/servers/Smtphosting/Core/UI/Widget/Graphs/Doughnut.php,Email,380,719ed4a3cea11d46c7eca6db92a03707a5026da987beec6ee744571a42c341ee
modules/servers/Smtphosting/Core/UI/Widget/Graphs/EmptyGraph.php,Email,21546,d985b82a8a78d7ccfcb11e811808c1f969691cbb40aebb8a921b8664981b21d7
modules/servers/Smtphosting/Core/UI/Widget/Graphs/Line.php,Email,1702,21eebd3123eec98626ce2c383d14d27a9bbc950c81cf1c36f5273ea8e379050f
modules/servers/Smtphosting/Core/UI/Widget/Graphs/Models/Data.php,Email,1198,79c81db73a0353cf582a3e0de000772fe853f0e11f37d75cec850d3091a5fea0
modules/servers/Smtphosting/Core/UI/Widget/Graphs/Models/DataSet.php,Email,7027,4af8429eb47c70bd42d63002d9fa5644fdd019ccf502476627b3f77cdce66583
modules/servers/Smtphosting/Core/UI/Widget/Graphs/Pie.php,Email,360,89f95448b224c02a57ced34c0c2b91fd1b16dfdf165de546c5420a17921d8819
modules/servers/Smtphosting/Core/UI/Widget/Graphs/PolarArea.php,Email,384,5d60845f7e4a95e29e7152e4a44e33e883195ad76d71bb90489c9b68fd8cf97f
modules/servers/Smtphosting/Core/UI/Widget/Graphs/Radar.php,Email,368,4acbe2b5556ffd2f09ebbc15dbcef98d80dfcdcb803b87bf1b7cd083e4fbcc25
modules/servers/Smtphosting/Core/UI/Widget/Graphs/Settings/SettingButton.php,Email,1241,aa8357257307ce76fa38ed5a23c70280116aabe39adb3db8fcf075f88259f5f5
modules/servers/Smtphosting/Core/UI/Widget/Graphs/Settings/SettingDataProvider.php,Email,1831,0e9745c18566b85b45b37432d3078bdd5dfa74302d75b022ac47b1d7ed9df255
modules/servers/Smtphosting/Core/UI/Widget/Graphs/Settings/SettingForm.php,Email,4112,f7a1e8a3433ff1bee707753f3e7cf2843bdfd0ce973e7a6f55ef445a73dd20f6
modules/servers/Smtphosting/Core/UI/Widget/Graphs/Settings/SettingModal.php,Email,791,74709e822f05e8586308a0bf824e2acc86e72a5e4b853e5aa7b7612fe3a8f6b6
modules/servers/Smtphosting/Core/UI/Widget/HookAdapter.php,Email,377,00acf797226aaa78e3a3e1324223ba5caca4bea628797d0f365d41d311844b45
modules/servers/Smtphosting/Core/UI/Widget/Modals/BaseEditModal.php,Email,486,07855fdc591c0fe90406d52442f0e02e547b355aa5b3835cebaff450dd38bda0
modules/servers/Smtphosting/Core/UI/Widget/Modals/BaseModal.php,Email,856,b8f2e39d1ccdcee2ce81ec017c69c5e2f6783541cacdf18945a2de472ac8a531
modules/servers/Smtphosting/Core/UI/Widget/Modals/ExampleModal.php,Email,343,74462c778a485a143ba54240a0af55ddb2dcee93842049bd88efea1c3ca5f5e4
modules/servers/Smtphosting/Core/UI/Widget/Modals/ModalConfirmDanger.php,Email,698,1b1c1e90cd6dc8d0d936d57d1efdec6a9cb8edb8dbcf36fe453667b1f8b9bc5c
modules/servers/Smtphosting/Core/UI/Widget/Modals/ModalConfirmSuccess.php,Email,393,da2ced66f2ced4b08136c8741409372a405129c961db270bca0c142d36d4801e
modules/servers/Smtphosting/Core/UI/Widget/Modals/ModalTabsEdit.php,Email,353,33fc479fe9c40b1a2409862043fc7de62f0c17520330075ff021c720c0f5aa7a
modules/servers/Smtphosting/Core/UI/Widget/Others/AjaxFieldForDataTable.php,Email,1622,32a3a37d7b8f9998981eafdb1310bd8154492a7a2097a2c79ea3d5bfa2d921f8
modules/servers/Smtphosting/Core/UI/Widget/Others/ConfigurableOptionsWidget.php,Email,294,7b60966d6d254ed81f3cce74885e34b5bb5540a13be7fedd91994550fd3645aa
modules/servers/Smtphosting/Core/UI/Widget/Others/CopyKeyForDataTable.php,Email,865,04e5f805843c93c0b32626464b764c1c391a05d66664deb88b37c804271d16de
modules/servers/Smtphosting/Core/UI/Widget/Others/CustomFieldsWidget.php,Email,287,c86b78c152672ee03555f90419d57e1f56cffb5057c6dc2b432250cedf0a1149
modules/servers/Smtphosting/Core/UI/Widget/Others/DetailsWidget.php,Email,1505,47cbc97ff02acc19974b2c75fec3149aed92107ecb40d825fa521123ac48c0b8
modules/servers/Smtphosting/Core/UI/Widget/Others/InfoWidget.php,Email,889,7c83459a85493aaad4009e5cfb2df8c17b5ffae12d469859e5bff9973b6b4c42
modules/servers/Smtphosting/Core/UI/Widget/Others/Label.php,Email,1688,6f0fd367cea485cb32143fffb8f37cbbcd1fc513fecf253e7ffbe99dad237843
modules/servers/Smtphosting/Core/UI/Widget/Others/ModuleDescription.php,Email,569,ca0a114a4d9d73e20e82294059187ada6c30ff851023b12dbdb473b8f9a17692
modules/servers/Smtphosting/Core/UI/Widget/Others/PasswordToggleButton.php,Authentication,1227,552c5a16cecb29f988db09be220b317380b0d2b83732d202e005c4eb505b0427
modules/servers/Smtphosting/Core/UI/Widget/RawDataTable/RawDataTable.php,Email,270,2474be30dc9a35f9e5cb550bc7508fc355f7bf383194bc6f7128ff90141883a4
modules/servers/Smtphosting/Core/UI/Widget/Sidebar/Sidebar.php,Email,1057,196352d197cf34144ad46d9a9ef20ff60a2c843c52252f543e6d460370ebd4b7
modules/servers/Smtphosting/Core/UI/Widget/Sidebar/SidebarAjax.php,Email,2945,2832acf58e4fff198f1feb7414adba247423ff9dda7f60edfb2b9733cec8ff49
modules/servers/Smtphosting/Core/UI/Widget/Sidebar/SidebarItem.php,Email,1152,4bfc50a5ee3406ded1cdd70c0fa12f5552b5b13ed48321fbb1a53c32dc4db21c
modules/servers/Smtphosting/Core/UI/Widget/Sidebar/SidebarService.php,Email,1878,d66184aea63a99c1873574281e5936ffb93b5a908dd9aa7b62066e2089f24f62
modules/servers/Smtphosting/Core/UI/Widget/Sidebar/SidebarTrait.php,Email,2209,5e8da3a8a01ebb59018c690ebcd6efe7c97c2d76fafb98dec01643a2d86ed08c
modules/servers/Smtphosting/Core/UI/Widget/Tab.php,Email,361,053398f6a3ec407b6207d9a53e28daf5b13d6d07bbb3d6989091ef9a771e605c
modules/servers/Smtphosting/Core/UI/Widget/TabContainerLeft.php,Email,455,5c4df5d60a75708ce6105c22cca8ba47514b7d4ca949c1a910049c351d9ac6b1
modules/servers/Smtphosting/Core/UI/Widget/TabContainerRight.php,Email,458,4d143b4cf8a37d493a78331c8398dca2fae31cd6ae3184d480a2c795e3ae99fe
modules/servers/Smtphosting/Core/UI/Widget/TabsWidget/TabsWidget.php,Email,407,d25e90773d063d3bef3193be8a7c654f23aea7d61d020455f32b832aff4f1108
modules/servers/Smtphosting/Core/Validators/PathValidator.php,Email,2142,fb4fac6bdc13eb1ea7692716c1dd4c739804fffc7711374e1d28afd581b2decf
modules/servers/Smtphosting/Core/WhmcsErrorIntegration.php,Email,370,41bd42213061fd50c3dffa3091392a2e877a55d248bb469c3fcece390550061e
modules/servers/Smtphosting/Helpers/ActionsFileGenerator.php,Email,976,b6ae41ad71535a1a37f029e3b25fe6e51eec7b909b845d30dddb7b049283a97b
modules/servers/Smtphosting/Helpers/CustomFieldValueSynchronizer.php,Email,4299,d24eea7173f36fad9792e06548624e7d13083ec0b61499388894b7ff55280f81
modules/servers/Smtphosting/Helpers/DataSingleton.php,Email,1693,20c3b1e0cbffc58bbd459be04f93fa2dcb3c5d1fd179f163e99768251f36b1af
modules/servers/Smtphosting/Helpers/Dispatcher.php,Email,1124,5fe84d68b21204017fb2a9f6158330b650392592a77f1f77e4175ffcda247b4e
modules/servers/Smtphosting/Helpers/SSLSubmoduleChecker.php,Email,1073,5a1589ca0637ccb29099e188d96518660099eb1049a2c8681681f99bce8eda69
modules/servers/Smtphosting/Helpers/Smarty.php,Email,479,44b41ebc1babe48089e1c76102e1b4e72f23c06ed6a78d76732a890b16225c21
modules/servers/Smtphosting/Helpers/Synchronizer.php,Email,1757,2938bf6a8f8ee5049ba22396d937bf80d2f9fa64e39952728ca4d5a0faa4cd95
modules/servers/Smtphosting/Loader.php,Email,3219,a02d0db63fe5564a64fad4b273eba5a1de753024978654c0e77ad6bf6d23d3d1
modules/servers/Smtphosting/Packages/Provisioning/Config/PackageConfiguration.php,Email,541,70bd9587262c12498eaaeb1c33564ad4f31608ec969910944271d367bfa67ac1
modules/servers/Smtphosting/Packages/Provisioning/Database/data.sql,Email,0,e3b0c44298fc1c149afbf4c8996fb92427ae41e4649b934ca495991b7852b855
modules/servers/Smtphosting/Packages/Provisioning/Database/schema.sql,Email,629,f87d489e460fcb534463ce0a4739ff03dd7dd4b0d6b58e7116f4791d807ff246
modules/servers/Smtphosting/Packages/WhmcsService/Config/Enum.php,Email,3377,1e0643ae8dc2d00b4377b81efef338cf604cd6a3f5e95e4df64d36c360442cb3
modules/servers/Smtphosting/Packages/WhmcsService/Config/PackageConfiguration.php,Email,675,ced0f20984bfe4c8ffdfed39644655faddf140a7c3fe82939aa3b47764589410
modules/servers/Smtphosting/Packages/WhmcsService/Helpers/AdminAreaServicePage.php,Email,942,69bf20a4bf76de673e5e7e17ae76bc8762abad2b8c1084b19f008242c744698d
modules/servers/Smtphosting/Packages/WhmcsService/Product.php,Email,10460,3f88ac3c9fb7eaa84fc30ee683407457a5efbc3c6460bf2e239a47d7376b788b
modules/servers/Smtphosting/Packages/WhmcsService/Service.php,Email,4110,10803e1f5e08bb94357dd0117c0a790e28f4de36e9386b319eaa5352e1d973ee
modules/servers/Smtphosting/Packages/WhmcsService/Traits/AdminAreaServicePageHelper.php,Email,680,35bb62ed811513154fbad0d7a86bc4c18c1c03639ed5fd8d4ad0c337b4573455
modules/servers/Smtphosting/Packages/WhmcsService/Traits/ConfigurableOptionsConfig.php,Email,1634,21c7dd6ff30ed47883e57f3d6703052fbf78a6856698ad5179ec24d0aeddf56a
modules/servers/Smtphosting/Packages/WhmcsService/Traits/CustomFieldsConfig.php,Email,5930,f29ec5f550d8d61cf39aafd0491e9e7687b41f19a3fb15332de16e21c597a8a1
modules/servers/Smtphosting/Packages/WhmcsService/UI/ConfigurableOption/Buttons/AddOption.php,Email,900,8f2af0659dfa22b360e4abd46867c8fa48c4fde66dacfbb72c09a45ab13793c2
modules/servers/Smtphosting/Packages/WhmcsService/UI/ConfigurableOption/Buttons/AddOptions.php,Email,826,6f43a3454d7feeb66da0fef547a04451eaac087eab1426f261c36a6e94305354
modules/servers/Smtphosting/Packages/WhmcsService/UI/ConfigurableOption/Buttons/OptionDetails.php,Email,842,28940ea8d9a36cd0a0a44f9e4defef18befe974dbfae65109d33bf58c0834a10
modules/servers/Smtphosting/Packages/WhmcsService/UI/ConfigurableOption/Forms/AddOptions.php,Email,2661,50080acacf514163b988d94cf09d8fb39ee1835f6e2f81a0cd5a114654cb670f
modules/servers/Smtphosting/Packages/WhmcsService/UI/ConfigurableOption/Modals/AddOptions.php,Email,738,53125aaefa33ca121dbf6655a39343af582014034a5eee669497472b3e8b589f
modules/servers/Smtphosting/Packages/WhmcsService/UI/ConfigurableOption/OptionsTable.php,Email,2932,73c6519b12dfe44ff126c1db4a01246f0da6ad2b22dc3edf90104e7dacc89034
modules/servers/Smtphosting/Packages/WhmcsService/UI/ConfigurableOption/OptionsWidget.php,Email,1775,b951765853e983835e8fc6053645d6731df06c229b4e53297576e1ab614f7b76
modules/servers/Smtphosting/Packages/WhmcsService/UI/ConfigurableOption/Providers/Options.php,Email,1371,0cc76c05435f6aab2867f45c1d7513fb49493ea29a9bed6f2d5caed086aa8a2e
modules/servers/Smtphosting/Packages/WhmcsService/UI/VmActionsPanel/Buttons/ActionButton.php,Email,142,616af00b51b516b544f9d95edde45c63cd5e01f8b2cfa92335d2c07c3e545ee6
modules/servers/Smtphosting/Packages/WhmcsService/UI/VmActionsPanel/Pages/Panel.php,Email,127,cfb4d8d99d11090d6ef0fbceb8ffd70239ebddcd16df3c8293067c9abb5771df
modules/servers/Smtphosting/Smtphosting.php,Email,9084,8cfe464142ab1c10e18a687c5f29a45a8b847ad6b1f93fd4388d10d9ebc4ed39
modules/servers/Smtphosting/Submodules/Cpanel/Cpanel.php,Email,311,2f179218f2695a86ec3c2e697cae9459f787c41db96b4b1aa57708ef83b8a6f1
modules/servers/Smtphosting/Submodules/Cpanel/app/Hooks/ClientAreaPrimarySidebar.php,Client Area,4023,cc7ee06a905f0c8726fa6cfafdee2afe0530cad8e64162eee8be57a5a76a2a69
modules/servers/Smtphosting/Submodules/CpanelExtended/CpanelExtended.php,Email,347,81c4fece095dc99bd3ab7722468a68dcd383ed3e28567c6794fc6f281cc7bb84
modules/servers/Smtphosting/Submodules/CpanelExtended/app/Hooks/ClientAreaPrimarySidebar.php,Client Area,4075,37a8dd173116ed7e33a9399d9658a6fe7f169b2c4818507ff6e4c4dedb659c3b
modules/servers/Smtphosting/Submodules/DefaultSSLSubmodule.php,Email,5052,4f3b2ff169b84bfbe97f8d28ce4814937693bedd368d562b17eab4cd1cba718e
modules/servers/Smtphosting/Submodules/DefaultSubmodule.php,Email,3197,9de6e4d8acbf23fb3c4e409655caf97a7b1c8a79867db072efdb73c0ce755bf1
modules/servers/Smtphosting/Submodules/Directadmin/Directadmin.php,Email,1758,5827cecb5e8eeb2896f826dc617191148b49f088e85236234cb0de72423076ca
modules/servers/Smtphosting/Submodules/Directadmin/app/Hooks/ClientAreaPrimarySidebar.php,Client Area,3661,6027d9329e33ca7684be3bf25f578b5c9674dc0dcea8c4abf80aba73a2f224c3
modules/servers/Smtphosting/Submodules/DirectadminExtended/DirectadminExtended.php,Email,242,adc1924ab1073e9098baa6298d65c958dd0f213305be004f46d6a2c9f9aa2529
modules/servers/Smtphosting/Submodules/DirectadminExtended/app/Hooks/ClientAreaPrimarySidebar.php,Client Area,3669,a49cfd0bf6a04b092f5bc358901119474e13637cdc59f1bab61599d5952f9324
modules/servers/Smtphosting/Submodules/EasyDCIM/EasyDCIM.php,Email,6498,f48aa4906e637ba181f97ba4c77c65ddb8d6499f17e536d954affe1c019b841e
modules/servers/Smtphosting/Submodules/EasyDCIM/app/Hooks/ClientAreaPrimarySidebar.php,Client Area,1511,b4817fea26f8a776de282b992bc0de4cb6d65e8cf45a19f600df5b472b36ba69
modules/servers/Smtphosting/Submodules/GoDaddySSL/GoDaddySSL.php,Email,3201,95a7a8c4f3a178405c7f9aa719c640f8a98c2fb4f7834a0d528e7934ed9516c3
modules/servers/Smtphosting/Submodules/GoDaddySSL/app/Hooks/ClientAreaPrimarySidebar.php,Client Area,620,b357f5ea19766bbc4dd44068fc27fab1334ff6a0b2b9dc176adbbf63f97195d7
modules/servers/Smtphosting/Submodules/Licensing/Licensing.php,Email,4190,5c9714233bf8fcbe000d33a5b31c95499b16273763b60fc4dda63ff1377774e4
modules/servers/Smtphosting/Submodules/Licensing/app/Hooks/ClientAreaPrimarySidebar.php,Client Area,1504,a37d1870d00a66d8c5e254024c8dd847d85f341ebd433bde6fb0e5b37c844ef4
modules/servers/Smtphosting/Submodules/OpenstackProjects/OpenstackProjects.php,Email,1966,8f96ad4ffd830ccf8a10d6554b1272606e63342a3f2e0760ca4143ee63ce9693
modules/servers/Smtphosting/Submodules/OpenstackProjects/app/Hooks/ClientAreaPrimarySidebar.php,Client Area,1755,c18991579797fba4291b7b9bdd10e8ce7c8f053cb3230482e4f808e31a78a62a
modules/servers/Smtphosting/Submodules/PleskKeyAdministrator/PleskKeyAdministrator.php,Email,1766,147d83573d266963456d288fd02cf38fe6f3a84789f4e09ef714cf77b24e3814
modules/servers/Smtphosting/Submodules/PleskKeyAdministrator/app/Hooks/ClientAreaPrimarySidebar.php,Client Area,620,b357f5ea19766bbc4dd44068fc27fab1334ff6a0b2b9dc176adbbf63f97195d7
modules/servers/Smtphosting/Submodules/ProxmoxVPS/ProxmoxVPS.php,Email,16996,db527962ebf0898644d406d6f0d8d0af0fe9128bd8f3d371159b1a2e94be717a
modules/servers/Smtphosting/Submodules/ProxmoxVPS/app/Hooks/ClientAreaPrimarySidebar.php,Client Area,2832,0caeb97a4f553515ad69441e32aa02b1003af511f108781ce4059b3a45e08739
modules/servers/Smtphosting/Submodules/ProxmoxVPS/app/Hooks/ConsoleHook.php,Email,248,1f5a109b65a442871825c631410f7414bddef0795870108ba220ce05edac624d
modules/servers/Smtphosting/Submodules/RTCustomServer/RTCustomServer.php,Email,373,ac2b36c846b3788d20ab1351a65f19bfaa807d1d59be304a287cd03a4724e6c2
modules/servers/Smtphosting/Submodules/RTCustomServer/RTCustomServer.php-extend,Email,1675,1b808f44e77e72352d6c5cf020fe212b0080634ccbec3cdd51d161a7fdccc990
modules/servers/Smtphosting/Submodules/RTCustomServer/app/Hooks/ClientAreaPrimarySidebar.php,Client Area,2323,863a7f5450203b477763a54fe808a1be1e42429ed6b1b144b7ea604cbfbcad0e
modules/servers/Smtphosting/Submodules/SSLCENTERWHMCS/Libs/GenerateCSR.php,Email,2852,02250f6812edab30cc526bb90b968c3e572453281c169b6473f68572588807a9
modules/servers/Smtphosting/Submodules/SSLCENTERWHMCS/SSLCENTERWHMCS.php,Email,10975,411411034958e080b5ab3720f0ee237b263e6a38d6859bf01f1de8e96eced9f6
modules/servers/Smtphosting/Submodules/SSLCENTERWHMCS/app/Hooks/ClientAreaHeadOutput.php,Client Area,2643,21b03c15443e819b17a0253a35ef0263fc63ecc4aecaa5a873255d0c66a8f666
modules/servers/Smtphosting/Submodules/SSLCENTERWHMCS/app/Hooks/ClientAreaPrimarySidebar.php,Client Area,1023,156622dbb6a56dd2273e06bedd05adf4b1fc725c89483848f82d04a9dc24a91a
modules/servers/Smtphosting/Submodules/SSLSubmodule.php,Email,310,c773a3d35a30f92999e1b10bca9d3625c062724b00708def3f8fc6c24ab77c5d
modules/servers/Smtphosting/Submodules/Submodule.php,Email,272,df93d44444598d5897011e2dba4f07ffff388318e6e16e545e4e94a79a3ebf40
modules/servers/Smtphosting/Submodules/SubmoduleController.php,Email,1152,ad7fb962ad6b58e4dc57e76138e33c271ca3e7349257620d5d553050eb33eda7
modules/servers/Smtphosting/Submodules/Virtualizor/Virtualizor.php,Email,10591,3c4a8aceb0c812610075ccb32647af5c59b4a2ef02b8787d5829d5edef709499
modules/servers/Smtphosting/Submodules/Virtualizor/app/Hooks/ClientAreaPrimarySidebar.php,Client Area,1359,67f84b33fa15a59519e7b2b91eada10b11a8c2193b3c25a80309197bc617939f
modules/servers/Smtphosting/autoload.php,Email,104,d99da5a8e1665af93048f91d125daf083a258cf8793fe8c8ed623b318089f9e8
modules/servers/Smtphosting/branding-sh.css,Email,383,9e8658922dc051ba2cc8bcce5a2bbcdb01d1d4a634eebea840952f60474adfe9
modules/servers/Smtphosting/commands/commands.php,Email,491,3198f611056236fd7e6e834507a3061dafb02a1e33f6a4dd0f3483514055b134
modules/servers/Smtphosting/composer.json,Email,996,a214997bda946aa7af9a2c298eee601f6587efb61808d47e9c32b4f4943ed897
modules/servers/Smtphosting/composer.lock,Email,16791,50c43df4f4ff1bff2b8ec4d1ad5b9dd69a010039bfea6ea2535d6a1f981c3307
modules/servers/Smtphosting/hooks.php,Email,496,a541a33ec94e9ac3a880e7d951bc67a220466ab8447cc6606aeb5010ff939cbc
modules/servers/Smtphosting/langs/english.php,Email,41051,ff4e855e7e83b48edf0e51fccac64cc9bf1c4c88f7097a66effe7a24c0b70f80
modules/servers/Smtphosting/smtp-api.php,Email,2681,e3196d8d238c12bdf3c4cce7879f2ea84ee459e42cb6f7d0745fb87037256f8f
modules/servers/Smtphosting/storage/app/GeneratedFunctions.php,Email,289,09f23568543b61d10b0f53044766d08a98086113aab43cb9a7e4851018b0e392
modules/servers/Smtphosting/storage/app/index.php,Email,19,924e388e4aaaa8a55f31f85113e201b3b671926829e3de1042b7ad90aad7c318
modules/servers/Smtphosting/storage/crons/index.php,Administrative/internal,19,924e388e4aaaa8a55f31f85113e201b3b671926829e3de1042b7ad90aad7c318
modules/servers/Smtphosting/storage/logs/index.php,Email,19,924e388e4aaaa8a55f31f85113e201b3b671926829e3de1042b7ad90aad7c318
modules/servers/Smtphosting/templates/admin/assets/css/layers-ui.css,Administrative/internal,486300,b1e8b835bc6b497bccaa94ab3b54193fe8403a3232d8b25c8aeccba973f281f7
modules/servers/Smtphosting/templates/admin/assets/css/mg_styles.css,Administrative/internal,8649,f12360b7b6858a801f219a817f2cd85cbf0e7f9931b804fdf4dd91954441cade
modules/servers/Smtphosting/templates/admin/assets/fonts/icons/Material-Design-Iconic-Font.eot,Administrative/internal,42495,fb37e1e79a43463400e850747a5c32e0b116a7b2bba3335a600e12fd4bd9d47a
modules/servers/Smtphosting/templates/admin/assets/fonts/icons/Material-Design-Iconic-Font.svg,Administrative/internal,246978,824d4ec57afdd19f47fa5265f24c3e3e9d6ea1781bc8738975dcb5e55313e136
modules/servers/Smtphosting/templates/admin/assets/fonts/icons/Material-Design-Iconic-Font.ttf,Administrative/internal,99212,18a45be2ecb66ce217c3bbccf219f8bdc05dc76d61a6e63673186efd1c7cda1a
modules/servers/Smtphosting/templates/admin/assets/fonts/icons/Material-Design-Iconic-Font.woff,Administrative/internal,50312,7c74c136895350e927bf69fe9fcb9f33fe9fae6340709d6ec4f8cb838a9470a3
modules/servers/Smtphosting/templates/admin/assets/fonts/icons/Material-Design-Iconic-Font.woff2,Administrative/internal,38384,e8eea96e29a7c0a72612ab85ca3229979666467a28349642c2176e7189a1a39c
modules/servers/Smtphosting/templates/admin/assets/fonts/icons/Pe-icon-7-stroke.eot,Administrative/internal,58680,d9896922379aeb729a67c4bc12f2a51ee970c37ea079ee30f856fd2807fd3e9c
modules/servers/Smtphosting/templates/admin/assets/fonts/icons/Pe-icon-7-stroke.svg,Administrative/internal,167540,e5205ce0d1d9a1bbfa9f2108bc77868ec359512bfedb93e4759d167b60cc1cf5
modules/servers/Smtphosting/templates/admin/assets/fonts/icons/Pe-icon-7-stroke.ttf,Administrative/internal,58480,99620ded1c4d61277630422146e2488b1afaef9be2dc0924ff3f75e2ecd71820
modules/servers/Smtphosting/templates/admin/assets/fonts/icons/Pe-icon-7-stroke.woff,Administrative/internal,58556,6fb4217048f333e23e0fd0ba2ab05e05fd7500f86a5a80a7cf04a2f94b257bec
modules/servers/Smtphosting/templates/admin/assets/img/logo.png,Administrative/internal,4845,1dc6b22a6667ecb97fa4662feb3bd9307838b653e2383836f8a1f7371e455ad4
modules/servers/Smtphosting/templates/admin/assets/img/logos/logo-blue.svg,Administrative/internal,1738,da1baed6ef76cab78ef7868a7c9c64a1a387b76d0c2815c852588e4245ad4e48
modules/servers/Smtphosting/templates/admin/assets/img/logos/logo-icon.svg,Administrative/internal,1146,99ff5aacf7742d90575622cb3f188609c374431fc0442ecf57309f58cf5c3c65
modules/servers/Smtphosting/templates/admin/assets/img/logos/logo-small.svg,Administrative/internal,2881,11ca919845a6dd0d5e5f134cc937bda97461cf37fef4342e5b420baa0bbefe93
modules/servers/Smtphosting/templates/admin/assets/img/logos/logo.svg,Administrative/internal,2814,bbf3aa3fb815f9b42603e25099f94485f67f579a6da140b532c97819b36b5287
modules/servers/Smtphosting/templates/admin/assets/img/products/client_area_designer.svg,Administrative/internal,1496,95b62b2267b0ab6cb5258122aa903a22f9f786664a3d8de3f531c4b65fec1c75
modules/servers/Smtphosting/templates/admin/assets/img/products/client_profile_viewer.svg,Administrative/internal,813,e3ca938bd655f8eaa81b5835ddb1172e77c5d71208ff1db35f8caca041f378cb
modules/servers/Smtphosting/templates/admin/assets/img/products/clientarea_popup.svg,Administrative/internal,778,f2716e410293f4880fd4bf25da472f790b8e965e7641fc748b2a5e238a3382fc
modules/servers/Smtphosting/templates/admin/assets/img/products/cpanel_extended.svg,Administrative/internal,1971,bb3ebdf37bf283f18d8689f6b27c0815415836dee317cb3037881466f6974e0c
modules/servers/Smtphosting/templates/admin/assets/img/products/cpanel_manage2.svg,Administrative/internal,1759,cb3b9c78ca33133ebe74aa25512bb2318f10eed45dfaf56f2b7681e3a9c74d0f
modules/servers/Smtphosting/templates/admin/assets/img/products/crm.svg,Administrative/internal,2002,c5943f65419811090d4c388cc088e1c9d7cc60ce9b851e594743b1139a323535
modules/servers/Smtphosting/templates/admin/assets/img/products/crystal_theme.svg,Administrative/internal,1206,7d1e8925ce2d79da7c1d7b0426ffce25b7014edd59f87e757dbe1bb8fc50cbd2
modules/servers/Smtphosting/templates/admin/assets/img/products/directadmin_extended.svg,Administrative/internal,814,00c23d45b730e3e26206c4c27c0c0f77c162ffd7be0e7932afc4bbd11566c065
modules/servers/Smtphosting/templates/admin/assets/img/products/directadmin_licences.svg,Administrative/internal,734,45263224511035174baad802a5094761a7d4dc08623cd9a467e3443b34e2ffc4
modules/servers/Smtphosting/templates/admin/assets/img/products/discount_center.svg,Administrative/internal,5585,0fba04d04174b30c51698ee0f59cbce009d62aa31aa8414df277c1de83d02315
modules/servers/Smtphosting/templates/admin/assets/img/products/dmca_com.svg,Administrative/internal,748,0f986a7dadf1d8e1e74a86a7967437622a4f3ecbc446154db88dbfca8ef3d466
modules/servers/Smtphosting/templates/admin/assets/img/products/dns_manager.svg,Administrative/internal,1484,74548425dd36f8d77d89e38d98e751520dd97811d99872f05abc2517aaa120da
modules/servers/Smtphosting/templates/admin/assets/img/products/domain_orders_extended.svg,Administrative/internal,3251,15ec4932cf4b865c213fb8c3efe4f0623058775850412c1de7aa50407490a3f6
modules/servers/Smtphosting/templates/admin/assets/img/products/domains-reseller.svg,Administrative/internal,2500,4663bb56c5d9a810397de9dc92e2818f8d58e68249f7991e97bac53373744ea5
modules/servers/Smtphosting/templates/admin/assets/img/products/doman_email_forwarding.svg,Administrative/internal,2090,11240f51fbf3095cc68d0e11cccd092e1ca4d5a4633172693e48d62f6c1e3881
modules/servers/Smtphosting/templates/admin/assets/img/products/echecknet_payments.svg,Administrative/internal,1146,8286cbe80f4541d860db2ac44be9831fde96ba632d1103137fc63e8b97626620
modules/servers/Smtphosting/templates/admin/assets/img/products/enom_email.svg,Administrative/internal,986,8e2751e54a9af4f9e22b725c239290f301dc020c94ddc43dd23b7adb2043b443
modules/servers/Smtphosting/templates/admin/assets/img/products/eurid_registrar.svg,Administrative/internal,1683,cbf142bc2b963e1216b8311ec880fee36e0bbf6d8701e298c39fa0075f1f642c
modules/servers/Smtphosting/templates/admin/assets/img/products/geolocation_hook.svg,Administrative/internal,1417,6f775d8187958d2d796301303eca8de747d0b4f9a6bfe78502b8fd136213f884
modules/servers/Smtphosting/templates/admin/assets/img/products/godaddy_domain_registrar.svg,Administrative/internal,4242,f181135d67f539fbf2e049d3380e2101aced8a835015b08f022b981ee6682313
modules/servers/Smtphosting/templates/admin/assets/img/products/google_apps.svg,Administrative/internal,4099,96056626c051337773672007b0e2f0f896aaaba0f089c272e8fdced893c6528c
modules/servers/Smtphosting/templates/admin/assets/img/products/gpn_data.svg,Administrative/internal,2714,68cd698af5d876d41c706425dcada83cd74d972f7ea575e51669f43615a1a883
modules/servers/Smtphosting/templates/admin/assets/img/products/hosting_quota_notifications.svg,Administrative/internal,1041,7af7e76a548542e04d0fbd8b1793e7a252ea39215f53dd4b178f62bac683f7bc
modules/servers/Smtphosting/templates/admin/assets/img/products/hosting_renewals.svg,Administrative/internal,761,e06e848d3d4917be3ec797290a4f1f51c2ac42b183e9ad57db5c532aea424189
modules/servers/Smtphosting/templates/admin/assets/img/products/interspire_email_marketer.svg,Administrative/internal,815,9b4bc89156eb0b9ede9dbc5ab0b050f95d5eac25fa0724d3bb77dca64e6cbaec
modules/servers/Smtphosting/templates/admin/assets/img/products/interworx_extended.svg,Administrative/internal,828,562444b6ad3bded4dc57b6b98f8a493f382d62033a847107a038f56f884d11ca
modules/servers/Smtphosting/templates/admin/assets/img/products/ip_manager.svg,Administrative/internal,1944,f49ffc55ec33afc1a3f956a429384e1ff32b81039ce4dab9a4d223ae1a37b7f0
modules/servers/Smtphosting/templates/admin/assets/img/products/liquid_web_storm_servers.svg,Administrative/internal,1363,06df55cf76cf53c4f132aba128217c1d6250171bf2ac7b106e147ce32f7c7132
modules/servers/Smtphosting/templates/admin/assets/img/products/minimo_responsive_theme.svg,Administrative/internal,578,c389f31987aee511583c8d26c48bd46921de18523347b4991bfe86e8d02c3e6d
modules/servers/Smtphosting/templates/admin/assets/img/products/modulesgarden_base.svg,Administrative/internal,3103,bd0a616f3a54efa47aedf81bab4ef7245d5de4a7f07bbf8144010935e8cc45bf
modules/servers/Smtphosting/templates/admin/assets/img/products/modulesgarden_widget.svg,Administrative/internal,3018,42f976de22e6cc4e6d8db793dbb39c4a440498902254e303b10f3c88b3299047
modules/servers/Smtphosting/templates/admin/assets/img/products/mspcontrol_extended.svg,Administrative/internal,1807,5ac41b66c179ed164f04a543c1b486c248b838e2778925a45d01ef1d0aad28aa
modules/servers/Smtphosting/templates/admin/assets/img/products/multibrand.svg,Administrative/internal,669,dbd1b8295e976db5c0828c59f086f6bb6aea2b56b41f1abe42bf745637a0cc6b
modules/servers/Smtphosting/templates/admin/assets/img/products/mx_registrar.svg,Administrative/internal,1878,13fd491fcddb36fc12b7eeed181dfd86c7db07f1c4489746b68dc720617546a7
modules/servers/Smtphosting/templates/admin/assets/img/products/namcom_registrar.svg,Administrative/internal,1542,b9c601a5699efb52739c33a7965908878f228a3ec37e9d6c902c304a437dfcaa
modules/servers/Smtphosting/templates/admin/assets/img/products/namecom_registrar.svg,Administrative/internal,1546,b5b7a490a78d93759fbcd1cd64b36f54f2e0fdef505a4209fb257fc1d869d0ea
modules/servers/Smtphosting/templates/admin/assets/img/products/nicit_registrar.svg,Administrative/internal,1484,9cca1dcb3a9b92c4bafbb379190c572d9df382794487dbe4601cd563493d3fde
modules/servers/Smtphosting/templates/admin/assets/img/products/odion_key_administrator.svg,Administrative/internal,722,1447cc983cdfd4f0788782df973196ecf6a39f7607d8e5b2ff2698bcd16793dd
modules/servers/Smtphosting/templates/admin/assets/img/products/openstack_vps.svg,Administrative/internal,761,115943e712c1e549b5625d8fa34917ced1ce286ee6c0b0a1382e3dfaa5f23ca6
modules/servers/Smtphosting/templates/admin/assets/img/products/ovh_public_cloud.svg,Administrative/internal,1717,5a3b2c9cdb79d41a4655432d37926eaaaf3167687e418810b7a2cb436060508c
modules/servers/Smtphosting/templates/admin/assets/img/products/ovh_vps_dedicated.svg,Administrative/internal,831,fbbf19f8d2e11ce040f225660edf21d8d8540b309de739d8ff95bf721df766a7
modules/servers/Smtphosting/templates/admin/assets/img/products/password_manager.svg,Administrative/internal,1672,d9e3faf1fe86ac59098645d16c4c03ab0ce936be65e232d91af9d62d91916789
modules/servers/Smtphosting/templates/admin/assets/img/products/payment_gateway_allocator.svg,Administrative/internal,3569,22d1e481b477d24447e9c9fc8833fa82aea315823c184d80fe739ef7e585b59b
modules/servers/Smtphosting/templates/admin/assets/img/products/payment_gateway_charges.svg,Administrative/internal,1965,3c93db104a0a98869f7468cc665b76a9a4915af31d6f4d5ed489a2491ee65961
modules/servers/Smtphosting/templates/admin/assets/img/products/plesk_extended.svg,Administrative/internal,2949,08d27e7ff875156f443e26bef17efe3ff7829510b1cbb8a4448737f612a12a67
modules/servers/Smtphosting/templates/admin/assets/img/products/premium_support_tickets.svg,Administrative/internal,1886,908871636f31115b9424dac7ff97855f30965b3db09f99dcd57febaf83a034d7
modules/servers/Smtphosting/templates/admin/assets/img/products/product_auto_upgrade.svg,Administrative/internal,1128,e79a5e74e80abbf769b75324d03838777dda7dcb88e319f16beef20a4cde1e71
modules/servers/Smtphosting/templates/admin/assets/img/products/product_linker.svg,Administrative/internal,1295,7d21591cc9f961161ccf37d14064b613ba1ac44b15e3c29589d6b3e0ddb872d7
modules/servers/Smtphosting/templates/admin/assets/img/products/proxmox_cloud.svg,Administrative/internal,1857,d5d20b3efe846f56ea32fefb7895064ab47bc7bf30c1c49829356d62bb2d2999
modules/servers/Smtphosting/templates/admin/assets/img/products/proxmox_vps.svg,Administrative/internal,824,6122cc65c73d3d56f2bb4c18812f255c870cd553f1c409ef44aa18cb93251b12
modules/servers/Smtphosting/templates/admin/assets/img/products/proxomx_cloud_autoscaling.svg,Administrative/internal,24109,4316f46507855a5b7d6fa0b906566a733d578e0fc40bad3aaed7068a54500580
modules/servers/Smtphosting/templates/admin/assets/img/products/quickbooks_desktop.svg,Administrative/internal,952,ac2f6c7936b198c425517a0f5f6d831171dee3b2db496d88b14fcbe8f1b41d3b
modules/servers/Smtphosting/templates/admin/assets/img/products/quickbooks_online.svg,Administrative/internal,926,98add319af4dddd3e0d75784da6130a76ed257f7742a53bb84d80923f3aae147
modules/servers/Smtphosting/templates/admin/assets/img/products/quotes-automation.svg,Administrative/internal,1526,c73f85893a24898215fdd32fa93db10a046b9a4e57bec4a6187fd0b8845c2574
modules/servers/Smtphosting/templates/admin/assets/img/products/quotes_automation.svg,Administrative/internal,1526,c73f85893a24898215fdd32fa93db10a046b9a4e57bec4a6187fd0b8845c2574
modules/servers/Smtphosting/templates/admin/assets/img/products/r1soft_backups.svg,Administrative/internal,1889,12cb41c86e46b350df1869eacd402d850eedba0a3e09de34dc1fe4edc06c5c95
modules/servers/Smtphosting/templates/admin/assets/img/products/rackspace_cloud_openstack.svg,Administrative/internal,2665,53b6f4dafc5de78f1746ab9fac4a3ad3ad1d530bf51146d20037e0e2655c6d63
modules/servers/Smtphosting/templates/admin/assets/img/products/rackspace_email_extended.svg,Administrative/internal,1395,b63d28d1b71194b6ad3a5d6ccde795d04a8753f6985e322cd97e85df7537141e
modules/servers/Smtphosting/templates/admin/assets/img/products/rackspace_public_cloud.svg,Administrative/internal,2191,24ef79df582caec8bf8db3cebb442095c12edc411e69018cd5445adb78a1aed0
modules/servers/Smtphosting/templates/admin/assets/img/products/rage4.svg,Administrative/internal,1389,187a337c0a05df61c20cde039f11fdfdb6ee15f8477375afe2d900c39a3f6dd9
modules/servers/Smtphosting/templates/admin/assets/img/products/recurring_billing_extended.svg,Administrative/internal,803,199614fecaf3a103c1870305a4b5cbdb5f88a56ef6fa79c595a32b37f796ce96
modules/servers/Smtphosting/templates/admin/assets/img/products/report_generator.svg,Administrative/internal,1072,58d498cac602ff70452d36ab3c8f00263f2a0b399b10f38013e50d1599912615
modules/servers/Smtphosting/templates/admin/assets/img/products/resellers_center.svg,Administrative/internal,1660,375bf53d969988ab323a1914a4efead16035577c98d904550e76cdb2a5a963c7
modules/servers/Smtphosting/templates/admin/assets/img/products/rushfiles.svg,Administrative/internal,4080,da9e2117a4c9a3e9c773d723bad14c75214f4866f8d89738c925e72c137f2465
modules/servers/Smtphosting/templates/admin/assets/img/products/sapphire_admin_theme.svg,Administrative/internal,645,458fe06080928e596e6b20029087990795191301552bbc67e2db7e5c755b00bf
modules/servers/Smtphosting/templates/admin/assets/img/products/server_allocator.svg,Administrative/internal,865,8cc24bb8f08ba9de03c60e5b9fdf828427b87a566a12571f3c3b47a8bbffb294
modules/servers/Smtphosting/templates/admin/assets/img/products/servertastic_ssl.svg,Administrative/internal,1071,d6a22a74edf67e37b179d2247b019355f12eddfc86c2029aeaf82f50749c2bf0
modules/servers/Smtphosting/templates/admin/assets/img/products/wordpress_manager.svg,Administrative/internal,1770,23cd76c44c904da9f8745bd6472eed8357b9d9cb3e010e183f6fdf45549cdaf9
modules/servers/Smtphosting/templates/admin/assets/js/chart.min.js,Administrative/internal,403789,3341155e6ce2afbcd91a7a757d197958d5a0173b2b6b2f9e764828717ac39904
modules/servers/Smtphosting/templates/admin/assets/js/defaultComponents/__base.js,Administrative/internal,1819,45b0d2c9e273a0343f568c87b893974b77036e5530bd7277d372759f21bfcd66
modules/servers/Smtphosting/templates/admin/assets/js/defaultComponents/__components_handler.js,Administrative/internal,4673,5b2e7dbde81c729a0fdbde2e5b20ea8af65e68195842a29e6be3a22ff6e9ba68
modules/servers/Smtphosting/templates/admin/assets/js/defaultComponents/__event_handler.js,Administrative/internal,3036,fc56df5d9ac0528ccb1b3ef58e918379fd597fa0647540826157edc55d602675
modules/servers/Smtphosting/templates/admin/assets/js/defaultComponents/__page_controler.js,Administrative/internal,7853,8ade494970ab65669a611c506e9d58d1f2b2ad2e0a74f9ee21274ffe615ce281
modules/servers/Smtphosting/templates/admin/assets/js/defaultComponents/__vhook_integration.js,Administrative/internal,5388,440562eafa156ac0e0b3ec495b1bcd281f85a18591507dd75d1f18f46d80b17b
modules/servers/Smtphosting/templates/admin/assets/js/defaultComponents/__vue_app_modal_object.js,Administrative/internal,26498,6cc00abbb72374de2c3137a17716cf425b80a4f3a3dac52eb5619e88303d90eb
modules/servers/Smtphosting/templates/admin/assets/js/defaultComponents/__vue_app_object.js,Administrative/internal,27014,521134a0b9f122ef9e0d98087ae148494acddc0684cdef1032664eb7beed2529
modules/servers/Smtphosting/templates/admin/assets/js/defaultComponents/ajaxFieldForDataTable.js,Administrative/internal,3829,16af7e63a11c0a2159e63e263a9b7b9bf41442aa5fda6fdbe942c43b36ade0df
modules/servers/Smtphosting/templates/admin/assets/js/defaultComponents/ajaxSelect.js,Administrative/internal,6023,a118a7b1f51504dabc79d04455d681ec20b6cb10eae1f876f4c12cf6c955d1ba
modules/servers/Smtphosting/templates/admin/assets/js/defaultComponents/ajaxSelectRemoteSearch.js,Administrative/internal,5789,d1a914f4f29182f175e235f39a9e9e934c0d224373b46362eceaecbac0915566
modules/servers/Smtphosting/templates/admin/assets/js/defaultComponents/categoryMenuDynamicContent.js,Administrative/internal,8359,f44a383a25e11b36df6fc19d9bc171ba085e9b6f77960b6869209aa044b67d1b
modules/servers/Smtphosting/templates/admin/assets/js/defaultComponents/copyKeyForDataTable.js,Administrative/internal,1056,780cc4513dff12298861cb563f3dcb797f1b56173cc63f2e2945aa4817794360
modules/servers/Smtphosting/templates/admin/assets/js/defaultComponents/dataTable.js,Administrative/internal,13313,c66a2278b8ed394e03a317eef30cfcf014953309940a67a814c24607bf235d3a
modules/servers/Smtphosting/templates/admin/assets/js/defaultComponents/dataTableSelectFilter.js,Administrative/internal,1523,54335512295a1826a3d931572b02b88644b84b4d285ccfbc28b257544dea8477
modules/servers/Smtphosting/templates/admin/assets/js/defaultComponents/dataTableTextFilter.js,Administrative/internal,2416,6ec298e9326755ddf788a7aeca2538b73f73cd26fb2555cab99c9408ff309d90
modules/servers/Smtphosting/templates/admin/assets/js/defaultComponents/detailsWidget.js,Administrative/internal,1288,e66f3c1f56f419de44341cec3621ce4c41309a8ba773150119417dae97ff2ea2
modules/servers/Smtphosting/templates/admin/assets/js/defaultComponents/dropdawnButtonWrapper.js,Administrative/internal,1793,082846fa470e896ad6faf308fb2677243b44c131c5a911b9b0a60577f0982d7f
modules/servers/Smtphosting/templates/admin/assets/js/defaultComponents/graph.js,Administrative/internal,9820,05c5429125501074de8a26591b78abe5f6e206725f13c8e35b9ff60fe1dae0d6
modules/servers/Smtphosting/templates/admin/assets/js/defaultComponents/passwordGenerateButton.js,Administrative/internal,583,0c07dcb4b1eda716b8e30024b5763e7989313753571350f97a4a0f0be8fdaa1a
modules/servers/Smtphosting/templates/admin/assets/js/defaultComponents/passwordToogleButton.js,Administrative/internal,649,1a1de29d7919a70374d44b746fb03ca2e08399b43282953ca77d5b629da056d3
modules/servers/Smtphosting/templates/admin/assets/js/defaultComponents/sidebarAjax.js,Administrative/internal,2508,8fee5ce06c29bddb37af231aa3259ff3442dde0dc7d77f6034140b5081e8445c
modules/servers/Smtphosting/templates/admin/assets/js/documentation.js,Administrative/internal,57737,39d5a8e133d4f9282a778047b1e7d39d2814bb0d772a8bdabb9e99d9f4ddf707
modules/servers/Smtphosting/templates/admin/assets/js/jscolor.min.js,Administrative/internal,29140,f3fe71b010d0467548ebf14b877a694ae286e994b991226126412b712383120a
modules/servers/Smtphosting/templates/admin/assets/js/layers-ui-table.js,Administrative/internal,833000,e18064c544d79b0690bb286631a725a659cb6c9a6eb923088c805a24e1fe791e
modules/servers/Smtphosting/templates/admin/assets/js/layers-ui.js,Administrative/internal,1065937,eaad211ccac495df2a13379c5d0a2af3bfa7c946825038d03975ad82a97976be
modules/servers/Smtphosting/templates/admin/assets/js/mgComponents.js,Administrative/internal,17098,c96fe933b7856effdf2d4c7dc13b5b6828a0ea971b6e77c98476d715303791d0
modules/servers/Smtphosting/templates/admin/assets/js/moment.js,Administrative/internal,154567,541fb40456e709de62b9ecf34043f8925ec20f5c056cb6a147b7c9691abc66ec
modules/servers/Smtphosting/templates/admin/assets/js/vue.min.js,Administrative/internal,93675,72194d152571dd375c4365e5c3b4af9db2c06af0102ced18fcb062597d38be26
modules/servers/Smtphosting/templates/admin/assets/js/vuex.min.js,Administrative/internal,9758,648be4b03f38aff2e09c64d70bee266c070aa071eed70f44761a566a30ecd5d4
modules/servers/Smtphosting/templates/admin/controlers/addonIntegration.tpl,Administrative/internal,476,e205be87e8bb0f76330d539ee332dede958b1b0cf76f9a44b7c44a4682d50a60
modules/servers/Smtphosting/templates/admin/controlers/adminServicesTabFieldsIntegration.tpl,Administrative/internal,2820,52aa73074de68cdce0b60c345f0d23986643eb5badc1a5f99f5afc41932da82e
modules/servers/Smtphosting/templates/admin/controlers/assets/css_assets.tpl,Administrative/internal,325,fae6958d01545198452652a2b93bcb502730182365d822769f21ce2e5432d697
modules/servers/Smtphosting/templates/admin/controlers/assets/js_assets.tpl,Administrative/internal,795,d0a2b62e801ac8dea314ebc4c72475b65907ce01a6b0e6299849bf36ac80fa34
modules/servers/Smtphosting/templates/admin/controlers/configOptionsIntegration.tpl,Administrative/internal,1586,2616948b82f4278083379be828d1e823c0d5a5640a51ae309d9f7e9a323e6eee
modules/servers/Smtphosting/templates/admin/controlers/errorPage.tpl,Administrative/internal,9578,d3b8623b4ccaf80c9a803b2a9e6e1ba5d89972c3ee4c8d429dcb6ee04a15b59a
modules/servers/Smtphosting/templates/admin/controlers/integration.tpl,Administrative/internal,200,d002374303b05ea2627acfa772a3e5746c2fd20b9e5faab7779f1b320929e42e
modules/servers/Smtphosting/templates/admin/controlers/integrationsWrapper.tpl,Administrative/internal,642,7a13c6726f49d9dbf4a246827411eafe8b0bd0a41e846fb93a165935ea5be645
modules/servers/Smtphosting/templates/admin/controlers/main.tpl,Administrative/internal,11276,e4a2937fd647a8e184e37aeb1d62faee7d54506abd96545e5be29f0339e9bab4
modules/servers/Smtphosting/templates/admin/controlers/pageNotFound.tpl,Administrative/internal,8168,9ab04a2913bd60678da855acfc6db51d7364b91fe512bc9f2563a0301c086db8
modules/servers/Smtphosting/templates/admin/pages/home/home.tpl,Administrative/internal,0,e3b0c44298fc1c149afbf4c8996fb92427ae41e4649b934ca495991b7852b855
modules/servers/Smtphosting/templates/admin/ui/core/default/appLayouts/navbarLeft.tpl,Administrative/internal,8813,12dd336663449af62bcd405c0af3ba9ba1e793528eddb106410e5aeaaf0ee68e
modules/servers/Smtphosting/templates/admin/ui/core/default/appLayouts/navbarLeftThin.tpl,Administrative/internal,8813,12dd336663449af62bcd405c0af3ba9ba1e793528eddb106410e5aeaaf0ee68e
modules/servers/Smtphosting/templates/admin/ui/core/default/appLayouts/navbarRight.tpl,Administrative/internal,8813,12dd336663449af62bcd405c0af3ba9ba1e793528eddb106410e5aeaaf0ee68e
modules/servers/Smtphosting/templates/admin/ui/core/default/appLayouts/navbarRightThin.tpl,Administrative/internal,8813,12dd336663449af62bcd405c0af3ba9ba1e793528eddb106410e5aeaaf0ee68e
modules/servers/Smtphosting/templates/admin/ui/core/default/appLayouts/navbarTop.tpl,Administrative/internal,789,b54bfd4887955b07610e8e7f85e1d42c8ece33ec0f60653f9e0cc85447b71cb8
modules/servers/Smtphosting/templates/admin/ui/core/default/builder/container.tpl,Administrative/internal,1280,8250ce63f69c3ba547f58bf7388cbc5ae61194571ea9472ee03cd4b002d245ad
modules/servers/Smtphosting/templates/admin/ui/core/default/hiddenSearchable.tpl,Administrative/internal,1551,475b4103fd843db3d488c3e16c18af5acf650e40955a39b4a20cff1f205654f0
modules/servers/Smtphosting/templates/admin/ui/core/default/mainContainer.tpl,Administrative/internal,1486,f6bdf878f64ed8b71cff3f1b5bcacb4b9effe9d3e86635c212b339b68c6cadf5
modules/servers/Smtphosting/templates/admin/ui/core/default/mainContainerIntegrationAddon.tpl,Administrative/internal,1633,89102192ff74a50aed1353f3d91851300f231b0dd5bc81bc55030a69c4bdd0b9
modules/servers/Smtphosting/templates/admin/ui/core/default/searchable.tpl,Administrative/internal,1244,7693c9692f43555b79d0d82193c0a1d4ae6205a7abffc0c69c23bab3cfeb2ad9
modules/servers/Smtphosting/templates/admin/ui/core/default/widget/buttons/buttonBase.tpl,Administrative/internal,1132,9963a9669d5eb824d8bab4a657328aac070e2890afdf9a3b4758fa34e701409f
modules/servers/Smtphosting/templates/admin/ui/core/default/widget/buttons/buttonCreate.tpl,Administrative/internal,1203,88ac03ecaa7843104097a5e3639704fbff53c9dab4ebab0a6d13c5aa3f750387
modules/servers/Smtphosting/templates/admin/ui/core/default/widget/buttons/buttonCustomAction.tpl,Administrative/internal,1142,08080619193cda3456b0bccfa95da0ff39d010aa0c9f70b65a16852a04ac032e
modules/servers/Smtphosting/templates/admin/ui/core/default/widget/buttons/buttonDataTableModalAction.tpl,Administrative/internal,1500,4f194458ac3bc0b36e6d4840913472ca4f6aa869a9c1d138ad1cba4fe9149734
modules/servers/Smtphosting/templates/admin/ui/core/default/widget/buttons/buttonDatatableModalContextLang.tpl,Administrative/internal,1149,016327ff7a51abf3130608fff773d25b276f22fde2bd080905d2bf07e48e6ad5
modules/servers/Smtphosting/templates/admin/ui/core/default/widget/buttons/buttonDatatableShowModal.tpl,Administrative/internal,1133,a064ff2290984119ddb97fb2934bffc5ca98bc04139f98e4ea9da3f3707c06f6
modules/servers/Smtphosting/templates/admin/ui/core/default/widget/buttons/buttonMassAction.tpl,Administrative/internal,1220,08e4449ac96325eb17668eb303291ef255114e825918a4175e5daae099d382db
modules/servers/Smtphosting/templates/admin/ui/core/default/widget/buttons/buttonMassActionContextLang.tpl,Administrative/internal,1178,938c0474a5ac2ce21a5bbc4e8b5dcf5c8cbeefb04ae3154a4ca39f087eafef2e
modules/servers/Smtphosting/templates/admin/ui/core/default/widget/buttons/buttonModal.tpl,Administrative/internal,1384,61c10a03ddd0a776d5429d9742652a11af22888912d4207d8700f59d166db322
modules/servers/Smtphosting/templates/admin/ui/core/default/widget/buttons/buttonRedirect.tpl,Administrative/internal,1341,95f5dd9d3e48183e8aa9c9f03a5f6094d60adb495ef0644f23c38e076e391461
modules/servers/Smtphosting/templates/admin/ui/core/default/widget/buttons/buttonSubmitForm.tpl,Administrative/internal,1117,234f366d98fe7ecf252d8bf109fc6a86e9dc5228d4cdb8fbb85293e2c3509672
modules/servers/Smtphosting/templates/admin/ui/core/default/widget/buttons/buttonSwitchAjax.tpl,Administrative/internal,1480,d9ca858069e649cc7a7993ebba4e5618ca03addd1b7dc9cd19d2cf092a90abf6
modules/servers/Smtphosting/templates/admin/ui/core/default/widget/buttons/dropdawnButtonWrappers/buttonDropdown.tpl,Administrative/internal,1008,74de27ba5063def4e1e99838b61276bde80192e029fad07d57ebe84ab3477f31
modules/servers/Smtphosting/templates/admin/ui/core/default/widget/buttons/dropdawnButtonWrappers/buttonDropdownItem.tpl,Administrative/internal,1342,889c7fb75a5d464e86c11ba9be9fae6949168778a84cc9ec385cac3d92df4dab
modules/servers/Smtphosting/templates/admin/ui/core/default/widget/buttons/dropdawnButtonWrappers/buttonDropdown_components.tpl,Administrative/internal,2472,96982b6fdd5da23e3d4bdae523c320c21e66dd45e25c92ee19ce6c18970cd84c
modules/servers/Smtphosting/templates/admin/ui/core/default/widget/buttons/modalActionButtons/baseAcceptButton.tpl,Administrative/internal,954,e06b79f54e448e1bde2c2e00995c0adcd1a708cd898fe1f4951b6846d2436418
modules/servers/Smtphosting/templates/admin/ui/core/default/widget/buttons/modalActionButtons/baseCancelButton.tpl,Administrative/internal,954,e06b79f54e448e1bde2c2e00995c0adcd1a708cd898fe1f4951b6846d2436418
modules/servers/Smtphosting/templates/admin/ui/core/default/widget/categoryMenu/categoryMenuDynamicContent.tpl,Administrative/internal,6243,d8be3ba97e4ae3d468793dcd0ddb01f1626e0cf2472dfd56dc8fe83ae941a610
modules/servers/Smtphosting/templates/admin/ui/core/default/widget/categoryMenu/categoryMenuDynamicContent_components.tpl,Administrative/internal,1466,b1a8e99b537051648a76d4186c5da764572714240304024217e2b4a37443d753
modules/servers/Smtphosting/templates/admin/ui/core/default/widget/categoryMenu/itemContent.tpl,Administrative/internal,912,99b6a1a10f68826f1f8eeade28fc805c3261820fa0e31e0dc40c3f07890094da
modules/servers/Smtphosting/templates/admin/ui/core/default/widget/container.tpl,Administrative/internal,1281,c16a979d971dc9bc05bd073fc7ffdb8631daa0f01772a26c092d2c32b4dc9edb
modules/servers/Smtphosting/templates/admin/ui/core/default/widget/dataTable/dataTable.tpl,Administrative/internal,1285,6739c504af44331ca7526b0d1255fcb56eae5f2e4baeaa61eb004b525d19f6e2
modules/servers/Smtphosting/templates/admin/ui/core/default/widget/dataTable/dataTable_components.tpl,Administrative/internal,13372,00578e7578146fb4bed6feb8187edfe4eb9ff5af2475549404d5c22ccce08f2c
modules/servers/Smtphosting/templates/admin/ui/core/default/widget/dataTable/datatableCategorisedTabsContainer.tpl,Administrative/internal,2849,593afd1472c3f2d7ef11e7e9a934cafc40bd7f92d7858e06261bb2cb90d327c6
modules/servers/Smtphosting/templates/admin/ui/core/default/widget/dataTable/datatableTabsContainer.tpl,Administrative/internal,2626,be82bf09f38a47b027666b00b2ccb62176faa981c0f93d6ff1fd39f5f8850ed8
modules/servers/Smtphosting/templates/admin/ui/core/default/widget/dataTable/filters/select.tpl,Administrative/internal,1611,081f000476fb7c3f9da7010202d5e58c9edec18165faf8d028f42fbe56471e9f
modules/servers/Smtphosting/templates/admin/ui/core/default/widget/dataTable/filters/select_components.tpl,Administrative/internal,1946,2066ece34c3919a2034e0bf6aa6fd2c86bf361b19c4e9fc4023a6e0204a4dd46
modules/servers/Smtphosting/templates/admin/ui/core/default/widget/dataTable/filters/text.tpl,Administrative/internal,1739,d1ec43ddd26c0bbcaded46d439c58c273dce6a21215a904040c12bb113c20b55
modules/servers/Smtphosting/templates/admin/ui/core/default/widget/dataTable/filters/text_components.tpl,Administrative/internal,1475,aacfcaf25917abfe345d4ce48c2d5ecf26aad2cf354c7dcf05e6adf23f32ca4c
modules/servers/Smtphosting/templates/admin/ui/core/default/widget/forms/ajaxFields/select.tpl,Administrative/internal,1817,1fb0d92d0e06b71528379d66aae1e40c980d5e92b807f7be232adf1f01e2071e
modules/servers/Smtphosting/templates/admin/ui/core/default/widget/forms/ajaxFields/selectRemoteSearch.tpl,Administrative/internal,2005,c7aa1eab09b082977c05c8115d8c39e763159d863cf3a2c5d5e50a5edcbc48c3
modules/servers/Smtphosting/templates/admin/ui/core/default/widget/forms/ajaxFields/selectRemoteSearch_components.tpl,Administrative/internal,1629,26a536108c9d4430c9c706693f8ce14b35f99a5101cb1bbc1d4cfa34b8e3806f
modules/servers/Smtphosting/templates/admin/ui/core/default/widget/forms/ajaxFields/select_components.tpl,Administrative/internal,1487,74c1c9f087f73c6cd2006eb7e7ca221695a57c1a0a55890ad132a3c2bb186350
modules/servers/Smtphosting/templates/admin/ui/core/default/widget/forms/baseAutoSaveFormExtSections.tpl,Administrative/internal,1274,b08f21b14eb118dbb543ffe71a038b133423fbcab41c3dda924638b53b34a819
modules/servers/Smtphosting/templates/admin/ui/core/default/widget/forms/baseForm.tpl,Administrative/internal,2170,52345dc9fee36abd3f825b3f5b3fe97cf72017e1eee893d252bdd609a338ac9e
modules/servers/Smtphosting/templates/admin/ui/core/default/widget/forms/baseStandaloneForm.tpl,Administrative/internal,2252,1c838d136556fd1590da817cdbf41448f621dd3c1d106dfcff6eb8bdd0735557
modules/servers/Smtphosting/templates/admin/ui/core/default/widget/forms/baseStandaloneFormExtSections.tpl,Administrative/internal,1362,d88c91a30d0962d016bc0d348f18e5e2b64feaacfa982b6911271a1232159a69
modules/servers/Smtphosting/templates/admin/ui/core/default/widget/forms/fields/autoSaveFields/select2vueByValueOnly.tpl,Administrative/internal,2308,f211dba51d9ae8a80835c29ec920e762ee2642b1c241552f61874b26c48bc33c
modules/servers/Smtphosting/templates/admin/ui/core/default/widget/forms/fields/autoSaveFields/switcher.tpl,Administrative/internal,1693,84ef8f1b76e521c8b622e44fcb87cb4874eb478f83e5a1264b009c4454834aab
modules/servers/Smtphosting/templates/admin/ui/core/default/widget/forms/fields/checkbox.tpl,Administrative/internal,2423,98e62b5ac2ba3010b98b856631dbc96fd0856898e3c67e3b882f6788f2e74239
modules/servers/Smtphosting/templates/admin/ui/core/default/widget/forms/fields/colorPicker.tpl,Administrative/internal,1456,b9b46a65ed5d8059af973ae9a8f1757e33e07df21d9d3fbf24f2fc056913f056
modules/servers/Smtphosting/templates/admin/ui/core/default/widget/forms/fields/date.tpl,Administrative/internal,1698,785403fe45f9fa7db3f8bef1c45275185375914dc6db112529a58f8954b60528
modules/servers/Smtphosting/templates/admin/ui/core/default/widget/forms/fields/datePicker.tpl,Administrative/internal,1834,81175753a9daf20b6bd13313b5d044748b5187c107fc378924336b621fe3454c
modules/servers/Smtphosting/templates/admin/ui/core/default/widget/forms/fields/hidden.tpl,Administrative/internal,161,7e142b1dbde1dcb84d8a63880cfdc0383b3740c8c08a70d6b4c570e5f284900c
modules/servers/Smtphosting/templates/admin/ui/core/default/widget/forms/fields/inputGroupElements/inputAddon.tpl,Administrative/internal,964,1e6bd962068b64862f8decdea7f61278cc4dec5d5b2a3638284599d3ad95d56e
modules/servers/Smtphosting/templates/admin/ui/core/default/widget/forms/fields/inputGroupElements/select.tpl,Administrative/internal,1724,9fa465813cd8d88f5e0eb6ac188fae1b983268fa1df1ed79bc4448da33f1037b
modules/servers/Smtphosting/templates/admin/ui/core/default/widget/forms/fields/inputGroupElements/text.tpl,Administrative/internal,1084,198cff058222118d940f6d98b9a7a7e2b8f596278cb7dd25e6be638ad8909a1a
modules/servers/Smtphosting/templates/admin/ui/core/default/widget/forms/fields/number.tpl,Administrative/internal,1622,22887ee16ef2d0f1cc06c0ef64b3aaf349d7ed0a76552d9a7ceb8d7cff8cb6e3
modules/servers/Smtphosting/templates/admin/ui/core/default/widget/forms/fields/password.tpl,Administrative/internal,1625,0408dd64d5b5fe20421956adfb914db9979864894dbf3c270a17ef74ebd320df
modules/servers/Smtphosting/templates/admin/ui/core/default/widget/forms/fields/passwordGenerate.tpl,Administrative/internal,1618,3fdd45460cee31e851bb565a266fda3ac70e21d3693ec264c3175253f0ec95d4
modules/servers/Smtphosting/templates/admin/ui/core/default/widget/forms/fields/passwordGenerate_components.tpl,Administrative/internal,1386,a1c407ed3abcf4f2b9cc3171fb7ab66e00680ad93ec847f2a69753359b3852ad
modules/servers/Smtphosting/templates/admin/ui/core/default/widget/forms/fields/pricingField.tpl,Administrative/internal,1483,ee48f213dfeb6240adf5b8529367cd236753e82805d5b44c2fa61ad82dba11ee
modules/servers/Smtphosting/templates/admin/ui/core/default/widget/forms/fields/select.tpl,Administrative/internal,2215,8ee87cd7753303fb1ddd19cf00202455fd371dae837b1a18ea5bd79eae405ba7
modules/servers/Smtphosting/templates/admin/ui/core/default/widget/forms/fields/select2vue.tpl,Administrative/internal,2682,f8bc621eec85fae86cc9db3c4d4c1ffe546733d85bd9fa34e2b70d4f6c314586
modules/servers/Smtphosting/templates/admin/ui/core/default/widget/forms/fields/select2vueByValueOnly.tpl,Administrative/internal,2199,de1a308f989b30142c923c0d85546c0be4f02d4950c4ee71a986854c243c203e
modules/servers/Smtphosting/templates/admin/ui/core/default/widget/forms/fields/selectGlobalLang.tpl,Administrative/internal,1716,d38b09ec6b37786db80b7710912fc970a7df3aa47b9208c07c6ea74ed9cf119e
modules/servers/Smtphosting/templates/admin/ui/core/default/widget/forms/fields/selectLang.tpl,Administrative/internal,2420,eafd6d96703da889cdd676042f9a42c2e72cbb65e7dd26bb26e268278c3f891f
modules/servers/Smtphosting/templates/admin/ui/core/default/widget/forms/fields/switcher.tpl,Administrative/internal,1799,acdca7ffa204e3f0786854658316c0b01bb5fc796bffa3539e242d72f9059e6d
modules/servers/Smtphosting/templates/admin/ui/core/default/widget/forms/fields/tagger.tpl,Administrative/internal,1630,b1555691301694730b460d2a9170d5b96b21ded3aa302d71957206902d25c3c2
modules/servers/Smtphosting/templates/admin/ui/core/default/widget/forms/fields/text.tpl,Administrative/internal,1620,2075e9d00bd7a5c6527b7258172764f8d6a43d20a7d264eb58542f1979798fe3
modules/servers/Smtphosting/templates/admin/ui/core/default/widget/forms/fields/textarea.tpl,Administrative/internal,981,79e3c5bd8632e48c0c01e0852bbeb4a797aa127ecc463df04e7b81a31117ea5b
modules/servers/Smtphosting/templates/admin/ui/core/default/widget/forms/formInTab.tpl,Administrative/internal,2470,992e6b39031299c248fc5d173d1b6afd3ae3115dff335432f78535182cb48aa4
modules/servers/Smtphosting/templates/admin/ui/core/default/widget/forms/formIntegration.tpl,Administrative/internal,967,9f0613fb214568ebcfb2dd654048ec59f6583de6a5ff0c5d30df62a92b5576e1
modules/servers/Smtphosting/templates/admin/ui/core/default/widget/forms/formTabsWidget.tpl,Administrative/internal,3682,2991b409f63a7f539b30401034b3bdfff64f1aebe0b700a1df7250f8b17eeaa1
modules/servers/Smtphosting/templates/admin/ui/core/default/widget/forms/formWidgetStandalone.tpl,Administrative/internal,2388,112f95722941dc9d290b32abb5a45c73cd9d510a1aa2e3bc0a375e63a5c53d9c
modules/servers/Smtphosting/templates/admin/ui/core/default/widget/forms/sections/baseSection.tpl,Administrative/internal,1043,f4a6dbfe5be3b6d5b755c92ed8aa696d72e32ed08b354e562b0513f430b7fa46
modules/servers/Smtphosting/templates/admin/ui/core/default/widget/forms/sections/boxSection.tpl,Administrative/internal,2188,5dee8cb07dfc00d630aa6f711f2ef73b2a9df430772de43637a45761a05f9b00
modules/servers/Smtphosting/templates/admin/ui/core/default/widget/forms/sections/halfPageSection.tpl,Administrative/internal,1081,992979989749d93be6b72ef44b268d261406fe738954f944730ee0fee0fdb3dc
modules/servers/Smtphosting/templates/admin/ui/core/default/widget/forms/sections/hiddenPricingSection.tpl,Administrative/internal,1466,3316bf89b16f79191ce071771acf218df24fb6adbeef4645fbb17a9b71f32047
modules/servers/Smtphosting/templates/admin/ui/core/default/widget/forms/sections/inputGroup.tpl,Administrative/internal,1473,777e5ce9d808ed8117de409a527452d550d60f1db5f019ce8ae29556a31ccbed
modules/servers/Smtphosting/templates/admin/ui/core/default/widget/forms/sections/rawSection.tpl,Administrative/internal,1658,cfb44cee7f3009f5d62fd8c8f4dcc4f7a97d6978c8bd9a2e300ff2ada4ee2533
modules/servers/Smtphosting/templates/admin/ui/core/default/widget/forms/sections/sectionLuRow.tpl,Administrative/internal,1085,fa4f5780ce484b823c8bddbfb8de293cbc9aa6c77f530c8a24f361da9bbe2c81
modules/servers/Smtphosting/templates/admin/ui/core/default/widget/forms/sections/tabSection.tpl,Administrative/internal,895,bc66157e5927bab8f212c3d8736400e367bc376b9f3cda87b49faddc4610b35f
modules/servers/Smtphosting/templates/admin/ui/core/default/widget/graph.tpl,Administrative/internal,1,01ba4719c80b6fe911b091a7c05124b64eeece964e09c058ef8f9805daca546b
modules/servers/Smtphosting/templates/admin/ui/core/default/widget/graphs/bar.tpl,Administrative/internal,1134,bcd0f799039abec2abcca8a567ea7ecaa162f1252a4bd9fa5eb1677d2612013d
modules/servers/Smtphosting/templates/admin/ui/core/default/widget/graphs/bar_components.tpl,Administrative/internal,2878,aebbea35cdf72ace0c4a4346bdd6d3d8085411003ac6fa91cfb364d1d0a35d35
modules/servers/Smtphosting/templates/admin/ui/core/default/widget/graphs/bubble.tpl,Administrative/internal,3790,9851512500cdfc789eabecb0bfada60e2ca337f9e4b1f109f3f4f5799536c855
modules/servers/Smtphosting/templates/admin/ui/core/default/widget/graphs/doughnut.tpl,Administrative/internal,3790,9851512500cdfc789eabecb0bfada60e2ca337f9e4b1f109f3f4f5799536c855
modules/servers/Smtphosting/templates/admin/ui/core/default/widget/graphs/emptyGraph.tpl,Administrative/internal,3787,692e2cdfbb6c94bd95dad94b1a7efe1d0886b9607d3672f32289c285df02702c
modules/servers/Smtphosting/templates/admin/ui/core/default/widget/graphs/line.tpl,Administrative/internal,1201,896474408cc88c29d8e2b806d5ae46a107ad53265d2ace1092b5edd155120c3d
modules/servers/Smtphosting/templates/admin/ui/core/default/widget/graphs/line_components.tpl,Administrative/internal,2915,8d4529006307b0452db6bfcc61aada650e0d6687ee68fe5c9f418a8530e61542
modules/servers/Smtphosting/templates/admin/ui/core/default/widget/graphs/pie.tpl,Administrative/internal,3790,9851512500cdfc789eabecb0bfada60e2ca337f9e4b1f109f3f4f5799536c855
modules/servers/Smtphosting/templates/admin/ui/core/default/widget/graphs/polarArea.tpl,Administrative/internal,3790,9851512500cdfc789eabecb0bfada60e2ca337f9e4b1f109f3f4f5799536c855
modules/servers/Smtphosting/templates/admin/ui/core/default/widget/graphs/radar.tpl,Administrative/internal,3787,692e2cdfbb6c94bd95dad94b1a7efe1d0886b9607d3672f32289c285df02702c
modules/servers/Smtphosting/templates/admin/ui/core/default/widget/grid.tpl,Administrative/internal,1,01ba4719c80b6fe911b091a7c05124b64eeece964e09c058ef8f9805daca546b
modules/servers/Smtphosting/templates/admin/ui/core/default/widget/modals/baseEditModal.tpl,Administrative/internal,2933,2ca77f589d4e6d1d748167c3a93cc8df6bed9cad70fd66d4cc777addb5888da6
modules/servers/Smtphosting/templates/admin/ui/core/default/widget/modals/baseModal.tpl,Administrative/internal,2848,1f6b5e389687c6c3112f305292b2e927c76cf3ca2f4e5771cbb5bb79e654764f
modules/servers/Smtphosting/templates/admin/ui/core/default/widget/modals/modalTabsEdit.tpl,Administrative/internal,5571,5d0e8cc55382dba2aa375ff7bf9716d331a0a2a6c25f063dccb612149cc4e03d
modules/servers/Smtphosting/templates/admin/ui/core/default/widget/others/ajaxFieldForDataTable.tpl,Administrative/internal,318,26c76cba2edc2f0cc5e4f225a07278d7d45831e0f859e9c9fa7624db849729b5
modules/servers/Smtphosting/templates/admin/ui/core/default/widget/others/ajaxFieldForDataTable_components.tpl,Administrative/internal,219,7e8133b37346c76e2427a8c5b554bed9b2d32587d7113005a4ac7710695a1554
modules/servers/Smtphosting/templates/admin/ui/core/default/widget/others/configurableOptionsWidget.tpl,Administrative/internal,2080,2e7d8eecaae972443f0cb52ff5e12436ba2e0a231c3a119c7cdc45638bdd8461
modules/servers/Smtphosting/templates/admin/ui/core/default/widget/others/copyKeyForDataTable.tpl,Administrative/internal,324,a8d880e2bdb3cded3a1b8acea26f4527021285be43d94ff2dee28c1e66dcfcea
modules/servers/Smtphosting/templates/admin/ui/core/default/widget/others/copyKeyForDataTable_components.tpl,Administrative/internal,493,6d487e7f3da8faffb77bc34d1df7a14357c1551c94453795d0fe7a952635438f
modules/servers/Smtphosting/templates/admin/ui/core/default/widget/others/customFieldsWidget.tpl,Administrative/internal,2118,395e3925e95f6c2b9dd6c57c421301ff721b3afd546d241151dc9fa8c34be193
modules/servers/Smtphosting/templates/admin/ui/core/default/widget/others/detailsWidget.tpl,Administrative/internal,999,c9c1e384b349fee6a98cc6d8e77d1eaf177c1e1c6fd118ef3c6b15acda63902a
modules/servers/Smtphosting/templates/admin/ui/core/default/widget/others/detailsWidget_components.tpl,Administrative/internal,2470,1f74c6ec1a3487e63007d36a7aff4b25c3c4db04cc550f07aa5a528adc6f5a03
modules/servers/Smtphosting/templates/admin/ui/core/default/widget/others/infoWidget.tpl,Administrative/internal,1982,5b5e7aec93e1f1ca1199244e3e2739a6e932c82b6f5c401fc97686a4706ea5fd
modules/servers/Smtphosting/templates/admin/ui/core/default/widget/others/label.tpl,Administrative/internal,428,8abe7ccb3056f019e0956a93bb3ad32e4d8b5a64085ce18683a09ff11c746afe
modules/servers/Smtphosting/templates/admin/ui/core/default/widget/others/moduleDescription.tpl,Administrative/internal,351,423d8d0a74b89a777861f032b78430ae8fc59ec1f1570de295913379f2e0bea2
modules/servers/Smtphosting/templates/admin/ui/core/default/widget/others/passwordToggleButton.tpl,Administrative/internal,997,a42fd6d90f0b7dcc55090e64826b2a65a11e1d59032e058364ca22498defcaae
modules/servers/Smtphosting/templates/admin/ui/core/default/widget/others/passwordToggleButton_components.tpl,Administrative/internal,1678,2fc7f628f4ed147a73f9c446cae3e2ae201ebf1fd8fd7170034ee2025af8d686
modules/servers/Smtphosting/templates/admin/ui/core/default/widget/rawDataTable/rawDataTable.tpl,Administrative/internal,1303,919c0fa89f71d304221f86d8a972d1d9005cf6e33e441e8b35395e8ddb0a193c
modules/servers/Smtphosting/templates/admin/ui/core/default/widget/rawDataTable/rawDataTable_components.tpl,Administrative/internal,12491,a414839255ad0ea6af764a59be7ca9dd3f779bbdfb1d6132900b746b17cc2ccf
modules/servers/Smtphosting/templates/admin/ui/core/default/widget/sidebar/sidebar.tpl,Administrative/internal,862,4dca1f0d26f82ca35a1ee36e7b5f386123748e42c112743743b2330041c5174f
modules/servers/Smtphosting/templates/admin/ui/core/default/widget/sidebar/sidebarAjax.tpl,Administrative/internal,1008,de631528d175fc16ab3419a2be5b3002020b1ef8e291b2b66e8e098444e094a9
modules/servers/Smtphosting/templates/admin/ui/core/default/widget/sidebar/sidebarAjax_components.tpl,Administrative/internal,3065,21f235c5b66c1602c277749233c19e500c53e52d5d8dcac4bd99eef02abd42bf
modules/servers/Smtphosting/templates/admin/ui/core/default/widget/sidebar/sidebarItem.tpl,Administrative/internal,362,51096b58b2462618c4f91433db6e7ee0d79b4be8b36bca076600dde3b086a78a
modules/servers/Smtphosting/templates/admin/ui/core/default/widget/tab.tpl,Administrative/internal,984,5b5f69794c0356e0dcf8472f3e37a1c4459ab3030f177c8cdf3f78a5a0cf45db
modules/servers/Smtphosting/templates/admin/ui/core/default/widget/tabContainer.tpl,Administrative/internal,2768,975a373375b3110f9c47d367f15f44f5a608d1779d21caf06c7ba5eda6d20450
modules/servers/Smtphosting/templates/admin/ui/core/default/widget/tabContainerLeft.tpl,Administrative/internal,2662,446f6f08d8eb25c136a795b78adaa43a36c71328446b8b0649e967657cd16986
modules/servers/Smtphosting/templates/admin/ui/core/default/widget/tabContainerRight.tpl,Administrative/internal,2777,9d183904c3ce30e3944f9f0af78c512292f666dc1459cd5a6a98981e3bcea9d6
modules/servers/Smtphosting/templates/admin/ui/core/default/widget/tabs/tab.tpl,Administrative/internal,1,01ba4719c80b6fe911b091a7c05124b64eeece964e09c058ef8f9805daca546b
modules/servers/Smtphosting/templates/admin/ui/core/default/widget/tabs.tpl,Administrative/internal,1,01ba4719c80b6fe911b091a7c05124b64eeece964e09c058ef8f9805daca546b
modules/servers/Smtphosting/templates/admin/ui/core/default/widget/tabsWidget/tabsWidget.tpl,Administrative/internal,1978,87b30976a2ef896a8cc6d7f8dc5e7533f870eaa6a5842ecd702bf08b3587c90e
modules/servers/Smtphosting/templates/admin/ui/view.tpl,Administrative/internal,1151,b729023d69194476b1c77aac9ea5ba9c1663914d8c4ceeb6be6ade6bb8559991
modules/servers/Smtphosting/templates/assets/css/bootstrap-datepicker.css,Administrative/internal,23986,3a177be9b70aa58761bdce5753a8e2ac69afb51803305495ef1488e10c30605d
modules/servers/Smtphosting/templates/assets/css/mg_styles.css,Email,16510,5d425f1899d300986ea11b95aeb050d4c6a5bf0f4ac32b1ee4cc282e1abb3cc4
modules/servers/Smtphosting/templates/assets/css/sh.css,Email,12914,7d9226da4e5e45114bba7629afd275f604cdd6d668bec9c9ae1fc56a70b14b9a
modules/servers/Smtphosting/templates/assets/css/toast.css,Email,7008,332a4087321d4f99e658ddcca80257c3d13390e761f36074bfbde59502895de0
modules/servers/Smtphosting/templates/assets/img/OpenstackProjects/icon-panelLogin.png,Authentication,856,a91b0e7b23930c401b4c5f2d2ac1734cc18e0a024d53a0587a85b453430ad2f1
modules/servers/Smtphosting/templates/assets/js/bootstrap-datepicker.js,Administrative/internal,33694,00b54fbf2bd92fb2e5168bf1ecc904b20fe940cea99f830d432140369f940b3b
modules/servers/Smtphosting/templates/assets/js/toast.js,Email,13965,e312eead9116bd2c66919d254e8e24e43af28bf0e407d5e061be611ba742d137
modules/servers/Smtphosting/templates/assets/tpl/DefaultSSLSubmodule/clientarea.tpl,Client Area,1196,caaa60f8a31d83143ac9372d075a440f324c0f0157537cfbe885ee8e38db73e1
modules/servers/Smtphosting/templates/assets/tpl/DefaultSubmodule/clientarea.tpl,Client Area,31751,82db345f4cb238502167a4a29349b63fd107be9a8d5e850a10ef0bf9e597a576
modules/servers/Smtphosting/templates/assets/tpl/EasyDCIM/details.tpl,Email,1303,baf4853f740ebb81edcbd284971bd42c42662953773b628f46620543829ed92c
modules/servers/Smtphosting/templates/assets/tpl/EasyDCIM/graphs.tpl,Email,4034,92976f08ddd85cb58d466afcf525583c547487de2f6180e3e9349e4ed5bfeaea
modules/servers/Smtphosting/templates/assets/tpl/EasyDCIM/home.tpl,Email,0,e3b0c44298fc1c149afbf4c8996fb92427ae41e4649b934ca495991b7852b855
modules/servers/Smtphosting/templates/assets/tpl/GoDaddySSL/home.tpl,Email,4250,430bde8866f8b133e9272fc080e94753978e4a481fdd49f4d42e7ca26f8df5aa
modules/servers/Smtphosting/templates/assets/tpl/Licensing/details.tpl,Email,1531,9a019b05ed8bfc6c7dd4c5adf21d0191df0b241eef7ac0a14bc46e6859866f4c
modules/servers/Smtphosting/templates/assets/tpl/OpenstackProjects/clientarea.tpl,Client Area,2229,cc8fb2665e56ffd7192fc4f8c95ec98b64eb5f7b59567cc4aa6cf5c7fc628773
modules/servers/Smtphosting/templates/assets/tpl/PleskKeyAdministrator/details.tpl,Email,1937,cc7ae58fc00b2a33e476864378adfc3de7a6beb55f385cd8dbd72768ab434b87
modules/servers/Smtphosting/templates/assets/tpl/ProxmoxVPS/console-hook.html,Email,582,0ea896559bfac65de713ce83de7a7b58b8b2705013d8e99d2db5204aad550bb6
modules/servers/Smtphosting/templates/assets/tpl/ProxmoxVPS/details.tpl,Email,1523,a0b05b9160a008fbb71c17e4076bc2d1d82d864d226b52e0bd65493161369bc5
modules/servers/Smtphosting/templates/assets/tpl/ProxmoxVPS/graphs.tpl,Email,6867,4077375c7fbda8d8c33ad47d863ab5552ecfb49132a674647cb8bbc0dcdbee42
modules/servers/Smtphosting/templates/assets/tpl/ProxmoxVPS/home.tpl,Email,1090,7bc40128b191970c1303747125ea9a64835873dcf277387f51ce423e8678a743
modules/servers/Smtphosting/templates/assets/tpl/ProxmoxVPS/novnc/AUTHORS,Authentication,358,38463c9618552d2363e1cfed4a70887086ec90f2b3ddca22fff6c906cc31a75f
modules/servers/Smtphosting/templates/assets/tpl/ProxmoxVPS/novnc/AUTHORS_Zone.Identifier,Authentication,75,9de4d47c2b04f332df5e430029b7c2db137852b161d51610ff41caef2fe6b687
modules/servers/Smtphosting/templates/assets/tpl/ProxmoxVPS/novnc/LICENSE.txt,Email,2318,e52e8b5d5cd22423a055ba848e76d7ea23829ddb6b27409a71839755c4c06808
modules/servers/Smtphosting/templates/assets/tpl/ProxmoxVPS/novnc/LICENSE.txt_Zone.Identifier,Email,75,9de4d47c2b04f332df5e430029b7c2db137852b161d51610ff41caef2fe6b687
modules/servers/Smtphosting/templates/assets/tpl/ProxmoxVPS/novnc/README.md_Zone.Identifier,Email,75,9de4d47c2b04f332df5e430029b7c2db137852b161d51610ff41caef2fe6b687
modules/servers/Smtphosting/templates/assets/tpl/ProxmoxVPS/novnc/VERSION,Email,6,1575e1af4a95f12f70b4ee6a6adce8160953d93ea17dc2611b90883ccc3ad3b8
modules/servers/Smtphosting/templates/assets/tpl/ProxmoxVPS/novnc/VERSION_Zone.Identifier,Email,75,9de4d47c2b04f332df5e430029b7c2db137852b161d51610ff41caef2fe6b687
modules/servers/Smtphosting/templates/assets/tpl/ProxmoxVPS/novnc/core/base64.js,Email,4189,8a16979b0e7b936df58ff219a148cd54e68e0c822dca134e1fa59ecdb9661db4
modules/servers/Smtphosting/templates/assets/tpl/ProxmoxVPS/novnc/core/base64.js_Zone.Identifier,Email,75,9de4d47c2b04f332df5e430029b7c2db137852b161d51610ff41caef2fe6b687
modules/servers/Smtphosting/templates/assets/tpl/ProxmoxVPS/novnc/core/decoders/copyrect.js,Email,628,6b2bb918bc6a0df1c7df3691afb23ef50979c46e09027728e1dfecbb2aa1fa2d
modules/servers/Smtphosting/templates/assets/tpl/ProxmoxVPS/novnc/core/decoders/copyrect.js_Zone.Identifier,Email,75,9de4d47c2b04f332df5e430029b7c2db137852b161d51610ff41caef2fe6b687
modules/servers/Smtphosting/templates/assets/tpl/ProxmoxVPS/novnc/core/decoders/hextile.js,Email,4814,156e73dc8366faee24ba2ccc54e5a9d495e2953639fb007b99566454fe4d3651
modules/servers/Smtphosting/templates/assets/tpl/ProxmoxVPS/novnc/core/decoders/hextile.js_Zone.Identifier,Email,75,9de4d47c2b04f332df5e430029b7c2db137852b161d51610ff41caef2fe6b687
modules/servers/Smtphosting/templates/assets/tpl/ProxmoxVPS/novnc/core/decoders/raw.js,Email,1739,986700c1d584d00aff504c3611029b88b2069dcca030098ab2df4dabc2a89019
modules/servers/Smtphosting/templates/assets/tpl/ProxmoxVPS/novnc/core/decoders/raw.js_Zone.Identifier,Email,75,9de4d47c2b04f332df5e430029b7c2db137852b161d51610ff41caef2fe6b687
modules/servers/Smtphosting/templates/assets/tpl/ProxmoxVPS/novnc/core/decoders/rre.js,Email,1210,0321c7427bb46e3a49657ed32f5384610f0c0e982c52d3fa62b314e9fa21e2c9
modules/servers/Smtphosting/templates/assets/tpl/ProxmoxVPS/novnc/core/decoders/rre.js_Zone.Identifier,Email,75,9de4d47c2b04f332df5e430029b7c2db137852b161d51610ff41caef2fe6b687
modules/servers/Smtphosting/templates/assets/tpl/ProxmoxVPS/novnc/core/decoders/tight.js,Email,9662,84f8215587dfcb6499f60184d81182f56ad5233bea52dfdcd638208410bb49e5
modules/servers/Smtphosting/templates/assets/tpl/ProxmoxVPS/novnc/core/decoders/tight.js_Zone.Identifier,Email,75,9de4d47c2b04f332df5e430029b7c2db137852b161d51610ff41caef2fe6b687
modules/servers/Smtphosting/templates/assets/tpl/ProxmoxVPS/novnc/core/decoders/tightpng.js,Email,768,650711e24987b251bd6d2f0198324108540afde8d7b99c9007ff0e50d8d436b9
modules/servers/Smtphosting/templates/assets/tpl/ProxmoxVPS/novnc/core/decoders/tightpng.js_Zone.Identifier,Email,75,9de4d47c2b04f332df5e430029b7c2db137852b161d51610ff41caef2fe6b687
modules/servers/Smtphosting/templates/assets/tpl/ProxmoxVPS/novnc/core/des.js,Email,11241,5051c9917619a783980547ec772fafba7dcf7466363386e2584cf0562e9f6b32
modules/servers/Smtphosting/templates/assets/tpl/ProxmoxVPS/novnc/core/des.js_Zone.Identifier,Email,75,9de4d47c2b04f332df5e430029b7c2db137852b161d51610ff41caef2fe6b687
modules/servers/Smtphosting/templates/assets/tpl/ProxmoxVPS/novnc/core/display.js,Email,20765,b797b5004e8be74259f625d6ddb598787a4ef3bd2f27573ac60232d3ccdc6e26
modules/servers/Smtphosting/templates/assets/tpl/ProxmoxVPS/novnc/core/display.js_Zone.Identifier,Email,75,9de4d47c2b04f332df5e430029b7c2db137852b161d51610ff41caef2fe6b687
modules/servers/Smtphosting/templates/assets/tpl/ProxmoxVPS/novnc/core/encodings.js,Email,1294,0ff9f740515eb032c9a8a4e6139141155afc8be43d0b8c947b021c63b03a0662
modules/servers/Smtphosting/templates/assets/tpl/ProxmoxVPS/novnc/core/encodings.js_Zone.Identifier,Email,75,9de4d47c2b04f332df5e430029b7c2db137852b161d51610ff41caef2fe6b687
modules/servers/Smtphosting/templates/assets/tpl/ProxmoxVPS/novnc/core/inflator.js,Email,1170,612e30493f7aae7c450edbdcb1605d5e213550458ab32420fe97434d028acfdc
modules/servers/Smtphosting/templates/assets/tpl/ProxmoxVPS/novnc/core/inflator.js_Zone.Identifier,Email,75,9de4d47c2b04f332df5e430029b7c2db137852b161d51610ff41caef2fe6b687
modules/servers/Smtphosting/templates/assets/tpl/ProxmoxVPS/novnc/core/input/domkeytable.js,Email,11438,0fc3bb7321fb633a28c6d433fce8b9a1b15b269133b459db9ae0db8a29b396fb
modules/servers/Smtphosting/templates/assets/tpl/ProxmoxVPS/novnc/core/input/domkeytable.js_Zone.Identifier,Email,75,9de4d47c2b04f332df5e430029b7c2db137852b161d51610ff41caef2fe6b687
modules/servers/Smtphosting/templates/assets/tpl/ProxmoxVPS/novnc/core/input/fixedkeys.js,Email,3804,59af0fce68461b14f7ac62643d087655287e61c158aefa55c8a1ef0c9e1c01f9
modules/servers/Smtphosting/templates/assets/tpl/ProxmoxVPS/novnc/core/input/fixedkeys.js_Zone.Identifier,Email,75,9de4d47c2b04f332df5e430029b7c2db137852b161d51610ff41caef2fe6b687
modules/servers/Smtphosting/templates/assets/tpl/ProxmoxVPS/novnc/core/input/keyboard.js,Email,12954,f03b4abbcc6db17d53e6a3c31e731fccbe10a2f98614b43a36799a5237d48b99
modules/servers/Smtphosting/templates/assets/tpl/ProxmoxVPS/novnc/core/input/keyboard.js_Zone.Identifier,Email,75,9de4d47c2b04f332df5e430029b7c2db137852b161d51610ff41caef2fe6b687
modules/servers/Smtphosting/templates/assets/tpl/ProxmoxVPS/novnc/core/input/keysym.js,Email,34609,4ddf0e21f07328358974d91aa2d7f839ba2116688b28e43d3f6f4e2eae8c45cf
modules/servers/Smtphosting/templates/assets/tpl/ProxmoxVPS/novnc/core/input/keysym.js_Zone.Identifier,Email,75,9de4d47c2b04f332df5e430029b7c2db137852b161d51610ff41caef2fe6b687
modules/servers/Smtphosting/templates/assets/tpl/ProxmoxVPS/novnc/core/input/keysymdef.js,Email,25374,76f338d45fb73b7decb7d8b4ef6e95edf7ce9583722c5220642a9be85fc2cc89
modules/servers/Smtphosting/templates/assets/tpl/ProxmoxVPS/novnc/core/input/keysymdef.js_Zone.Identifier,Email,75,9de4d47c2b04f332df5e430029b7c2db137852b161d51610ff41caef2fe6b687
modules/servers/Smtphosting/templates/assets/tpl/ProxmoxVPS/novnc/core/input/mouse.js,Email,9995,476a2ed0bf37dfb454c38a9c4783b456a6cbaac9c6e8e08569a8fdc552a0d450
modules/servers/Smtphosting/templates/assets/tpl/ProxmoxVPS/novnc/core/input/mouse.js_Zone.Identifier,Email,75,9de4d47c2b04f332df5e430029b7c2db137852b161d51610ff41caef2fe6b687
modules/servers/Smtphosting/templates/assets/tpl/ProxmoxVPS/novnc/core/input/util.js,Email,5283,e88c41d1d87ac44f3c39e3f8e590f6450a9a5981e87d391a1806daa6414e96d4
modules/servers/Smtphosting/templates/assets/tpl/ProxmoxVPS/novnc/core/input/util.js_Zone.Identifier,Email,75,9de4d47c2b04f332df5e430029b7c2db137852b161d51610ff41caef2fe6b687
modules/servers/Smtphosting/templates/assets/tpl/ProxmoxVPS/novnc/core/input/vkeys.js,Email,2580,1e7d6922dc02f61ef2302cc61e171a9b943e2fdba4078092df700da14e57e31b
modules/servers/Smtphosting/templates/assets/tpl/ProxmoxVPS/novnc/core/input/vkeys.js_Zone.Identifier,Email,75,9de4d47c2b04f332df5e430029b7c2db137852b161d51610ff41caef2fe6b687
modules/servers/Smtphosting/templates/assets/tpl/ProxmoxVPS/novnc/core/input/xtscancodes.js,Email,14256,2b3ec33056f05319e55854769397c988f8cfb858affda579843f29d8b914a674
modules/servers/Smtphosting/templates/assets/tpl/ProxmoxVPS/novnc/core/input/xtscancodes.js_Zone.Identifier,Email,75,9de4d47c2b04f332df5e430029b7c2db137852b161d51610ff41caef2fe6b687
modules/servers/Smtphosting/templates/assets/tpl/ProxmoxVPS/novnc/core/rfb.js,Email,68888,09a7645120a1e0fcb39e49551b0bf26962690ce66fd6fcb2a92bdc03340b9869
modules/servers/Smtphosting/templates/assets/tpl/ProxmoxVPS/novnc/core/rfb.js_Zone.Identifier,Email,75,9de4d47c2b04f332df5e430029b7c2db137852b161d51610ff41caef2fe6b687
modules/servers/Smtphosting/templates/assets/tpl/ProxmoxVPS/novnc/core/util/browser.js,Email,3134,10ddb6164c556f735de8eb8ead172218c7f30cfa5a6659019f86ff431c2c9a6d
modules/servers/Smtphosting/templates/assets/tpl/ProxmoxVPS/novnc/core/util/browser.js_Zone.Identifier,Email,75,9de4d47c2b04f332df5e430029b7c2db137852b161d51610ff41caef2fe6b687
modules/servers/Smtphosting/templates/assets/tpl/ProxmoxVPS/novnc/core/util/cursor.js,Email,7556,fde9c1dab57d359368a7a9adf3b750b99c8d57b1fef475646575f50423246a5d
modules/servers/Smtphosting/templates/assets/tpl/ProxmoxVPS/novnc/core/util/cursor.js_Zone.Identifier,Email,75,9de4d47c2b04f332df5e430029b7c2db137852b161d51610ff41caef2fe6b687
modules/servers/Smtphosting/templates/assets/tpl/ProxmoxVPS/novnc/core/util/events.js,Email,4221,1f252369019a4b9a3722512aa36949766be42cce121343ab0375778523b3abe3
modules/servers/Smtphosting/templates/assets/tpl/ProxmoxVPS/novnc/core/util/events.js_Zone.Identifier,Email,75,9de4d47c2b04f332df5e430029b7c2db137852b161d51610ff41caef2fe6b687
modules/servers/Smtphosting/templates/assets/tpl/ProxmoxVPS/novnc/core/util/eventtarget.js,Email,896,f19907a7e21649a5339913fc3a332bc1f8372e7c462cef1668ab252730cca37c
modules/servers/Smtphosting/templates/assets/tpl/ProxmoxVPS/novnc/core/util/eventtarget.js_Zone.Identifier,Email,75,9de4d47c2b04f332df5e430029b7c2db137852b161d51610ff41caef2fe6b687
modules/servers/Smtphosting/templates/assets/tpl/ProxmoxVPS/novnc/core/util/logging.js,Email,1358,9506af08129a0ac181b424a8a2609c1152918d02cff590fbde8b15a1fa6700b4
modules/servers/Smtphosting/templates/assets/tpl/ProxmoxVPS/novnc/core/util/logging.js_Zone.Identifier,Email,75,9de4d47c2b04f332df5e430029b7c2db137852b161d51610ff41caef2fe6b687
modules/servers/Smtphosting/templates/assets/tpl/ProxmoxVPS/novnc/core/util/polyfill.js,Email,1866,6480a8735450d073bbf46952dfb1562c85637b5151025e58ca1377f9da3e51e1
modules/servers/Smtphosting/templates/assets/tpl/ProxmoxVPS/novnc/core/util/polyfill.js_Zone.Identifier,Email,75,9de4d47c2b04f332df5e430029b7c2db137852b161d51610ff41caef2fe6b687
modules/servers/Smtphosting/templates/assets/tpl/ProxmoxVPS/novnc/core/util/strings.js,Email,301,63d88d3024db1b66760ff9e1b4f8259bd719e357acaad84e227ea6056b572ab7
modules/servers/Smtphosting/templates/assets/tpl/ProxmoxVPS/novnc/core/util/strings.js_Zone.Identifier,Email,75,9de4d47c2b04f332df5e430029b7c2db137852b161d51610ff41caef2fe6b687
modules/servers/Smtphosting/templates/assets/tpl/ProxmoxVPS/novnc/core/websock.js,Email,8676,0707ce32703a1b2f8419b2c221fd3a39df05612f9a096d459f1cc04a128325b5
modules/servers/Smtphosting/templates/assets/tpl/ProxmoxVPS/novnc/core/websock.js_Zone.Identifier,Email,75,9de4d47c2b04f332df5e430029b7c2db137852b161d51610ff41caef2fe6b687
modules/servers/Smtphosting/templates/assets/tpl/ProxmoxVPS/novnc/vendor/browser-es-module-loader/README.md_Zone.Identifier,Administrative/internal,75,9de4d47c2b04f332df5e430029b7c2db137852b161d51610ff41caef2fe6b687
modules/servers/Smtphosting/templates/assets/tpl/ProxmoxVPS/novnc/vendor/browser-es-module-loader/dist/babel-worker.js,Administrative/internal,1699375,b85ee9f4b60ecb783b747d4efb77cdcb6056a113666913184a6e2d2ce6742de6
modules/servers/Smtphosting/templates/assets/tpl/ProxmoxVPS/novnc/vendor/browser-es-module-loader/dist/babel-worker.js_Zone.Identifier,Administrative/internal,75,9de4d47c2b04f332df5e430029b7c2db137852b161d51610ff41caef2fe6b687
modules/servers/Smtphosting/templates/assets/tpl/ProxmoxVPS/novnc/vendor/browser-es-module-loader/dist/browser-es-module-loader.js,Administrative/internal,45496,e8e547b43e4b37b5927396ee4573ab672f7678cd29cabefa0f73858d6dc855d1
modules/servers/Smtphosting/templates/assets/tpl/ProxmoxVPS/novnc/vendor/browser-es-module-loader/dist/browser-es-module-loader.js.map,Administrative/internal,88084,d3db7136b720bc06553e3b6fcad2fc942ff0a98f17977270647ac01fe724a6d4
modules/servers/Smtphosting/templates/assets/tpl/ProxmoxVPS/novnc/vendor/browser-es-module-loader/dist/browser-es-module-loader.js.map_Zone.Identifier,Administrative/internal,75,9de4d47c2b04f332df5e430029b7c2db137852b161d51610ff41caef2fe6b687
modules/servers/Smtphosting/templates/assets/tpl/ProxmoxVPS/novnc/vendor/browser-es-module-loader/dist/browser-es-module-loader.js_Zone.Identifier,Administrative/internal,75,9de4d47c2b04f332df5e430029b7c2db137852b161d51610ff41caef2fe6b687
modules/servers/Smtphosting/templates/assets/tpl/ProxmoxVPS/novnc/vendor/browser-es-module-loader/rollup.config.js,Administrative/internal,359,3c071cdb8f09d43efdfaee334a15111e8a45a54997e3e48f51b0389b863c79d8
modules/servers/Smtphosting/templates/assets/tpl/ProxmoxVPS/novnc/vendor/browser-es-module-loader/rollup.config.js_Zone.Identifier,Administrative/internal,75,9de4d47c2b04f332df5e430029b7c2db137852b161d51610ff41caef2fe6b687
modules/servers/Smtphosting/templates/assets/tpl/ProxmoxVPS/novnc/vendor/browser-es-module-loader/src/babel-worker.js,Administrative/internal,1113,a52f92c5f7c2a75d418ea027bd133b5401bb20ca9c10446e77497c9d0e3ac890
modules/servers/Smtphosting/templates/assets/tpl/ProxmoxVPS/novnc/vendor/browser-es-module-loader/src/babel-worker.js_Zone.Identifier,Administrative/internal,75,9de4d47c2b04f332df5e430029b7c2db137852b161d51610ff41caef2fe6b687
modules/servers/Smtphosting/templates/assets/tpl/ProxmoxVPS/novnc/vendor/browser-es-module-loader/src/browser-es-module-loader.js,Administrative/internal,8601,3b64d972f9c27e3d3ac6e174b4406ba99f4c786397cfc8d791f1ec0ce2b4d99b
modules/servers/Smtphosting/templates/assets/tpl/ProxmoxVPS/novnc/vendor/browser-es-module-loader/src/browser-es-module-loader.js_Zone.Identifier,Administrative/internal,75,9de4d47c2b04f332df5e430029b7c2db137852b161d51610ff41caef2fe6b687
modules/servers/Smtphosting/templates/assets/tpl/ProxmoxVPS/novnc/vendor/pako/LICENSE,Administrative/internal,1084,3bc404ffa7888053253eedcc5a667619aa08dc1be0bea400e5ff28c51602180f
modules/servers/Smtphosting/templates/assets/tpl/ProxmoxVPS/novnc/vendor/pako/LICENSE_Zone.Identifier,Administrative/internal,75,9de4d47c2b04f332df5e430029b7c2db137852b161d51610ff41caef2fe6b687
modules/servers/Smtphosting/templates/assets/tpl/ProxmoxVPS/novnc/vendor/pako/README.md_Zone.Identifier,Administrative/internal,75,9de4d47c2b04f332df5e430029b7c2db137852b161d51610ff41caef2fe6b687
modules/servers/Smtphosting/templates/assets/tpl/ProxmoxVPS/novnc/vendor/pako/lib/utils/common.js,Administrative/internal,1062,0749bc4661ed186714b90e7f2321c9625a8ce7c680563bfe3ac6df7aa332bf28
modules/servers/Smtphosting/templates/assets/tpl/ProxmoxVPS/novnc/vendor/pako/lib/utils/common.js_Zone.Identifier,Administrative/internal,75,9de4d47c2b04f332df5e430029b7c2db137852b161d51610ff41caef2fe6b687
modules/servers/Smtphosting/templates/assets/tpl/ProxmoxVPS/novnc/vendor/pako/lib/zlib/adler32.js,Administrative/internal,666,7412dd3ecc015888b99292f45e4d4ba69abc77f208508c9a1c93e8dfe54ba6cd
modules/servers/Smtphosting/templates/assets/tpl/ProxmoxVPS/novnc/vendor/pako/lib/zlib/adler32.js_Zone.Identifier,Administrative/internal,75,9de4d47c2b04f332df5e430029b7c2db137852b161d51610ff41caef2fe6b687
modules/servers/Smtphosting/templates/assets/tpl/ProxmoxVPS/novnc/vendor/pako/lib/zlib/constants.js,Administrative/internal,1334,9d2c0dd36349e6eec9d41a37f965b2ff7e7374fbf00fb139e3116d428b551898
modules/servers/Smtphosting/templates/assets/tpl/ProxmoxVPS/novnc/vendor/pako/lib/zlib/constants.js_Zone.Identifier,Administrative/internal,75,9de4d47c2b04f332df5e430029b7c2db137852b161d51610ff41caef2fe6b687
modules/servers/Smtphosting/templates/assets/tpl/ProxmoxVPS/novnc/vendor/pako/lib/zlib/crc32.js,Administrative/internal,764,897fa9eabd2bb239ec632326dbff85bc72cc81d4da80265cde59520db339f405
modules/servers/Smtphosting/templates/assets/tpl/ProxmoxVPS/novnc/vendor/pako/lib/zlib/crc32.js_Zone.Identifier,Administrative/internal,75,9de4d47c2b04f332df5e430029b7c2db137852b161d51610ff41caef2fe6b687
modules/servers/Smtphosting/templates/assets/tpl/ProxmoxVPS/novnc/vendor/pako/lib/zlib/deflate.js,Administrative/internal,60016,ae4c51f262118656c09956f1ad79c9a00d745c78ebac8cf70a8b42499076a583
modules/servers/Smtphosting/templates/assets/tpl/ProxmoxVPS/novnc/vendor/pako/lib/zlib/deflate.js_Zone.Identifier,Administrative/internal,75,9de4d47c2b04f332df5e430029b7c2db137852b161d51610ff41caef2fe6b687
modules/servers/Smtphosting/templates/assets/tpl/ProxmoxVPS/novnc/vendor/pako/lib/zlib/gzheader.js,Administrative/internal,1251,9f9b2da72593769fcc97d397ceb771bb11d5b96f202759e2ed014c2be24d40d7
modules/servers/Smtphosting/templates/assets/tpl/ProxmoxVPS/novnc/vendor/pako/lib/zlib/gzheader.js_Zone.Identifier,Administrative/internal,75,9de4d47c2b04f332df5e430029b7c2db137852b161d51610ff41caef2fe6b687
modules/servers/Smtphosting/templates/assets/tpl/ProxmoxVPS/novnc/vendor/pako/lib/zlib/inffast.js,Administrative/internal,11690,ec1e0f7abeec681a0d5e3da46d06f499969cbf265eaaa5e21a135d2a9b878c16
modules/servers/Smtphosting/templates/assets/tpl/ProxmoxVPS/novnc/vendor/pako/lib/zlib/inffast.js_Zone.Identifier,Administrative/internal,75,9de4d47c2b04f332df5e430029b7c2db137852b161d51610ff41caef2fe6b687
modules/servers/Smtphosting/templates/assets/tpl/ProxmoxVPS/novnc/vendor/pako/lib/zlib/inflate.js,Administrative/internal,47128,c431b9ef7c9fbc915e4335b99e8a4aa2d5f17438c955b7a64e97d1f6dc66e80f
modules/servers/Smtphosting/templates/assets/tpl/ProxmoxVPS/novnc/vendor/pako/lib/zlib/inflate.js_Zone.Identifier,Administrative/internal,75,9de4d47c2b04f332df5e430029b7c2db137852b161d51610ff41caef2fe6b687
modules/servers/Smtphosting/templates/assets/tpl/ProxmoxVPS/novnc/vendor/pako/lib/zlib/inftrees.js,Administrative/internal,11527,94780cbdef562bcd0434c7e6f4faca1ff6be6980bf7305a200809d98d419d9c7
modules/servers/Smtphosting/templates/assets/tpl/ProxmoxVPS/novnc/vendor/pako/lib/zlib/inftrees.js_Zone.Identifier,Administrative/internal,75,9de4d47c2b04f332df5e430029b7c2db137852b161d51610ff41caef2fe6b687
modules/servers/Smtphosting/templates/assets/tpl/ProxmoxVPS/novnc/vendor/pako/lib/zlib/messages.js,Administrative/internal,560,7860a8d3c873c28e4f5f92db9ca3e45006e21b084210d87b8b7775cddccf05ed
modules/servers/Smtphosting/templates/assets/tpl/ProxmoxVPS/novnc/vendor/pako/lib/zlib/messages.js_Zone.Identifier,Administrative/internal,75,9de4d47c2b04f332df5e430029b7c2db137852b161d51610ff41caef2fe6b687
modules/servers/Smtphosting/templates/assets/tpl/ProxmoxVPS/novnc/vendor/pako/lib/zlib/trees.js,Administrative/internal,38767,ad9cb5245b9e39edd164234d6ca19febb9dba683f1f99a67af48d62931d91426
modules/servers/Smtphosting/templates/assets/tpl/ProxmoxVPS/novnc/vendor/pako/lib/zlib/trees.js_Zone.Identifier,Administrative/internal,75,9de4d47c2b04f332df5e430029b7c2db137852b161d51610ff41caef2fe6b687
modules/servers/Smtphosting/templates/assets/tpl/ProxmoxVPS/novnc/vendor/pako/lib/zlib/zstream.js,Administrative/internal,823,240917347c379b1ad33b8bf07cc6981557173bc3408f35e9875866a14b9967b2
modules/servers/Smtphosting/templates/assets/tpl/ProxmoxVPS/novnc/vendor/pako/lib/zlib/zstream.js_Zone.Identifier,Administrative/internal,75,9de4d47c2b04f332df5e430029b7c2db137852b161d51610ff41caef2fe6b687
modules/servers/Smtphosting/templates/assets/tpl/ProxmoxVPS/novnc/vendor/promise.js,Administrative/internal,7388,5eec1160b8f785005c6e482ee3aeb663d49873683f5a9607984a0f4352a9e0a8
modules/servers/Smtphosting/templates/assets/tpl/ProxmoxVPS/novnc/vendor/promise.js_Zone.Identifier,Administrative/internal,75,9de4d47c2b04f332df5e430029b7c2db137852b161d51610ff41caef2fe6b687
modules/servers/Smtphosting/templates/assets/tpl/ProxmoxVPS/novnc.tpl,Email,5614,7fc482d7f5ead4b8295994e52d171cbfe1427949244e17c12c456b474663f3af
modules/servers/Smtphosting/templates/assets/tpl/ProxmoxVPS/reinstall.tpl,Email,5654,bbdb224d345f1d7fd587de9b9af90aa06c857a600e4d6c52ba3b98f8144c4535
modules/servers/Smtphosting/templates/assets/tpl/ProxmoxVPS/xterm/LICENSE,Email,1261,b569f629d00f2626a8100df2a1798210535621e42164dfd426a6fe5aac7b0ccd
modules/servers/Smtphosting/templates/assets/tpl/ProxmoxVPS/xterm/css/style.css,Email,1643,25cce1f6358def41b41cb03664bcb6c0f173e83dd58090061e6c61c5a81a3f4e
modules/servers/Smtphosting/templates/assets/tpl/ProxmoxVPS/xterm/css/xterm.css,Email,4029,2b0d563c785778a5473756fc947a47777df8fc488d13ac84c38bcd612f98e0d2
modules/servers/Smtphosting/templates/assets/tpl/ProxmoxVPS/xterm/lib/util.js,Administrative/internal,619,6702c1fc0990954185df63bd6c89a82ee383cf4d9857b8386354cffc2cbc4d70
modules/servers/Smtphosting/templates/assets/tpl/ProxmoxVPS/xterm/lib/xterm.js,Administrative/internal,310325,35f35fe89558684574a52f95e1106ffa140c7a461d83d538babbbb9d04ccadba
modules/servers/Smtphosting/templates/assets/tpl/ProxmoxVPS/xterm/lib/xterm.js.map,Administrative/internal,1058567,14dbf4fad093abdde7713f71758ad7a9fde6bc557082ad3faa3f8dd4722a54ea
modules/servers/Smtphosting/templates/assets/tpl/ProxmoxVPS/xterm/package.json,Email,3628,45e8772761736394ac40dc03d8669bd60b24b03d3ee45256e306c8bf6965f4d4
modules/servers/Smtphosting/templates/assets/tpl/ProxmoxVPS/xterm/src/browser/AccessibilityManager.ts,Email,11457,3952d1936ea5ac1207e280e3e4945658dde2c4f0b75e6ba2ee7f61381019ed08
modules/servers/Smtphosting/templates/assets/tpl/ProxmoxVPS/xterm/src/browser/Clipboard.ts,Email,3482,722bf2b132103432da282255046e2f24be5860575dd301357370bef8c86c0d5b
modules/servers/Smtphosting/templates/assets/tpl/ProxmoxVPS/xterm/src/browser/Color.ts,Email,7640,f690caa5f2e4965a5a7299f8fc8dbfc4595d201cf0c6f97bca9b0702b8f3a918
modules/servers/Smtphosting/templates/assets/tpl/ProxmoxVPS/xterm/src/browser/ColorContrastCache.ts,Email,1102,4d56dd145d1bbe123b88c024c14ae97632219844dd37808ceab37802ff77188c
modules/servers/Smtphosting/templates/assets/tpl/ProxmoxVPS/xterm/src/browser/ColorManager.ts,Email,8411,e2966f1a9398efdfb249f60744dcf90d0efd8af05dca62c5076e78f4718c4649
modules/servers/Smtphosting/templates/assets/tpl/ProxmoxVPS/xterm/src/browser/Dom.ts,Email,254,d3ecfef2256040d2960c65e5c54df2a81545bc481c29fca04188a0bbb7b3965c
modules/servers/Smtphosting/templates/assets/tpl/ProxmoxVPS/xterm/src/browser/Lifecycle.ts,Email,730,bab0ecf74b3172f40b1c722113144543b51c24f46d1a0aa55958314c73802412
modules/servers/Smtphosting/templates/assets/tpl/ProxmoxVPS/xterm/src/browser/Linkifier.ts,Email,13340,acd7c6d5d47fbd3790e4eef028623716a01613325c96e8420656d6cdeb7d8b4f
modules/servers/Smtphosting/templates/assets/tpl/ProxmoxVPS/xterm/src/browser/Linkifier2.ts,Email,15124,bfcf7fd7e2aa6b82874f63f137421cee1663267b8135486ebac416cab1838b0c
modules/servers/Smtphosting/templates/assets/tpl/ProxmoxVPS/xterm/src/browser/LocalizableStrings.ts,Email,309,ae0de813976a2443c52e7841ee34b962a2edc4914dae44092ebf452f41ae60e6
modules/servers/Smtphosting/templates/assets/tpl/ProxmoxVPS/xterm/src/browser/MouseZoneManager.ts,Email,7648,99b64d19c2edc635f6c98a2d107ea432e0944ee1cf3f17c9be054dc279dab4ad
modules/servers/Smtphosting/templates/assets/tpl/ProxmoxVPS/xterm/src/browser/RenderDebouncer.ts,Email,1966,cdac1c228818514b9bf520d9d88d9614d68ffdf576364b29858fee5a2285be29
modules/servers/Smtphosting/templates/assets/tpl/ProxmoxVPS/xterm/src/browser/ScreenDprMonitor.ts,Email,2306,8df52ba37355449c84d1a7c9ffef6c30303feb558dc3b3bf0bdc1790dd05059e
modules/servers/Smtphosting/templates/assets/tpl/ProxmoxVPS/xterm/src/browser/Terminal.ts,Email,50115,b2cfd19801f5584975161e9067c0f0eb30b7bfc31799b6e4843fc23601f3217b
modules/servers/Smtphosting/templates/assets/tpl/ProxmoxVPS/xterm/src/browser/Types.d.ts,Email,9715,711e93935a68f83b70c820009d6f4af9d8db27c38736936cc1791df3b75eddf0
modules/servers/Smtphosting/templates/assets/tpl/ProxmoxVPS/xterm/src/browser/Viewport.ts,Email,10101,397eab5e0642a588982cd1070e61a85ffbf3f96cee1b28298a4a345fb3e0355a
modules/servers/Smtphosting/templates/assets/tpl/ProxmoxVPS/xterm/src/browser/input/CompositionHelper.ts,Email,9778,29aa69f1abaa636dd8a0743f36e6c570838aafa15c676803ee4c414d9384ec33
modules/servers/Smtphosting/templates/assets/tpl/ProxmoxVPS/xterm/src/browser/input/Mouse.ts,Email,2444,b64e113db7e563f2e5a1fc863e7f9ffae81a94a59af316b4571c1e14d7f875fa
modules/servers/Smtphosting/templates/assets/tpl/ProxmoxVPS/xterm/src/browser/input/MoveToCell.ts,Email,8297,74bc8184f77a22d53d4657b0943f946239f9076117b58247875102d1da8698b0
modules/servers/Smtphosting/templates/assets/tpl/ProxmoxVPS/xterm/src/browser/public/AddonManager.ts,Email,1420,5fcec8acb487bb4fa2f2649c8ab3abd2a121d5b111be82d5113f1dcb3be6ab26
modules/servers/Smtphosting/templates/assets/tpl/ProxmoxVPS/xterm/src/browser/public/Terminal.ts,Email,14008,8a3df4392c4cf19be7a859053b11bfb1ab2f51cf6b6f349bc72a3d9fc24a2ca6
modules/servers/Smtphosting/templates/assets/tpl/ProxmoxVPS/xterm/src/browser/renderer/BaseRenderLayer.ts,Email,16820,8fe4fcda0784c1ee9d2ac59acea9421cea400b6ca4017e8bf859a19f8ebb643e
modules/servers/Smtphosting/templates/assets/tpl/ProxmoxVPS/xterm/src/browser/renderer/CursorRenderLayer.ts,Email,12206,59d29a82cb2b0221724e3d62d876e7efb90c340253e253fefe2a702f40140f49
modules/servers/Smtphosting/templates/assets/tpl/ProxmoxVPS/xterm/src/browser/renderer/GridCache.ts,Email,747,b96a9c5607e73ffd1fabe5d17faa9ec5961a7837f40d1c94740cb7339db1abfe
modules/servers/Smtphosting/templates/assets/tpl/ProxmoxVPS/xterm/src/browser/renderer/LinkRenderLayer.ts,Email,2817,3f181cf73456d7b26333ca168f75f514268c73e5454780ddd1b5c7e4d57944a5
modules/servers/Smtphosting/templates/assets/tpl/ProxmoxVPS/xterm/src/browser/renderer/Renderer.ts,Email,8688,725fa4f8ff3ee2e514f131fa15d50815c278cf8220fc91475f40bfae32442e64
modules/servers/Smtphosting/templates/assets/tpl/ProxmoxVPS/xterm/src/browser/renderer/RendererUtils.ts,Email,242,fee7a8dbd1b7070a138165c19ba69dfe52fcd2a1eeae6494542016387c7c224a
modules/servers/Smtphosting/templates/assets/tpl/ProxmoxVPS/xterm/src/browser/renderer/SelectionRenderLayer.ts,Email,4444,782bdadb8f2715de3b4cd33fd685da6a4baa73eef793b2e65eee134a5e985869
modules/servers/Smtphosting/templates/assets/tpl/ProxmoxVPS/xterm/src/browser/renderer/TextRenderLayer.ts,Email,11521,40ef0c5eda303d94c6fa3a974538e7856b1e691fd496eb0c3ff6378d0ef374b0
modules/servers/Smtphosting/templates/assets/tpl/ProxmoxVPS/xterm/src/browser/renderer/Types.d.ts,Email,2480,cfb2f928cca132e72493b145e4ee617619e7e673ddc6a286c7d21d97d52d714f
modules/servers/Smtphosting/templates/assets/tpl/ProxmoxVPS/xterm/src/browser/renderer/atlas/BaseCharAtlas.ts,Email,1718,e89952e5e521112828210876addc8cd1a4d477327368a08c3295a3da73d66cd0
modules/servers/Smtphosting/templates/assets/tpl/ProxmoxVPS/xterm/src/browser/renderer/atlas/CharAtlasCache.ts,Email,2949,305f1a8f55112d98d4c3f6379a8e0e0ac1a3489f09b62573e25f33302bd3907e
modules/servers/Smtphosting/templates/assets/tpl/ProxmoxVPS/xterm/src/browser/renderer/atlas/CharAtlasUtils.ts,Email,1868,65e6acd07b0ba259be92ad8c2ddb494b1f2bfe58c213116668c88750bd0faaa7
modules/servers/Smtphosting/templates/assets/tpl/ProxmoxVPS/xterm/src/browser/renderer/atlas/Constants.ts,Email,208,411df1dc79cee1384ec51b9a75ba64a751ded62643c496bb1d3ca4df9b539c35
modules/servers/Smtphosting/templates/assets/tpl/ProxmoxVPS/xterm/src/browser/renderer/atlas/DynamicCharAtlas.ts,Email,13394,97b248e91d09988b2776398211f7ae6b6b621fca2059faf9aac480fe78cdbc1a
modules/servers/Smtphosting/templates/assets/tpl/ProxmoxVPS/xterm/src/browser/renderer/atlas/LRUMap.ts,Email,3548,addbb5d1c9fd0008a87c22a3814f45a484f137aee97864c61e57d16d17a0af05
modules/servers/Smtphosting/templates/assets/tpl/ProxmoxVPS/xterm/src/browser/renderer/atlas/Types.d.ts,Email,625,b9ac7720c7e6b8ae9b9270ef1b18e7632a6d538b35218335dfe7c0243c155f32
modules/servers/Smtphosting/templates/assets/tpl/ProxmoxVPS/xterm/src/browser/renderer/dom/DomRenderer.ts,Email,16409,2d7761bb47114d8020e78ee7f1f23e279285a5fd8dda69e14271ec32a310da3d
modules/servers/Smtphosting/templates/assets/tpl/ProxmoxVPS/xterm/src/browser/renderer/dom/DomRendererRowFactory.ts,Email,8786,3583545fd055bbbfcd1b4f0e07ff57f7c32064804a095bcb96f529b7204a153c
modules/servers/Smtphosting/templates/assets/tpl/ProxmoxVPS/xterm/src/browser/selection/SelectionModel.ts,Email,4114,1ed9628d05bbc3b04cfc116d6e8b062c900a912c1a5fc752ae9b012c848bbe9a
modules/servers/Smtphosting/templates/assets/tpl/ProxmoxVPS/xterm/src/browser/selection/Types.d.ts,Email,351,6b9f4bb79609dd2342d2dd0129aa5024bd4204e0e40296dccc78ff8840895090
modules/servers/Smtphosting/templates/assets/tpl/ProxmoxVPS/xterm/src/browser/services/CharSizeService.ts,Email,2825,3051604a6e781bbc4dc923accfee335a6050c0bf666a8a78dc60a73ee90f69cc
modules/servers/Smtphosting/templates/assets/tpl/ProxmoxVPS/xterm/src/browser/services/CharacterJoinerService.ts,Email,11104,8b65111b6b5635afd75d83a377356c782a3988f5c61ed6577a92ad442d040e86
modules/servers/Smtphosting/templates/assets/tpl/ProxmoxVPS/xterm/src/browser/services/CoreBrowserService.ts,Email,559,0670eb228939a88f37d10b80b20ed6b3fb039c2e34482cf49dd783388e6c7840
modules/servers/Smtphosting/templates/assets/tpl/ProxmoxVPS/xterm/src/browser/services/MouseService.ts,Email,1188,2d51347c5614c102c7e09c311c43f9baf37f80720e8c3fd572352a107dac727c
modules/servers/Smtphosting/templates/assets/tpl/ProxmoxVPS/xterm/src/browser/services/RenderService.ts,Email,7562,61d7613c42d7922ec502428b1de8adc8d014bff08c1cca80f7510b8c9307ba0e
modules/servers/Smtphosting/templates/assets/tpl/ProxmoxVPS/xterm/src/browser/services/SelectionService.ts,Email,36507,7b62a4870247c2bea11cc7a8279992f03aa025b5fd663123c87befb0d8ce6bb6
modules/servers/Smtphosting/templates/assets/tpl/ProxmoxVPS/xterm/src/browser/services/Services.ts,Email,4061,65ad7a99eb5073e1338746c6359a7f82185aaa1fe94c79e96bcbd6b86bebb578
modules/servers/Smtphosting/templates/assets/tpl/ProxmoxVPS/xterm/src/browser/services/SoundService.ts,Email,1874,36f0a7ff6652e99293704200cef374d6d6303cbf9b55dc577b86865fc1123560
modules/servers/Smtphosting/templates/assets/tpl/ProxmoxVPS/xterm/src/browser/tsconfig.json,Email,432,c7de4f0e51ec02d3492c9fa1187e986ead6eeac9eb1325aa1f4854862ebb299b
modules/servers/Smtphosting/templates/assets/tpl/ProxmoxVPS/xterm/src/common/CircularList.ts,Email,7440,28e66b0cabf32ab3e430945ba7a532aa61d50800b0cac8f1158cfe5fa312ea1a
modules/servers/Smtphosting/templates/assets/tpl/ProxmoxVPS/xterm/src/common/Clone.ts,Email,619,85941f07fc6a17c30980bc76190b044ae1742bcccf71b54bcfbe0b539728d6f2
modules/servers/Smtphosting/templates/assets/tpl/ProxmoxVPS/xterm/src/common/CoreTerminal.ts,Email,11999,7302c4e9afdf646d0279a77cbc04cdf2c3f320798586794eb4693df677e75024
modules/servers/Smtphosting/templates/assets/tpl/ProxmoxVPS/xterm/src/common/EventEmitter.ts,Email,1729,7e1ee84490a62fa1d28a643337af1c5dd6ee4646b81618d13a2b6f2b0400aab7
modules/servers/Smtphosting/templates/assets/tpl/ProxmoxVPS/xterm/src/common/InputHandler.ts,Email,129763,c2c4c2284049cbf166d64f5fc73484afa4b4716a0d7e659cd609517e25b8d64a
modules/servers/Smtphosting/templates/assets/tpl/ProxmoxVPS/xterm/src/common/Lifecycle.ts,Email,1702,f89ea80b053d9ed87e1f2bd61caffb49ac10161cd14d68b60af1312641a2795e
modules/servers/Smtphosting/templates/assets/tpl/ProxmoxVPS/xterm/src/common/Platform.ts,Email,1129,46fca975abd399aa6f7eed30691c11b9f206b71854159e889efbde9385eeb2f4
modules/servers/Smtphosting/templates/assets/tpl/ProxmoxVPS/xterm/src/common/TypedArrayUtils.ts,Email,1499,026f30ea63446a47d4039446897776943523787d91de551d22d11cfbfe9fff3a
modules/servers/Smtphosting/templates/assets/tpl/ProxmoxVPS/xterm/src/common/Types.d.ts,Email,13270,e16d7488f4fbc13cc5c8db23a0aa1ce184479be51f15d9215ae817918d6f5e22
modules/servers/Smtphosting/templates/assets/tpl/ProxmoxVPS/xterm/src/common/WindowsMode.ts,Email,1361,1f449ede2f770a1dc90340a922dac4f087d49f9337100d563f1fe505fcba5cb6
modules/servers/Smtphosting/templates/assets/tpl/ProxmoxVPS/xterm/src/common/buffer/AttributeData.ts,Email,5768,d769bc2d0783af693958b4a9ab19afed56ebfa2f18951da7ae27311d32e42b54
modules/servers/Smtphosting/templates/assets/tpl/ProxmoxVPS/xterm/src/common/buffer/Buffer.ts,Email,25191,23b6e9f6a13367a47900244436fa307bfd4f35fa5b9ebff1dfbd8bc5aedc1527
modules/servers/Smtphosting/templates/assets/tpl/ProxmoxVPS/xterm/src/common/buffer/BufferLine.ts,Email,16249,57e5c265446a4dfc9c0dd3a397d4846e516bf632e679346a8c2bc3ecc5382bb5
modules/servers/Smtphosting/templates/assets/tpl/ProxmoxVPS/xterm/src/common/buffer/BufferRange.ts,Email,557,85aefc8289d1bbbfe21a96151ffe63c5a7a03b2cedf7090400916ab073e72ec4
modules/servers/Smtphosting/templates/assets/tpl/ProxmoxVPS/xterm/src/common/buffer/BufferReflow.ts,Email,8103,0fb5695318aa4616b439ba9e3fec98b148fe25be5871f73799d44dd2e411b661
modules/servers/Smtphosting/templates/assets/tpl/ProxmoxVPS/xterm/src/common/buffer/BufferSet.ts,Email,3845,21a19c7093b3daefe4579a06bf754ec62d6cc16b7856277d1aaa551c6fa6859a
modules/servers/Smtphosting/templates/assets/tpl/ProxmoxVPS/xterm/src/common/buffer/CellData.ts,Email,3312,bd7bbe972d9210e14ad907dd4538c9162395a1565bf75fe6252822b4a65952a9
modules/servers/Smtphosting/templates/assets/tpl/ProxmoxVPS/xterm/src/common/buffer/Constants.ts,Email,3758,441d8a484a0f2c9feaf6f97fd88ea7f934233d0c387ae50705aa15dae6bd2cd4
modules/servers/Smtphosting/templates/assets/tpl/ProxmoxVPS/xterm/src/common/buffer/Marker.ts,Email,904,25ee16043a1058c50ff33923058913015ae723c79c7da7208ff340784352e0f2
modules/servers/Smtphosting/templates/assets/tpl/ProxmoxVPS/xterm/src/common/buffer/Types.d.ts,Email,2040,44d5e67c59aaf18008e62d9bc1a7bb2d8ef1035774f1f7e5e8e5efc68eec2fbc
modules/servers/Smtphosting/templates/assets/tpl/ProxmoxVPS/xterm/src/common/data/Charsets.ts,Email,4669,bac7104ffb2887b9871a08a294ba08ebf6d848774189474d1ec52e3da8c5f37e
modules/servers/Smtphosting/templates/assets/tpl/ProxmoxVPS/xterm/src/common/data/EscapeSequences.ts,Email,4556,d983a0f16c3ac853dc31ddce07fdca6e1b205c2e835e45b5b47c2e9c0c55c6b1
modules/servers/Smtphosting/templates/assets/tpl/ProxmoxVPS/xterm/src/common/input/Keyboard.ts,Email,10721,6103c2c9251d14854ac36334b9ff57159c83d690cccb231b3789a7a5cb4b62b8
modules/servers/Smtphosting/templates/assets/tpl/ProxmoxVPS/xterm/src/common/input/TextDecoder.ts,Email,10491,5f03f5b76c48d554109cb16a3c0b31f4a8bccafd86539d126d8fbce84f5a4080
modules/servers/Smtphosting/templates/assets/tpl/ProxmoxVPS/xterm/src/common/input/UnicodeV6.ts,Email,4945,d28b32a22aae56ed379d37be194a46c5cad3f4ecb651ab22c9cc1a7bd3f1e280
modules/servers/Smtphosting/templates/assets/tpl/ProxmoxVPS/xterm/src/common/input/WriteBuffer.ts,Email,9376,12842a42059247cd6bf08ad2950b2a72d578c0b96f3cf33a990963ea97a1deb4
modules/servers/Smtphosting/templates/assets/tpl/ProxmoxVPS/xterm/src/common/parser/Constants.ts,Email,971,40ee7ae42475b3392c14a641fbebfd84cdcb576215817f2d5ae8af1a6e2e2639
modules/servers/Smtphosting/templates/assets/tpl/ProxmoxVPS/xterm/src/common/parser/DcsParser.ts,Email,6054,e39bda12f93d2ac4049ade0809034d6b8120ab2a1092c336fd99746121213e00
modules/servers/Smtphosting/templates/assets/tpl/ProxmoxVPS/xterm/src/common/parser/EscapeSequenceParser.ts,Email,36267,611fe894ead993bbd66fc55f2c5abdf013914061cd52563de05a55ac78f0e12e
modules/servers/Smtphosting/templates/assets/tpl/ProxmoxVPS/xterm/src/common/parser/OscParser.ts,Email,7078,a79d19c62ef4a27df2649582165b08755ec07c5ac19be544696b98751b03e5fd
modules/servers/Smtphosting/templates/assets/tpl/ProxmoxVPS/xterm/src/common/parser/Params.ts,Email,7495,8c21cb6c8b5d8bbf193ccd9156066985b2ce80f24bad3db5563f36675e0c6ae9
modules/servers/Smtphosting/templates/assets/tpl/ProxmoxVPS/xterm/src/common/parser/Types.d.ts,Email,7897,f9bd1ae34c66d481fdba0baab1cd3822c1d0404037edcef8ec04d34c3bfa6a99
modules/servers/Smtphosting/templates/assets/tpl/ProxmoxVPS/xterm/src/common/services/BufferService.ts,Email,6082,be975459013bf512158b287f71856670989401b3d8800c4a57c3abdcd67f2f3c
modules/servers/Smtphosting/templates/assets/tpl/ProxmoxVPS/xterm/src/common/services/CharsetService.ts,Email,784,713b3ee7028605cf2637603df8f23c96aade132311d75c638d2851a5be7ba82b
modules/servers/Smtphosting/templates/assets/tpl/ProxmoxVPS/xterm/src/common/services/CoreMouseService.ts,Email,9375,1f0beab6b363573a5801bd7f26099d260ebe7dc2105804b42046b277598bf009
modules/servers/Smtphosting/templates/assets/tpl/ProxmoxVPS/xterm/src/common/services/CoreService.ts,Email,3208,9421302edd04972a9e2f823527cdb20cb8e7ff8bcde64b463d5d6b94f2c8afe7
modules/servers/Smtphosting/templates/assets/tpl/ProxmoxVPS/xterm/src/common/services/DirtyRowService.ts,Email,1159,22297d614f6dc891074c0be53cbb782e68703006b2f8a383a2d20d8cabdf39f2
modules/servers/Smtphosting/templates/assets/tpl/ProxmoxVPS/xterm/src/common/services/InstantiationService.ts,Email,2887,917ede4625cde6f379e6f6242c03592fd7a70977149f41b30acce64950da4a4e
modules/servers/Smtphosting/templates/assets/tpl/ProxmoxVPS/xterm/src/common/services/LogService.ts,Email,2435,be8e23c00af06a44c00f3807f6255b59af37b1225dc660c6fc30586a50497d08
modules/servers/Smtphosting/templates/assets/tpl/ProxmoxVPS/xterm/src/common/services/OptionsService.ts,Email,5466,0cb0f1007fd5aeca1cd88328b8e68d7f37809ddc18974f57784da6ed87b0cc66
modules/servers/Smtphosting/templates/assets/tpl/ProxmoxVPS/xterm/src/common/services/ServiceRegistry.ts,Email,1743,00f31b550bf0088a87bccb6caec3de5d83d084e4ad0e7afab84e28f47a17d99f
modules/servers/Smtphosting/templates/assets/tpl/ProxmoxVPS/xterm/src/common/services/Services.ts,Email,10132,681ecfe63b1509d380dba75bba6187282b96226079212a8939266a17d5ff404e
modules/servers/Smtphosting/templates/assets/tpl/ProxmoxVPS/xterm/src/common/services/UnicodeService.ts,Email,2684,8a81680f5484e3e8443e1189fce7c1597c1bce7207f6834c8d4b5c3ab736e052
modules/servers/Smtphosting/templates/assets/tpl/ProxmoxVPS/xterm/src/common/tsconfig.json,Email,311,a91aca3143ba66d7d8a4e7848497234a7033c34f6cbbe55a6563a7b68b1da66d
modules/servers/Smtphosting/templates/assets/tpl/ProxmoxVPS/xterm/src/tsconfig-base.json,Email,227,1f46f7e6cf0fe9aa34fe95369d829337e2bc5a2f6ceadf2d4e8bbd5fe57e2d01
modules/servers/Smtphosting/templates/assets/tpl/ProxmoxVPS/xterm/src/tsconfig-library-base.json,Email,174,e023e057a8beeea650d3f9e9ab5e4358d5295d1ec6ca37d307d10b32a5a9dd2c
modules/servers/Smtphosting/templates/assets/tpl/ProxmoxVPS/xterm/tsconfig.all.json,Email,540,9567b92e9905ae75263ad1697aeb8c574eaebf7728e1570f7c85d279868eeb93
modules/servers/Smtphosting/templates/assets/tpl/ProxmoxVPS/xterm/typings/xterm.d.ts,Email,53633,4e371d083bd8124c231e59838e4c77e2713cd77c1d96c8a40177403906cba8b4
modules/servers/Smtphosting/templates/assets/tpl/ProxmoxVPS/xterm-addon-fit/LICENSE,Email,1103,e256f01188af527e4d06d21d06fbf785ae9c50d4b328bf03cbe0ba7f0aa4228f
modules/servers/Smtphosting/templates/assets/tpl/ProxmoxVPS/xterm-addon-fit/lib/xterm-addon-fit.js,Administrative/internal,1716,f120d81c79b8069bbc362f9bf186f8724980a1c21afb3460f781e94e6db06bd1
modules/servers/Smtphosting/templates/assets/tpl/ProxmoxVPS/xterm-addon-fit/lib/xterm-addon-fit.js.map,Administrative/internal,6321,b2f5f900b9868647432df7caaee47af97aa2f2893376744b06e1cabf7ffe4f03
modules/servers/Smtphosting/templates/assets/tpl/ProxmoxVPS/xterm-addon-fit/out/FitAddon.js,Email,2644,645bda42d9bc30e6d41b01b0cc0b9eaec9829289f84bbadf5964e98bd9ae7fe7
modules/servers/Smtphosting/templates/assets/tpl/ProxmoxVPS/xterm-addon-fit/out/FitAddon.js.map,Email,2351,9c8b0de0c1984cd402c9876003473a4e7c440777112e152e3a7945819fbb95d6
modules/servers/Smtphosting/templates/assets/tpl/ProxmoxVPS/xterm-addon-fit/out-test/FitAddon.api.js.map,Email,4848,c0979534dfd62e18033bb9118913cacd3a4f4042f8fc64bc36c77986867fee51
modules/servers/Smtphosting/templates/assets/tpl/ProxmoxVPS/xterm-addon-fit/package.json,Email,1743,80d57dd37319113392a3ba99afdd0f9d3e939fbf153d75fc9de96b907c5bb46a
modules/servers/Smtphosting/templates/assets/tpl/ProxmoxVPS/xterm-addon-fit/src/FitAddon.ts,Email,2759,64f586091715b79a518b8b601a5ad66605d622f0abeb5194df5596ba35046b40
modules/servers/Smtphosting/templates/assets/tpl/ProxmoxVPS/xterm-addon-fit/typings/xterm-addon-fit.d.ts,Email,1164,d3b5e4276d7f78d53310d49d3dce821869e711a04e2fad8cfcae559fb02bf240
modules/servers/Smtphosting/templates/assets/tpl/ProxmoxVPS/xtermjs.tpl,Email,4698,9efd1189671579699c90a49a1609b90c2e5ab51a4ce9ff1c2bac661468cbf9e6
modules/servers/Smtphosting/templates/assets/tpl/SSLCENTERWHMCS/home.tpl,Email,74784,02dc993c90a97fc50767777a16727d8efbf4d8e47e877987cb1234e2de46010c
modules/servers/Smtphosting/templates/assets/tpl/SSLCENTERWHMCS/mgLibs.js,Email,23150,0499b2dd1183b167b90a8bff0bf7fcedafdbf2a8629c455a1c14e28e715857e1
modules/servers/Smtphosting/templates/assets/tpl/SSLCENTERWHMCS/stepTwo.tpl,Email,7809,c0eccb61ff0688c787256b5336f7ac128b250c030b854ca21ddaf354da5a18ef
modules/servers/Smtphosting/templates/assets/tpl/Virtualizor/clientarea.tpl,Client Area,3359,c169f74c4d4f3bbf3f9b08f28b039eff3841bbfe5f077ca4dc39fb8cccde219a
modules/servers/Smtphosting/templates/assets/tpl/Virtualizor/graphs.tpl,Email,6175,16ea8f20dc04406aad235ee1b7dfbc6c6d2e23a967244df8c216117c089ecb62
modules/servers/Smtphosting/templates/assets/tpl/Virtualizor/novnc/LICENSE.txt,Email,2325,45c58d31a5809625f4670af14f877eadeae420c64a4c07a01022c51a577b9a3f
modules/servers/Smtphosting/templates/assets/tpl/Virtualizor/novnc/README.md,Email,5569,97bc873d37b708650f26f135d14e3460e189da253303564a5208480014535398
modules/servers/Smtphosting/templates/assets/tpl/Virtualizor/novnc/app/error-handler.js,Email,2240,fbf8a8e53013d9ee69fb06f26b3cc7b7e67857821585d885485732d591655f73
modules/servers/Smtphosting/templates/assets/tpl/Virtualizor/novnc/app/images/alt.svg,Email,4124,bae12851c7c74fe87aa31815d8f9592ceb02e96ff0bd093764ebec1fa1e50e13
modules/servers/Smtphosting/templates/assets/tpl/Virtualizor/novnc/app/images/clipboard.svg,Email,4651,d108526baab3b4d6f2e9a84dbdf784e2e5ea72cd37a8b00f534e91202dc1d200
modules/servers/Smtphosting/templates/assets/tpl/Virtualizor/novnc/app/images/connect.svg,Email,4049,cdb412601236c6637d99d2d8955cffa6590d720e0ecf0d18c0bd2e63674995d7
modules/servers/Smtphosting/templates/assets/tpl/Virtualizor/novnc/app/images/ctrl.svg,Email,4990,81d4a11a30dc0c32a4e9ae62d4de35b12fe05596623a80aca71a0e6fd10ba0fe
modules/servers/Smtphosting/templates/assets/tpl/Virtualizor/novnc/app/images/ctrlaltdel.svg,Email,3866,9519ee6466b48fe9adbf362f2d9928ec0922729acfbc060c5fc1161347b5ee1d
modules/servers/Smtphosting/templates/assets/tpl/Virtualizor/novnc/app/images/disconnect.svg,Email,5661,17c048471481f24da736e88c80c43718beebf5731183fa7fdd45310a30d5f554
modules/servers/Smtphosting/templates/assets/tpl/Virtualizor/novnc/app/images/drag.svg,Email,5119,64fa267f0eece044a854974d13e3be72ef1561941d2b5f9cf5498eee1f424c7a
modules/servers/Smtphosting/templates/assets/tpl/Virtualizor/novnc/app/images/error.svg,Email,3575,d9314ef3a02a501140b095b49e77b145152501c9b2957aa331a5ee6b6f51f856
modules/servers/Smtphosting/templates/assets/tpl/Virtualizor/novnc/app/images/esc.svg,Email,5093,dd96bb526bfb08a8b0eec6c92aa9ae4fcebfa0cbeee9d4b2a3222210e7cedace
modules/servers/Smtphosting/templates/assets/tpl/Virtualizor/novnc/app/images/expander.svg,Email,3458,12af812b905840d8a20f7bdc261440d344c0f634ec2a4d3e05a57c38cca38862
modules/servers/Smtphosting/templates/assets/tpl/Virtualizor/novnc/app/images/fullscreen.svg,Email,3707,d075a65ecd641d8e94ef27440162b4476f53bf9a0abc845ba976bd9924354fed
modules/servers/Smtphosting/templates/assets/tpl/Virtualizor/novnc/app/images/handle.svg,Email,3038,7cea6c51e6730974c261a5a3670a648a4e6c632fda1d09a2a55cb3840b9e8312
modules/servers/Smtphosting/templates/assets/tpl/Virtualizor/novnc/app/images/handle_bg.svg,Email,7609,e7349a34f94a4c79d6109737c3bfa5e4226618a02fa7decdcfb696af6a7965da
modules/servers/Smtphosting/templates/assets/tpl/Virtualizor/novnc/app/images/icons/Makefile,Email,871,e61f6a3c9bfc0d7784cef650ae22bfa0c41b3f45eb296500ec1ffec5e1950f22
modules/servers/Smtphosting/templates/assets/tpl/Virtualizor/novnc/app/images/icons/novnc-120x120.png,Email,4028,50b4b1482856a902c4c8053aa7077e2bb9750e5e69d3e9bf04f3985ab23a088e
modules/servers/Smtphosting/templates/assets/tpl/Virtualizor/novnc/app/images/icons/novnc-144x144.png,Email,4582,4a2346f73d02f34af78e7df4a4ebb3b1a50f931fed00a8215c0fa3a92718d168
modules/servers/Smtphosting/templates/assets/tpl/Virtualizor/novnc/app/images/icons/novnc-152x152.png,Email,5216,480c99be9af70a7646a0450830b2e4746602c53cfd56c2e4ba90eb227d94163d
modules/servers/Smtphosting/templates/assets/tpl/Virtualizor/novnc/app/images/icons/novnc-16x16.png,Email,675,be9a94a3e68102354f3ca185dc92980c9c5c9c3b28c5fd7d9f6ef6f36912b240
modules/servers/Smtphosting/templates/assets/tpl/Virtualizor/novnc/app/images/icons/novnc-192x192.png,Email,5787,46d8baf325362c42f1394538cd0089e233b2339b7a98052b9453d7f546c2f2ba
modules/servers/Smtphosting/templates/assets/tpl/Virtualizor/novnc/app/images/icons/novnc-24x24.png,Email,1000,ebe9ca642bd3baa6b86ae3afbb66671f7271d06ab12d9f89bbe373ef5547a794
modules/servers/Smtphosting/templates/assets/tpl/Virtualizor/novnc/app/images/icons/novnc-32x32.png,Email,1064,23e59febdbec8de682a40544ff8a48fdf70f89a4997c690018ad3895e9fd0230
modules/servers/Smtphosting/templates/assets/tpl/Virtualizor/novnc/app/images/icons/novnc-48x48.png,Email,1397,cdfccc955d8088c485b733ee4bf2a04f5b303e58fa16608b1f4fc92ebc798c0d
modules/servers/Smtphosting/templates/assets/tpl/Virtualizor/novnc/app/images/icons/novnc-60x60.png,Email,1932,3305f0aad3cfd62691bed0e74e2edbb22a05a624a1d4c34c44beaf783dd8f54b
modules/servers/Smtphosting/templates/assets/tpl/Virtualizor/novnc/app/images/icons/novnc-64x64.png,Email,1946,ffec6fd0eeea51ad934da6f772c14067a32a5e2c2f6c2ee8f869bc2383f36dda
modules/servers/Smtphosting/templates/assets/tpl/Virtualizor/novnc/app/images/icons/novnc-72x72.png,Email,2699,2cbb114c74cf05dfd07bcaab02bdaeb372dda8e02c0ca7d234adbdac187b8d5a
modules/servers/Smtphosting/templates/assets/tpl/Virtualizor/novnc/app/images/icons/novnc-76x76.png,Email,2874,4b818404f16ad30ef7f6ec8dbdf98a258421756d55b43e6d7e32e385485a7f7f
modules/servers/Smtphosting/templates/assets/tpl/Virtualizor/novnc/app/images/icons/novnc-96x96.png,Email,2351,717fe5bb022362be9403595e452ce68563366fc46b42d8169c72ba222f1ea73f
modules/servers/Smtphosting/templates/assets/tpl/Virtualizor/novnc/app/images/icons/novnc-icon-sm.svg,Email,13217,3fc9daa719cc267c462ba2d52e8a352aaeee23027c2fc7dbaad399bd66e3f992
modules/servers/Smtphosting/templates/assets/tpl/Virtualizor/novnc/app/images/icons/novnc-icon.svg,Email,12930,52b2e1875f3f0bb5a4f98938218609eb4d1bc792ce44545abf398b497fd48e08
modules/servers/Smtphosting/templates/assets/tpl/Virtualizor/novnc/app/images/info.svg,Email,3673,3ba77914f81e33c89a812e6313f9f3ec1200b43f9e7db1dbe22cd56d8f1b03d7
modules/servers/Smtphosting/templates/assets/tpl/Virtualizor/novnc/app/images/keyboard.svg,Email,6932,4516854d4b5cac4139c4ea50d0088108e299abbf169446633d4b62c0393b3216
modules/servers/Smtphosting/templates/assets/tpl/Virtualizor/novnc/app/images/mouse_left.svg,Email,7551,6e20472a41eda4bf6aa187baf13e184f7fc97b026466981ffeb16b60fca00b55
modules/servers/Smtphosting/templates/assets/tpl/Virtualizor/novnc/app/images/mouse_middle.svg,Email,7553,fc86256f797bd9b88dd16bf28a78f44cd1622ac2de93a2a62b37b8706d194a69
modules/servers/Smtphosting/templates/assets/tpl/Virtualizor/novnc/app/images/mouse_none.svg,Email,7544,00cf2ee8d669f73ce44e9e2651810e1dcb57becfe444de914f109528cd96ddae
modules/servers/Smtphosting/templates/assets/tpl/Virtualizor/novnc/app/images/mouse_right.svg,Email,7552,14c132ca29eabf0ac87b010d683e3f07bdc8cd13ab75aeeaf1dc3d12939f66ee
modules/servers/Smtphosting/templates/assets/tpl/Virtualizor/novnc/app/images/power.svg,Email,4503,3596132de97a49e9a8ea046c4a9131d66b0b5bb6471be0ceedc4f121568526a2
modules/servers/Smtphosting/templates/assets/tpl/Virtualizor/novnc/app/images/settings.svg,Email,3517,c81e39965e908b9bbe3e36c6f68a8688a949a5cceb25e41c9110369a7d124baf
modules/servers/Smtphosting/templates/assets/tpl/Virtualizor/novnc/app/images/tab.svg,Email,3462,251962ed31a9adcd93065c27d1782e4285868809ef440d6e98224bdfd0af36e7
modules/servers/Smtphosting/templates/assets/tpl/Virtualizor/novnc/app/images/toggleextrakeys.svg,Email,4986,a127a3d301cc8c48ce7281fb097faf7af1d0f262d7cdb031588555a27b33dfac
modules/servers/Smtphosting/templates/assets/tpl/Virtualizor/novnc/app/images/warning.svg,Email,4339,79286ca5929d37770a2e5a1c14193674ffe9d0ad8b53cd57243d9780bb9d4e3f
modules/servers/Smtphosting/templates/assets/tpl/Virtualizor/novnc/app/locale/de.json,Email,2720,864cda07db26ccedd97fd146d9c83ad58744955b412e4378c7c6336faf430217
modules/servers/Smtphosting/templates/assets/tpl/Virtualizor/novnc/app/locale/el.json,Email,3772,b4431475c3ae72d655ea61d2ee1427bc2706164d546294c0bbfc919367fa136f
modules/servers/Smtphosting/templates/assets/tpl/Virtualizor/novnc/app/locale/es.json,Email,2539,67850f3f261d4f5354be376d594dcbfbaae01365677dac9dc4bbe73ed815c31e
modules/servers/Smtphosting/templates/assets/tpl/Virtualizor/novnc/app/locale/nl.json,Email,2531,0987e4f625b9e0421e4c5744f623f7f611a6520b7580449625f6dbf5e3df12f6
modules/servers/Smtphosting/templates/assets/tpl/Virtualizor/novnc/app/locale/pl.json,Email,2696,cd14a5fa3bc8b8726b1c9d13b1e4b2618347596fcb2b0a1beff2882c583902fa
modules/servers/Smtphosting/templates/assets/tpl/Virtualizor/novnc/app/locale/sv.json,Email,2344,4d531dc80898e85c17bd0298bdd90fe30961179f9d0e35ba158d7873519f4632
modules/servers/Smtphosting/templates/assets/tpl/Virtualizor/novnc/app/locale/tr.json,Email,2677,c0af30c2e9abfe5be12047afb31b6249bedca939c83121cb0bf6a52eda7ba9f1
modules/servers/Smtphosting/templates/assets/tpl/Virtualizor/novnc/app/locale/zh.json,Email,2472,9ea8ef0ed68d572d43685108a250d10bd95b4779ee5a8c2de2c90373af406022
modules/servers/Smtphosting/templates/assets/tpl/Virtualizor/novnc/app/localization.js,Email,6670,61ae27b64f0b47809442bbc7f8ded4043a6489c675fe2a9fb40394c1f9610ae7
modules/servers/Smtphosting/templates/assets/tpl/Virtualizor/novnc/app/sounds/CREDITS,Email,157,ba02a560dd53bd8cfb0f31ed7dea65ae75bcb64e05a643149ecda84b37646d24
modules/servers/Smtphosting/templates/assets/tpl/Virtualizor/novnc/app/sounds/bell.mp3,Email,4531,c8fa1cee36d6e0c0a11d09ad836079178253ca7a6cbdc059cd5b99ba25d20dd1
modules/servers/Smtphosting/templates/assets/tpl/Virtualizor/novnc/app/sounds/bell.oga,Email,8495,7bb1ae73f3db55d99ea1826f114ce161002ac71879ad4649d9e001bc4efb1bdc
modules/servers/Smtphosting/templates/assets/tpl/Virtualizor/novnc/app/styles/Orbitron700.ttf,Email,38580,961f73310e1006c3a91482349466684d2f2b6b2395ad46769bfb2c2ab2535cdd
modules/servers/Smtphosting/templates/assets/tpl/Virtualizor/novnc/app/styles/Orbitron700.woff,Email,17472,014dbca522dec17453fde78412d4f2295bb7293b24e1130b9a2f668c237aa943
modules/servers/Smtphosting/templates/assets/tpl/Virtualizor/novnc/app/styles/base.css,Email,19462,ea6596e013daab84fbe89b02dca0eb99d4042d10ab75ad231e8e3dd4edc3ade9
modules/servers/Smtphosting/templates/assets/tpl/Virtualizor/novnc/app/styles/lite.css,Email,1197,9e3bd9e202c420ea834fed68a4f52060009be24aa7abc8e6ab1d517b2fcacfdb
modules/servers/Smtphosting/templates/assets/tpl/Virtualizor/novnc/app/ui.js,Email,61606,cacdd83755b416b436e08004cdfbfc4b119a356d03b8da1b7cbb55563eab21fc
modules/servers/Smtphosting/templates/assets/tpl/Virtualizor/novnc/app/webutil.js,Email,7275,9e3e84de0bea2efc1ac461cded830911389aa0b1c9db4f55b326a5395eecedf1
modules/servers/Smtphosting/templates/assets/tpl/Virtualizor/novnc/core/base64.js,Email,4636,67f5dba76b8ad3dde0b07b4d9bc025e35800083071d5ee3350f7985a051ed62a
modules/servers/Smtphosting/templates/assets/tpl/Virtualizor/novnc/core/des.js,Email,13656,830f9c3c7b7089a331b68b5459bd5d01ff2cfdf09e746364e80bc23a218c95c9
modules/servers/Smtphosting/templates/assets/tpl/Virtualizor/novnc/core/display.js,Email,23348,98362423a6f1bf70f317d8beaf1151fc0e6bdef51cfd047400161203ba57b18a
modules/servers/Smtphosting/templates/assets/tpl/Virtualizor/novnc/core/encodings.js,Email,1356,a5379248c8103a29c0e36724569a05cfde812bd2482dd869493ebd0147564bd9
modules/servers/Smtphosting/templates/assets/tpl/Virtualizor/novnc/core/inflator.js,Email,1224,77e1e03d0a454fa2c509ae7e7ba5f2abb2f1f2d0a5098350a3d4547a2c1799ab
modules/servers/Smtphosting/templates/assets/tpl/Virtualizor/novnc/core/input/domkeytable.js,Email,11498,e61891adcf22cd1fde4041a1dce269751a7a5c422a4fccee07be0f0a08b85238
modules/servers/Smtphosting/templates/assets/tpl/Virtualizor/novnc/core/input/fixedkeys.js,Email,3052,072e2f349579015cc58e70a97f0c36f1251315693c1978dfaa9a11433a1b6643
modules/servers/Smtphosting/templates/assets/tpl/Virtualizor/novnc/core/input/keyboard.js,Email,14024,d8208bc3c69def9c6613997e8cb7a3521be154fb163a4c01d376154e8efc54fe
modules/servers/Smtphosting/templates/assets/tpl/Virtualizor/novnc/core/input/keysym.js,Email,24036,bc515f589f038796340344ad71babc6e3119e8940a6f4b8f0f2408a0af90f9c3
modules/servers/Smtphosting/templates/assets/tpl/Virtualizor/novnc/core/input/keysymdef.js,Email,25413,6c550c1a47a9e2d359c9f1d8784b1831869c4eb2d8f2fda9dcf57bb4fc778c9b
modules/servers/Smtphosting/templates/assets/tpl/Virtualizor/novnc/core/input/mouse.js,Email,10543,5c4738b547520f019d8d2d018dbc06b020b686e06b8d003272ebb020885fb423
modules/servers/Smtphosting/templates/assets/tpl/Virtualizor/novnc/core/input/util.js,Email,6253,71b23e0da523ec5548db78554e7f47ef9f79e1930f7df4dae2dfda43323d0999
modules/servers/Smtphosting/templates/assets/tpl/Virtualizor/novnc/core/input/vkeys.js,Email,2519,0f367ed87271046e71f153c7af6bfa6610d33b36df1bb6291e7743aa13118cb2
modules/servers/Smtphosting/templates/assets/tpl/Virtualizor/novnc/core/input/xtscancodes.js,Email,14583,59deac37e8245c8e0ebfdda79c7f3aee924ecdf7b93c3b6b9c69c72cb1386668
modules/servers/Smtphosting/templates/assets/tpl/Virtualizor/novnc/core/rfb.js,Email,96144,e5971113939d29c5d45b3df0a7bfacfe262de3f3f83dc17130adf3d3507baf1f
modules/servers/Smtphosting/templates/assets/tpl/Virtualizor/novnc/core/util/browser.js,Email,2615,cfa1548873c861210172e58a721ab4697dd6b859bf07d0918598ffae5ec93b6b
modules/servers/Smtphosting/templates/assets/tpl/Virtualizor/novnc/core/util/events.js,Email,4455,f9ba4a8caf290bfee86b1a3d4f4d801841855ce69a2f0fd2ebf78dab96eed745
modules/servers/Smtphosting/templates/assets/tpl/Virtualizor/novnc/core/util/eventtarget.js,Email,1127,923e847ce4e78c07241a93af7e3a9495e86939ce86366deec095f6afb2a6a4cf
modules/servers/Smtphosting/templates/assets/tpl/Virtualizor/novnc/core/util/logging.js,Email,1308,85210bca0945fdf2d659085e7af4c290426c2af04c791d399971a8ae8586cd89
modules/servers/Smtphosting/templates/assets/tpl/Virtualizor/novnc/core/util/polyfill.js,Email,2002,2616817aca615589a8cae90221dabab9737ad045dc25cd9af185ce2a6a957125
modules/servers/Smtphosting/templates/assets/tpl/Virtualizor/novnc/core/util/strings.js,Email,314,13d1744ca6e95a1dee67b7c34e2126f008d89bd9aec6b3a254b13570ee93bf08
modules/servers/Smtphosting/templates/assets/tpl/Virtualizor/novnc/core/websock.js,Email,10485,34e4bca7f50d7d606a5bd0fcb8efed37a9786e801ac66c678fc3b3ab5f187aa9
modules/servers/Smtphosting/templates/assets/tpl/Virtualizor/novnc/index.html,Email,174,01281279a0f35058d95935be5b5ee92e8f4fa7ae8abd1c744dd3d27744760654
modules/servers/Smtphosting/templates/assets/tpl/Virtualizor/novnc/karma.conf.js,Email,5528,e5e8050933b77cb5da447bd646f1a5f7b7d626ade031dc5c5b56fcf2c652b815
modules/servers/Smtphosting/templates/assets/tpl/Virtualizor/novnc/novnc.html,Email,18900,10879d10444e4da26fc04d818f51fadc180bb5db14eddba293c0db16e3671bf9
modules/servers/Smtphosting/templates/assets/tpl/Virtualizor/novnc/package.json,Email,2088,a5439dc3d753dda92ee609d811340b470375592830891993206564f0f1232127
modules/servers/Smtphosting/templates/assets/tpl/Virtualizor/novnc/po/Makefile,Email,902,a1371c3b4229a10129dc05f887ac2da4605352896dd3b668939ffe2438f2b8fa
modules/servers/Smtphosting/templates/assets/tpl/Virtualizor/novnc/po/de.po,Email,5896,d51451aab5573d4f8521eaa82f1f43d6968ee1a046a0365381cfd5d850bc51dc
modules/servers/Smtphosting/templates/assets/tpl/Virtualizor/novnc/po/el.po,Email,7423,1a53b8d38693055cf977c42533149c8e20da3ab7087accc24d6f9b3690163c3c
modules/servers/Smtphosting/templates/assets/tpl/Virtualizor/novnc/po/es.po,Email,5266,9750abf303df9bedcd7012b74b29dd3d03f393202d60332ee7f8aa9d6f8e3932
modules/servers/Smtphosting/templates/assets/tpl/Virtualizor/novnc/po/nl.po,Email,5468,0cbe3d394adefd89b8258c5c4286505b7753bf2f30301009d86e8ae2fa7a5712
modules/servers/Smtphosting/templates/assets/tpl/Virtualizor/novnc/po/noVNC.pot,Email,4255,367531623e72ebd5c79dab691e70fa46b7def17b8d486d0f33f1ac6b918d772b
modules/servers/Smtphosting/templates/assets/tpl/Virtualizor/novnc/po/pl.po,Email,6180,6dda43581a1f3a76af772222ea10eec0d4c04691511724b06f203f281b4af92e
modules/servers/Smtphosting/templates/assets/tpl/Virtualizor/novnc/po/po2js,Email,1440,93375e968d6116fde9177c13e770a3e548b31d5ddcfd996f9e5ed473802be59a
modules/servers/Smtphosting/templates/assets/tpl/Virtualizor/novnc/po/sv.po,Email,5075,97383853d727096fd89feebb7dd44286d306ba68a446176694bd000a137b0733
modules/servers/Smtphosting/templates/assets/tpl/Virtualizor/novnc/po/tr.po,Email,5454,24b27b7ee84506746b7cf654f76cd02fb6808052e5e54b8386151851ddc45d84
modules/servers/Smtphosting/templates/assets/tpl/Virtualizor/novnc/po/xgettext-html,Email,3638,b83c7b7d19523b50ceb4531c37652a18e8f75c6bb1b4b56f4d33990e13122ccb
modules/servers/Smtphosting/templates/assets/tpl/Virtualizor/novnc/po/zh.po,Email,5175,005df20340c48b21ef36e344d671cc349fbb5ce59b7bab548a7cc3278632a916
modules/servers/Smtphosting/templates/assets/tpl/Virtualizor/novnc/utils/README.md,Email,535,5f537deb5b4c1ee29c1083da86cf09d6a8c458d58e6192305fc1c33471a41f90
modules/servers/Smtphosting/templates/assets/tpl/Virtualizor/novnc/utils/b64-to-binary.pl,Email,396,8d50085356fa00a2ad552f2acd73fca0f8e70ad1518b1b253e20bbdc57338285
modules/servers/Smtphosting/templates/assets/tpl/Virtualizor/novnc/utils/genkeysymdef.js,Email,3351,ca9835ba0ee011644b3e9527f6bd87f4075ae07864c0c153dcf52444e03ad8ad
modules/servers/Smtphosting/templates/assets/tpl/Virtualizor/novnc/utils/img2js.py,Email,908,a9a52efde634f6cf1cba1234742367aa4e8e6cf78e2c6914307fada9e4dbc5ee
modules/servers/Smtphosting/templates/assets/tpl/Virtualizor/novnc/utils/json2graph.py,Email,6666,6e2c89e3ecf475ae31539b43b98e557b95ee04758fd22e7171593d1d3445ee27
modules/servers/Smtphosting/templates/assets/tpl/Virtualizor/novnc/utils/launch.sh,Email,4794,f3445645516c3cf38149a1c9b861a45f7b9b630e9b836fa2cada4b66cccced16
modules/servers/Smtphosting/templates/assets/tpl/Virtualizor/novnc/utils/u2x11,Email,911,0e517a4ac79277ec237b71ba97422a33301da4ee0ace4a3b51929def257e088b
modules/servers/Smtphosting/templates/assets/tpl/Virtualizor/novnc/utils/use_require.js,Email,14066,f1d24dd752cc273ef3fbbdbb72302e0cd0cabe2987795fab8895506b4d120f9e
modules/servers/Smtphosting/templates/assets/tpl/Virtualizor/novnc/utils/use_require_helpers.js,Email,3375,5bed11619f3d2c4a7ac7081a6d2d3797e6118da5a0ed34a5c3237bb99e4773a0
modules/servers/Smtphosting/templates/assets/tpl/Virtualizor/novnc/utils/web.py,Email,1496,4c633ac6fb05a1d2040eb51b144c1251765a58f207e03077a7709925519777b2
modules/servers/Smtphosting/templates/assets/tpl/Virtualizor/novnc/utils/websocket.py,Email,37699,0df6a3a6e04f5931928083326177bd75f8b044315e730d087ae69af74546f5d4
modules/servers/Smtphosting/templates/assets/tpl/Virtualizor/novnc/utils/websockify,Email,17670,b20b4910945c844a776ced0af0479585b18b4cb6327441af2f8ef416bf01ddd8
modules/servers/Smtphosting/templates/assets/tpl/Virtualizor/novnc/utils/websockify.py,Email,10,663421a56223dd704b767a8efdc626803a8c079ab20651f011c228b9c5dd147c
modules/servers/Smtphosting/templates/assets/tpl/Virtualizor/novnc/utils/wsproxy.py,Email,10,663421a56223dd704b767a8efdc626803a8c079ab20651f011c228b9c5dd147c
modules/servers/Smtphosting/templates/assets/tpl/Virtualizor/novnc/vendor/browser-es-module-loader/README.md,Administrative/internal,419,67f1d98ea98c3ec6f1df64c5f3e517ec6783029b91700b7ccf392f99e9d128d8
modules/servers/Smtphosting/templates/assets/tpl/Virtualizor/novnc/vendor/browser-es-module-loader/dist/babel-worker.js,Administrative/internal,2227155,142ef209a7ae2afdeef71c69e083e6c988a0f13f03dada0d0521e666a08dc645
modules/servers/Smtphosting/templates/assets/tpl/Virtualizor/novnc/vendor/browser-es-module-loader/dist/browser-es-module-loader.js,Administrative/internal,58295,a45396e6e713a9d55610e46276f1b61b838f18ffec63f6c2d189f2f4b3be8fdf
modules/servers/Smtphosting/templates/assets/tpl/Virtualizor/novnc/vendor/browser-es-module-loader/dist/browser-es-module-loader.js.map,Administrative/internal,80301,97bdb43fc80bffe1d8c5c5750b72bd6cfcd71d756d1855f9b088128149b92513
modules/servers/Smtphosting/templates/assets/tpl/Virtualizor/novnc/vendor/browser-es-module-loader/rollup.config.js,Administrative/internal,395,73b8e13b9934ce206685fc5617149669d0e1639191eab2ca4555d42fbe914edf
modules/servers/Smtphosting/templates/assets/tpl/Virtualizor/novnc/vendor/browser-es-module-loader/src/babel-worker.js,Administrative/internal,1041,629ca58ac1395f0c99e9f9b3c8f3d39dd4a2789e30e3d3cd551d98b0a4b4aaff
modules/servers/Smtphosting/templates/assets/tpl/Virtualizor/novnc/vendor/browser-es-module-loader/src/browser-es-module-loader.js,Administrative/internal,9944,462391ffc2d6b3108a71dd204f0aff8756343209d2ceb6895e91457bc1eafb3c
modules/servers/Smtphosting/templates/assets/tpl/Virtualizor/novnc/vendor/pako/LICENSE,Administrative/internal,1084,3bc404ffa7888053253eedcc5a667619aa08dc1be0bea400e5ff28c51602180f
modules/servers/Smtphosting/templates/assets/tpl/Virtualizor/novnc/vendor/pako/README.md,Administrative/internal,301,f347903aa84311068de5027657a9390077d6f5874a4529dbf40b72ba5d3f262d
modules/servers/Smtphosting/templates/assets/tpl/Virtualizor/novnc/vendor/pako/lib/utils/common.js,Administrative/internal,1186,6ed3e07c8e940d11b3b3bf3a6a952be0143bd4b1d01b178b3842196beae05b02
modules/servers/Smtphosting/templates/assets/tpl/Virtualizor/novnc/vendor/pako/lib/zlib/adler32.js,Administrative/internal,767,9549b1accb7b8ed44ee893ee4630b2fd4e528bdb29c44692b1b5de5227f9eeab
modules/servers/Smtphosting/templates/assets/tpl/Virtualizor/novnc/vendor/pako/lib/zlib/constants.js,Administrative/internal,1177,116452bd607d269207e6e9e4bfb0884cdc9c9a915cc94ed37bf41ddd9315da66
modules/servers/Smtphosting/templates/assets/tpl/Virtualizor/novnc/vendor/pako/lib/zlib/crc32.js,Administrative/internal,846,1011fbe5f4f024f24cefcaaac26fa9b73945c59735df2bafb10f32321da3d115
modules/servers/Smtphosting/templates/assets/tpl/Virtualizor/novnc/vendor/pako/lib/zlib/deflate.js,Administrative/internal,68740,44095be42955de9dce3c2be9026993b3a1ffa125a037c5d1ec284d8efc0d1384
modules/servers/Smtphosting/templates/assets/tpl/Virtualizor/novnc/vendor/pako/lib/zlib/gzheader.js,Administrative/internal,1269,1bd141a1d03db39f3177299c0187f603bb8817478af9d6754d9b6e26f370d180
modules/servers/Smtphosting/templates/assets/tpl/Virtualizor/novnc/vendor/pako/lib/zlib/inffast.js,Administrative/internal,18044,dc9cf0f721485d5a6fdede6b1dfa03aca42aa76f469bc5e5409fce52bbb851ff
modules/servers/Smtphosting/templates/assets/tpl/Virtualizor/novnc/vendor/pako/lib/zlib/inflate.js,Administrative/internal,70189,6c3fb3f497e52684d6a4744bc6f5967e635195724926c2a28c034a5556180aba
modules/servers/Smtphosting/templates/assets/tpl/Virtualizor/novnc/vendor/pako/lib/zlib/inftrees.js,Administrative/internal,12914,983c940be7ab9250bd37a8589924989f59a404be02185f20fb7d93c38ab564d7
modules/servers/Smtphosting/templates/assets/tpl/Virtualizor/novnc/vendor/pako/lib/zlib/messages.js,Administrative/internal,551,564e99b448aac835c3377dc639c6a253543849d606cf6890838c6a6983bcb492
modules/servers/Smtphosting/templates/assets/tpl/Virtualizor/novnc/vendor/pako/lib/zlib/trees.js,Administrative/internal,42407,1005bd617c98c05e063c955bcf12f25ae63502d4c84532ce24c09e45a85546d3
modules/servers/Smtphosting/templates/assets/tpl/Virtualizor/novnc/vendor/pako/lib/zlib/zstream.js,Administrative/internal,867,9f1e8bc2776bb7ffadfa6fcea7439d4ba28197a8fdb66ad2bbedce5e2b89850e
modules/servers/Smtphosting/templates/assets/tpl/Virtualizor/novnc/vendor/promise.js,Administrative/internal,9234,dce9c98a1a95ed4e1c8be5c3488109c3017f475038a0f88c8efd806bd64af703
modules/servers/Smtphosting/templates/assets/tpl/Virtualizor/novnc/vendor/sinon.js,Administrative/internal,2711746,72c4dfc2afdb616aeefdbe898bc043b9f4619c03d1715830ff63d646daf51c1d
modules/servers/Smtphosting/templates/assets/tpl/Virtualizor/novnc/vnc_lite.html,Email,11065,82f75e68a0f1012bce1ca8275aa59fae29d1309ab91f1095bd49f856e12df4d3
modules/servers/Smtphosting/templates/assets/tpl/Virtualizor/vncconsole.tpl,Email,913,390ce9e3ec7dd4d288cd9ec968b08724c0669a5fdca328952d91929604e4b64f
modules/servers/Smtphosting/templates/assets/tpl/clientarea.tpl,Client Area,1195,18fca8033c99c8ba9116753fb0eec3e93cced4c8b92bdb5d7cf17a4eb8beb1f6
modules/servers/Smtphosting/templates/assets/tpl/configOptions.tpl,Email,4325,98d25a1abadef83bc2ed8aeacde286e4c220b36cbadc9d3ca6460fa5c14792f7
modules/servers/Smtphosting/templates/assets/tpl/controller/css_assets.tpl,Email,185,d809c8ed47f656a1225d49758507528205bdef79ffd327caee11ba2ae205e3ed
modules/servers/Smtphosting/templates/assets/tpl/customFields.tpl,Email,4151,fedbd2e3c1fc125fb1c1f54f84cc2175a074ef8be7c026b430b105a62336507d
modules/servers/Smtphosting/templates/assets/tpl/error.tpl,Email,437,9c316e374b45bb083967f39b018c4247ca3427fa8c18dcd658050baafeb1f981
modules/servers/Smtphosting/templates/assets/tpl/graphs.tpl,Email,6847,793f59423f23f9a3ebd332210289a3295c7dc3e7137d39b1dacf6940662cbf8c
modules/servers/Smtphosting/templates/client/default/assets/css/layers-ui.css,Email,486371,48c2bf016f955233238e48f845b57cc7e9b8937a94870798a4ed5b814ddbfd8d
modules/servers/Smtphosting/templates/client/default/assets/css/mg_styles.css,Email,7214,24aa6c9b02e433cc7548768757647f1667e2b9f8f360c1a706eb3a74c9159481
modules/servers/Smtphosting/templates/client/default/assets/fonts/icons/Material-Design-Iconic-Font.eot,Email,42495,fb37e1e79a43463400e850747a5c32e0b116a7b2bba3335a600e12fd4bd9d47a
modules/servers/Smtphosting/templates/client/default/assets/fonts/icons/Material-Design-Iconic-Font.svg,Email,246978,824d4ec57afdd19f47fa5265f24c3e3e9d6ea1781bc8738975dcb5e55313e136
modules/servers/Smtphosting/templates/client/default/assets/fonts/icons/Material-Design-Iconic-Font.ttf,Email,99212,18a45be2ecb66ce217c3bbccf219f8bdc05dc76d61a6e63673186efd1c7cda1a
modules/servers/Smtphosting/templates/client/default/assets/fonts/icons/Material-Design-Iconic-Font.woff,Email,50312,7c74c136895350e927bf69fe9fcb9f33fe9fae6340709d6ec4f8cb838a9470a3
modules/servers/Smtphosting/templates/client/default/assets/fonts/icons/Material-Design-Iconic-Font.woff2,Email,38384,e8eea96e29a7c0a72612ab85ca3229979666467a28349642c2176e7189a1a39c
modules/servers/Smtphosting/templates/client/default/assets/fonts/icons/Pe-icon-7-stroke.eot,Email,58680,d9896922379aeb729a67c4bc12f2a51ee970c37ea079ee30f856fd2807fd3e9c
modules/servers/Smtphosting/templates/client/default/assets/fonts/icons/Pe-icon-7-stroke.svg,Email,167540,e5205ce0d1d9a1bbfa9f2108bc77868ec359512bfedb93e4759d167b60cc1cf5
modules/servers/Smtphosting/templates/client/default/assets/fonts/icons/Pe-icon-7-stroke.ttf,Email,58480,99620ded1c4d61277630422146e2488b1afaef9be2dc0924ff3f75e2ecd71820
modules/servers/Smtphosting/templates/client/default/assets/fonts/icons/Pe-icon-7-stroke.woff,Email,58556,6fb4217048f333e23e0fd0ba2ab05e05fd7500f86a5a80a7cf04a2f94b257bec
modules/servers/Smtphosting/templates/client/default/assets/img/logo.png,Email,4845,1dc6b22a6667ecb97fa4662feb3bd9307838b653e2383836f8a1f7371e455ad4
modules/servers/Smtphosting/templates/client/default/assets/js/chart.min.js,Email,403789,3341155e6ce2afbcd91a7a757d197958d5a0173b2b6b2f9e764828717ac39904
modules/servers/Smtphosting/templates/client/default/assets/js/defaultComponents/__base.js,Email,1819,45b0d2c9e273a0343f568c87b893974b77036e5530bd7277d372759f21bfcd66
modules/servers/Smtphosting/templates/client/default/assets/js/defaultComponents/__components_handler.js,Email,4673,5b2e7dbde81c729a0fdbde2e5b20ea8af65e68195842a29e6be3a22ff6e9ba68
modules/servers/Smtphosting/templates/client/default/assets/js/defaultComponents/__event_handler.js,Email,3036,fc56df5d9ac0528ccb1b3ef58e918379fd597fa0647540826157edc55d602675
modules/servers/Smtphosting/templates/client/default/assets/js/defaultComponents/__page_controler.js,Email,7853,8ade494970ab65669a611c506e9d58d1f2b2ad2e0a74f9ee21274ffe615ce281
modules/servers/Smtphosting/templates/client/default/assets/js/defaultComponents/__vhook_integration.js,Email,5388,440562eafa156ac0e0b3ec495b1bcd281f85a18591507dd75d1f18f46d80b17b
modules/servers/Smtphosting/templates/client/default/assets/js/defaultComponents/__vue_app_modal_object.js,Email,26498,6cc00abbb72374de2c3137a17716cf425b80a4f3a3dac52eb5619e88303d90eb
modules/servers/Smtphosting/templates/client/default/assets/js/defaultComponents/__vue_app_object.js,Email,27268,abe4d9b93500c67794addfaeb233ff6f17c7e21fad0674e24e5fbeb0fde8b410
modules/servers/Smtphosting/templates/client/default/assets/js/defaultComponents/ajaxFieldForDataTable.js,Email,3829,16af7e63a11c0a2159e63e263a9b7b9bf41442aa5fda6fdbe942c43b36ade0df
modules/servers/Smtphosting/templates/client/default/assets/js/defaultComponents/ajaxSelect.js,Email,6023,efecf8e9702e45bbb1dadf60935486aa0c5b6c5a858d7ffdf312812d9c975714
modules/servers/Smtphosting/templates/client/default/assets/js/defaultComponents/ajaxSelectRemoteSearch.js,Email,5789,d1a914f4f29182f175e235f39a9e9e934c0d224373b46362eceaecbac0915566
modules/servers/Smtphosting/templates/client/default/assets/js/defaultComponents/categoryMenuDynamicContent.js,Email,8359,f44a383a25e11b36df6fc19d9bc171ba085e9b6f77960b6869209aa044b67d1b
modules/servers/Smtphosting/templates/client/default/assets/js/defaultComponents/copyKeyForDataTable.js,Email,1056,780cc4513dff12298861cb563f3dcb797f1b56173cc63f2e2945aa4817794360
modules/servers/Smtphosting/templates/client/default/assets/js/defaultComponents/dataTable.js,Email,13313,c66a2278b8ed394e03a317eef30cfcf014953309940a67a814c24607bf235d3a
modules/servers/Smtphosting/templates/client/default/assets/js/defaultComponents/dataTableSelectFilter.js,Email,1523,54335512295a1826a3d931572b02b88644b84b4d285ccfbc28b257544dea8477
modules/servers/Smtphosting/templates/client/default/assets/js/defaultComponents/dataTableTextFilter.js,Email,2416,6ec298e9326755ddf788a7aeca2538b73f73cd26fb2555cab99c9408ff309d90
modules/servers/Smtphosting/templates/client/default/assets/js/defaultComponents/detailsWidget.js,Email,1288,e66f3c1f56f419de44341cec3621ce4c41309a8ba773150119417dae97ff2ea2
modules/servers/Smtphosting/templates/client/default/assets/js/defaultComponents/dropdawnButtonWrapper.js,Email,1793,082846fa470e896ad6faf308fb2677243b44c131c5a911b9b0a60577f0982d7f
modules/servers/Smtphosting/templates/client/default/assets/js/defaultComponents/graph.js,Email,9820,05c5429125501074de8a26591b78abe5f6e206725f13c8e35b9ff60fe1dae0d6
modules/servers/Smtphosting/templates/client/default/assets/js/defaultComponents/passwordGenerateButton.js,Authentication,583,0c07dcb4b1eda716b8e30024b5763e7989313753571350f97a4a0f0be8fdaa1a
modules/servers/Smtphosting/templates/client/default/assets/js/defaultComponents/passwordToogleButton.js,Authentication,649,1a1de29d7919a70374d44b746fb03ca2e08399b43282953ca77d5b629da056d3
modules/servers/Smtphosting/templates/client/default/assets/js/defaultComponents/sidebarAjax.js,Email,2508,8fee5ce06c29bddb37af231aa3259ff3442dde0dc7d77f6034140b5081e8445c
modules/servers/Smtphosting/templates/client/default/assets/js/documentation.js,Email,57737,39d5a8e133d4f9282a778047b1e7d39d2814bb0d772a8bdabb9e99d9f4ddf707
modules/servers/Smtphosting/templates/client/default/assets/js/jscolor.min.js,Email,29140,f3fe71b010d0467548ebf14b877a694ae286e994b991226126412b712383120a
modules/servers/Smtphosting/templates/client/default/assets/js/layers-ui-table.js,Email,833000,e18064c544d79b0690bb286631a725a659cb6c9a6eb923088c805a24e1fe791e
modules/servers/Smtphosting/templates/client/default/assets/js/layers-ui.js,Email,1065859,f10c63545ae4b7fb00c197b0bfccbf5e25f9ec1434564728a1dee0ecab2fd5f6
modules/servers/Smtphosting/templates/client/default/assets/js/mgComponents.js,Email,17038,a3bc593d7b8f9ecf599e8f382074eff7edcec0e3b2ce4300d0553ead09764c5d
modules/servers/Smtphosting/templates/client/default/assets/js/moment.js,Email,154567,541fb40456e709de62b9ecf34043f8925ec20f5c056cb6a147b7c9691abc66ec
modules/servers/Smtphosting/templates/client/default/assets/js/vue.min.js,Email,93675,72194d152571dd375c4365e5c3b4af9db2c06af0102ced18fcb062597d38be26
modules/servers/Smtphosting/templates/client/default/assets/js/vuex.min.js,Email,9758,648be4b03f38aff2e09c64d70bee266c070aa071eed70f44761a566a30ecd5d4
modules/servers/Smtphosting/templates/client/default/controlers/addonIntegration.tpl,Email,476,e205be87e8bb0f76330d539ee332dede958b1b0cf76f9a44b7c44a4682d50a60
modules/servers/Smtphosting/templates/client/default/controlers/css_assets.tpl,Email,325,fae6958d01545198452652a2b93bcb502730182365d822769f21ce2e5432d697
modules/servers/Smtphosting/templates/client/default/controlers/errorPage.tpl,Email,3825,bc4dabb7996b5005434deb6aa7fd21a83d71b25271fd3e82cdbe3e49faaea4d6
modules/servers/Smtphosting/templates/client/default/controlers/integration.tpl,Email,200,d002374303b05ea2627acfa772a3e5746c2fd20b9e5faab7779f1b320929e42e
modules/servers/Smtphosting/templates/client/default/controlers/integrationsWrapper.tpl,Email,543,907823fb03635e68267efa629a3e3551bcc286996233b7221a0e91d051251384
modules/servers/Smtphosting/templates/client/default/controlers/js_assets.tpl,Email,807,1be8dbef5591169167b19509ebad0036bceee8ecd4d0de0162953991c83277e0
modules/servers/Smtphosting/templates/client/default/controlers/main.tpl,Email,1257,b98e500c476c89efb9d8a9c537d4f71e111c2933a767866969f2c2f5150b3940
modules/servers/Smtphosting/templates/client/default/controlers/pageNotFound.tpl,Email,2318,0932333a0c1778a1a5c3adc8ab222159e53a6e5806deb97d90a36f3908b1c8f6
modules/servers/Smtphosting/templates/client/default/pages/home/home.tpl,Email,0,e3b0c44298fc1c149afbf4c8996fb92427ae41e4649b934ca495991b7852b855
modules/servers/Smtphosting/templates/client/default/ui/core/default/appLayouts/navbarLeft.tpl,Email,1798,9277e9b544fd9d36b4112f55edefa08425f9401afd5aaef5ed3b3b58210bb3ae
modules/servers/Smtphosting/templates/client/default/ui/core/default/appLayouts/navbarLeftThin.tpl,Email,8813,12dd336663449af62bcd405c0af3ba9ba1e793528eddb106410e5aeaaf0ee68e
modules/servers/Smtphosting/templates/client/default/ui/core/default/appLayouts/navbarRight.tpl,Email,8813,12dd336663449af62bcd405c0af3ba9ba1e793528eddb106410e5aeaaf0ee68e
modules/servers/Smtphosting/templates/client/default/ui/core/default/appLayouts/navbarRightThin.tpl,Email,8813,12dd336663449af62bcd405c0af3ba9ba1e793528eddb106410e5aeaaf0ee68e
modules/servers/Smtphosting/templates/client/default/ui/core/default/appLayouts/navbarTop.tpl,Email,1485,76839d7e831177a0b5cfa7b8b36b791b23adc629617772cdba6e921e5fea9b46
modules/servers/Smtphosting/templates/client/default/ui/core/default/builder/container.tpl,Email,1280,8250ce63f69c3ba547f58bf7388cbc5ae61194571ea9472ee03cd4b002d245ad
modules/servers/Smtphosting/templates/client/default/ui/core/default/hiddenSearchable.tpl,Email,1551,475b4103fd843db3d488c3e16c18af5acf650e40955a39b4a20cff1f205654f0
modules/servers/Smtphosting/templates/client/default/ui/core/default/mainContainer.tpl,Email,1486,f6bdf878f64ed8b71cff3f1b5bcacb4b9effe9d3e86635c212b339b68c6cadf5
modules/servers/Smtphosting/templates/client/default/ui/core/default/mainContainerIntegrationAddon.tpl,Email,1633,89102192ff74a50aed1353f3d91851300f231b0dd5bc81bc55030a69c4bdd0b9
modules/servers/Smtphosting/templates/client/default/ui/core/default/searchable.tpl,Email,1244,7693c9692f43555b79d0d82193c0a1d4ae6205a7abffc0c69c23bab3cfeb2ad9
modules/servers/Smtphosting/templates/client/default/ui/core/default/widget/buttons/buttonBase.tpl,Email,1132,9963a9669d5eb824d8bab4a657328aac070e2890afdf9a3b4758fa34e701409f
modules/servers/Smtphosting/templates/client/default/ui/core/default/widget/buttons/buttonCreate.tpl,Email,1203,88ac03ecaa7843104097a5e3639704fbff53c9dab4ebab0a6d13c5aa3f750387
modules/servers/Smtphosting/templates/client/default/ui/core/default/widget/buttons/buttonCustomAction.tpl,Email,1142,08080619193cda3456b0bccfa95da0ff39d010aa0c9f70b65a16852a04ac032e
modules/servers/Smtphosting/templates/client/default/ui/core/default/widget/buttons/buttonDataTableModalAction.tpl,Email,1500,4f194458ac3bc0b36e6d4840913472ca4f6aa869a9c1d138ad1cba4fe9149734
modules/servers/Smtphosting/templates/client/default/ui/core/default/widget/buttons/buttonDatatableModalContextLang.tpl,Email,1149,016327ff7a51abf3130608fff773d25b276f22fde2bd080905d2bf07e48e6ad5
modules/servers/Smtphosting/templates/client/default/ui/core/default/widget/buttons/buttonDatatableShowModal.tpl,Email,1133,a064ff2290984119ddb97fb2934bffc5ca98bc04139f98e4ea9da3f3707c06f6
modules/servers/Smtphosting/templates/client/default/ui/core/default/widget/buttons/buttonMassAction.tpl,Email,1220,08e4449ac96325eb17668eb303291ef255114e825918a4175e5daae099d382db
modules/servers/Smtphosting/templates/client/default/ui/core/default/widget/buttons/buttonMassActionContextLang.tpl,Email,1178,938c0474a5ac2ce21a5bbc4e8b5dcf5c8cbeefb04ae3154a4ca39f087eafef2e
modules/servers/Smtphosting/templates/client/default/ui/core/default/widget/buttons/buttonModal.tpl,Email,1384,61c10a03ddd0a776d5429d9742652a11af22888912d4207d8700f59d166db322
modules/servers/Smtphosting/templates/client/default/ui/core/default/widget/buttons/buttonRedirect.tpl,Email,1341,95f5dd9d3e48183e8aa9c9f03a5f6094d60adb495ef0644f23c38e076e391461
modules/servers/Smtphosting/templates/client/default/ui/core/default/widget/buttons/buttonSubmitForm.tpl,Email,1117,234f366d98fe7ecf252d8bf109fc6a86e9dc5228d4cdb8fbb85293e2c3509672
modules/servers/Smtphosting/templates/client/default/ui/core/default/widget/buttons/buttonSwitchAjax.tpl,Email,1480,d9ca858069e649cc7a7993ebba4e5618ca03addd1b7dc9cd19d2cf092a90abf6
modules/servers/Smtphosting/templates/client/default/ui/core/default/widget/buttons/dropdawnButtonWrappers/buttonDropdown.tpl,Email,1008,74de27ba5063def4e1e99838b61276bde80192e029fad07d57ebe84ab3477f31
modules/servers/Smtphosting/templates/client/default/ui/core/default/widget/buttons/dropdawnButtonWrappers/buttonDropdownItem.tpl,Email,1342,889c7fb75a5d464e86c11ba9be9fae6949168778a84cc9ec385cac3d92df4dab
modules/servers/Smtphosting/templates/client/default/ui/core/default/widget/buttons/dropdawnButtonWrappers/buttonDropdown_components.tpl,Email,2472,96982b6fdd5da23e3d4bdae523c320c21e66dd45e25c92ee19ce6c18970cd84c
modules/servers/Smtphosting/templates/client/default/ui/core/default/widget/buttons/modalActionButtons/baseAcceptButton.tpl,Email,954,e06b79f54e448e1bde2c2e00995c0adcd1a708cd898fe1f4951b6846d2436418
modules/servers/Smtphosting/templates/client/default/ui/core/default/widget/buttons/modalActionButtons/baseCancelButton.tpl,Email,954,e06b79f54e448e1bde2c2e00995c0adcd1a708cd898fe1f4951b6846d2436418
modules/servers/Smtphosting/templates/client/default/ui/core/default/widget/categoryMenu/categoryMenuDynamicContent.tpl,Email,6243,d8be3ba97e4ae3d468793dcd0ddb01f1626e0cf2472dfd56dc8fe83ae941a610
modules/servers/Smtphosting/templates/client/default/ui/core/default/widget/categoryMenu/categoryMenuDynamicContent_components.tpl,Email,1466,b1a8e99b537051648a76d4186c5da764572714240304024217e2b4a37443d753
modules/servers/Smtphosting/templates/client/default/ui/core/default/widget/categoryMenu/itemContent.tpl,Email,912,99b6a1a10f68826f1f8eeade28fc805c3261820fa0e31e0dc40c3f07890094da
modules/servers/Smtphosting/templates/client/default/ui/core/default/widget/container.tpl,Email,1281,c16a979d971dc9bc05bd073fc7ffdb8631daa0f01772a26c092d2c32b4dc9edb
modules/servers/Smtphosting/templates/client/default/ui/core/default/widget/dataTable/dataTable.tpl,Email,1285,6739c504af44331ca7526b0d1255fcb56eae5f2e4baeaa61eb004b525d19f6e2
modules/servers/Smtphosting/templates/client/default/ui/core/default/widget/dataTable/dataTable_components.tpl,Email,13372,00578e7578146fb4bed6feb8187edfe4eb9ff5af2475549404d5c22ccce08f2c
modules/servers/Smtphosting/templates/client/default/ui/core/default/widget/dataTable/datatableCategorisedTabsContainer.tpl,Email,2849,593afd1472c3f2d7ef11e7e9a934cafc40bd7f92d7858e06261bb2cb90d327c6
modules/servers/Smtphosting/templates/client/default/ui/core/default/widget/dataTable/datatableTabsContainer.tpl,Email,2626,be82bf09f38a47b027666b00b2ccb62176faa981c0f93d6ff1fd39f5f8850ed8
modules/servers/Smtphosting/templates/client/default/ui/core/default/widget/dataTable/filters/select.tpl,Email,1611,081f000476fb7c3f9da7010202d5e58c9edec18165faf8d028f42fbe56471e9f
modules/servers/Smtphosting/templates/client/default/ui/core/default/widget/dataTable/filters/select_components.tpl,Email,1946,2066ece34c3919a2034e0bf6aa6fd2c86bf361b19c4e9fc4023a6e0204a4dd46
modules/servers/Smtphosting/templates/client/default/ui/core/default/widget/dataTable/filters/text.tpl,Email,1739,d1ec43ddd26c0bbcaded46d439c58c273dce6a21215a904040c12bb113c20b55
modules/servers/Smtphosting/templates/client/default/ui/core/default/widget/dataTable/filters/text_components.tpl,Email,1475,aacfcaf25917abfe345d4ce48c2d5ecf26aad2cf354c7dcf05e6adf23f32ca4c
modules/servers/Smtphosting/templates/client/default/ui/core/default/widget/forms/ajaxFields/select.tpl,Email,1817,1fb0d92d0e06b71528379d66aae1e40c980d5e92b807f7be232adf1f01e2071e
modules/servers/Smtphosting/templates/client/default/ui/core/default/widget/forms/ajaxFields/selectRemoteSearch.tpl,Email,2005,c7aa1eab09b082977c05c8115d8c39e763159d863cf3a2c5d5e50a5edcbc48c3
modules/servers/Smtphosting/templates/client/default/ui/core/default/widget/forms/ajaxFields/selectRemoteSearch_components.tpl,Email,1629,26a536108c9d4430c9c706693f8ce14b35f99a5101cb1bbc1d4cfa34b8e3806f
modules/servers/Smtphosting/templates/client/default/ui/core/default/widget/forms/ajaxFields/select_components.tpl,Email,1487,74c1c9f087f73c6cd2006eb7e7ca221695a57c1a0a55890ad132a3c2bb186350
modules/servers/Smtphosting/templates/client/default/ui/core/default/widget/forms/baseAutoSaveFormExtSections.tpl,Email,1274,b08f21b14eb118dbb543ffe71a038b133423fbcab41c3dda924638b53b34a819
modules/servers/Smtphosting/templates/client/default/ui/core/default/widget/forms/baseForm.tpl,Email,2170,52345dc9fee36abd3f825b3f5b3fe97cf72017e1eee893d252bdd609a338ac9e
modules/servers/Smtphosting/templates/client/default/ui/core/default/widget/forms/baseStandaloneForm.tpl,Email,2252,1c838d136556fd1590da817cdbf41448f621dd3c1d106dfcff6eb8bdd0735557
modules/servers/Smtphosting/templates/client/default/ui/core/default/widget/forms/baseStandaloneFormExtSections.tpl,Email,1362,d88c91a30d0962d016bc0d348f18e5e2b64feaacfa982b6911271a1232159a69
modules/servers/Smtphosting/templates/client/default/ui/core/default/widget/forms/fields/autoSaveFields/select2vueByValueOnly.tpl,Email,2308,f211dba51d9ae8a80835c29ec920e762ee2642b1c241552f61874b26c48bc33c
modules/servers/Smtphosting/templates/client/default/ui/core/default/widget/forms/fields/autoSaveFields/switcher.tpl,Email,1693,84ef8f1b76e521c8b622e44fcb87cb4874eb478f83e5a1264b009c4454834aab
modules/servers/Smtphosting/templates/client/default/ui/core/default/widget/forms/fields/checkbox.tpl,Email,2423,98e62b5ac2ba3010b98b856631dbc96fd0856898e3c67e3b882f6788f2e74239
modules/servers/Smtphosting/templates/client/default/ui/core/default/widget/forms/fields/colorPicker.tpl,Email,1456,b9b46a65ed5d8059af973ae9a8f1757e33e07df21d9d3fbf24f2fc056913f056
modules/servers/Smtphosting/templates/client/default/ui/core/default/widget/forms/fields/date.tpl,Email,1698,785403fe45f9fa7db3f8bef1c45275185375914dc6db112529a58f8954b60528
modules/servers/Smtphosting/templates/client/default/ui/core/default/widget/forms/fields/datePicker.tpl,Email,1834,81175753a9daf20b6bd13313b5d044748b5187c107fc378924336b621fe3454c
modules/servers/Smtphosting/templates/client/default/ui/core/default/widget/forms/fields/hidden.tpl,Email,161,7e142b1dbde1dcb84d8a63880cfdc0383b3740c8c08a70d6b4c570e5f284900c
modules/servers/Smtphosting/templates/client/default/ui/core/default/widget/forms/fields/inputGroupElements/inputAddon.tpl,Email,964,1e6bd962068b64862f8decdea7f61278cc4dec5d5b2a3638284599d3ad95d56e
modules/servers/Smtphosting/templates/client/default/ui/core/default/widget/forms/fields/inputGroupElements/select.tpl,Email,1724,9fa465813cd8d88f5e0eb6ac188fae1b983268fa1df1ed79bc4448da33f1037b
modules/servers/Smtphosting/templates/client/default/ui/core/default/widget/forms/fields/inputGroupElements/text.tpl,Email,1084,198cff058222118d940f6d98b9a7a7e2b8f596278cb7dd25e6be638ad8909a1a
modules/servers/Smtphosting/templates/client/default/ui/core/default/widget/forms/fields/number.tpl,Email,1622,22887ee16ef2d0f1cc06c0ef64b3aaf349d7ed0a76552d9a7ceb8d7cff8cb6e3
modules/servers/Smtphosting/templates/client/default/ui/core/default/widget/forms/fields/password.tpl,Authentication,1625,0408dd64d5b5fe20421956adfb914db9979864894dbf3c270a17ef74ebd320df
modules/servers/Smtphosting/templates/client/default/ui/core/default/widget/forms/fields/passwordGenerate.tpl,Authentication,1618,3fdd45460cee31e851bb565a266fda3ac70e21d3693ec264c3175253f0ec95d4
modules/servers/Smtphosting/templates/client/default/ui/core/default/widget/forms/fields/passwordGenerate_components.tpl,Authentication,1386,a1c407ed3abcf4f2b9cc3171fb7ab66e00680ad93ec847f2a69753359b3852ad
modules/servers/Smtphosting/templates/client/default/ui/core/default/widget/forms/fields/pricingField.tpl,Email,1483,ee48f213dfeb6240adf5b8529367cd236753e82805d5b44c2fa61ad82dba11ee
modules/servers/Smtphosting/templates/client/default/ui/core/default/widget/forms/fields/select.tpl,Email,2215,8ee87cd7753303fb1ddd19cf00202455fd371dae837b1a18ea5bd79eae405ba7
modules/servers/Smtphosting/templates/client/default/ui/core/default/widget/forms/fields/select2vue.tpl,Email,2682,f8bc621eec85fae86cc9db3c4d4c1ffe546733d85bd9fa34e2b70d4f6c314586
modules/servers/Smtphosting/templates/client/default/ui/core/default/widget/forms/fields/select2vueByValueOnly.tpl,Email,2199,de1a308f989b30142c923c0d85546c0be4f02d4950c4ee71a986854c243c203e
modules/servers/Smtphosting/templates/client/default/ui/core/default/widget/forms/fields/selectGlobalLang.tpl,Email,1716,d38b09ec6b37786db80b7710912fc970a7df3aa47b9208c07c6ea74ed9cf119e
modules/servers/Smtphosting/templates/client/default/ui/core/default/widget/forms/fields/selectLang.tpl,Email,2420,eafd6d96703da889cdd676042f9a42c2e72cbb65e7dd26bb26e268278c3f891f
modules/servers/Smtphosting/templates/client/default/ui/core/default/widget/forms/fields/switcher.tpl,Email,1738,7981493eb3eaeb08a3da9e929c9bce969340af296ea8b4a0be9d843bc29e7a69
modules/servers/Smtphosting/templates/client/default/ui/core/default/widget/forms/fields/tagger.tpl,Email,1630,b1555691301694730b460d2a9170d5b96b21ded3aa302d71957206902d25c3c2
modules/servers/Smtphosting/templates/client/default/ui/core/default/widget/forms/fields/text.tpl,Email,1674,75ccd2b34491c3f6e51459135fabebe1f53bb3a24a185ffb85fae18fbcac4e22
modules/servers/Smtphosting/templates/client/default/ui/core/default/widget/forms/fields/textarea.tpl,Email,981,79e3c5bd8632e48c0c01e0852bbeb4a797aa127ecc463df04e7b81a31117ea5b
modules/servers/Smtphosting/templates/client/default/ui/core/default/widget/forms/formInTab.tpl,Email,2470,992e6b39031299c248fc5d173d1b6afd3ae3115dff335432f78535182cb48aa4
modules/servers/Smtphosting/templates/client/default/ui/core/default/widget/forms/formIntegration.tpl,Email,967,9f0613fb214568ebcfb2dd654048ec59f6583de6a5ff0c5d30df62a92b5576e1
modules/servers/Smtphosting/templates/client/default/ui/core/default/widget/forms/formTabsWidget.tpl,Email,3682,2991b409f63a7f539b30401034b3bdfff64f1aebe0b700a1df7250f8b17eeaa1
modules/servers/Smtphosting/templates/client/default/ui/core/default/widget/forms/formWidgetStandalone.tpl,Email,2388,112f95722941dc9d290b32abb5a45c73cd9d510a1aa2e3bc0a375e63a5c53d9c
modules/servers/Smtphosting/templates/client/default/ui/core/default/widget/forms/sections/baseSection.tpl,Email,1043,f4a6dbfe5be3b6d5b755c92ed8aa696d72e32ed08b354e562b0513f430b7fa46
modules/servers/Smtphosting/templates/client/default/ui/core/default/widget/forms/sections/boxSection.tpl,Email,2188,5dee8cb07dfc00d630aa6f711f2ef73b2a9df430772de43637a45761a05f9b00
modules/servers/Smtphosting/templates/client/default/ui/core/default/widget/forms/sections/halfPageSection.tpl,Email,1081,992979989749d93be6b72ef44b268d261406fe738954f944730ee0fee0fdb3dc
modules/servers/Smtphosting/templates/client/default/ui/core/default/widget/forms/sections/hiddenPricingSection.tpl,Email,1466,3316bf89b16f79191ce071771acf218df24fb6adbeef4645fbb17a9b71f32047
modules/servers/Smtphosting/templates/client/default/ui/core/default/widget/forms/sections/inputGroup.tpl,Email,1473,777e5ce9d808ed8117de409a527452d550d60f1db5f019ce8ae29556a31ccbed
modules/servers/Smtphosting/templates/client/default/ui/core/default/widget/forms/sections/rawSection.tpl,Email,1658,cfb44cee7f3009f5d62fd8c8f4dcc4f7a97d6978c8bd9a2e300ff2ada4ee2533
modules/servers/Smtphosting/templates/client/default/ui/core/default/widget/forms/sections/sectionLuRow.tpl,Email,1085,fa4f5780ce484b823c8bddbfb8de293cbc9aa6c77f530c8a24f361da9bbe2c81
modules/servers/Smtphosting/templates/client/default/ui/core/default/widget/forms/sections/tabSection.tpl,Email,895,bc66157e5927bab8f212c3d8736400e367bc376b9f3cda87b49faddc4610b35f
modules/servers/Smtphosting/templates/client/default/ui/core/default/widget/graph.tpl,Email,1,01ba4719c80b6fe911b091a7c05124b64eeece964e09c058ef8f9805daca546b
modules/servers/Smtphosting/templates/client/default/ui/core/default/widget/graphs/bar.tpl,Email,1134,bcd0f799039abec2abcca8a567ea7ecaa162f1252a4bd9fa5eb1677d2612013d
modules/servers/Smtphosting/templates/client/default/ui/core/default/widget/graphs/bar_components.tpl,Email,2878,aebbea35cdf72ace0c4a4346bdd6d3d8085411003ac6fa91cfb364d1d0a35d35
modules/servers/Smtphosting/templates/client/default/ui/core/default/widget/graphs/bubble.tpl,Email,3790,9851512500cdfc789eabecb0bfada60e2ca337f9e4b1f109f3f4f5799536c855
modules/servers/Smtphosting/templates/client/default/ui/core/default/widget/graphs/doughnut.tpl,Email,3790,9851512500cdfc789eabecb0bfada60e2ca337f9e4b1f109f3f4f5799536c855
modules/servers/Smtphosting/templates/client/default/ui/core/default/widget/graphs/emptyGraph.tpl,Email,3787,692e2cdfbb6c94bd95dad94b1a7efe1d0886b9607d3672f32289c285df02702c
modules/servers/Smtphosting/templates/client/default/ui/core/default/widget/graphs/line.tpl,Email,1201,896474408cc88c29d8e2b806d5ae46a107ad53265d2ace1092b5edd155120c3d
modules/servers/Smtphosting/templates/client/default/ui/core/default/widget/graphs/line_components.tpl,Email,2915,8d4529006307b0452db6bfcc61aada650e0d6687ee68fe5c9f418a8530e61542
modules/servers/Smtphosting/templates/client/default/ui/core/default/widget/graphs/pie.tpl,Email,3790,9851512500cdfc789eabecb0bfada60e2ca337f9e4b1f109f3f4f5799536c855
modules/servers/Smtphosting/templates/client/default/ui/core/default/widget/graphs/polarArea.tpl,Email,3790,9851512500cdfc789eabecb0bfada60e2ca337f9e4b1f109f3f4f5799536c855
modules/servers/Smtphosting/templates/client/default/ui/core/default/widget/graphs/radar.tpl,Email,3787,692e2cdfbb6c94bd95dad94b1a7efe1d0886b9607d3672f32289c285df02702c
modules/servers/Smtphosting/templates/client/default/ui/core/default/widget/grid.tpl,Email,1,01ba4719c80b6fe911b091a7c05124b64eeece964e09c058ef8f9805daca546b
modules/servers/Smtphosting/templates/client/default/ui/core/default/widget/modals/baseEditModal.tpl,Email,2933,2ca77f589d4e6d1d748167c3a93cc8df6bed9cad70fd66d4cc777addb5888da6
modules/servers/Smtphosting/templates/client/default/ui/core/default/widget/modals/baseModal.tpl,Email,2848,1f6b5e389687c6c3112f305292b2e927c76cf3ca2f4e5771cbb5bb79e654764f
modules/servers/Smtphosting/templates/client/default/ui/core/default/widget/modals/modalTabsEdit.tpl,Email,5571,5d0e8cc55382dba2aa375ff7bf9716d331a0a2a6c25f063dccb612149cc4e03d
modules/servers/Smtphosting/templates/client/default/ui/core/default/widget/others/ajaxFieldForDataTable.tpl,Email,318,26c76cba2edc2f0cc5e4f225a07278d7d45831e0f859e9c9fa7624db849729b5
modules/servers/Smtphosting/templates/client/default/ui/core/default/widget/others/ajaxFieldForDataTable_components.tpl,Email,219,7e8133b37346c76e2427a8c5b554bed9b2d32587d7113005a4ac7710695a1554
modules/servers/Smtphosting/templates/client/default/ui/core/default/widget/others/copyKeyForDataTable.tpl,Email,324,a8d880e2bdb3cded3a1b8acea26f4527021285be43d94ff2dee28c1e66dcfcea
modules/servers/Smtphosting/templates/client/default/ui/core/default/widget/others/copyKeyForDataTable_components.tpl,Email,493,6d487e7f3da8faffb77bc34d1df7a14357c1551c94453795d0fe7a952635438f
modules/servers/Smtphosting/templates/client/default/ui/core/default/widget/others/detailsWidget.tpl,Email,999,c9c1e384b349fee6a98cc6d8e77d1eaf177c1e1c6fd118ef3c6b15acda63902a
modules/servers/Smtphosting/templates/client/default/ui/core/default/widget/others/detailsWidget_components.tpl,Email,2470,1f74c6ec1a3487e63007d36a7aff4b25c3c4db04cc550f07aa5a528adc6f5a03
modules/servers/Smtphosting/templates/client/default/ui/core/default/widget/others/infoWidget.tpl,Email,1982,5b5e7aec93e1f1ca1199244e3e2739a6e932c82b6f5c401fc97686a4706ea5fd
modules/servers/Smtphosting/templates/client/default/ui/core/default/widget/others/label.tpl,Email,523,32788b8fbc5de248c05a0bfad5c54cc4bf9d51e33f1f580c5d94bdf07a0a0148
modules/servers/Smtphosting/templates/client/default/ui/core/default/widget/others/moduleDescription.tpl,Email,351,423d8d0a74b89a777861f032b78430ae8fc59ec1f1570de295913379f2e0bea2
modules/servers/Smtphosting/templates/client/default/ui/core/default/widget/others/passwordToggleButton.tpl,Authentication,997,a42fd6d90f0b7dcc55090e64826b2a65a11e1d59032e058364ca22498defcaae
modules/servers/Smtphosting/templates/client/default/ui/core/default/widget/others/passwordToggleButton_components.tpl,Authentication,1678,2fc7f628f4ed147a73f9c446cae3e2ae201ebf1fd8fd7170034ee2025af8d686
modules/servers/Smtphosting/templates/client/default/ui/core/default/widget/rawDataTable/rawDataTable.tpl,Email,1303,919c0fa89f71d304221f86d8a972d1d9005cf6e33e441e8b35395e8ddb0a193c
modules/servers/Smtphosting/templates/client/default/ui/core/default/widget/rawDataTable/rawDataTable_components.tpl,Email,12491,a414839255ad0ea6af764a59be7ca9dd3f779bbdfb1d6132900b746b17cc2ccf
modules/servers/Smtphosting/templates/client/default/ui/core/default/widget/sidebar/sidebar.tpl,Email,862,4dca1f0d26f82ca35a1ee36e7b5f386123748e42c112743743b2330041c5174f
modules/servers/Smtphosting/templates/client/default/ui/core/default/widget/sidebar/sidebarAjax.tpl,Email,1008,de631528d175fc16ab3419a2be5b3002020b1ef8e291b2b66e8e098444e094a9
modules/servers/Smtphosting/templates/client/default/ui/core/default/widget/sidebar/sidebarAjax_components.tpl,Email,3065,21f235c5b66c1602c277749233c19e500c53e52d5d8dcac4bd99eef02abd42bf
modules/servers/Smtphosting/templates/client/default/ui/core/default/widget/sidebar/sidebarItem.tpl,Email,362,51096b58b2462618c4f91433db6e7ee0d79b4be8b36bca076600dde3b086a78a
modules/servers/Smtphosting/templates/client/default/ui/core/default/widget/tab.tpl,Email,984,5b5f69794c0356e0dcf8472f3e37a1c4459ab3030f177c8cdf3f78a5a0cf45db
modules/servers/Smtphosting/templates/client/default/ui/core/default/widget/tabContainer.tpl,Email,2768,975a373375b3110f9c47d367f15f44f5a608d1779d21caf06c7ba5eda6d20450
modules/servers/Smtphosting/templates/client/default/ui/core/default/widget/tabContainerLeft.tpl,Email,2662,446f6f08d8eb25c136a795b78adaa43a36c71328446b8b0649e967657cd16986
modules/servers/Smtphosting/templates/client/default/ui/core/default/widget/tabContainerRight.tpl,Email,2777,9d183904c3ce30e3944f9f0af78c512292f666dc1459cd5a6a98981e3bcea9d6
modules/servers/Smtphosting/templates/client/default/ui/core/default/widget/tabs/tab.tpl,Email,1,01ba4719c80b6fe911b091a7c05124b64eeece964e09c058ef8f9805daca546b
modules/servers/Smtphosting/templates/client/default/ui/core/default/widget/tabs.tpl,Email,1,01ba4719c80b6fe911b091a7c05124b64eeece964e09c058ef8f9805daca546b
modules/servers/Smtphosting/templates/client/default/ui/core/default/widget/tabsWidget/tabsWidget.tpl,Email,1978,87b30976a2ef896a8cc6d7f8dc5e7533f870eaa6a5842ecd702bf08b3587c90e
modules/servers/Smtphosting/templates/client/default/ui/view.tpl,Email,1151,b729023d69194476b1c77aac9ea5ba9c1663914d8c4ceeb6be6ade6bb8559991
modules/servers/Smtphosting/templates/error.tpl,Email,437,9c316e374b45bb083967f39b018c4247ca3427fa8c18dcd658050baafeb1f981
modules/servers/Smtphosting/vendor/adbario/php-dot-notation/LICENSE.md,Administrative/internal,1088,4604e5a814458f4909254bb79f4da8808abfae54f15c4a90104c34c0cab49ee4
modules/servers/Smtphosting/vendor/adbario/php-dot-notation/composer.json,Administrative/internal,658,f1225cbad3137acc0c2acfeeb26f62e79e6773818940fec5d5e7eaa728d7fdf5
modules/servers/Smtphosting/vendor/adbario/php-dot-notation/src/Dot.php,Administrative/internal,11325,6a48a1cd930c43bcfa68a2733404a93fc3e419354596ebd6a69f2f170ece8846
modules/servers/Smtphosting/vendor/adbario/php-dot-notation/src/helpers.php,Administrative/internal,498,55b069eef5e11e6d4dcd9840eea0a901eea73e4eb88680839056a65b3332d05e
modules/servers/Smtphosting/vendor/autoload.php,Administrative/internal,178,65fcf129c251643c3bd53b91c780c098eaeeed8bfe66c949ee99e75b4e0c4002
modules/servers/Smtphosting/vendor/composer/ClassLoader.php,Administrative/internal,16065,1f8c29cdfa3029f49fe0b46bbd8d41325fb701b43b713e68be42e1c9b4e8c3fd
modules/servers/Smtphosting/vendor/composer/InstalledVersions.php,Administrative/internal,14991,c13545b80c74150db8ef2e6e6ae614ca5bab5d02eb0a2e90e20123177fdc330b
modules/servers/Smtphosting/vendor/composer/LICENSE,Administrative/internal,1070,c8cce4b6b9729f264ffdf9296d505d63432497feeed1f586d1902b942197e024
modules/servers/Smtphosting/vendor/composer/autoload_classmap.php,Administrative/internal,232,74dcf24a738537227f9b40fa55bfc26ae77341b765914d4e8f518d5ec9eccb43
modules/servers/Smtphosting/vendor/composer/autoload_files.php,Administrative/internal,523,bc0175d391d269670852e469554df7a25c37c87e3d58b28f27733fc216d5b2b7
modules/servers/Smtphosting/vendor/composer/autoload_namespaces.php,Administrative/internal,149,6d1b582b311799934568f00d45e01de7a04f8a1865a8a72c7841904ad4dac3a7
modules/servers/Smtphosting/vendor/composer/autoload_psr4.php,Administrative/internal,800,1a330f7334be50d8c4fca3742d6f666b87eebc74b1c9b620f936eef66ba6ff76
modules/servers/Smtphosting/vendor/composer/autoload_real.php,Administrative/internal,2549,4678c1625364d5ea281fa7842e2a184803bba501f5a796b3eed2eeea802403d4
modules/servers/Smtphosting/vendor/composer/autoload_static.php,Administrative/internal,2988,bdccf81a523882fdf47398faa8ddadb09a0ebb43062e5b867ab232498f23b4cf
modules/servers/Smtphosting/vendor/composer/installed.json,Administrative/internal,17510,66428ec272a301281687d7e22c6df05f6996c660dd234a06bf454368c0d101d3
modules/servers/Smtphosting/vendor/composer/installed.php,Administrative/internal,4357,c21adc44423b4d474b5f88209604c324bb41332329150c045994116d0a53983a
modules/servers/Smtphosting/vendor/composer/platform_check.php,Administrative/internal,925,405a6170c22896f25134a506c655986685379c4a1ee75c9eaa8e15cc98d106f6
modules/servers/Smtphosting/vendor/mso/idna-convert/LICENSE,Administrative/internal,26462,5525fbd0911b8dcbdc6f0c081ac27fd55b75d6d261c62fa05b9bdc0b72b481f6
modules/servers/Smtphosting/vendor/mso/idna-convert/README.md,Administrative/internal,7898,563c2445c28e3246891f9ab6a888b9344aceaefaeb0f1cc40a6313916be288b2
modules/servers/Smtphosting/vendor/mso/idna-convert/composer.json,Administrative/internal,767,1fb155bdb46dd57f9c5b05b66f36dfd4ba121dabd797f7fa6cad916406496d85
modules/servers/Smtphosting/vendor/mso/idna-convert/src/EncodingHelper.php,Administrative/internal,5731,106bfeb042d4f8d2f039007a16b7e60240a60d741e2da2f96e8fb19045855848
modules/servers/Smtphosting/vendor/mso/idna-convert/src/IdnaConvert.php,Administrative/internal,15660,064755718a88b2459a9f5415e2a543b31ddb6d4f9725725e3f68c0f2385865f5
modules/servers/Smtphosting/vendor/mso/idna-convert/src/NamePrepData.php,Administrative/internal,145617,b171778c5cd4c2c15a6b0a271b1d06b4c9479979feecdd02a857a8dce382a5f9
modules/servers/Smtphosting/vendor/mso/idna-convert/src/NamePrepData2003.php,Administrative/internal,33952,b69b0defaf26a223978f442e5e1a939dd9407c7ee5b72fd534f66a13a59644e5
modules/servers/Smtphosting/vendor/mso/idna-convert/src/NamePrepDataInterface.php,Administrative/internal,71,760690c7bcc5dd9fded8ca054b3d28bcbb737d0a1d4d1f8865871792fa7f40fd
modules/servers/Smtphosting/vendor/mso/idna-convert/src/Punycode.php,Administrative/internal,19794,709d82cdc95ba16ad8a7613fe40d3771470e723d065015962b3f120d97b0b211
modules/servers/Smtphosting/vendor/mso/idna-convert/src/PunycodeInterface.php,Administrative/internal,415,7a1510d71eec49aefac06c01c52e2831b9313e6cc35c765b16e96f52c97336fa
modules/servers/Smtphosting/vendor/mso/idna-convert/src/UnicodeTranscoder.php,Administrative/internal,12644,94708f9d4757bc7ea7338263fba8330d2f7ea1d9e577dadcf5b11d760d9e5287
modules/servers/Smtphosting/vendor/mso/idna-convert/src/UnicodeTranscoderInterface.php,Administrative/internal,1096,e338b5ad244a316b1059cfe755e1213db7a7b13bcb573f489a81282e3549438d
modules/servers/Smtphosting/vendor/piwik/ini/README.md,Administrative/internal,2131,038eeb05c7f677261757e4c9fafeada9b7ae4e5cf130c4e0d6d8b54ca68f340f
modules/servers/Smtphosting/vendor/piwik/ini/composer.json,Administrative/internal,418,91a04c99dbf42c08baa66d837ab1eea36e2bb238f467a4eaa5a48c13bfa99941
modules/servers/Smtphosting/vendor/piwik/ini/phpunit.xml,Administrative/internal,550,2540cc7e00c85d91d02a56d1a64bbe3ffeebb9213d83621600af29e90406d022
modules/servers/Smtphosting/vendor/piwik/ini/src/IniReader.php,Administrative/internal,10920,ddfa5cf466f8bce06e9335559c5254f05895fb0aefb6370a6d63f262a58294f9
modules/servers/Smtphosting/vendor/piwik/ini/src/IniReadingException.php,Administrative/internal,280,5bb8b360fecbda81fe5c7985e82dfbc68231783b6d71ea0b0c7c6ba6e2d71aa4
modules/servers/Smtphosting/vendor/piwik/ini/src/IniWriter.php,Administrative/internal,3138,55150efc3b2b20eb18d6da7941372811e1fb7bc25dd4204708085772003f0304
modules/servers/Smtphosting/vendor/piwik/ini/src/IniWritingException.php,Administrative/internal,280,aca4d658b096ce4ce11be10bf0f9e744b7632e67a08987d0f20cc9aac0b33271
modules/servers/Smtphosting/vendor/psr/cache/CHANGELOG.md,Administrative/internal,746,a69c7961dbc922e68a15c5a4a5f0e2a5e4bcd4aab35aa28f723f6e027699c0d6
modules/servers/Smtphosting/vendor/psr/cache/LICENSE.txt,Administrative/internal,1080,a5291f8c6905c638db35dc564c0924ba99365248cdc8f9978b5b637f374af7d6
modules/servers/Smtphosting/vendor/psr/cache/README.md,Administrative/internal,277,2b655686f30694905bdac049361065198a5c413e4e27e56067905bd1e2f6c3f5
modules/servers/Smtphosting/vendor/psr/cache/composer.json,Administrative/internal,513,754ea3a4269986f4701785790bbd8ead2c2b06c07f6be1d21b542b00f889a1f8
modules/servers/Smtphosting/vendor/psr/cache/src/CacheException.php,Administrative/internal,143,cc862c4814ec42427052a533c84933cccb0b041fb9988342c0b60f9cae49828b
modules/servers/Smtphosting/vendor/psr/cache/src/CacheItemInterface.php,Administrative/internal,3772,c2a01d71fbf58b888a515a977100ed78b2d4499eda07de0bd757d3f7795d99ae
modules/servers/Smtphosting/vendor/psr/cache/src/CacheItemPoolInterface.php,Administrative/internal,4389,e55e861765cb96b2f2570135dc0432d814bd26c9b084ac0bec3228585f5325ad
modules/servers/Smtphosting/vendor/psr/cache/src/InvalidArgumentException.php,Administrative/internal,299,28acf77ecca63641222be1974c36dd159c587e207722b1a3f4953d588ccdfbad
modules/servers/Smtphosting/vendor/psr/log/LICENSE,Administrative/internal,1085,6e944907067bae93c00a9f2ad51032243820b22df34b77c77690d46cb2e98e24
modules/servers/Smtphosting/vendor/psr/log/Psr/Log/AbstractLogger.php,Administrative/internal,3104,944c4d428eba1c613220121ecaa695e9189a42be883218f2fb0074ceca9bbec9
modules/servers/Smtphosting/vendor/psr/log/Psr/Log/InvalidArgumentException.php,Administrative/internal,96,403c6def4d4199a12cb4a54e804c7d29405968871366500f72d6f3ea401bfc64
modules/servers/Smtphosting/vendor/psr/log/Psr/Log/LogLevel.php,Administrative/internal,336,9f2520b22945ce1599c4fedba0a4c75985f172ca86cdf386766ebb8b2363768c
modules/servers/Smtphosting/vendor/psr/log/Psr/Log/LoggerAwareInterface.php,Administrative/internal,297,c32ef350fe969788d0de3996e33c4b6a25308c7ceee1f7e87286f491b2bbf25a
modules/servers/Smtphosting/vendor/psr/log/Psr/Log/LoggerAwareTrait.php,Administrative/internal,402,1e001b7d76293cffc829ae97c9bc255ccdaff25c9ebcb6710f2d1a7d3e19a579
modules/servers/Smtphosting/vendor/psr/log/Psr/Log/LoggerInterface.php,Administrative/internal,3114,863e63678ee771916f10f0aa8f454d34b25694a61373c0ab67bba038fd1c162d
modules/servers/Smtphosting/vendor/psr/log/Psr/Log/LoggerTrait.php,Administrative/internal,3415,358842b431c3bdbab0587fd1a58185b59c41f66e735b4ef1026380a219d8a9b3
modules/servers/Smtphosting/vendor/psr/log/Psr/Log/NullLogger.php,Administrative/internal,707,e969c5da49ac031373b4b1e0cb9013f2daa87260e1aaaae8e413edddc4d7dcf5
modules/servers/Smtphosting/vendor/psr/log/Psr/Log/Test/DummyTest.php,Administrative/internal,251,bade54d76f112de0e63fca81b9712ba19352702340f7fb9a186190aadc009274
modules/servers/Smtphosting/vendor/psr/log/Psr/Log/Test/LoggerInterfaceTest.php,Administrative/internal,4649,4721a32c6397a3de0f2ff61ba29a798efdad3e2f00fb3ec401a6722705a25b5f
modules/servers/Smtphosting/vendor/psr/log/Psr/Log/Test/TestLogger.php,Administrative/internal,4527,07508c479f934ca3d935391f4ebca8ad22c024678b695741cb30e45a6de315ad
modules/servers/Smtphosting/vendor/psr/log/README.md,Administrative/internal,1346,4f2bc231e87cda248b1fa2aef7a930045f3e95f89ee46ff579188d2489372954
modules/servers/Smtphosting/vendor/psr/log/composer.json,Administrative/internal,562,5c102d352bf26aa938b0b7586b46b019e112002b470939a24f038545d5387ba4
modules/servers/Smtphosting/vendor/psr/simple-cache/LICENSE.md,Administrative/internal,1137,9d7269855b25e36b54461c029260a56c97499a647117ea37f4c5cdfc956a7f8b
modules/servers/Smtphosting/vendor/psr/simple-cache/README.md,Administrative/internal,563,3f6ceb3d1fa73168b7fe2239f303bdd38c190d44e41c12f07fcc4934462c828b
modules/servers/Smtphosting/vendor/psr/simple-cache/composer.json,Administrative/internal,552,07078d3db205b647c14a44c42a660fac76cf89e89c83f503f6131c1f85a45053
modules/servers/Smtphosting/vendor/psr/simple-cache/src/CacheException.php,Administrative/internal,154,88f396cd7fabc6071d12482eb363c2999cbdc5a4b0c93751eb8c2ea5e7df1ba8
modules/servers/Smtphosting/vendor/psr/simple-cache/src/CacheInterface.php,Administrative/internal,4608,01c2610e2fb48c38d0473dba36add9d4b8e0203ef93d6a4f58c188ccc34b34e1
modules/servers/Smtphosting/vendor/psr/simple-cache/src/InvalidArgumentException.php,Administrative/internal,260,5f45f9c49e02676e2fb03f60386fb292bbf03062890b4bf40c948e90187fcad9
modules/servers/Smtphosting/vendor/rappasoft/laravel-helpers/composer.json,Administrative/internal,456,60f363120f414eb70df5c7c4bf34cb7c99a131de00c58725ac693542e62c2890
modules/servers/Smtphosting/vendor/rappasoft/laravel-helpers/readme.md,Administrative/internal,13195,30ea3a37669f4237f843aa70a406f44d7e4a8e0e4c669ae76c8438119a86ce2a
modules/servers/Smtphosting/vendor/rappasoft/laravel-helpers/src/helpers.php,Administrative/internal,44150,e1f9327e1307238a13c8ed242b003868cf3ed6cd45510495877a8da9b8224d2a
modules/servers/Smtphosting/vendor/symfony/cache/Adapter/AbstractAdapter.php,Administrative/internal,9631,6c27f1c5e20af73a818c0b6a3437746424a38c6112fd4216af43f8c8fb8cc7ca
modules/servers/Smtphosting/vendor/symfony/cache/Adapter/AdapterInterface.php,Administrative/internal,790,a3009fddd9d7b060f1e7e633e943604894d236c0dad16339859109a8aac9000e
modules/servers/Smtphosting/vendor/symfony/cache/Adapter/ApcuAdapter.php,Administrative/internal,747,4d3a8fca51966fb765e0201437014ea886d952463650d76906580e466cc10e45
modules/servers/Smtphosting/vendor/symfony/cache/Adapter/ArrayAdapter.php,Administrative/internal,4212,35b206babba1cb8f5ca7721135f7fafc3b5d29fb8832990543612e82267e277e
modules/servers/Smtphosting/vendor/symfony/cache/Adapter/ChainAdapter.php,Administrative/internal,6930,b790781e5a4e953d9ab517524a8c1ba9afb6dc451410b3c28797412e9e33e389
modules/servers/Smtphosting/vendor/symfony/cache/Adapter/DoctrineAdapter.php,Administrative/internal,827,ca35b550d2439972438887a61ff7d6fb224bd4f0cdbeab54753426f198484c14
modules/servers/Smtphosting/vendor/symfony/cache/Adapter/FilesystemAdapter.php,Administrative/internal,822,532b8035eb6b238588426bbb9fe85b802235b8d9923f5dac18b5f03de94d2894
modules/servers/Smtphosting/vendor/symfony/cache/Adapter/MemcachedAdapter.php,Administrative/internal,1177,ecac3a9dbb44d0f7d62873ba33579a586b713a60ea81e3a67fe15fef74a4be6f
modules/servers/Smtphosting/vendor/symfony/cache/Adapter/NullAdapter.php,Administrative/internal,2099,835261d1875004c1271fc67fea1b6b6645fdc24785fedc81ee5be2d5d16a8908
modules/servers/Smtphosting/vendor/symfony/cache/Adapter/PdoAdapter.php,Administrative/internal,2285,8c58e6eb0936979131436927e67cf5ad68601a4fe71a5300968ab3156466a979
modules/servers/Smtphosting/vendor/symfony/cache/Adapter/PhpArrayAdapter.php,Administrative/internal,9132,544a3a8f0d81aa802811d453f726ac6eb53a5d6edf5db27aadc4c342e411c4e7
modules/servers/Smtphosting/vendor/symfony/cache/Adapter/PhpFilesAdapter.php,Administrative/internal,1249,394bfd1cb339d3ffe8d9e34a44348f52892bf62642d324d5eb92c2bbceefcc6d
modules/servers/Smtphosting/vendor/symfony/cache/Adapter/ProxyAdapter.php,Administrative/internal,4706,f20960a807bb9ae774fbf65c3a1cd3f1880ca563576e5f85f6a129aca927b357
modules/servers/Smtphosting/vendor/symfony/cache/Adapter/RedisAdapter.php,Administrative/internal,873,8ca0400617b6cbb748e86ca5b4fe19732d5ea84498f1f602e5468ba2c1bffe57
modules/servers/Smtphosting/vendor/symfony/cache/Adapter/SimpleCacheAdapter.php,Administrative/internal,1759,306deef60d83ef24cef33a76bda68f4067821632bb5650bb2c283db648ea1f67
modules/servers/Smtphosting/vendor/symfony/cache/Adapter/TagAwareAdapter.php,Administrative/internal,10492,5d18d897180911ced8914492a0de62c35456f20b39790f0b5dfa16399352e7a7
modules/servers/Smtphosting/vendor/symfony/cache/Adapter/TagAwareAdapterInterface.php,Administrative/internal,785,ad5a9aa016bacc17e898239fbb855bdb0c629cc6bb2a181a49f871134c9d3e35
modules/servers/Smtphosting/vendor/symfony/cache/Adapter/TraceableAdapter.php,Administrative/internal,5281,b161b1659effabd5929c923cc89a5d333b955f58bba3fe5e055766ed7c5c5932
modules/servers/Smtphosting/vendor/symfony/cache/Adapter/TraceableTagAwareAdapter.php,Administrative/internal,849,87fa1f1635a4b2d65c57a258ce30ccd1c85b0ddb3bd0e6085b5a10020353ffb5
modules/servers/Smtphosting/vendor/symfony/cache/CHANGELOG.md,Administrative/internal,1458,919ba2402f33cd45168d17b61eeedf51fa42c29314d6b14420e644f4fe75d2ef
modules/servers/Smtphosting/vendor/symfony/cache/CacheItem.php,Administrative/internal,5126,b346fe5bb6b6767a4511a003e4501119f682f7cd510d630672cd514313912065
modules/servers/Smtphosting/vendor/symfony/cache/DataCollector/CacheDataCollector.php,Administrative/internal,5610,f9dfd193487d6ded6356f357d83681c22a383b62271d8a5fda77b14e49a45db9
modules/servers/Smtphosting/vendor/symfony/cache/DoctrineProvider.php,Administrative/internal,2009,e52c48544bb1effa429a206f4629338ab1c9a45a6cddec6dbd0608653ba9e8a8
modules/servers/Smtphosting/vendor/symfony/cache/Exception/CacheException.php,Administrative/internal,493,6819db3c57ac3feb8ffb9d1b40eb64f6db8a851bdc8feae477891fe04099658b
modules/servers/Smtphosting/vendor/symfony/cache/Exception/InvalidArgumentException.php,Administrative/internal,538,25cb00a7aad22f5ce5b222ef665464a282d6b1f7c14f877525d5f68674d0e644
modules/servers/Smtphosting/vendor/symfony/cache/LICENSE,Administrative/internal,1065,0b67f0a69bc5fb76a5019a866162b4a0bb6462c0da2e2c57543d5067826cb7d4
modules/servers/Smtphosting/vendor/symfony/cache/PruneableInterface.php,Administrative/internal,485,3b5d53511060cddf8da77497053fd2449e0cbe3644127c5ef9073c98cd631c9e
modules/servers/Smtphosting/vendor/symfony/cache/README.md,Administrative/internal,922,33b687ad758e355d7f2dd0015bdf655512873e53b8a868df6aea22a846b108c5
modules/servers/Smtphosting/vendor/symfony/cache/ResettableInterface.php,Administrative/internal,377,63dbc174c60dc8bf8a0d068faefb7f238890ac868bff5cd9933768e5ed296b69
modules/servers/Smtphosting/vendor/symfony/cache/Simple/AbstractCache.php,Administrative/internal,5869,2678053c3d5fd654a002f5e75c4e70402c1db543b28108851ac32df2e9470a80
modules/servers/Smtphosting/vendor/symfony/cache/Simple/ApcuCache.php,Administrative/internal,682,326a581985a416b0cd406a9ed0e64ab5a4998bcd1a9347cf05cbd342fd8091b0
modules/servers/Smtphosting/vendor/symfony/cache/Simple/ArrayCache.php,Administrative/internal,4693,67cae995700b276f97b7143662d480c7d0d3ef0b97221f3dacbae5e210889a5a
modules/servers/Smtphosting/vendor/symfony/cache/Simple/ChainCache.php,Administrative/internal,6450,8389aa6085638ad9e0867fc48499c4eb024048f6036cf4977888e1421547298c
modules/servers/Smtphosting/vendor/symfony/cache/Simple/DoctrineCache.php,Administrative/internal,822,39a36ba88a1d364a1d3f264cb7bd5e2902da3e166954d5a3fea8ec129b60198a
modules/servers/Smtphosting/vendor/symfony/cache/Simple/FilesystemCache.php,Administrative/internal,817,0a20be4fec7f87df191656b99a2bac653185bb5ac67e28fe2834d5f9b4bd3e9f
modules/servers/Smtphosting/vendor/symfony/cache/Simple/MemcachedCache.php,Administrative/internal,730,d15056824a95efbfd7c7b2ed50e63d190eb705821792d689f2709a13988b8373
modules/servers/Smtphosting/vendor/symfony/cache/Simple/NullCache.php,Administrative/internal,1388,ef770216b48aca665691d654065432651510074d7ee50c532b5cb785e61b67bd
modules/servers/Smtphosting/vendor/symfony/cache/Simple/PdoCache.php,Administrative/internal,2186,09494351a93fa8e76a1886d1f86eb8a54d74bc554d4ec3ee76abd6ad6974148b
modules/servers/Smtphosting/vendor/symfony/cache/Simple/PhpArrayCache.php,Administrative/internal,8327,56dff33fda541c28c182351e9ea1f8693f95f7734bfd15dc604e10e2cddc76ef
modules/servers/Smtphosting/vendor/symfony/cache/Simple/PhpFilesCache.php,Administrative/internal,1244,580ed1b4826aa70e9322dae9464ec99d4fd918c51d4573a6029b89490d5e8998
modules/servers/Smtphosting/vendor/symfony/cache/Simple/Psr6Cache.php,Administrative/internal,7422,b3c37b912270091c2ad9e83ddc56cdebe06c1c295305708ac842f0868776d884
modules/servers/Smtphosting/vendor/symfony/cache/Simple/RedisCache.php,Administrative/internal,798,49cfb16276167967a746a698d3c51f555b2ec912d1fc6a6e2592fb108231bcaf
modules/servers/Smtphosting/vendor/symfony/cache/Simple/TraceableCache.php,Administrative/internal,5851,f9a3e232ef7e959bd3a76f017d36280c22fc2819ccd811cc3b538123057ae143
modules/servers/Smtphosting/vendor/symfony/cache/Tests/Adapter/AbstractRedisAdapterTest.php,Administrative/internal,1345,b76d056c21cd4ded6c27983347895bfcb072222c75da707d3116b6340aaa40fe
modules/servers/Smtphosting/vendor/symfony/cache/Tests/Adapter/AdapterTestCase.php,Administrative/internal,5614,6ff912511ba495390352e64c838146222745016e1ca2d26d97f847c16dd1bba3
modules/servers/Smtphosting/vendor/symfony/cache/Tests/Adapter/ApcuAdapterTest.php,Administrative/internal,3908,c0ea47be627f1ff7c71a45a1a191aa4ec1080e7f581e0705a49e911154e73d20
modules/servers/Smtphosting/vendor/symfony/cache/Tests/Adapter/ArrayAdapterTest.php,Administrative/internal,1546,2dc3a82b0de048f42805f52b6723e29d9156400f3c338e510e6c7f7ebb29da4c
modules/servers/Smtphosting/vendor/symfony/cache/Tests/Adapter/ChainAdapterTest.php,Administrative/internal,3348,6410e64ef9490dc18422c01637f01412cb55631480b881d4725c197d0cf87ff0
modules/servers/Smtphosting/vendor/symfony/cache/Tests/Adapter/DoctrineAdapterTest.php,Administrative/internal,955,21c62f949e2879ddf9b2ab3cba6b7465d207bedc5bb5c4d79ed97978b66da6a7
modules/servers/Smtphosting/vendor/symfony/cache/Tests/Adapter/FilesystemAdapterTest.php,Administrative/internal,1703,0fe7cfc9739e8df80b56ede5c9c0e4b22933337fa278497b6a9d12df7a368ee4
modules/servers/Smtphosting/vendor/symfony/cache/Tests/Adapter/MaxIdLengthAdapterTest.php,Administrative/internal,3339,ecd8d6074c7faeaad0068cfe944f87e6442783e413106e6e1fa4badf6fd78028
modules/servers/Smtphosting/vendor/symfony/cache/Tests/Adapter/MemcachedAdapterTest.php,Administrative/internal,7027,279c6b452db72a74a5754d3dda27037612ccdfe9bf9447ae903f154671094ed0
modules/servers/Smtphosting/vendor/symfony/cache/Tests/Adapter/NamespacedProxyAdapterTest.php,Administrative/internal,648,56726d6e55d4c19569034ab7bf4b9f988af8da5677627e1ad35f4fa17b21081a
modules/servers/Smtphosting/vendor/symfony/cache/Tests/Adapter/NullAdapterTest.php,Administrative/internal,3379,a5575c0ce1e2ac5373511e95d92c49b9ed3f717dc81eff7c972524e1f54b7864
modules/servers/Smtphosting/vendor/symfony/cache/Tests/Adapter/PdoAdapterTest.php,Administrative/internal,1903,b72dffd1f8183fea164a3868abb53abf1e129a270626bb6bd13a8f7dd8afce92
modules/servers/Smtphosting/vendor/symfony/cache/Tests/Adapter/PdoDbalAdapterTest.php,Administrative/internal,1289,37e212cf600249dd2fdddf237dfdadb6ca5c3deeee31b79951276abda87af7bc
modules/servers/Smtphosting/vendor/symfony/cache/Tests/Adapter/PhpArrayAdapterTest.php,Administrative/internal,4932,a66e45070d077852cfa0842a3bab64ef390f42c5fc4a614d6f466d9ab42bd20f
modules/servers/Smtphosting/vendor/symfony/cache/Tests/Adapter/PhpArrayAdapterWithFallbackTest.php,Administrative/internal,1645,d9c6db96b77fc670e0a210db1601018b79b11a4191eeb5320a5048e626470b55
modules/servers/Smtphosting/vendor/symfony/cache/Tests/Adapter/PhpFilesAdapterTest.php,Administrative/internal,1253,85146261918756835699fa0511c687e68d119cf8d4e6a44b2a1d2073c87751a6
modules/servers/Smtphosting/vendor/symfony/cache/Tests/Adapter/PredisAdapterTest.php,Administrative/internal,1592,fb8705eca67abede214678452dde529734c6f694e9b408ca0a5a2b0f544f531d
modules/servers/Smtphosting/vendor/symfony/cache/Tests/Adapter/PredisClusterAdapterTest.php,Administrative/internal,629,d8f6d8184db36064c0abd53ff5f60060638c941f6322296dd940d1c46d44db79
modules/servers/Smtphosting/vendor/symfony/cache/Tests/Adapter/ProxyAdapterTest.php,Administrative/internal,1768,7688a6541ded22a143f74d28e2058dcc9c9d179933457e60f9c59d7893300466
modules/servers/Smtphosting/vendor/symfony/cache/Tests/Adapter/RedisAdapterTest.php,Administrative/internal,2876,a4cb355c135b1d1387e10cde444dad2c687bb39bde08ab518977bb7421c86cc9
modules/servers/Smtphosting/vendor/symfony/cache/Tests/Adapter/RedisArrayAdapterTest.php,Administrative/internal,672,943aa8b5b9839cbd992e25da68a7ca65e38a72a73416db36a7fcbeab2a2201a0
modules/servers/Smtphosting/vendor/symfony/cache/Tests/Adapter/RedisClusterAdapterTest.php,Administrative/internal,760,bbcd7dc7ebccfe934aec86bde74e7d7f5aac9523044ed58965322443be32eda1
modules/servers/Smtphosting/vendor/symfony/cache/Tests/Adapter/SimpleCacheAdapterTest.php,Administrative/internal,737,a5fe061b1ddbfed35d9ba1bcf7f11bce281d569aec6db85c7b26709b860cbfa2
modules/servers/Smtphosting/vendor/symfony/cache/Tests/Adapter/TagAwareAdapterTest.php,Administrative/internal,5673,005da36128bccbd35e80b4e7925ae1ede68d395b78314cd92e1ae6c7717845ce
modules/servers/Smtphosting/vendor/symfony/cache/Tests/Adapter/TraceableAdapterTest.php,Administrative/internal,5912,cacf51f5fc1e3fc8a444edd4ed3cd752c4a433dceaba97c7e47743794136c343
modules/servers/Smtphosting/vendor/symfony/cache/Tests/Adapter/TraceableTagAwareAdapterTest.php,Administrative/internal,1087,7e9c0d26266bac536f683a0d3c0aa19a536726f2313051516c49cca69a9e8036
modules/servers/Smtphosting/vendor/symfony/cache/Tests/CacheItemTest.php,Administrative/internal,1953,23679bf2d62acbad2dc8cbb9fc5f5e574a942f7b601df5690a8d74d63776c200
modules/servers/Smtphosting/vendor/symfony/cache/Tests/DoctrineProviderTest.php,Administrative/internal,1265,004d8ba205e09e4d8b89e37b0fbfb39738728bbcd5f47366e3f55a82ccc71bb2
modules/servers/Smtphosting/vendor/symfony/cache/Tests/Fixtures/ArrayCache.php,Administrative/internal,976,75746ef6d29800d126e06dca78330f86100adc5b3e820f9e29f3e2392c9797be
modules/servers/Smtphosting/vendor/symfony/cache/Tests/Fixtures/ExternalAdapter.php,Administrative/internal,1614,d6425b66ae20fc760fcaac7a3201cbeb1afb1eef7fe579b321eb53df6c06acdf
modules/servers/Smtphosting/vendor/symfony/cache/Tests/Simple/AbstractRedisCacheTest.php,Administrative/internal,1303,caa49e9ecaabca1f9ac11a27851d4bc609da96aa3aaae985efe85ff02350a22e
modules/servers/Smtphosting/vendor/symfony/cache/Tests/Simple/ApcuCacheTest.php,Administrative/internal,1218,356150fcd50edc11716ee3c5e262b1e96f4b443f47d9f24e94e161625b218f42
modules/servers/Smtphosting/vendor/symfony/cache/Tests/Simple/ArrayCacheTest.php,Administrative/internal,536,7c35eed13ee57ec53e5add2a7ec99f3f79662d8bf8e740b3da1246101b1c75f8
modules/servers/Smtphosting/vendor/symfony/cache/Tests/Simple/CacheTestCase.php,Administrative/internal,4488,6fb9682aa1b426dcaf1b71f27541292dffe37117ce491de71bc9eadc99f0f652
modules/servers/Smtphosting/vendor/symfony/cache/Tests/Simple/ChainCacheTest.php,Administrative/internal,3163,679ca4923e2807cb05f519d45c9401f30c051ac9fb7241b76d387b60b3553bb9
modules/servers/Smtphosting/vendor/symfony/cache/Tests/Simple/DoctrineCacheTest.php,Administrative/internal,860,6b80d5591fbbf2f27bd1a968ba5c1a952e635d50a0e5aae8abc0d27802471628
modules/servers/Smtphosting/vendor/symfony/cache/Tests/Simple/FilesystemCacheTest.php,Administrative/internal,860,211c65b12be28d1f0576bcae8b7d1f907defa3ec14b59598891268911268df27
modules/servers/Smtphosting/vendor/symfony/cache/Tests/Simple/MemcachedCacheTest.php,Administrative/internal,6283,06fe2287e73112605f57cfdfbb0f02306ff567794582b6e752fe91b33f6b485d
modules/servers/Smtphosting/vendor/symfony/cache/Tests/Simple/MemcachedCacheTextModeTest.php,Administrative/internal,755,c52667d7f283fd486b71b033e8e2d368f1224c60989a97167836315435090e30
modules/servers/Smtphosting/vendor/symfony/cache/Tests/Simple/NullCacheTest.php,Administrative/internal,2229,7fd01dfbd67ae41ee1711737d32045079ea1a1d8975ec3e936e96c1d5a035621
modules/servers/Smtphosting/vendor/symfony/cache/Tests/Simple/PdoCacheTest.php,Administrative/internal,1118,be48dcbffb3934db5a4e229923aa5548c5921aa110cf71339931e7803a53b4f3
modules/servers/Smtphosting/vendor/symfony/cache/Tests/Simple/PdoDbalCacheTest.php,Administrative/internal,1279,2b59d7e9d4cc0ced292d231819c18ddbc41739d6880b11f080081a705fffd271
modules/servers/Smtphosting/vendor/symfony/cache/Tests/Simple/PhpArrayCacheTest.php,Administrative/internal,4876,ed8aa5193361f5729c1c48e1dc533c18b785f502f7696387b13366a278888e49
modules/servers/Smtphosting/vendor/symfony/cache/Tests/Simple/PhpArrayCacheWithFallbackTest.php,Administrative/internal,1918,1e131fbee4e69d030c22d15c3e990423de068d5cbdff87f6da4897b943747662
modules/servers/Smtphosting/vendor/symfony/cache/Tests/Simple/PhpFilesCacheTest.php,Administrative/internal,1095,15f660316f480853caa33581054e31851ed05efa680116c7014b9bc03ceab230
modules/servers/Smtphosting/vendor/symfony/cache/Tests/Simple/Psr6CacheTest.php,Administrative/internal,709,b77b7291c8becae39dbd5a60504340cf40b83e7e7930718bb3392fb516f18f10
modules/servers/Smtphosting/vendor/symfony/cache/Tests/Simple/RedisArrayCacheTest.php,Administrative/internal,667,e3fae4faf180cf64a1b2440531ed66471d46fbedaeb70b5a7d06b6f2fa6740e2
modules/servers/Smtphosting/vendor/symfony/cache/Tests/Simple/RedisCacheTest.php,Administrative/internal,2501,07ee18b687aac65e1eab85a5826d1976f05cda542ccb6168dead75f4fb2902b0
modules/servers/Smtphosting/vendor/symfony/cache/Tests/Simple/RedisClusterCacheTest.php,Administrative/internal,755,d12780329413bfbd57e2493e4f9fbe5e5ee4357052afc8c516f9a46cb410d3c9
modules/servers/Smtphosting/vendor/symfony/cache/Tests/Simple/TraceableCacheTest.php,Administrative/internal,5257,14f907c1db4f2072d69ebe7ee682ccfb6fd722438ba0672c7f7e80f475e08c68
modules/servers/Smtphosting/vendor/symfony/cache/Tests/Traits/PdoPruneableTrait.php,Administrative/internal,964,4b8f9fd55b5404e7aea48171f317536dacfce7744f79ee1fc495617197b68952
modules/servers/Smtphosting/vendor/symfony/cache/Traits/AbstractTrait.php,Administrative/internal,7763,07a60c325593c670a727b6116f2f5fc5600bf549a04ff1e5ecaa1af0f9c666d8
modules/servers/Smtphosting/vendor/symfony/cache/Traits/ApcuTrait.php,Administrative/internal,2910,42827ab6a60914d812210334881a0135a00f56b97e3091ad8f3016b54c1c9d86
modules/servers/Smtphosting/vendor/symfony/cache/Traits/ArrayTrait.php,Administrative/internal,2575,7c4b33fcd2e4ab92409fde3c0ac80f883ddd4a05f37929a16d38de2e537bc339
modules/servers/Smtphosting/vendor/symfony/cache/Traits/DoctrineTrait.php,Administrative/internal,2259,aef9e48dc55ebe9b596362598c84d6258cb5108929959549d11952af59017a6c
modules/servers/Smtphosting/vendor/symfony/cache/Traits/FilesystemCommonTrait.php,Administrative/internal,3540,8660a9c454753a612b9cdd2eb46884808e8ac9e2ab46f83970c151eadd9c972c
modules/servers/Smtphosting/vendor/symfony/cache/Traits/FilesystemTrait.php,Administrative/internal,2733,344de82e8ece06ab36ee320348c2a41bd74a020c6ad505259ae64af04b84f223
modules/servers/Smtphosting/vendor/symfony/cache/Traits/MemcachedTrait.php,Administrative/internal,10925,b3f8c889178a36cf47a36ca6d0e5861578b2173de7eb6d55dd82983e67978d02
modules/servers/Smtphosting/vendor/symfony/cache/Traits/PdoTrait.php,Administrative/internal,16350,214f9eff9071323540266e2710d7260d26bfffdf65cc1e6b2bcf8526bca09469
modules/servers/Smtphosting/vendor/symfony/cache/Traits/PhpArrayTrait.php,Administrative/internal,4475,bb0d99d5d04a9264791f04b0cb987931b842682a5a0bc71a288423ddd2ee0317
modules/servers/Smtphosting/vendor/symfony/cache/Traits/PhpFilesTrait.php,Administrative/internal,4934,a26098edbca91ddb017794294897e5dee92e891d346762bf3ad31c5ca5400f13
modules/servers/Smtphosting/vendor/symfony/cache/Traits/ProxyTrait.php,Administrative/internal,825,51ce8b4e39d6fe6a050d7bfe271925be6fdf2ec93075a101dce452f9a6481653
modules/servers/Smtphosting/vendor/symfony/cache/Traits/RedisProxy.php,Administrative/internal,1840,6a5bcfcec9631798ab546f61462179d6f350dd5ba4510d88eb330261fa40abc9
modules/servers/Smtphosting/vendor/symfony/cache/Traits/RedisTrait.php,Administrative/internal,13831,0d3a362bbb453eb699e916b9bb0807ac8173b9b01b57332d34fd1282d6069c0f
modules/servers/Smtphosting/vendor/symfony/cache/composer.json,Administrative/internal,1285,ff732cac0892c7e5ceda26b0a136f16b1806c02a934396d232916ec4030fafb3
modules/servers/Smtphosting/vendor/symfony/cache/phpunit.xml.dist,Administrative/internal,1809,c5562221406c76932c4cf91f2ac8818253b3d45ba14239b8a6f798e6202acabc
modules/servers/Smtphosting/vendor/symfony/polyfill-apcu/Apcu.php,Administrative/internal,2260,acbfa096e71bc2367c1b05811446c94c8383ea62c1289cb92bc1fee46103e0c9
modules/servers/Smtphosting/vendor/symfony/polyfill-apcu/LICENSE,Administrative/internal,1065,b74a657baf81812f161526d75e9a7f1eb3bffefd1bd504c5af8eb7204f649ea4
modules/servers/Smtphosting/vendor/symfony/polyfill-apcu/README.md,Administrative/internal,358,08d0da039ee696ed138a145e72067a304ab5c6774dbd169a6a79ef3d39430d61
modules/servers/Smtphosting/vendor/symfony/polyfill-apcu/bootstrap.php,Administrative/internal,2195,e4742640fbeed14a07ec0b3835a28ddd05ed752259636c04b0db81f3151174d1
modules/servers/Smtphosting/vendor/symfony/polyfill-apcu/composer.json,Administrative/internal,820,29c7298703a55de692b941e206e6d0193d1f0ba52ff128ef689d607085054472
modules/servers/Smtphosting/whmcs.json,Email,287,faf8064f3974f6f795cd629ae483475dc5918435fdf4db39f4282061ef289461
modules/servers/cloudhost247_email/README.md,Email,8854,d9a8e9b2fab943d837ee6053ee802b3b27ebcec1f1aa3d579b76d0422e18684b
modules/servers/cloudhost247_email/api.php,Email,43955,230394a823c5109dfe8a3bb1939dee338b4a8220edf1c6ab9e3303b7f9121a03
modules/servers/cloudhost247_email/cloudhost247_email.php,Email,28688,e90ffc1169523b7f27478fa4c00132818a47a810edb2670b4f8f1f53a271436b
modules/servers/cloudhost247_email/functions.php,Email,27628,65a6cc84b9118d94c853d412660ce77acf7a802182dab0619e7ba2b816030fb0
modules/servers/cloudhost247_email/templates/error.tpl,Email,4411,99ae51e5bff2f9c07c03ad661686c89017dd4943ef1799a18bd7dd2c40d3d1e5
modules/servers/cloudhost247_email/templates/overview.tpl,Email,21051,b42e45fd578d6e102964fa2bd995d244acd0413595ed9c52879a2a95ce754124
modules/servers/cloudhost247_email/webhook.php,Email,16686,4c14512df8d22116155e299a29a3df10860b4815dffb710bddcea687d1fb7f28
modules/servers/cloudhost247_email_hosting/README.md,Email,17835,585ee3f71601bd1fc6bc97bc84d7658aa0c8afd645ce489db8f38d54556f0486
modules/servers/cloudhost247_email_hosting/api.php,Email,5254,47c00cb1a4ef712bdfda9d778a6a9e84b0dc449cb5f417299239f627c74152f7
modules/servers/cloudhost247_email_hosting/bootstrap.php,Administrative/internal,1046,f0c56f7140457d327cb95dd3c858f902568976b26978df936bca112a6156bdf4
modules/servers/cloudhost247_email_hosting/cloudhost247_email_hosting.php,Email,8618,2a91ea7393ca301dfc4b89aa2491ed486fe3c5299529171784a03b5d23e6452d
modules/servers/cloudhost247_email_hosting/cron.php,Email,6041,8582fe3d73b350d90a525978355c084501affac6d160db8de5827e4cb320d4ca
modules/servers/cloudhost247_email_hosting/functions.php,Email,8685,cb82923a73f377f2dcabc014ad079146d8b7fa604b35a6bcb220bf825b56846a
modules/servers/cloudhost247_email_hosting/hooks.php,Email,2354,a58f0b32aee126e5209509afdffca210031ea4b4a20d7560092ed09b48c74d45
modules/servers/cloudhost247_email_hosting/install/migrations/1.0.0_baseline.sql,Administrative/internal,571,3cd22598b0a4acd380a72137ebce342bffd8e7137d94974f70057b009fbb260d
modules/servers/cloudhost247_email_hosting/install/schema.sql,Email,7569,766b096d7f3ac02558e1085c1787a5a57eca6c9c9e30a2e2a1c99f5dd5ecbff5
modules/servers/cloudhost247_email_hosting/lib/Database/Migrator.php,Administrative/internal,5066,b11aa3d318371be2204b1a0fd7bd1c8e4b88c764613cc208ad4da676889235df
modules/servers/cloudhost247_email_hosting/lib/Dns/RecordSet.php,Administrative/internal,5821,eef2c78682e3a62aabb2763442e195734ef0420a60d0c6952e2ce52caaafcc55
modules/servers/cloudhost247_email_hosting/lib/Providers/AbstractProvider.php,Administrative/internal,10681,6ec5b15d4a5d9ff0d9cbae7979693796f1019a0a5bd612c71122bdeb1e2ad374
modules/servers/cloudhost247_email_hosting/lib/Providers/GoogleWorkspaceProvider.php,Administrative/internal,22878,1187f170afa8984d3f1669d9a7fcfba101a70beee28a99a1b9bd87ba4283b565
modules/servers/cloudhost247_email_hosting/lib/Providers/Microsoft365Provider.php,Administrative/internal,26636,cf7b9c56c42569180dd9815a836aed8ebae64086e5a3cece1f8811a79b6f8537
modules/servers/cloudhost247_email_hosting/lib/Providers/ProfessionalEmailProvider.php,Administrative/internal,18326,80c4d72eede4d263c63b82597dc14a6be905dfc2b8a82f63c79313879269d005
modules/servers/cloudhost247_email_hosting/lib/Providers/ProviderFactory.php,Administrative/internal,2153,db88d7015292c369dac2e44c50fa320a04205ab4080f83016f19feaee062f428
modules/servers/cloudhost247_email_hosting/lib/Providers/ProviderInterface.php,Administrative/internal,3780,ce356093b45db4ae21775375509015c1392f25af693920bd7444dd1f661be206
modules/servers/cloudhost247_email_hosting/lib/Repository/AccountRepository.php,Administrative/internal,7273,c9dc5a846fbe531b67ccf48924f895fc71ae0cde0bfb3881968188a7f968ac66
modules/servers/cloudhost247_email_hosting/lib/Repository/ContentRepository.php,Administrative/internal,10054,164f9f5796abcbd7c117231b16291718b2fd8dae50230432878064e78d619389
modules/servers/cloudhost247_email_hosting/lib/Repository/OperationRepository.php,Administrative/internal,7644,ef884285573483a31dd2426be1869eab4fe11b8011614bbf3a363430e9a37530
modules/servers/cloudhost247_email_hosting/lib/Service/ClientAreaPresenter.php,Administrative/internal,14528,a2c170068b306336bfaa38e6ad752f9cde2644ab1060aa82c371898d7cfebfb6
modules/servers/cloudhost247_email_hosting/lib/Service/DnsService.php,Administrative/internal,10728,f8b82e6e731e1a6bb21da20d25c9bda98fd908705489343c2ac133001e6953d6
modules/servers/cloudhost247_email_hosting/lib/Service/Provisioner.php,Administrative/internal,20308,7f2a0f142d53505bf7e4bd5568e86ebc10bf5011313df60d2ced0c3c25321cbf
modules/servers/cloudhost247_email_hosting/lib/Service/PublicCatalog.php,Administrative/internal,12927,82d38364ff507d481e8107649816e23742941ac85404a88df71f67b45a6d0cc6
modules/servers/cloudhost247_email_hosting/lib/Service/Reconciler.php,Administrative/internal,10871,b15248393bffe48d08cf5896dd49ac6c69d216ae06b9a7572c57b62a51465bfa
modules/servers/cloudhost247_email_hosting/lib/Support/Config.php,Administrative/internal,11330,6e75e179ac600d0682d14a99e1e13054d8ab8b5d94e3262298a2f9a3e3f178be
modules/servers/cloudhost247_email_hosting/lib/Support/CurlClient.php,Administrative/internal,3650,1df504fd383ca79c7a65cefe440884a1535e2016d17a4c80496cce97a21112ab
modules/servers/cloudhost247_email_hosting/lib/Support/HttpClient.php,Administrative/internal,1210,51dfb0acaf1350d25615f15bab515c1fe62b9d5707d438f10d4cc711ea49ddcc
modules/servers/cloudhost247_email_hosting/lib/Support/Lock.php,Administrative/internal,2964,fb34e493987fd4f89d843b4cb7b4aac43547ce4315e0addbeb86e33003a90c4e
modules/servers/cloudhost247_email_hosting/lib/Support/Logger.php,Administrative/internal,6831,8983a90a6c4f9757e2d9323ce99bb6602f4a4997670ec99ceafe226bcfc7002b
modules/servers/cloudhost247_email_hosting/lib/Support/Redactor.php,Administrative/internal,4645,a3a447314168b5c95c3f5da76ed37b06ac4c919eba077919412e2b3f461da3dc
modules/servers/cloudhost247_email_hosting/lib/Support/Result.php,Administrative/internal,3569,3437dbce4f80f65674b3e59e8bf818ae4d548128e5c41e480b6f644dd461c2ba
modules/servers/cloudhost247_email_hosting/lib/Support/Validator.php,Administrative/internal,5767,1ed9b8799194d9f2b2180941510dc27339185101bec720b97cc72dd31c752336
modules/servers/cloudhost247_email_hosting/lib/Testing/MockHttpClient.php,Administrative/internal,3575,e05260232f36812250b7275efbde4f58e0289d9c84fef7b93e806524613a053a
modules/servers/cloudhost247_email_hosting/lib/Webhook/Verifier.php,Administrative/internal,5679,5c610b22e1c467a629698287de04ec609789f412cc3d9daeefc64cca0ee81432
modules/servers/cloudhost247_email_hosting/templates/assets/clientarea.css,Client Area,1552,c21354755bbd34b8edf9d16f9ee78b80f2945897a096906dfac5d4f5120a69e2
modules/servers/cloudhost247_email_hosting/templates/error.tpl,Email,417,4875d23bab21fe39f7e9828a68084d56f750f157f7ad7407e7a945c6d1fbd245
modules/servers/cloudhost247_email_hosting/templates/overview.tpl,Email,11869,6f232a77c77cadd150c66f2fc2fae75a7f0c076213ef380d35560526f283c9c1
modules/servers/cloudhost247_email_hosting/webhook.php,Email,8522,399aa96a4a8c2bf54090b82049836c663b2c9a2aa9fd9ffbf915052d305b56a4
modules/servers/cloudhost247_lteproxy/README.md,Administrative/internal,14728,29861937940ff329345e075e80aa4afc71d2e701919856cf31c0af26418d6e33
modules/servers/cloudhost247_lteproxy/ajax/proxy-operations.php,Administrative/internal,17849,f8c3817463ac374e8e83faa1ff892735616f7289146822006fc895de83fa3763
modules/servers/cloudhost247_lteproxy/ajax/proxy-test.php,Administrative/internal,9840,9cdc3a29dc2c1b6568f0876a6b59ae0acd74cbe30098fa90f6d0bde42cbd17c6
modules/servers/cloudhost247_lteproxy/ajax/stats.php,Administrative/internal,7575,1f1dd95872c373655fa6be295e503fd4bd70285023cae5817d74552f74eab776
modules/servers/cloudhost247_lteproxy/assets/css/admin.css,Administrative/internal,5949,3e4751c7c16c69c98c5f6e2c6b027cddbce17ef6137b05eeac18acce3536ab4d
modules/servers/cloudhost247_lteproxy/assets/css/client.css,Administrative/internal,18551,f7d41dde51f0a9750719556a1640390f9226ea72b0e14f3c9f9edbb2b2071828
modules/servers/cloudhost247_lteproxy/assets/js/admin.js,Administrative/internal,2525,c619a2294391ee8eee03ba870f7fb2024af0ba54d6ef6f0b503a3bd5f8a874e2
modules/servers/cloudhost247_lteproxy/assets/js/client.js,Administrative/internal,36953,d331361a5289e080c11697d7881f18717294230a595ba20583d0d3ae4d501d1a
modules/servers/cloudhost247_lteproxy/cloudhost247_lteproxy.php,Administrative/internal,29626,f4e2037f1824ab280a6141ab708fc04e86a96778f0386b560db77bc4217ec32f
modules/servers/cloudhost247_lteproxy/hooks/AdminSidebar.php,Administrative/internal,3496,e063a0b0b449d2890da59638e5495dcaf242dce41ac395e95f95d8bd1fc93c9b
modules/servers/cloudhost247_lteproxy/hooks/Automation.php,Administrative/internal,14516,caa1c0b61277b7e8445613e2f27bbfc3d2b9ab16b05186d886232307b16256dc
modules/servers/cloudhost247_lteproxy/hooks/Notifications.php,Administrative/internal,7500,207bfa99b922b82b3ecff972924a47a40cdc5205e864c13d8f3d35a20a701411
modules/servers/cloudhost247_lteproxy/install.php,Administrative/internal,4940,9188e1dd6a71a3554c8b2c6bc4a3ef0f962e42bd6a9398ba1935418791402cd4
modules/servers/cloudhost247_lteproxy/lang/english.php,Administrative/internal,2466,1257ae1a687e31f9c4b06df1ce44de0bd7ca55a84ac7cf9977b13b65ba795e1a
modules/servers/cloudhost247_lteproxy/lib/ApiClient.php,Administrative/internal,23889,4a9abbc959b240812881bca293057fc81be0b2bb3161dd4e99e939d0cd7ca03e
modules/servers/cloudhost247_lteproxy/lib/ApiException.php,Administrative/internal,5034,bca2521e27673e9a4d8b642375a67d27b025e8437ea8c5f00660abcb5a5c5819
modules/servers/cloudhost247_lteproxy/lib/Cache.php,Administrative/internal,7250,4bd6d09e035325daccd2071a855a7c2be66a57a4fcd020a017a97d01928ec330
modules/servers/cloudhost247_lteproxy/lib/Configuration.php,Administrative/internal,3850,3cc229e71cfc75c1074f53bfe42c45a4d7b8f93dd4fadbf19241e6bb6d98b112
modules/servers/cloudhost247_lteproxy/lib/Helpers.php,Administrative/internal,17749,9ab8d508ce6c7cb4c224eee1571febf62c4be02046fe17364705c225123e8183
modules/servers/cloudhost247_lteproxy/lib/Logger.php,Administrative/internal,10147,c7c57c0ecb46b75f7e474e79be64f9b9360c4abd0d404690463278e4be5effd9
modules/servers/cloudhost247_lteproxy/lib/RateLimiter.php,Administrative/internal,5978,80e0561cb4842863a586c1912d2a68807ea884326c5ca44eb48240955f44ce1e
modules/servers/cloudhost247_lteproxy/templates/admin/dashboard.tpl,Administrative/internal,4572,0253de026ddf9fdc9824443b04c4b2f87c1c436a16ac6665cfd87ee8d88e4b8a
modules/servers/cloudhost247_lteproxy/templates/admin/settings.tpl,Administrative/internal,2893,0220f96c91cee35b24b0fcd85e017f2f6ce911d54d1e67e637ca4010735a0f05
modules/servers/cloudhost247_lteproxy/templates/client/dashboard.tpl,Administrative/internal,13611,243a33320a70a784118474ec3c9ea15528ca6282ce437ff55fbc34c842e6cd35
modules/servers/cloudhost247_lteproxy/templates/client/error.tpl,Administrative/internal,406,0314d761feb7bb909cff134121a87c57501b370018b060b800410c64599f4957
modules/servers/cloudhost247_ovh/cloudhost247_ovh.php,Administrative/internal,3341,da914505a89fecfd9bc179cee3ced697ae83d0c4104866a572f4d8b35f3b6393
modules/servers/cloudhost247_ovh/templates/clientarea.tpl,Client Area,2320,340d3b5017936a831709410e1e1f885c72ffe26f66d82637b299b0ac648b648e
modules/servers/cloudhost247_smm/cloudhost247_smm.php,Administrative/internal,8312,acb67f5468a14dd5c6ae3a937538f2e85566df38bf39683050709e4501594257
modules/servers/cloudhost247_smm/templates/clientarea.tpl,Client Area,1556,a81037dd98d581196ae4b663a1356768f23d684408bb77dc2fbe1dac23a365f0
modules/servers/phoneservices_esim/phoneservices_esim.php,Administrative/internal,4173,dfc4171ee030ef7d8a4942cd9b4e7ff767d260101b9b86faff7b206b320704f2
modules/servers/phoneservices_esim/templates/overview.tpl,Administrative/internal,2247,8a692832b5ea82497de520478c8a9eef3d1520e30438efc78f9700808f631e3e
modules/servers/phoneservices_numbers/phoneservices_numbers.php,Administrative/internal,4285,19485c10151236af019bf5a7e525a49c115c8fca9066f39350abdb208214219b
modules/servers/phoneservices_numbers/templates/overview.tpl,Administrative/internal,2247,8a692832b5ea82497de520478c8a9eef3d1520e30438efc78f9700808f631e3e
modules/servers/phoneservices_sms/phoneservices_sms.php,Administrative/internal,4154,2f1e37ee3851e0565adda93c760125f54c4cc2890cbef0eab59547753d1e92a3
modules/servers/phoneservices_sms/templates/overview.tpl,Administrative/internal,2247,8a692832b5ea82497de520478c8a9eef3d1520e30438efc78f9700808f631e3e
modules/servers/phoneservices_voip/phoneservices_voip.php,Administrative/internal,4068,117162db5a4a69cd6ec7f12f27baaf874058db9828ab9e5c52f367e279858a9e
modules/servers/phoneservices_voip/templates/overview.tpl,Administrative/internal,2247,8a692832b5ea82497de520478c8a9eef3d1520e30438efc78f9700808f631e3e
modules/servers/smmprovisioning/smmprovisioning.php,Administrative/internal,13274,d58a9a3cb834d7ce58ca6c939323a1d82d12ef7a09660f3da408eb75d362e0ce
modules/servers/smmprovisioning/templates/clientarea.tpl,Client Area,3064,5a0be947b9dc924198d0f7867726bce8dbaea9bece88d2919cb655be3d327764
modules/servers/soyoustart/ajax/ajax.php,Administrative/internal,5152,2cabf39c13f49b4fd87f53f0baed08d5c309321fa9bc358acb4e6ab64dd244fc
modules/servers/soyoustart/ajax/index.php,Administrative/internal,52,277235bbe8dfd4589d9bf2b32462599181829b23d4adc58718eaa11e460be90f
modules/servers/soyoustart/assets/css/compatible_clientx_child.css,Administrative/internal,443,091816bd17380c84352738a4f194842ff2e68074ac41bd128cb051cbb1262b5f
modules/servers/soyoustart/assets/css/compatible_cloudhost247.css,Administrative/internal,1567,24e952750207b427969412a089b3ae27e0b8b437b2095f3bffa3d47168485893
modules/servers/soyoustart/assets/css/compatible_cloudx.css,Cloud,310,2702abe58c5162d3c629ca53c5ea1fe63b27059a9a3358b12d229f05e54663b3
modules/servers/soyoustart/assets/css/compatible_lagom.css,Administrative/internal,2997,80794bb2ab64556b04d4af4bd357d6e19f1351b9c7c599579f8731bd24b04a4e
modules/servers/soyoustart/assets/css/compatible_six.css,Administrative/internal,3186,8f81a408b0e33b81132bc1cd39f8cbb3cf82e01ddff9bd348322f6b45ebc0100
modules/servers/soyoustart/assets/css/compatible_twenty-x.css,Administrative/internal,197,32cdfc5ad3e1a96e9afa7aee1048df5d386686cdc9c00cfe8c4d66e837d29f9a
modules/servers/soyoustart/assets/css/index.php,Administrative/internal,55,ec172c2670d542a4c9a60ab9c412235c9187c318f9ebdcf620b756b81d5f5741
modules/servers/soyoustart/assets/css/jquerygrowl.css,Administrative/internal,2111,0f666b265b99a67d4fffe0e929d1c593bd00d2559e4e855f1c93f4bc2e2bea39
modules/servers/soyoustart/assets/css/style.css,Administrative/internal,31556,74c60bd09c064463709d22b4ab256e6235a6eeefc7938c593ee58c91c3793e04
modules/servers/soyoustart/assets/images/cpuinfo.svg,Administrative/internal,1996,cd39e9b9b7964589a24afb0c0961203b412987eb06974b1d698bd741fe8ca089
modules/servers/soyoustart/assets/images/ct1.svg,Administrative/internal,118205,dddb55349c8cec0d27de071b41f3f9cbcc95ec75cf12f63359adf5340d72084a
modules/servers/soyoustart/assets/images/ct2.svg,Administrative/internal,15725,34a5cf88f8bcae6cd16c4b6c04bbb1808a9b6a304118e34cca3e2faa1dcd02a8
modules/servers/soyoustart/assets/images/ct3.svg,Administrative/internal,296404,02039b853fe8cca2129399054f88dfec5a55beac7b38cd431aa56731a865718a
modules/servers/soyoustart/assets/images/ct4.svg,Administrative/internal,26760,1e9766881f1f5f7bc7b1d3cb296802b22f991f59de65a2d1f8803aed64db6369
modules/servers/soyoustart/assets/images/detail.svg,Administrative/internal,3555,f57148efc9ed704b15fa1ee7b65cefc66ad14a52912464f6c33848b5c04a7dd5
modules/servers/soyoustart/assets/images/ftpbackup.svg,Server Management,10652,5be90b934c7707891b646562de6c3dc58b77d229c8d4d523212046bccb053d26
modules/servers/soyoustart/assets/images/hardwareinfo.svg,Administrative/internal,1836,957369a4c876d512c161ef449b99ef6c102792928d5fd1149a61612456a99e2f
modules/servers/soyoustart/assets/images/index.php,Administrative/internal,55,ec172c2670d542a4c9a60ab9c412235c9187c318f9ebdcf620b756b81d5f5741
modules/servers/soyoustart/assets/images/interventions.svg,Administrative/internal,2380,4aeeb638d1a41dcc1bede39ed2a83b65f7c31951a6607ab27a604447ed994bb9
modules/servers/soyoustart/assets/images/ips.svg,Administrative/internal,2878,a93fdb2f0ac6d965e3574c2d95c5fc433c94e295b4377c71813d0fcd0ab02856
modules/servers/soyoustart/assets/images/licensescp.svg,Administrative/internal,2339,7d557507ec5bb744aab79cdfb1c668ab325897213a727a67263ea6501e2046e5
modules/servers/soyoustart/assets/images/login-bg.png,Authentication,134533,6dbaf95387013d668e344c16a337e81b36f681c6dad7f5be1967e38efa2153a6
modules/servers/soyoustart/assets/images/monitoring.svg,Server Management,4083,568b797bf810229eff17b6bbbc99e1a269a7c6ea1115164d0223ecac86fa8ba6
modules/servers/soyoustart/assets/images/power.svg,Administrative/internal,2196,e5b46c26d4e08ec48d7f9cc6dc15945421b74eb43777c78a55f92fc106ce3aeb
modules/servers/soyoustart/assets/images/resources.svg,Administrative/internal,1182,5a77c8832865e76499258bb1f20cc3f6fa824109ee4c90e8f43f5e88e0b41c9b
modules/servers/soyoustart/assets/images/serviceinfo.svg,Administrative/internal,1476,3463b23b290b2c1c20f865acbbd4f003b4504d14045f8bade5879cafebdb487b
modules/servers/soyoustart/assets/images/usage.svg,Administrative/internal,2124,612c98d35085d67465bf658c9b50947dd149d7d824e8dc27309e27122b5aded0
modules/servers/soyoustart/assets/index.php,Administrative/internal,52,21e0607b873e252e7f030d51b21f0769e02d5f5a4123bc8cc1db796991713bf3
modules/servers/soyoustart/assets/js/highcharts.js,Administrative/internal,163024,1149adede0351aacdad3fa0527fd97c7d1a0c04f08f31afe87d92f50b02b0739
modules/servers/soyoustart/assets/js/index.php,Administrative/internal,55,ec172c2670d542a4c9a60ab9c412235c9187c318f9ebdcf620b756b81d5f5741
modules/servers/soyoustart/assets/js/jquerygrowl.js,Administrative/internal,10376,f8307469af1d054761683b660db4cee94f9807efb9b76575681b3e6ffa8c0d40
modules/servers/soyoustart/assets/js/script.js,Administrative/internal,75523,30bdaaff4ff6df10fd7ce3ce1de25d49fb670d0b3fd301530590a3a647068cea
modules/servers/soyoustart/hooks.php,Administrative/internal,53399,2f1f76d31d025e7708574006e65c82dcb062f1862931f5b3e695b2ece7884aef
modules/servers/soyoustart/index.php,Administrative/internal,50,416e7a0f5a39f8d047c069450a846194ea0d479ff99afe17e393c4b63e2f4934
modules/servers/soyoustart/lang/dutch.php,Administrative/internal,11605,ba0910f11d2810bb4126b79d8b6d17bb6a187262e24978316d5a4193cdc4542a
modules/servers/soyoustart/lang/english.php,Administrative/internal,11018,e23be76599963a791f34ea53b51b60066e8ee508ee88d279190f12fd239811db
modules/servers/soyoustart/lang/french.php,Administrative/internal,11794,58e3a535698be090b4a1c1e6c6ad1f8a25d5dd9c55713b22351e56491170d5d4
modules/servers/soyoustart/lang/index.php,Administrative/internal,52,277235bbe8dfd4589d9bf2b32462599181829b23d4adc58718eaa11e460be90f
modules/servers/soyoustart/lang/spanish.php,Administrative/internal,11654,ac388f74652dc00134c692593295caa28a3469189d76bdaa62c9ef3767e95b0f
modules/servers/soyoustart/lang/turkish.php,Administrative/internal,11462,1af1c7ce84ff4e5b0a2523eaa1dfd4956b987580d3f5e0f78ef09d3e8bd1a238
modules/servers/soyoustart/lib/SoyoustartServer.php,Administrative/internal,59417,3c4c92df100732ad8d42da3dce997bd8c7bdcafe0db144e7a31ea96daf2a1259
modules/servers/soyoustart/lib/index.php,Administrative/internal,54,1267893446920a11d3a3c99c841ec0a7674b91173da0ec4fa4f30b8f762f43bf
modules/servers/soyoustart/logo.png,Administrative/internal,12464,38047d403a3b549c3e55c5d4522fbc7ba82c90a171f6c6382228b9c8f600ddf9
modules/servers/soyoustart/soyoustart.php,Administrative/internal,67720,3ae1de57f5d17a3bf9390a5b9c677b4d3a55ccfe38d0441411848d5387dcf2f2
modules/servers/soyoustart/templates/clientareanew.tpl,Client Area,79652,13f945f7ef460a59425f717634e56c8e67de6d87825f74e110cc4b8e62e8b2a0
modules/servers/soyoustart/templates/clientareanew.tpl_bk,Client Area,85833,778dda18d92d973882d7825b5bc8340b4a73dd8fed655e7695a9e0ba4eda4040
modules/servers/soyoustart/templates/index.php,Administrative/internal,54,1267893446920a11d3a3c99c841ec0a7674b91173da0ec4fa4f30b8f762f43bf
modules/servers/soyoustart_vps/assets/css/compatible_clientx_child.css,VPS,301,dd9b0acb43d975dc319cc1ef9f2f7c2ebf53b74f99d6cdcdf1792e9aa2ce387d
modules/servers/soyoustart_vps/assets/css/compatible_cloudhost247.css,VPS,1567,24e952750207b427969412a089b3ae27e0b8b437b2095f3bffa3d47168485893
modules/servers/soyoustart_vps/assets/css/compatible_cloudx.css,VPS,310,2702abe58c5162d3c629ca53c5ea1fe63b27059a9a3358b12d229f05e54663b3
modules/servers/soyoustart_vps/assets/css/compatible_lagom.css,VPS,2997,80794bb2ab64556b04d4af4bd357d6e19f1351b9c7c599579f8731bd24b04a4e
modules/servers/soyoustart_vps/assets/css/compatible_six.css,VPS,2792,72d18ba14b007db4906fdd0e9b1e57a9adfef8e1537d4bcbebc5c97cd798a2c3
modules/servers/soyoustart_vps/assets/css/compatible_twenty-x.css,VPS,197,8fe5b1ccd0d7391766813d1177f3f5afddcf7170578939cd79b140322f4936d9
modules/servers/soyoustart_vps/assets/css/index.php,VPS,50,416e7a0f5a39f8d047c069450a846194ea0d479ff99afe17e393c4b63e2f4934
modules/servers/soyoustart_vps/assets/css/jquerygrowl.css,VPS,2111,0f666b265b99a67d4fffe0e929d1c593bd00d2559e4e855f1c93f4bc2e2bea39
modules/servers/soyoustart_vps/assets/css/style.css,VPS,30146,71729890542f8ced421dc0ac2d9b26f74216ebad53967ce5a8588049a378fcea
modules/servers/soyoustart_vps/assets/images/cpuinfo.svg,VPS,1996,cd39e9b9b7964589a24afb0c0961203b412987eb06974b1d698bd741fe8ca089
modules/servers/soyoustart_vps/assets/images/ct1.svg,VPS,118205,dddb55349c8cec0d27de071b41f3f9cbcc95ec75cf12f63359adf5340d72084a
modules/servers/soyoustart_vps/assets/images/ct2.svg,VPS,15725,34a5cf88f8bcae6cd16c4b6c04bbb1808a9b6a304118e34cca3e2faa1dcd02a8
modules/servers/soyoustart_vps/assets/images/ct3.svg,VPS,296404,02039b853fe8cca2129399054f88dfec5a55beac7b38cd431aa56731a865718a
modules/servers/soyoustart_vps/assets/images/ct4.svg,VPS,26760,1e9766881f1f5f7bc7b1d3cb296802b22f991f59de65a2d1f8803aed64db6369
modules/servers/soyoustart_vps/assets/images/detail.svg,VPS,3555,f57148efc9ed704b15fa1ee7b65cefc66ad14a52912464f6c33848b5c04a7dd5
modules/servers/soyoustart_vps/assets/images/ftpbackup.svg,Server Management,10652,5be90b934c7707891b646562de6c3dc58b77d229c8d4d523212046bccb053d26
modules/servers/soyoustart_vps/assets/images/hardwareinfo.svg,VPS,1836,957369a4c876d512c161ef449b99ef6c102792928d5fd1149a61612456a99e2f
modules/servers/soyoustart_vps/assets/images/index.php,VPS,55,36b171cccef3e1a6bfab5154821a556d93b65c7b6319292971d443d7e620fd32
modules/servers/soyoustart_vps/assets/images/interventions.svg,VPS,2380,4aeeb638d1a41dcc1bede39ed2a83b65f7c31951a6607ab27a604447ed994bb9
modules/servers/soyoustart_vps/assets/images/ips.svg,VPS,2878,a93fdb2f0ac6d965e3574c2d95c5fc433c94e295b4377c71813d0fcd0ab02856
modules/servers/soyoustart_vps/assets/images/licensescp.svg,VPS,2339,7d557507ec5bb744aab79cdfb1c668ab325897213a727a67263ea6501e2046e5
modules/servers/soyoustart_vps/assets/images/login-bg.png,Authentication,134533,6dbaf95387013d668e344c16a337e81b36f681c6dad7f5be1967e38efa2153a6
modules/servers/soyoustart_vps/assets/images/monitoring.svg,Server Management,4083,568b797bf810229eff17b6bbbc99e1a269a7c6ea1115164d0223ecac86fa8ba6
modules/servers/soyoustart_vps/assets/images/power.svg,VPS,2196,e5b46c26d4e08ec48d7f9cc6dc15945421b74eb43777c78a55f92fc106ce3aeb
modules/servers/soyoustart_vps/assets/images/resources.svg,VPS,1182,5a77c8832865e76499258bb1f20cc3f6fa824109ee4c90e8f43f5e88e0b41c9b
modules/servers/soyoustart_vps/assets/images/serviceinfo.svg,VPS,1476,3463b23b290b2c1c20f865acbbd4f003b4504d14045f8bade5879cafebdb487b
modules/servers/soyoustart_vps/assets/images/usage.svg,VPS,2124,612c98d35085d67465bf658c9b50947dd149d7d824e8dc27309e27122b5aded0
modules/servers/soyoustart_vps/assets/index.php,VPS,52,21e0607b873e252e7f030d51b21f0769e02d5f5a4123bc8cc1db796991713bf3
modules/servers/soyoustart_vps/assets/js/highcharts.js,VPS,240582,fd18d8bda39a8e2663d9f675ac1274646b3b3e7d6e260cbbe7b0a2752ec1cdc3
modules/servers/soyoustart_vps/assets/js/index.php,VPS,50,416e7a0f5a39f8d047c069450a846194ea0d479ff99afe17e393c4b63e2f4934
modules/servers/soyoustart_vps/assets/js/jquerygrowl.js,VPS,10376,f8307469af1d054761683b660db4cee94f9807efb9b76575681b3e6ffa8c0d40
modules/servers/soyoustart_vps/assets/js/script.js,VPS,61543,86aa6b34b46d0167bcefdde40f10eaed0df6a3adb5f1c5e991a37f18e68253d1
modules/servers/soyoustart_vps/assets/js/script.js__,VPS,61140,14935da6afdccc47c783082c13d235838713af56702b7e2d02bee7c851e7b926
modules/servers/soyoustart_vps/hooks.php,VPS,26421,113e484e5bf571186855d3f26ad52da38789f87ee599cef61c6b6ba98e9bca4b
modules/servers/soyoustart_vps/index.php,VPS,50,416e7a0f5a39f8d047c069450a846194ea0d479ff99afe17e393c4b63e2f4934
modules/servers/soyoustart_vps/lang/dutch.php,VPS,12808,e88baa569d1c25feed543f814e569bb7419964020d14d6c5a90fb61ff81cdc17
modules/servers/soyoustart_vps/lang/english.php,VPS,12323,e6bc5ee61e0906aa72869754feda746bbebe649ab79abe4e0d964660b3be625c
modules/servers/soyoustart_vps/lang/french.php,VPS,13188,ab668a3a965bb6ca80f29b89b5d57dbb2db7908b99f6ef070d7412514daec504
modules/servers/soyoustart_vps/lang/index.php,VPS,51,3d1d746f79274fd1d8507b94dd2cf2beb767d948d1d1d543d73ad1a9a448359f
modules/servers/soyoustart_vps/lang/spanish.php,VPS,13009,4ea2443fd5bb372897311ef3b569e5adf634951940606f7219c7937b4fd53600
modules/servers/soyoustart_vps/lang/turkish.php,VPS,12849,42eec27ae7cd75507bda2566d18c036df4f387973c21a85871c7deb78ad8c7e5
modules/servers/soyoustart_vps/lib/SoyoustartServer.php,Administrative/internal,42247,ad376e2b4889d198bd7788228a78dae87cc6678f713dcea994230722c18f0176
modules/servers/soyoustart_vps/lib/index.php,Administrative/internal,81,6194d7e1d7ecfafabd77f607d3b6256ba916ce9c8a19b2204f7d1a7897bb6abb
modules/servers/soyoustart_vps/soyoustart_vps.php,VPS,72375,764c239b9b166c43a9e51c9cd95c372689dd70e586c0bd1277821ced86fef7f6
modules/servers/soyoustart_vps/templates/clientareanew.tpl,Client Area,67098,d3d8a9d20f2ca35ae38d0415025c988189e706a40154d21242e70fd4fea93534
modules/servers/soyoustart_vps/templates/index.php,VPS,53,a21ddf72582af0094119864492c7cef93a310dfa75e3b65e4e4d3766ab3d677c
notfound.php,Marketing,407,ed0efe0d4efd625195f2b31ba17bc38c4058cc0c1badd03ecba2fe4f28d76107
offers.php,Marketing,642,53b7365131b464f7fe3e35b8d7959a337657cea7bc40ec60d7607a40e6bcf8dd
platform/.env.example,Administrative/internal,3506,4b59b6225adebd020e4f854e687e01e266f54d4de449dec7a360a08f17dd400f
platform/.gitignore,Administrative/internal,185,d26851b6eaba9d5d44dd0261764d0804a2ed48081935ab5b386098fc9c296bb0
platform/MIGRATION.md,Administrative/internal,15025,691344ef66964332ebbb636b84bbabb9eb206625ac06a8a6c939bac108caa251
platform/README.md,Administrative/internal,12392,66fe90a44140a74a4519027df228c3e98a991f70784ba476f24bc023d5bec221
platform/docs/WEBSITE-REBUILD-VERIFICATION.md,Administrative/internal,19884,e8322b2244d6551388070edb63167d512e1352c0f3195f3beadacb1ee75cd648
platform/dump-routes.cjs,Administrative/internal,790,e44f521d352089f0d627703d09865a76178b35203bf43c757fb992705e160659
platform/manifests/adguard-home/manifest.yaml,Administrative/internal,1044,be43ccc28f5c916e8255b3524fbbf2cab889ba4ccb0d4b9eda3bd8475556efea
platform/manifests/adminer/manifest.yaml,Administrative/internal,940,cfc2e125f0f324fdbedcd811b4c6a63f9d02af70c13d22daf662c66627facbd2
platform/manifests/akaunting/manifest.yaml,Administrative/internal,1089,f6fab791fd59a55651457386a9c58a968502b6743191e6fda6e0df3af89d9b17
platform/manifests/bookstack/manifest.yaml,Administrative/internal,1165,0687098a23c9debf23edc712dd4be4f7054598bed502cb94146f62d3aaaecf67
platform/manifests/code-server/manifest.yaml,Administrative/internal,1087,6b269dcb63e5064cd441328badfb1ed94bfa5478130631fbed7584a452e39922
platform/manifests/docker-registry/manifest.yaml,Applications,1067,aed3cb8648ca76119788ba65b6cd3608284a905e73e9557b8a8b3ede90bc819c
platform/manifests/dockge/manifest.yaml,Administrative/internal,950,80cf24b04d81cab73257f4d7b44600092ecd3e47c444c4e7633d28277fc89902
platform/manifests/espocrm/manifest.yaml,Administrative/internal,1092,414662ddedf1ba0d8485cfd2c7fcb29577dcb112763dc3e2aacec45f7a2fe35f
platform/manifests/filebrowser/manifest.yaml,Administrative/internal,991,b223a84357a20417858d0b1664a60318c393824ed5bbfddb023f1a6f574cc502
platform/manifests/firefly-iii/manifest.yaml,Administrative/internal,1277,f3f668044770718c480085e2bd0d7fa86077d1e162d1dfc6dc127a4def42abb1
platform/manifests/focalboard/manifest.yaml,Administrative/internal,975,4956f636cd6481472fd8e774ed4eae54d1cc34b05800899e6a10e3dc9be03b26
platform/manifests/ghost/manifest.yaml,Administrative/internal,1068,ad59fb2c89a15030f539e9bb0daeef18e2f3f6d778e53633961bf21c90f41622
platform/manifests/gitea/manifest.yaml,Administrative/internal,1215,a745e4f688569420c30a3411dd69088b67e5839707266af9afe015e5db1e94df
platform/manifests/grafana/manifest.yaml,Administrative/internal,1193,fa612d0c0fe0209673cbc3e9da8d716e6907651eee44e7f8a31e168b8f9fce16
platform/manifests/home-assistant/manifest.yaml,Administrative/internal,1275,ad2e1b62e882cafc1820245267e6a54f10dbc6ca940042527627d30a33e78f40
platform/manifests/immich/manifest.yaml,Administrative/internal,1759,8ac289e6cdab33b14cdf6fb3e850e0ac232527487f000dbc13736795c85b49ec
platform/manifests/jellyfin/manifest.yaml,Administrative/internal,961,80d3671503232669acbd75b67ea22b72fa1d047ebd358830bc55781457908226
platform/manifests/keycloak/manifest.yaml,Administrative/internal,1364,46457bb20cd0d091ff8133be7674feba1a97a100b3e134ac5007625581c4e8a2
platform/manifests/mariadb/manifest.yaml,Administrative/internal,970,d1ba2494cfadfc415da8f38b52960d23aaee331f8531f8c3a6cc95ae88bfa47e
platform/manifests/matomo/manifest.yaml,Administrative/internal,1153,229312d482db27b0ef3402472ba85fa353a9fe1aaa143c7357687060725a43c3
platform/manifests/minio/manifest.yaml,Administrative/internal,1153,221df8a1fe9e4d7bf732baf315eace9bf60aa0841ac3358647257c73c79aff21
platform/manifests/mongodb/manifest.yaml,Administrative/internal,978,9ba1a69d08c562511666415dca24cec3647a4a76d0bebbecad6e6975ab9ca648
platform/manifests/moodle/manifest.yaml,Administrative/internal,1153,23c47b11e48cf45b697c5f6bd70595d43858307483f85a1b969fadd6d98faeba
platform/manifests/mysql/manifest.yaml,Administrative/internal,968,919a2d1fd6b0dbda2cc1af9c950a9bb7700d5049c0da8eb822a5490394e58be7
platform/manifests/n8n/manifest.yaml,Administrative/internal,1641,25aab3fa9c3d7acd0b82c1103fd9d3bdb718a513d6cfccfd267caa706d64f293
platform/manifests/navidrome/manifest.yaml,Administrative/internal,996,b1d981d8e0fc6ccd6aa17f8a0dc57c05e6b1a5881158129280acfe5cf45aca93
platform/manifests/netdata/manifest.yaml,Administrative/internal,1009,080fe23ee639386711bebcabfdef23baa69fa4598220c1e35db2be9053eb0ef6
platform/manifests/nextcloud/manifest.yaml,Cloud,1597,5170b44ca61e7d0600a60e267c04ac4569e3cb33ce392e1a774be7c6327b4fc7
platform/manifests/node-red/manifest.yaml,Administrative/internal,959,e6cf613beafb23b2d85b9f96d765b879a40c9f8d1843951f2f30feba33e41f67
platform/manifests/odoo/manifest.yaml,Administrative/internal,1148,5a04252e0f7f0b8b1582827f36fe4bc09497bfced1863938e706617a310b1d1a
platform/manifests/ollama/manifest.yaml,Administrative/internal,1305,257ee5896b1c3b865cdf794c4b416e93a717bd1acd12e44b62b7dcf59787f118
platform/manifests/open-webui/manifest.yaml,Administrative/internal,1125,2be3211d05a34202676be424af9a0b9ad4f1b9ac13989ec18519b70c0d636bc9
platform/manifests/openproject/manifest.yaml,Administrative/internal,1139,e2f4a61308f2197e5d2da4012b6316631879222873a317d6463f1bc7aff7b088
platform/manifests/paperless-ngx/manifest.yaml,Administrative/internal,1432,63ef059cd425f66882ca98ff1808be3bf3045f595117f1a94af59485e15453ab
platform/manifests/photoprism/manifest.yaml,Administrative/internal,1186,4995af47f46ab9b6b30e928efa3ce9c505f9238435f9c01db9e0579c5f1e98da
platform/manifests/phpmyadmin/manifest.yaml,Administrative/internal,986,70268ca318a88d7bf2d50d3798f0f5a023ae367ea7ad09112e6002f6cd34ddec
platform/manifests/pi-hole/manifest.yaml,Administrative/internal,1071,c23cf084c75494612b677022c03a161a0dc259f778d1647f53fd2d3553480fd3
platform/manifests/plausible/manifest.yaml,Administrative/internal,1564,f4c28e88d3df8141339514c63384b5359dff326587cb48919c4dc36bd15f8f24
platform/manifests/portainer/manifest.yaml,Administrative/internal,947,9ad172490761fbc05f65f13d200c07241289dc2eb2723a06a443ab56132fa815
platform/manifests/postgresql/manifest.yaml,Administrative/internal,1388,464e4dfc41573d133e4b0eec0620f51020c95afab25c5c5a9dc9164579386c2a
platform/manifests/prestashop/manifest.yaml,Administrative/internal,1123,e72b9fd25944132795386b0b23d72b290ed99fbab86c6df5bc10988f589ef8c3
platform/manifests/prometheus/manifest.yaml,Administrative/internal,987,cb63741e142560b83d24c100adc353ea0e647d56f88f9c80c617917288e8a807
platform/manifests/redis/manifest.yaml,Administrative/internal,967,21c2a04a27f642224b368a638d9cac5e0756d6b7980149ddc7569ed6f7986f3d
platform/manifests/rocketchat/manifest.yaml,Administrative/internal,1144,4d8d47a56220452e2938e47e563af620495c727346adc6dee221cf20ead8b936
platform/manifests/roundcube/manifest.yaml,Administrative/internal,1123,2734de74536b5d059823f7b85ae4e1145d8b1d2e9b3bb1fa449c4289f32b62d1
platform/manifests/traefik/manifest.yaml,Administrative/internal,1389,4b3b47024aedfa53c5756c1e61577975778e312a273223db7fbfc307a56814bc
platform/manifests/umami/manifest.yaml,Administrative/internal,1216,1b7f146f93c9b149b1160c9f2787c92d88802aa93d670e7f16574178b84b03b6
platform/manifests/uptime-kuma/manifest.yaml,Administrative/internal,1002,49486108088656956f624124ea6486e7f57e39ecb240ef5cf0d7390accd437dd
platform/manifests/vaultwarden/manifest.yaml,Administrative/internal,1522,4f63e73570948e9c2bb3fc482a96e7cb63feaed9bf888d614919441068d098b1
platform/manifests/vikunja/manifest.yaml,Administrative/internal,1272,5a47d9d967038237288de4d841e8d9b219f1aa936d50ab9d57dee113ab62d87c
platform/manifests/wireguard-easy/manifest.yaml,Administrative/internal,1057,da6fef2f1a097d46e7d02e37433ca392a58b108cd7743729d0bc3e7c581801eb
platform/manifests/wordpress/manifest.yaml,Applications,1743,68d18a7e43d6c9d7cb2483746a4164578eb78204eacc5fc1dcabef75bba19c88
platform/mobile/capacitor.config.json,Administrative/internal,634,f1409daebd32b527dda433789e9868bd69806b7aa8c6757a92f255f8a42afa75
platform/mobile/package.json,Administrative/internal,681,973ecee5288e12f6a712752f43a5894eb0edf52129894d2d9268aeedd289a8cd
platform/mobile/resources/icon.png,Administrative/internal,8718,c2b32d4fbce5a05375c3d935636abc1a1a99df356aadfe861ad62d03364a41b8
platform/mobile/resources/splash.png,Administrative/internal,12255,9a12a06a35f732cb9c27055a7fe0f6878405e0b47050c77efcc2820921be3f53
platform/package-lock.json,Administrative/internal,5742,006fed2408d91bb0f256189e45dffbbe66bb104c63d2d51dada43f9d2b814f53
platform/package.json,Administrative/internal,1438,05f945cba4884bcce588255cec222590b23c9a4c899342f326070c673dd5cf5d
platform/public/404.html,Administrative/internal,13865,56ef73d945a97879442ca2cad4d3aba9978f8f8fd5306f9ed59857aee7a4d384
platform/public/about.html,Marketing,16572,4ed29fd8f3b80e5e65d30a301805b3d2b520db2f50e86aa1ba9792ce7f7d6876
platform/public/app-deployment.html,Deployment/PaaS,16770,2fb7eb823cf3870469496f36cedb2b89d8dab985a27c397f0bae5ebac21d6d94
platform/public/applications.html,Applications,15535,eebf6e3a77ab68202af6f27550adf73987aba21467fb911e9f4602a8ff730788
platform/public/assets/brand/favicon.svg,Administrative/internal,373,cb65ed64723522641eac00fde2a16883c05d3748b9ab3bcb3219fc2759b9d489
platform/public/assets/brand/icon.svg,Administrative/internal,517,24a9c986a6c95cd13a3bb79b2d70836fdbbdfa27506319484dbd7f4da6d049f9
platform/public/assets/brand/logo-compact.svg,Administrative/internal,655,f3ca287aa287b5bdc845c7fc3aef89261a6a9ca1de1a75fe4e2bf2c42b6ae3ca
platform/public/assets/brand/logo-dark.svg,Administrative/internal,585,94b706f4e4e8e95be9a8e353446e7fd4eae93c316cc16233c5a812cb8d446cde
platform/public/assets/brand/logo-white.svg,Administrative/internal,579,f9212d3d1a5fecf564416ef268409b94ef381528b8ed964258333489d5109b10
platform/public/assets/brand/logo.svg,Administrative/internal,658,20d907282489194bf32922f8b5f4e55eaa2ae0c1992f21d37ee6075c81e08eda
platform/public/assets/brand/og.svg,Administrative/internal,1759,9e0f0fa23b6735a50e3a4f3c13b03ee5a0eb13c00061ca25b555725054045b06
platform/public/assets/css/site.css,Administrative/internal,24522,c76bd5998b89ea620d646091601e91df1ce079532b6cab5bacdd4353120de2cc
platform/public/assets/icons/icons.svg,Administrative/internal,6969,dc83f54da6eff950036d0a1106b02ba28c5c6aaa86ebabd999eaab4f02503405
platform/public/assets/img/hero-applications.webp,Applications,43418,ff4393e795ed37497ed2ec0c5a14de9f2d10b077a853c5c1b9135daabc185005
platform/public/assets/img/hero-cloud-network.webp,Cloud,78140,849f2c62df9aa8a4abdc772faf57ebc1b891e6c17b30f069ff684fc3b2e956db
platform/public/assets/img/hero-deployment.webp,Deployment/PaaS,38332,8da35f15e2c94f66e4e92dd0a79a93c4a89220bf9a9868d4e3c52632b1da9c85
platform/public/assets/img/hero-infrastructure.webp,Cloud,128226,381bb5aacc478b94f1116246811fb09db3adde6a13afe3bec6850357a3cbdf1b
platform/public/assets/img/og-image.jpg,Administrative/internal,145399,4e4f0187cbe12abcc6fd8335e6ea92f0a9b631d63942138de689f8f226f9349f
platform/public/assets/js/api.js,Developer,13269,6c0a68bca644e0d39fd2fe09c232194413e07bdcb3aa5f257584b340259a77f9
platform/public/assets/js/auth-forms.js,Authentication,6062,dac826364024b91fe201a8782f89fcda18030999e03975a039fc973112aa86b4
platform/public/assets/js/site.js,Administrative/internal,34360,7e57af70a4df75b3de4f904a721cd41b3bdcfa8ead737c4f286b6c0d5b120fa8
platform/public/assets/js/webauthn.js,Authentication,5486,d44c2229689065cd3ccf34aa64fd7cef5987d12ac7f703c3fa9df1d966cf3314
platform/public/blog.html,Marketing,14825,4bb6d7329da15e2e4437d61241e68bf0a5c0eb76c4f74f5b4f76a1e63f6eff54
platform/public/business-email.html,Email,17266,9a166482e71183c291c5009f3847ed0b3d7b710568be9c522697829eefeee877
platform/public/contact.html,Support,17201,024da5baec16956450dd65aa13c0cd122d137ff8a28a8be57ea724e1c179fe5c
platform/public/control-panels.html,Administrative/internal,14770,1fc34efaae89353cb08f19ed503e8577c8ae8d780f4584fac31aa2f7a5ba30b7
platform/public/developers.html,Developer,15932,bc4adf2953bafc132d9f97727bfcbb923fc32878ea016863a558b207ccb875ce
platform/public/domains/brokerage.html,Domains,16163,fc58ac654a55f16eb97398e39b14e98585a7f24a28abd49b70d5dfa6237d5461
platform/public/domains.html,Domains,19337,4e540a920ae1ea718316ddb4b1bcba9737aac68053b0bce5d8c5bec70df5ad19
platform/public/faqs.html,Support,18594,50b8bf79b306f191fc86d60c5bc5f1bbe69b1cafe083408e234fcabc5169b1da
platform/public/favicon.svg,Administrative/internal,419,b6c30105b3a39dcef7de83aaae79d552f92a8784576eadff1d80b7c769858973
platform/public/forgot.html,Administrative/internal,14101,aa8a5766d4402781bdf710ffde32695dc0dde4b45614ab3ed5a2ec0ddd556af3
platform/public/hosting/cloud.html,Cloud,18384,2d0197c22193199e10d3c02c390eac63d2b15dcd6c1eb971961ba76a3ca83588
platform/public/hosting/dedicated.html,Dedicated,17530,1e169e70e48be5a416cfd810cdf7e9150305208767f194d73bc326b7b53c2f1d
platform/public/hosting/enterprise.html,Hosting,17647,f00633db128136077856004600d0c985fc4dad25ff6ca51267f7e828bb7c3f91
platform/public/hosting/game-servers.html,Dedicated,17325,01897bd26243fdec9014050ebe04da2efe2c2ad879130476c2f4fe01f44f56e7
platform/public/hosting/reseller.html,Hosting,15538,582a74964effbccd8dc5a89a57cddb7d57c910abcb729cf210c99eeefc7b53fe
platform/public/hosting/vps.html,VPS,18393,fe34830490b6785b93ae0b8dedf158f70ecbde022f10ef27216d58e6a7239841
platform/public/hosting/web-hosting.html,Hosting,16880,2e522b9c7b690517c8720b5e25f41ed09c7fdb9113ab6a64828f0037560a05b0
platform/public/hosting/wordpress.html,Applications,15473,3c2b236ff9b0c1bef5d5ef9916eda72463b3bfe1e7fb770df56dfcb0761b55a1
platform/public/hosting.html,Hosting,19107,f9770e348f06544e9dbc70b49840377a2705b570934c1c490159d0d06ae6ec4b
platform/public/icons/apple-touch-icon.png,Administrative/internal,731,cb20cc9af1267ccf950af0c0d6768da683c98ffebf6d88dd10ad6e785ef35b66
platform/public/icons/favicon-32.png,Administrative/internal,176,7db22b564b03f0fbdfc9b3c1c1575feab779ec17907fc8c34dfe8b12f934e7dd
platform/public/icons/icon-192.png,Administrative/internal,785,f079ff56ddde3d7427568269dc97c99bd2ea76ce4126498b0298f74faf7839a5
platform/public/icons/icon-512.png,Administrative/internal,3053,486eb62e682d0d3ebef65f3d866736f2e08140b234c8a60ea8bc1b4afa85c6d9
platform/public/icons/icon-maskable-192.png,Administrative/internal,738,af96b0b5adb884df0fd5d0f0f288a6b3857d1f052c481745f74c5da309292ec2
platform/public/icons/icon-maskable-512.png,Administrative/internal,2781,57b7986b6d44cd5b6da24106b824b30050bb0850e01f7cf0b92b997990ba1c58
platform/public/index.html,Administrative/internal,33872,afae99bab4ed6917649172f00309d19408971901ed4f0fe2f1f1dd952a7df9d1
platform/public/infrastructure.html,Cloud,16131,7ead92dfe0b05f44bc7d32450842f81fcfd6e4db08ee7d398145706ba7a1ee03
platform/public/knowledgebase.html,Support,14946,81a1e68532d4f162bfea0a72d1ac5bede2373ce644a8973468eb7609abfbcde7
platform/public/legal/acceptable-use.html,Legal,14801,a417ff882c6275a18f2f0416b24c7e1d14b74fdabeee5b88428783711dc2b0f7
platform/public/legal/cookies.html,Legal,14478,7c9d9b2863f5d8bee3680f736f5113e20b338798fc49db336e586ba7a7c73bb4
platform/public/legal/privacy.html,Legal,15163,19ef206d03dd742a0a484a2fda93458c02deef662527d9a52191823a454f0bd6
platform/public/legal/refund-policy.html,Legal,14831,7a2b3496f621c35d46edb0eb6f2006ca26553f3d144b723de7abfc210ba562b8
platform/public/legal/sla.html,Legal,14794,c26cc0fc02d58f3e46b8ed85114c832a637b599a654ea0bcd10f1cf8d877adbe
platform/public/legal/terms.html,Legal,15667,3811fe9f718e0e5808876b648290b8ed9c61551cf8495f1b4705eb7c34bfba7e
platform/public/login.html,Authentication,14705,1c8447173b95391ae0c772eb77e3c20ce0338cacf422ca61fc25261fd7d8b61e
platform/public/manifest.webmanifest,Administrative/internal,1069,8b301a2b721450d0386037ff4362005ea17355343418cd2a40005e62390c4da3
platform/public/migration.html,Administrative/internal,15473,ac803e0886932357cafc93a72fcc5e190e79a283286c129b258366b04a6bcb1c
platform/public/offers.html,Marketing,14743,999b8c2741a629d8e62a2c7fe3c5c50b451468bb691b6d96ac2b30e5d067cd47
platform/public/operating-systems.html,Operating Systems,14793,a5f5e7460c7e5fa4eb1446bc0621b3431f990e1603c22e6fdcf4ba9eb8615c36
platform/public/pricing.html,Administrative/internal,14796,d3ce99e0f865244433ca47025d6ad5160eea0a8c22b4e720eaa8df9e735c8eca
platform/public/register.html,Authentication,14370,a35e00f622f4b5168a370516a8e76f35b49804863bc0b22cd645906de865dca4
platform/public/reset.html,Administrative/internal,14126,9a8f9426ba5f8ea521752d94a812b322fd831e2d139db2eb73ff09e61cfbf4fb
platform/public/security.html,Administrative/internal,18491,0881ad0fc867831878674e489e7ec3ca43dee03393496913ee301ac41c42fbc7
platform/public/server-management.html,Server Management,16143,572d9225ee55f2834125681420b11b6525d94a68184e058eec9f2a93179e411f
platform/public/status.html,Support,14388,fb0c53a5d2ae52bd7d6f875d8611b627340e920e153543026329d093819fb96b
platform/public/support.html,Support,17068,86e16a8fe0e64df7e1d1929f383d8987a57d4359e82cea1cb253f86438d7628b
platform/public/sw.js,Administrative/internal,4093,6031ec252aaf1135347cbb24e24bbbb95a8fc198136278d08a5cae3fd3d004ea
platform/public/vps-hosting.html,VPS,288,8afedb64765887b8e6fe8295c80b5a73e2d1d590bcbdcfc3370a24a06a204bd6
platform/public/web-hosting.html,Hosting,320,cf46b921e5a6ce9841219116cdfb35de7032a34a504835b20a2f0fc92cfa871d
platform/scripts/app-catalog.json,Administrative/internal,14754,4b3bf7985762ee1b20c86f14d03a8958dc6aae7207c54241509c6822c162a461
platform/scripts/build-site.cjs,Administrative/internal,108439,15e74244be0ef6e8c70a6807ba7f31ac842980360503034556a55cc8de6ddb11
platform/scripts/gen-control-panel-seed.cjs,Administrative/internal,1251,4269edbac07f2c636af19445c4412f311a937b74972100059bd5487d37e12b42
platform/scripts/generate-icons.js,Administrative/internal,7440,830a7c10773867674025b2d314588db202361e9fa93254e6ea742e40e512d00d
platform/scripts/migrate.js,Administrative/internal,1634,44a87b5efad5e055dccc4a9fa3e452ac5c95ff12edb2d27d8f21bcc4d7bba615
platform/scripts/rehash-passwords.js,Administrative/internal,11702,a919f74115e99d3465dfd0fdf16854261aa4622b1c2d8ab7cb450fe3bb2841f8
platform/scripts/seed.js,Administrative/internal,18039,1990ae62b26930e5eea106728c40d2cb83929d06adb5e374bd7ff08fee543608
platform/server.js,Administrative/internal,6241,4c1ec8822e5ec481e9b3eda29412f0f50459421e73d6fe4f72e90feb7a7c67d6
platform/spa/index.html,Administrative/internal,593,46a7aa2df266266ce1937a00e0bb536c4cc42713a3cd71c5bdbd5d636888b94d
platform/spa/package-lock.json,Administrative/internal,62184,2f704fdc3bf71406c420dc635093c61e03071570d798489da0c89e03ff45db67
platform/spa/package.json,Administrative/internal,597,6005c46029122cbc32f6817d9dc1f828f014d230360467bf486e47d010c8d16d
platform/spa/src/App.jsx,Administrative/internal,5922,52e2ccd1f90802b1c459c616a710e080805c43fc70beec2fd1efa3aabd828b02
platform/spa/src/lib/api.js,Administrative/internal,13978,f5a7d17d64f4df41ce500fe12e41a364c48e2244308986a99240219324067b7a
platform/spa/src/lib/format.js,Administrative/internal,2968,70b24c33376b9ef10246390896beb46a0db9ea09f0380be9a29bd354f0573a1e
platform/spa/src/lib/support-session.js,Administrative/internal,3108,db282c2fad758abbb1a372c73c82f6137f98db5a5bfa83e665f70f73ce4d8cd0
platform/spa/src/lib/useAuth.jsx,Administrative/internal,1436,c990c45814395951c7eaf5131708b28cfd5d9de289c808d77ab5db9287a262f1
platform/spa/src/main.jsx,Administrative/internal,762,c2cf60d94829a2bdd5fbda3ace217aa00c84dc565dc65d3093d2965d02c5754d
platform/spa/src/pages/AdminContentPage.jsx,Administrative/internal,8115,054812e74f259bb141fb9bc64ff709e0aa923d5413951ae9f0388609352f7a00
platform/spa/src/pages/AdminCustomerDetailPage.jsx,Administrative/internal,15964,aaa66dd5a2a67044f73e0de988b656c2fb67987a432772eb16eca280f2e50483
platform/spa/src/pages/AdminCustomersPage.jsx,Administrative/internal,5087,051538a4194c3fcef6a7af08196b0c939434921730b98808fff6600fac10fa55
platform/spa/src/pages/AdminDashboardPage.jsx,Administrative/internal,5766,6d4d318415d3edba93c2239cf5aca0544e34e369c19e0f0057c6b2f840f0a734
platform/spa/src/pages/AdminLayout.jsx,Administrative/internal,4253,fd5407d6bef8bd6e40f8bc5c548089e486e17529a492cc5a20881fd6601e7500
platform/spa/src/pages/AdminSiteSettingsPage.jsx,Administrative/internal,5004,6fa6bac24e62f751a4a05f73ebc9912a883f13984f289ceca490a188b0e6775b
platform/spa/src/pages/AdminTicketDetailPage.jsx,Support,5919,38300cb2436244d2d2d28b3e014abbf48bc0d075d29c03be845565e56415fab4
platform/spa/src/pages/AdminTicketsPage.jsx,Support,4538,1ad783d429eca8eaf34b540b35ac91b9a19d793dba693b9da9163c4b23c03318
platform/spa/src/pages/AdminUsersPage.jsx,Administrative/internal,3147,7cbdb1c324b98e92eba62683f9c6d3370ff43e89d8b4d254e23f78c30267be9a
platform/spa/src/pages/BillingPage.jsx,Administrative/internal,8777,94977731cc4197ad9afefd770492f10043812fbf40b464ee1a2403f7eb4b8689
platform/spa/src/pages/CartPage.jsx,Checkout,6403,ede0b279e4ad32f825062348c92687b25f728a06daa7569d5e2af710920117dd
platform/spa/src/pages/CatalogPage.jsx,Administrative/internal,5686,484f13fe4039f1caf36a1679f376401d431dd11c561c590e062bc307d0559f0b
platform/spa/src/pages/DashboardPage.jsx,Administrative/internal,7626,8af5e32dec451cc441702446d15f8008b8c658eb159a082b74079eb6f88e83e4
platform/spa/src/pages/InvoiceDetailPage.jsx,Checkout,7228,6838f81f5055348bd39fb1285a085d75b751c778cce409eb848fb6c076644319
platform/spa/src/pages/SecurityPage.jsx,Administrative/internal,11499,d17980818d6475a33d5ce1cf5419b6acf3ca60d1368babbeace0aee2bcf54520
platform/spa/src/pages/ServicesPage.jsx,Administrative/internal,4157,d7ee2bbeac65834e7282acca8dea38f97c54dbea2ff8f8ef628f17ccdab13ac9
platform/spa/src/pages/SupportPage.jsx,Support,4652,a76d8716af0a0ff9969314c8f1e394e5eacc9058b5653b2ee0d06a11cc5a249b
platform/spa/src/styles.css,Administrative/internal,10349,0357d52e9352184a655e5b6de0a1e13d9e1b6165df095f34d3e29ace1bf0c656
platform/spa/ssr-smoke.jsx,Administrative/internal,2312,4602c632000e0b897775c6acc07eaa9d1ae2f1573674792fcb848c3610e26873
platform/spa/vite.config.js,Administrative/internal,963,026f39912d4f6363ea270f6c0654b3a14201af5c17bed50dbe01422a8bc1ea0c
platform/src/app.js,Administrative/internal,9890,9f1edec7a2a0dc8a85d3c9de7ea29202fceacc1a5e9900db7a49c3c9c749a61b
platform/src/core/config.js,Administrative/internal,8228,93ee25db40d5734111f6e994e4f0619fcc3878c29e39836096cd4474b5ef59fe
platform/src/core/cors.js,Administrative/internal,2113,d9f81877d0f5116e3c95e4f2fa2c2af914f971d8a8711c24cd1dc497f365991a
platform/src/core/errors.js,Administrative/internal,2667,860eb69c056e7203225cf8b4fc3b9dfe49436c304b2e890629dc3c57e0c876d7
platform/src/core/http.js,Administrative/internal,12320,f1eb9028b995530e7e2e9ad8bbe54ff1cb8634f59604d846b29990e857afa174
platform/src/core/logger.js,Administrative/internal,3289,cace22287491d6a2c43f6f83983b966e01aa1de030db5f238a4a0ddadd3674f4
platform/src/core/ratelimit.js,Administrative/internal,3545,aa9971b70396c3c166dbce657b1b1d83f9b461cdaedfd880269983454ac9a0ff
platform/src/core/router.js,Administrative/internal,7736,bb56f37e28867ec16d994015c4986ee61dd3be89f197dc31e491be22567b282b
platform/src/core/security.js,Administrative/internal,1967,d9d10aaaee438a4fd29bdfba6775e38fe8db759e3b5d41a20bd2dddfe0c540a8
platform/src/core/static.js,Administrative/internal,8773,81ec0c5a4f90a9d342a85c1424d3d3aeeafb314409ed5e5f945480496a9f3e5c
platform/src/core/validate.js,Administrative/internal,15372,f7906c912282937dc8a3c46d7c809864476d32be03a8de773347419dcde38a35
platform/src/domains/account-identity.js,Client Area,9811,de4753928da0a8013a551ad562676c097345907b40c148fcede6ea951deffa59
platform/src/domains/account.js,Client Area,10695,9cd20221417293c29ff554fa8925a35bf409b2e8c6542c0055aaa95dfb39f2fc
platform/src/domains/admin-billing.js,Domains,12556,e118bed6f63a2ec66da78ad24c4f78020ca527145d722b4b4e41f83a27759876
platform/src/domains/admin-cloudflare.js,Domains,21103,e9cd2fec69f40100f97c5147c0db72add123da2e972f55c9a5f1974ce21bb681
platform/src/domains/admin-customers.js,Domains,14665,b4c8f53e8419696120bb6caa934a9219c7daabb9450d16039bbc042cacc80ef7
platform/src/domains/admin-domain-services.js,Domains,28959,36d50e5a2b77673e23a87a6854f591e640c78a273457855f5c04a29388bb1a70
platform/src/domains/admin-platform.js,Domains,6600,8ed23cda59acbb9a5b1c3c2754c701a26c6aff06f43be717e4bea3f8d026f308
platform/src/domains/admin-tools.js,Domains,1295,d54f2ed491056a6363bbc2eb88e5b77a978e3f73206bd0bd57019d3579e759b5
platform/src/domains/admin-users.js,Domains,12225,bae6649964cbb5b1c0fb36ebd13a1c47c5f68b5f57f4d898c538f6217e068cb2
platform/src/domains/agent.js,Domains,4255,142ebc01cb5f11da6805ecc579ee9ba24e2db40c7a2d30a23a54df11a11a5063
platform/src/domains/ai-os.js,Domains,14725,dc99134479aee934f0d7d48ccf0a30a085f2020f5ef4744755af81c1117a8231
platform/src/domains/ai-support.js,Domains,20942,4a6dfa519f52b22bbb29b21255f462ea0a613e80057b21bdac62b2d95245685e
platform/src/domains/app-installations.js,Domains,18129,6110e5d0d21570dd89d3ab25b2b2f49468a1907ac887a70046edc9f511be2a68
platform/src/domains/audit.js,Domains,3953,20292adf3f0c3dfc04d1a28d41b84b0abc16fe334b527096ab238b5f39d2696a
platform/src/domains/auth.js,Authentication,36361,281bc3a46e28bd9995e69ea19badf0d8b4636b31f6eceb056062ba7a8bba05e5
platform/src/domains/billing.js,Domains,7078,462e2b630d2d4ffec18ee0dfe0ce11a53e8c624080efddb2ec831c909382735b
platform/src/domains/catalog.js,Domains,17440,9de11fa18b4f7e58f24609fbe9277b5959ebb21a45a89b6221022ad13f0722a0
platform/src/domains/cloudflare.js,Domains,30429,1839fb69e88de65b65531d0b4473f5dad1ac8aa0ca03306480f39e2fb362f2bd
platform/src/domains/commerce.js,Domains,12413,00d52b68f081cf43ab327ee45d186dfe10928b27510796302b3e1d3277e58c6d
platform/src/domains/content.js,Domains,11333,1e6e7f24e8a8dee2a9dd08ff31c551cfacdb7238ecf7a341c2d0c136648f11f2
platform/src/domains/control-panels.js,Domains,15721,9af700a4e154b9676637c9ae29d19660c8927d4a0d725c5301cd2c1b0bb9b0cb
platform/src/domains/deployments.js,Domains,9984,0fe27a4bf2611ecc97cc3dc29a0e0f5b0ea9d38a30fbb6fa615793b806a7f997
platform/src/domains/dns.js,Domains,10114,ada1ae615e3766217f5b0238c2f0d662d62afd42e4f59cc75fa27791921e2dfc
platform/src/domains/domain-brokerage.js,Domains,25071,588b8bd25854a94a0ada7b2578afad2e051cd297d04477ecdb5d9fec77f61f9f
platform/src/domains/domain-services.js,Domains,22039,2d151efd7adcf28a90c8ea1e860c3fae0fab608b63591ff2d7df0454463fb9ed
platform/src/domains/domains.js,Domains,8622,24588275d30b2de45b54040ee2e627badd828b9c9b6692e2f4aa8f27c594ecc6
platform/src/domains/firewall.js,Domains,2244,180ecb7246037b5957f091a408edb29bb0e640ef12ead5dadebb3858048322fa
platform/src/domains/health.js,Domains,1928,f354bf174983bda6d01e5dc134db13a3e93b0076d1db78b952543f70ad780e38
platform/src/domains/infrastructure.js,Domains,78407,9af89fa9c58e1727998b4f7cd9cce06edc157058f18bba773ef08df04a45d98e
platform/src/domains/licenses.js,Domains,5680,77ef9c1f715128646104bebc514754a52a49ae785f07be36e06b515871a76aae
platform/src/domains/marketplace-admin.js,Domains,21133,5ee8e9b880ead596da046ed61c7d62249d04cb919fd7d6700ccf43670d9c3cc3
platform/src/domains/marketplace.js,Domains,2552,597f8b618ce0299573bc38364ebe003f6c9a5fe162038c09f8053121364c0d96
platform/src/domains/monitoring.js,Domains,6735,e058349d05a03e5282f4a4883dc73190e8a90bf79994b990af730ad62bbfe89a
platform/src/domains/mrz-tools.js,Domains,24046,81e9b0f29a398a66fb445c9bb1da318f40e61f105fea91ad9b3249651aca6dbf
platform/src/domains/operating-systems.js,Domains,19372,276f7b084e08e7b06a7b005e6e76006efa6002d7c13f4a7670e245ac5c7aec21
platform/src/domains/passkeys.js,Authentication,17869,51e4cbe8823e086ccf39a2267ab132662c44e7156e1be0d396855a066bd64b10
platform/src/domains/payments.js,Checkout,11877,ebff69d3ddb5e1b470f86c45d337b2a6c190969abdae14771673ade3aae21f52
platform/src/domains/provisioning.js,Domains,11488,82157c40b7e4eff6e865cfd55e419673e4cd09fd653185a583cab93c8e34f311
platform/src/domains/revenue-guardian.js,Domains,12853,ff97a7cdbb1f3d84d4856465f13eb0f8ba33f2b368a3b862f9c31319504bb3ba
platform/src/domains/servers.js,Domains,29611,0a1b38ae99419cc9e4042db965b51a73497795748d25923e8600ae43b6e4f767
platform/src/domains/services.js,Domains,11774,533fbf4cc2e03a4cbd4ca9cc5bd701aa83c6790ae3d1f9a6634fb0c928e6b563
platform/src/domains/site.js,Domains,6633,1704b0f74c17ffe428165b76a4861c17a303a1d44316296b617892aaa06e197d
platform/src/domains/ssl.js,Domains,5812,7f9e0d0e71053abc1c05265757f119895675535ca794a50030002cb87be0327e
platform/src/domains/tools.js,Domains,13734,940f2a1189dcaa3bbe775ff0c2bd86062fa57e1a2b4011bad382c68c02db7c7a
platform/src/domains/webhooks.js,Domains,3310,55cf30c03c5c514757a26afa929a562988e79bf568d797789c6f6555f54b4683
platform/src/lib/auth.js,Administrative/internal,6939,50a8fc00f328820de0665384f535e95875bf9a797eff9884aa5b3f2a58ed550a
platform/src/lib/base32.js,Administrative/internal,1210,97585994dc64bac9ef3fb592d6d0ed838e4cd0e9aa09ce1d6eb1ed8a4cdeead9
platform/src/lib/billing-apply.js,Administrative/internal,2583,3620bedcc5eeb7067305fbd87700e4d0cb118d23bada2e254a1e0c0fbae8ac61
platform/src/lib/crc32.js,Administrative/internal,985,9d317b0a0e9e90fa931734f3d5ee6b6a31a478b3ddb57c4604cd0b84e99a6f60
platform/src/lib/gateways/index.js,Administrative/internal,3479,7ff5a3f3fbca51a7c05777c221cce97c75bf6e9f92cc1b159d34cf386cdd067e
platform/src/lib/gateways/paypal.js,Administrative/internal,9909,819914e344f882d966494ca506d7c37e203e13c9ae88882676977450012a559e
platform/src/lib/gateways/paystack.js,Administrative/internal,2747,72f22fda5ab2c3ac6c9697a6ef0a3ea0f5a2d13ca0e87f18bd866a2242387774
platform/src/lib/gateways/stripe.js,Administrative/internal,3378,a41573805eb0e3ce3449fcf4415a36cf1477d286534654f7737d9ddfcad47dd5
platform/src/lib/ids.js,Administrative/internal,2436,9175cfe03d952355cab1f93f4f1e426e3e5ac4757fb71154d22a2e9722f9e434
platform/src/lib/jwt.js,Administrative/internal,4156,b5992b0e96b3940a49c5135ce9df2eb08e7a56af656d40ab10c9c54aa3a1e86f
platform/src/lib/manifest-catalog.js,Administrative/internal,8310,373b3fe59bfec526450a148fb99bf5511bbde31f704de3cb789b2d64b5814ee0
platform/src/lib/manifest-schema.js,Administrative/internal,21470,3c553361ac121b085fc5bb61a9e90fc61b25ee66662b1c7582e713b650b7afc8
platform/src/lib/os-availability.js,Administrative/internal,5908,9d7cc503ae3fded6e87d1ecb805df44cc53cdeee7b8014b175da932ded83715b
platform/src/lib/password.js,Administrative/internal,4228,263b8b4e3df951e2f16f11f1113f6324e3b46e65304794a7be58b047ee23ee0b
platform/src/lib/payments-dto.js,Administrative/internal,902,a552b55b6f43e4cca1277f85b107e2fd003e117c2ad16a079600db0b16bbb658
platform/src/lib/provider-adapters.js,Administrative/internal,16964,5bf36521bec35d672045b15c4e15ec3f9bb15f1f295115bd144f8cc5c797e6af
platform/src/lib/provider-egress.js,Administrative/internal,13031,c8a6e0bd4ddb3506f1380e16f97f60173106fd50ea746feb9ccd2f6329f1157b
platform/src/lib/provider-webhook-service.js,Administrative/internal,11754,2d70b75ebc85c9a9ab712753e7942ddc65635b5c41955b6b0051f950a38c2b60
platform/src/lib/providers/adapters/aws-client.js,Administrative/internal,9529,3a61ab2856a7bf70177ea28e995dac3e9d542776c831b290bd124cce67c130e8
platform/src/lib/providers/adapters/aws-replacement.js,Administrative/internal,5052,3b2f79d844d3cbb44e80d21ac249dcc4dc4b0d7d436bfbeee26f79592bd3f91c
platform/src/lib/providers/adapters/aws-serial-console.js,Administrative/internal,2568,570648a621e0aa38bdc26e4e9a9a9193feaf393938eca9e9987dac497963addf
platform/src/lib/providers/adapters/aws.js,Administrative/internal,24654,62780eb2cb87e2766f6b9e2580a70ac97711a19183a8109c0f44013b6837f5e6
platform/src/lib/providers/adapters/contabo.js,Administrative/internal,19109,194be9365ef53aed6030eb8a98afb80bcce79a1dd249515a40c4f2c3f5e56243
platform/src/lib/providers/adapters/digitalocean.js,Administrative/internal,16361,74d1a34c820ba9b2e2ce7ab60b4f25440d12638b81c3145590ea68e0f29da6a0
platform/src/lib/providers/adapters/generic-http.js,Administrative/internal,7173,efa67f26743bafb7e390890045d55c57771367c7d785f6220fb6a0034503bb91
platform/src/lib/providers/adapters/hetzner.js,Administrative/internal,11049,843f1960794b6dc7c75d6263938422445311f2432ca2efcf4767fe2408dbbf59
platform/src/lib/providers/adapters/mock.js,Administrative/internal,7745,cfa3f3657ee2440780eca11903c2b97fc31c4948af6f30f5a357951cfe25bc5a
platform/src/lib/providers/adapters/openstack-client.js,Administrative/internal,6016,0bc9503936f9cf75f72cd871c02a15dc6041c13765fc686894fdc7f97f678a6d
platform/src/lib/providers/adapters/openstack.js,Administrative/internal,12710,d9b7116a5bc1d1c4a83f607005339c32957d55ebb70821635ace6a01b9529df8
platform/src/lib/providers/adapters/ovh-client.js,Administrative/internal,2607,b87f53078aedb4d44b2705f344b3b1908aaa0d9d7530c6c7d240405362121bcf
platform/src/lib/providers/adapters/ovh.js,Administrative/internal,11261,4a89bc81ae01e73fece32d53775a5a022cfb61f48b4492628bbaa4f6f886660e
platform/src/lib/providers/adapters/proxmox-client.js,Administrative/internal,3271,a2a879e1b79e72d102b16b1eb307148565801fee6627543c3c5e9644a9688df2
platform/src/lib/providers/adapters/proxmox.js,Administrative/internal,18276,83017fc5cb5f31ac7f9420daaa75db4ebb4f37ad7648a3cd3b5f34e882d029a8
platform/src/lib/providers/adapters/solusvm.js,Administrative/internal,12659,88eee0ef873766403bf36f41ad7f4eea2f4aa5d3ad2929b0daa0a0924bd6ca43
platform/src/lib/providers/adapters/virtualizor.js,Administrative/internal,12122,9d7be37b8c92bf33887eedeca45256d865cb4f9b19808474c8c60cb56ce68605
platform/src/lib/providers/adapters/vultr.js,Administrative/internal,13790,14719e0276344f60cafe7d1a98f07dbe8a02dcd97ffd748530d8f3d7d4d010a3
platform/src/lib/providers/aws-sigv4.js,Administrative/internal,6656,280152bb303759b50d490efaef1e0cd9f6ee957d338250c2fe3d4d9eb6e6ae8b
platform/src/lib/providers/aws-xml.js,Administrative/internal,7344,74c132c02becc10af81b8c8ad674d27a31731d7b86dd978e192575e09c3d9193
platform/src/lib/providers/common.js,Administrative/internal,6107,803f1cb2bf56babaa5ff10e5d8f6c632af6e59f28ef468b1bfb2606d51582126
platform/src/lib/providers/error-mapping.js,Administrative/internal,2694,b7ed18808815e6028902801a5228605181e3ac0d7c97f90c70844a755bed7758
platform/src/lib/providers/http.js,Administrative/internal,5117,58fc2af5073f5769487cfeade48f0134d8c73e4f7956aee5f85110f83e96bc72
platform/src/lib/providers/index.js,Administrative/internal,2897,b5119c657c256d8da529987f99364c124ca2e1d9feae937872a1e328e51b1a52
platform/src/lib/providers/registry.js,Administrative/internal,4440,47a4d0715db05b2182d1727ec4d30dacd85261adf55cdceb6fb81293cfc2b7cf
platform/src/lib/providers/sanitize.js,Administrative/internal,2272,2034ae33baf7f8547c955e57fc492d3f45c9574845137fce8ae27660a6fe385d
platform/src/lib/providers/types.js,Administrative/internal,3427,f33accff5d23c6f03b1e20ed5986a912863e0784f8954f9dc628ed44b3f70058
platform/src/lib/provisioning-worker.js,Administrative/internal,19643,19d987d267f37773d280c7bd4225783e98ac55c5ecdd15a48c32d0a1853c41ff
platform/src/lib/qr.js,Administrative/internal,24557,1cdc29e5b782987bf517aff7f5d772937f5a913b483e52e77927388f13bdb47d
platform/src/lib/subscription-dto.js,Administrative/internal,1239,a9cdb8e034e4a438af7f2969555014c8c2aded45af786a79c5ba58b6c3359dfb
platform/src/lib/totp.js,Administrative/internal,4669,9f8071d0edd1bd0e2ec6b4031f40cd9ca733b23e74388516b7adfeb9d9589bdc
platform/src/lib/webauthn/authenticator-data.js,Administrative/internal,3671,d290f66f339fe01fa84f868d601a4751e2988a33e6c79b13c708d895899f6bf5
platform/src/lib/webauthn/cbor.js,Administrative/internal,5367,274eab635b155f2ae79aa2d040c755e934b2fbc88ffeb51cba915c79bb926045
platform/src/lib/webauthn/cose.js,Administrative/internal,7015,41f48355dae0f4b002061805e9b2ff64629b8671bfaa6052d4677aa15640968a
platform/src/lib/webauthn/options.js,Administrative/internal,3870,dc4d5f0d256460ed5f3aff7e47609137f7985716276d81aa5c9beb0ed4c465e5
platform/src/lib/webauthn/verify.js,Administrative/internal,13255,061adc6332757f12bd641b34daf96066d1eafa911eeab77ac8d98a89cafff472
platform/src/lib/webhook-signing.js,Administrative/internal,2808,452b7e5950775991173ddd8085170aba1682e272d5b28edb50506b7680876f39
platform/src/lib/yaml.js,Administrative/internal,12687,eb7bf74036f95ffc219d59c92874958e68af91cbb413d4347a5ea562f062493e
platform/src/store/index.js,Administrative/internal,1175,92c4d7541843e28852575621ac972257f4a63f8f15f695d6df5ee0f10ac2ccfb
platform/src/store/json-store.js,Administrative/internal,15976,27f019df206c17d69b90fabd8e68e2d8b310b32c5a70170b2b6d91697aa62662
platform/src/store/pg-store.js,Administrative/internal,14778,598f49a2ad9f95494db5108600c58c2a795da16c37fee6f71ca28c7d8d5007ab
platform/src/store/schema.js,Administrative/internal,75754,3664905749862dd3e405b39b3942f3138f9ebcf47d4d08151da14199710c3413
platform/src/store/seed-data/control-panels.js,Administrative/internal,29417,2bc862cd8f968adb9f5b923d85ee9cebc4f9bd9b72baf9eea4e99db9178000e6
platform/tests/admin-billing.test.js,Administrative/internal,11341,512312e07d258bc074a1c8a103580e0b844122e1666c44a8e129a0adb2b5e595
platform/tests/admin-platform.test.js,Administrative/internal,12825,d76229af6b8ca5497c5e96668fc57d0c145a02e080914443c6ec5d885b2eeb51
platform/tests/api.test.js,Administrative/internal,9351,96b050bf93cf160b8b84ead51eaf63f99db8c881c862da7f89aff6d7b8dc7a21
platform/tests/auth-recovery.test.js,Administrative/internal,8689,f1b4a0da1f18c69688c2dcb72a0ce9693f3fce2a389fd5543a182e888d096444
platform/tests/aws-sigv4.test.js,Administrative/internal,12968,fd6e963a5449d094ed479c1ddaef69e271bdd9ab82b75ceeee58f1584deac462
platform/tests/commerce.test.js,Administrative/internal,5160,442af560a95befa89900c7b28091feb23e5db26ed62211e0c2912f8f88b5bab0
platform/tests/content.test.js,Administrative/internal,9047,d720d7bf1b78fdcb6612ca6a8783faa9c6c93063abff47a484e400e183c95872
platform/tests/control-panels.test.js,Administrative/internal,10013,f40d052787bea0a0ef0bf6b29cd2e28d6e0c11f1a0e5355d7dc647185aac12d7
platform/tests/crypto.test.js,Administrative/internal,4244,04b2f5f9bf6da0e21d5bbecbdf5a67e7a992a7b850e35cb7c6961fbab8cfa68e
platform/tests/customer-domains.test.js,Administrative/internal,5807,c6e8f97feb29b9399d713269eb408f05fb0d762ba014e5cf82ef01d860e1d324
platform/tests/deployments.test.js,Administrative/internal,6543,47776b5482d2581ce6ffdedf2c3619c0487dc2129bbdc71a06d427383003b28a
platform/tests/domains.test.js,Administrative/internal,16939,fb5391f3ba3f756a36367a6bd4f543b90009effb07e2304f7916bcb1234bd759
platform/tests/fixtures/generate-qr-fixtures.py,Administrative/internal,10811,385e3c274399ddf734fcca376c35b2c669c4fc0022ebeac45b45b8c49bebbb97
platform/tests/fixtures/qr-reference.json,Administrative/internal,239072,a905b104c6c4f5d4d21c372eb2c73ccf9e8ff6adae9717915a8137ab0309ac92
platform/tests/gateways.test.js,Administrative/internal,33857,42c9b5b163022c43f4b0bc07bba4b0032869ae52ffcc04090ad12874c16c36bc
platform/tests/helpers.js,Administrative/internal,3301,7417b980ab7281a12ee13eeb8c6a6c0ae1d44b597fe9074cccdfe03a55db15bb
platform/tests/infrastructure-catalog.test.js,Administrative/internal,17452,9a05b5e15b94e92416d024ba5105dcba1a98edbaeac6d428f3ca993b25face6b
platform/tests/infrastructure-ops.test.js,Administrative/internal,18297,8bfe070ddc9c9765a7c25327197a9e4dceeb20fe35380223b5da0f2a5c160a16
platform/tests/infrastructure-provider-egress.test.js,Administrative/internal,16866,f2aa2bf4c1078f716b3efb761177f72e1895335059aaa57db4c980083a7d801b
platform/tests/legacy-prefix.test.js,Administrative/internal,6425,9d8db8a279e0d87f43b890ad4355e2cb081e85bf542aacb078c82455a6b2e677
platform/tests/manifests.test.js,Administrative/internal,13621,9f3dad0f4a068c46c579e7b90c3b369edce61368aca4fe3fbdfbb8bc2e97dd71
platform/tests/marketplace-admin.test.js,Administrative/internal,6446,030b792fd26f454e59d62a0501d9c31184a62b8769aaa653f36f897147b27488
platform/tests/mrz-tools.test.js,Administrative/internal,15584,7742d89b3d43596ac4657b35461ef3d2bbe5f1f442da92c475010782a241de31
platform/tests/os-availability.test.js,Administrative/internal,12390,80f3273db4fd2891f4e75ff71bcd7dc7b0b85e95f6d64d328d390472795f754f
platform/tests/payments.test.js,Administrative/internal,5110,b4491e4c031f63e4b1a554e36addf977b1833b9307a78ea28b69657fde05e3e7
platform/tests/pg-store.test.js,Administrative/internal,2332,dc204c046e79730a1d0abce2c7ccbb4c00e1a694b98655a345060f7e70f56045
platform/tests/provider-adapters.test.js,Administrative/internal,85018,f235c8aa0aff653d0dca815efed53dab5c27aea7ca3c9632501d60fa64f97b1a
platform/tests/provisioning-worker.test.js,Administrative/internal,23104,edf8158bd322e1739f5860c8530aa030bd70688c40741576f4918abba47c3c01
platform/tests/qr.test.js,Administrative/internal,26495,e6a0dd0e4c0e0a6c475bca6c53ebdefd4039e0f7529d74e98b36ec8533156c3e
platform/tests/rehash-passwords.test.js,Administrative/internal,14378,9a89dfd231b50bcb0bbbfca1187ae09c67264aa04936e0d8ffbe85b572fedae4
platform/tests/router.test.js,Administrative/internal,4014,769d39868c7d4697177dabaf3324a092d365913ece4f5257f4397558ae8a2010
platform/tests/servers-provider-actions.test.js,Administrative/internal,14276,bad3d95c2cc4e2d65f0bd6364d118b0b5c3a39df6575e005b071f0a23b50b175
platform/tests/servers.test.js,Administrative/internal,8183,94e57f81bde247aeaaf5a305f68d21eaa65fc0532659edd5da5d70def2c22e03
platform/tests/site-footer-links.test.js,Administrative/internal,5247,6fbb808846df5388ecc18db98c57feef7e52db36ac0c0d1d9bc9798385d16f2d
platform/tests/site.test.js,Administrative/internal,9468,6e09ae6630d078782bf7c9a15d6c124daf6fd45146e31f75a453777a943bdb31
platform/tests/small-modules.test.js,Administrative/internal,10388,732d361626101d31dc8c7072c95832c92d3cee9d96acef3467bf8d623935aa35
platform/tests/spa-admin.test.js,Administrative/internal,20433,643074f3596baae69447735e7ece3f55187b40fc15614e40c265a3b243edef68
platform/tests/spa-commerce.test.js,Administrative/internal,16053,bebc3ee6689a52dc367074dbaaf268da0f44555b7349a2ae4156bb20df3aa20c
platform/tests/spa-format.test.js,Administrative/internal,3843,03200bb76305303711078b8c6d383b2ca94a78c0c323bb624bdc954409cd5af7
platform/tests/ssl.test.js,Administrative/internal,7160,5e5fa4005f3fd96aeb5c072a9dda56464312f76bba58efaa5348061a4604636b
platform/tests/store.test.js,Administrative/internal,4120,84e3792cf0a0fa57c3c6dffafa151facc77e2f574a54dfe8da0b26c691ee0959
platform/tests/validate.test.js,Administrative/internal,2627,428eb409cc897ecd82626c800faf5da1a16b8ea5ec3bcde1027505ab3cdd4803
platform/tests/webauthn-browser.test.js,Administrative/internal,15276,36bea4fd14b0a6b749d4ee577d57c8049466fc8fe64f7403457425ab346e4a29
platform/tests/webauthn.test.js,Administrative/internal,41863,83e6e22183e2f8c586912afb5ff4b0a18d508bebd4ebf48803105909c2dca761
platform/tests/webhooks.test.js,Administrative/internal,7789,a93cdbdea2ecf6996c05098e99a81b674fc7c6752286e3b123749f39978f5f8e
plesk-hosting.php,Hosting,818,ef07d148a556f058812bc6bc3a724629041bd08fe116c32bfde1cd4e1f3e49de
privacy-policy.php,Legal,624,54ea11b37f4cf1ca187e288b42900195e193900136a798b3a14b985dcd40b1d1
recovery/5c-fix-concurrent-manual-confirm.patch,Administrative/internal,4282,331529a21729c7853f182444f254435f387803c92b057cca1b57c3d67d6752ea
recovery/README.md,Administrative/internal,9149,11328962f6299d7825be877dbbb88b46e60cc96fe27bee1e8cea17a9a148330e
recovery/check-production-state.sh,Administrative/internal,1665,bf816269e3a0c81d037844d1d360d351130785676c2dd05f02a6ece7fd8e9608
recovery/check-production-state.sql,Administrative/internal,5124,a25ce75b84b9ba88538f2e93f05606f17c5d1b44c8625ae324773cdf249c23fe
recovery/option-b-disable-payment-routes.patch,Checkout,2280,62c65bf5af4662b14b3a0e21153c6babf6a5a4f0c2a16ce244656ef542778408
refund-and-cancellation-policy.php,Legal,487,a122ba15d306da6b3d294f0dbcf45d81150c8c14ac0a6ca3ba4a15e4a12943fe
refund-policy.php,Legal,8667,e9b0f7df21bdaad34bf6e949ff40c00b5f598c445c332adc6eb41a2858f1ddcd
scripts/audit-legacy-branding-in-database.sql,Administrative/internal,12351,00feb23f2652e14a2d38601b64ced3aee003216d7f8eb90d67ea28b2f740f215
scripts/branding-audit.py,Administrative/internal,15325,9c68d1837b88ccf36daf7e0bcbdb38687cdcab17b473d4b65494c18e7c47eb85
scripts/compare-financial-evidence.py,Administrative/internal,1978,f4909fd94a15247ab614f7184066dd70641e58b5ad06f7905afe4139dbeccbbd
scripts/generate-staging-report.py,Administrative/internal,2823,c3662af4fa7d5bd7cf16734bc227bd8b7b6843bc80ed83efc0e2c9debf16ec03
scripts/lib/staging-common.php,Administrative/internal,2362,b89493ebf47ab50964e04ffbe89d311878b49ab7547def7918fbc70857e0c981
scripts/migrate-legacy-names-to-cloudhost247.sql,Administrative/internal,15033,af2de47228fe30cac9c1325730a8f3843761ff94fac372c10a08459d725687f3
scripts/php-cleanup-pass.cjs,Administrative/internal,3794,f05dc483f58bb60aa5030f1dc2afceca3d0c252657fc3928dffc4b5d1112e811
scripts/php-lint-targets.sh,Administrative/internal,2829,ec0b682249d9f093afcededcd1393e9752b72f1a1b4e8674ed454df837db8c15
scripts/php-syntax-check.cjs,Administrative/internal,4238,ef71dc3692fa8c9f52c910c050929b7211eaa5178144bbadc8d08727d59e96bb
scripts/php-wasm/README.md,Administrative/internal,3307,018996f56f76a1e8922129c8107abd7b9c5660ed2eccc62e7ff295fd9a7fdeca
scripts/php-wasm/package-lock.json,Administrative/internal,14624,d82a9fd250bd781ef09ffe4c15fd29992b144024dc1ad8f32b8d8082fd140e8c
scripts/php-wasm/package.json,Administrative/internal,293,54a506dd7040b4134515bd28594da8997540d9f1c5496e1401c50393fad9d4af
scripts/php-wasm/php,Administrative/internal,2913,1741222866c5529aa4b4eaaa83f831f209737a7d88ee996de48118d0fd4c52ec
scripts/php-wasm/shim.mjs,Administrative/internal,3047,0c13214a8a4704e63a7f875d1812e0428582c7d17a7870254163671b1eb621c9
scripts/regen-php-pages.cjs,Administrative/internal,30476,22cec79f456c918ca6e2fc68dbb162aab4b50dac44c15d9ffd223a3c9b142e0b
scripts/release-candidate-check.sh,Administrative/internal,5851,6f6dd8046ad81c52136e6086aea3f03d6bbd23e6583eae654e45843153d19f80
scripts/staging-backup-verify.php,Administrative/internal,2010,2b4a4fcf4f3fa546c83f23f30560877d3e2cc3d590e0389321d8408230b4b338
scripts/staging-baseline-evidence.php,Administrative/internal,3738,368d29b650c1ffd57198449de04dadbf6a1ec768f90ac92d2922dcea16115192
scripts/staging-financial-snapshot.php,Administrative/internal,2421,c8ce5e841f2f598aa5fa021d3c05017cecf8f7462c6792fa969218010f4bd74f
scripts/staging-preflight.php,Administrative/internal,5191,54b62ffc396a3d2f0dab094ccbc953b85eddfb956acee0c267206e2d2ce7841e
scripts/validate-migrations.py,Administrative/internal,3136,bb181daced256f2204f01f1aa31dbcb6d3b6e5a3323b46d98568e3bb15299dd8
server-agent/README.md,Administrative/internal,4995,f1fc92955418aadeba34b83791f4105fc89a1376694618331c514eef4ed11e1b
server-agent/install.sh,Administrative/internal,3189,ffcdcaa9fce47738a1b2f89e9ed79d868ed7c4bfff47cbb092a10b2cd1d2d9b1
server-agent/package.json,Administrative/internal,625,e5af95e8c06da36826ae3ab6ef2243acfd9e7648267bd69077a5c51d199aae39
server-agent/src/attestation.js,Administrative/internal,3341,3a8ceae7a3b98a7cb95bd589d50799e50c091318f4d2f8cf1db913b66b4f381b
server-agent/src/auth.js,Authentication,4248,a54750bbf8d66256fa5992ab0680c633f900ec10853c640053a2a47bc30af98e
server-agent/src/backups.js,Server Management,14355,9af4bed42981d87f6e93acef1296842e5df5d2b862abd8fa69dcaaf51579bde0
server-agent/src/config.js,Administrative/internal,1999,9475ae7c1a92e5aa758e950827712c59d739bc20cca1efafae76d6ec2a75dde3
server-agent/src/docker.js,Applications,8661,af2a6e57426995bc289fc316e1c4b267c5edb0658b50630e92fd7acd02bddf1a
server-agent/src/server.js,Administrative/internal,8330,11457e29288834e6ec24474077e1c4f74b9eba2c3e0f479cd5016d5cc49b91e1
server-agent/tests/attestation.test.js,Administrative/internal,5761,74d6658f7fbb0675afea083d8575a14c73df6e6aa1cb6018a064730997eb1516
server-agent/tests/auth.test.js,Administrative/internal,13535,ece690ae807ee894e9fecdf318dad1ff64fdaf0b6ab9e012364b324373b992e0
server-agent/tests/docker-backups.test.js,Administrative/internal,30498,357f1f4b99ed931aecd397390e268b98d49fb2a4edf2860d54ca21b493f62e1d
ssl-certificate.php,Administrative/internal,828,000c931e837a4573d6774a954f47cd63dd145c606cae158c75777626a874d06d
tables.php,Administrative/internal,790,a0dc1fa482fa0b50e5c95062a23bc83d77d5a5b61e8a0fea97b8abc13c1a65a9
templates/cloudhost247/cloudhost247-builder-page.tpl,Administrative/internal,1928,98587a184289618aa4395ae9cc28a13e32a6062c1bb5d987b517e2b66610a3d2
templates/cloudhost247/cloudhost247-email-hosting.tpl,Email,19282,32cd683b2b3bf30300bde201245f5e5952230c3681c1dca46a678a94ba02f11e
templates/cloudhost247/cloudhost247-page.tpl,Administrative/internal,1136,a4890d37bb8a2df0dacb04962af4260e4d688731659c494c0ee96288c8931fb4
templates/cloudhost247/cloudhost247-product-catalog.tpl,Administrative/internal,1930,c91885ed935a6ca6e6378eee71a2e97e322d24127e9c60012d4c9c0704f357fc
templates/cloudhost247/css/announcementbar.css,Marketing,5532,95fbba06888b8446127b7a173865951227d661f716c59217fe3ad81b2228c7fd
templates/cloudhost247/css/custom.css,Administrative/internal,6850,8e05a01b24c7503a82356daec98df96c1578d7c3f08b55f34749cd8f615e34bc
templates/cloudhost247/css/email-hosting.css,Email,11735,fda376877e6fe0c153133a16f60a821cb4f83dd41c03024455741b3f6313457a
templates/cloudhost247/domainbrokerageterms.tpl,Legal,1546,54b52e43dcf3fabe9e989bcd0aab81aaca2bdbfd521b583581125dde22807916
templates/cloudhost247/homepage.tpl,Marketing,6195,7f92716fff4f6f220f0276bb56316d08a9032d67f6b42d15f03cf71426d75bd4
templates/cloudhost247/images/brand/favicon.svg,Administrative/internal,373,cb65ed64723522641eac00fde2a16883c05d3748b9ab3bcb3219fc2759b9d489
templates/cloudhost247/images/brand/icon.svg,Administrative/internal,517,24a9c986a6c95cd13a3bb79b2d70836fdbbdfa27506319484dbd7f4da6d049f9
templates/cloudhost247/images/brand/logo-compact.svg,Administrative/internal,655,f3ca287aa287b5bdc845c7fc3aef89261a6a9ca1de1a75fe4e2bf2c42b6ae3ca
templates/cloudhost247/images/brand/logo-dark.svg,Administrative/internal,585,94b706f4e4e8e95be9a8e353446e7fd4eae93c316cc16233c5a812cb8d446cde
templates/cloudhost247/images/brand/logo-white.svg,Administrative/internal,579,f9212d3d1a5fecf564416ef268409b94ef381528b8ed964258333489d5109b10
templates/cloudhost247/images/brand/logo.svg,Administrative/internal,658,20d907282489194bf32922f8b5f4e55eaa2ae0c1992f21d37ee6075c81e08eda
templates/cloudhost247/images/brand/og.svg,Administrative/internal,1759,9e0f0fa23b6735a50e3a4f3c13b03ee5a0eb13c00061ca25b555725054045b06
templates/cloudhost247/images/hero/hero-applications.webp,Applications,43418,ff4393e795ed37497ed2ec0c5a14de9f2d10b077a853c5c1b9135daabc185005
templates/cloudhost247/images/hero/hero-cloud-network.webp,Cloud,78140,849f2c62df9aa8a4abdc772faf57ebc1b891e6c17b30f069ff684fc3b2e956db
templates/cloudhost247/images/hero/hero-deployment.webp,Deployment/PaaS,38332,8da35f15e2c94f66e4e92dd0a79a93c4a89220bf9a9868d4e3c52632b1da9c85
templates/cloudhost247/images/hero/hero-infrastructure.webp,Cloud,128226,381bb5aacc478b94f1116246811fb09db3adde6a13afe3bec6850357a3cbdf1b
templates/cloudhost247/images/icons/icons.svg,Administrative/internal,6969,dc83f54da6eff950036d0a1106b02ba28c5c6aaa86ebabd999eaab4f02503405
templates/cloudhost247/includes/announcementbar-config.tpl,Marketing,2493,d56aa83eb863b9a5f0d24c34d5dbe9eb3a63cb350d1b23246a565b3457511ed5
templates/cloudhost247/includes/announcementbar-header-integration.tpl,Marketing,3937,bc8d72c9710a192f81148bd122fcf92b5f6a254479745003672c3640969e1ba3
templates/cloudhost247/includes/announcementbar.tpl,Marketing,11475,2b23179e2c52388d6cc46c6265d85c59d106f837446e5e3865af3ea53955bbc0
templates/cloudhost247/theme.yaml,Administrative/internal,212,cfec731b4a694d7829e7698f786178fc726acc8375888a27b0cf59aa85e68a1e
templates/cloudhost247_legacy/3dsecure.tpl,Administrative/internal,529,0f9eb0348e1960d5967cdcdad0cede2cf668a0becb1ba6d28598e25e6f17cda3
templates/cloudhost247_legacy/README.md,Administrative/internal,73,18b1868516828f27b8e9d1cec35a132c4c37d29e1e3c4dc5aa69d386a0a05f62
templates/cloudhost247_legacy/aboutus.tpl,Marketing,15681,5f84b0611ade550de7fc2bcccc012e90b3823bf472da14f8c49414d017c740f4
templates/cloudhost247_legacy/acceptableusepolicy.tpl,Legal,5058,aefd718dc28d544de8924f5fb7f66a7dee8eee74dbaa21043b2e60b34ef42ff2
templates/cloudhost247_legacy/access-denied.tpl,Administrative/internal,1048,cbbed70e33f2da47f2f4bd587a96f375944751658c30075b83122797ce566a28
templates/cloudhost247_legacy/account-contacts-manage.tpl,Client Area,6896,0a76be09907076dd3892aaabd8b613c094d158bd7c2f14faff419da93d3d6d25
templates/cloudhost247_legacy/account-contacts-new.tpl,Client Area,5440,9d011941637c66028fdae0d724a15317b7ac6d9ee10625bbfee0fc7806d3b28f
templates/cloudhost247_legacy/account-paymentmethods-billing-contacts.tpl,Checkout,2241,997dd39b5e793d2ee0a2ab9da4e45036e8b87e2d74d90318ceda1fbbc5911d53
templates/cloudhost247_legacy/account-paymentmethods-manage.tpl,Checkout,27229,995bfc3d27d1e9d5f357db435642d46daef8d7377c6b47bf79a50c3d47e00a40
templates/cloudhost247_legacy/account-paymentmethods.tpl,Checkout,5434,ef07a53235c55f18027f13dec7c70df3eed42e731626167ce277b300e8b36919
templates/cloudhost247_legacy/account-user-management.tpl,Client Area,8395,a50d9982a9b0362bb9ffb613723750febfab7dff9b70358b4e0795fc398716d6
templates/cloudhost247_legacy/account-user-permissions.tpl,Client Area,905,4f9aecdfebbf97aaa99a36345a716a23064b37cecb4b0c5adcffc14d950c7321
templates/cloudhost247_legacy/affiliates.tpl,Business,4433,8424a20a11108a822d13816a89ad622920a08dcc888c3c8319fdd032edf57b0f
templates/cloudhost247_legacy/affiliatessignup.tpl,Business,813,e5ed645b5dfc04821fe7ebc6cdd93cd9f552d993b84bf5b48ab40fa29312bac2
templates/cloudhost247_legacy/all-element-cloudhost247.tpl,Administrative/internal,104887,9a6011db5609d9f349dd3c7cbf85c24897782c7c575f055b6ab35647ce680eb8
templates/cloudhost247_legacy/announcements.tpl,Marketing,2893,f3ee0c49e149731696a0740a2683c16ab1267adf8673fe492cf4d95d23097487
templates/cloudhost247_legacy/backuppolicy.tpl,Legal,3930,60d1880edf90edeebb0d311d093c3933be0531d511e347891d51d11ea41006ef
templates/cloudhost247_legacy/banned.tpl,Administrative/internal,287,3a44911d9d8193b8d07c43a718c9a7db21207df2a57e7fcd75a1e767cbae720d
templates/cloudhost247_legacy/banners/banner.jpg,Administrative/internal,69966,13f3a2fedd46cf8dd34509e485d9d86b03ca4c94d839b8b10c604da29521d157
templates/cloudhost247_legacy/banners/banner_1.jpg,Administrative/internal,292685,8f5657ffd775d38749d02016dfcea23534076b7e84c9b4a32ec14912c39c37c0
templates/cloudhost247_legacy/banners/banner_2.jpg,Administrative/internal,410202,cfe7d1ab09ac54f0a6b388b2458a8201168d81a83a452ef677d0d784c71b32fb
templates/cloudhost247_legacy/banners/banner_3.jpg,Administrative/internal,140593,2ce015143e266802dd2d5d74ec83127c81e07235951807289015bbf1c8062073
templates/cloudhost247_legacy/banners/banner_4.jpg,Administrative/internal,148336,cb5d23484bcc204e44bfa079426ca4768346c1e15be0f0ef8b047ee3f24df1c1
templates/cloudhost247_legacy/banners/banner_5.jpg,Administrative/internal,173458,b077400631cc0047c2050620bed594b2e3d92290bfa62013882c84f9302289a1
templates/cloudhost247_legacy/banners/banner_6.jpg,Administrative/internal,463436,192169045b8917c74982287b695ae100842e91679e0c90fb5c18bff14fea6e36
templates/cloudhost247_legacy/banners/c_panel_banner.png,Administrative/internal,236755,99ceea43aa113621174511e29de46face2161482b9c2ceb557a778a73f36f821
templates/cloudhost247_legacy/banners/c_panel_banner.webp,Administrative/internal,41318,01a145849ab233be01ec5b5871cc0f65a53c3daaa765445f34c1fa026d116ed1
templates/cloudhost247_legacy/banners/dedicated.png,Dedicated,282318,e1f8605d6021b85b91669058d441c687002e0782b048984c3497d23264af984c
templates/cloudhost247_legacy/banners/dedicated.webp,Dedicated,64572,6b03b5d302d18f4117624aea8b8c1abc5f3785ae6e27278015ab6851807ee1f0
templates/cloudhost247_legacy/banners/default-image.png,Administrative/internal,15922,c0eb6f47f231cfe7aa0275e111943f45785da16db965078d854a9a8196867007
templates/cloudhost247_legacy/banners/enterprise-servers-cloudhost247.png,Dedicated,220510,50285298bf893d0465ba5e5082a9612cbfade0c6c66cb0c6b9d9aa91c4b1e7df
templates/cloudhost247_legacy/banners/enterprise-servers-cloudhost247.webp,Dedicated,25870,07d49a12d1af31a4e3d28c54c07be066fc82825855ed54dacd6e739382c0535f
templates/cloudhost247_legacy/banners/game-servers-cloudhost247.png,Dedicated,204010,fb134c721174d9ab6135443ace2d0a283eba82a312c271d3287e78620108cd0a
templates/cloudhost247_legacy/banners/game-servers-cloudhost247.webp,Dedicated,28350,8e6b882b7221d7d0a3049567721c5ba8c9a3d2aedab0c696eea4d0826ffbb4e5
templates/cloudhost247_legacy/banners/hosting-servers-cloudhost247.png,Hosting,286954,c641244e2b61c22712797f8a83a8f6ff2b5ce5904224e7a03393757cffe7cf85
templates/cloudhost247_legacy/banners/hosting-servers-cloudhost247.webp,Hosting,25730,4781840265b4cde54b9984fd148a2f9116778c1baab757215e310267b33aa6ca
templates/cloudhost247_legacy/banners/index.php,Administrative/internal,46,598ddbeae83886c015468daad0a7653e3f7f525f41e0f25522356d7b30e5c9f5
templates/cloudhost247_legacy/banners/plesk-banner.png,Hosting,269038,78c103af533851adc72876301588d465a19a505c7096428b9fbb7f242d85a78e
templates/cloudhost247_legacy/banners/plesk-banner.webp,Hosting,396539,3d7e3cfaeac22f84a483d27a4c4c8754353cc48591c3d2edcc3bbf6a8d343273
templates/cloudhost247_legacy/banners/ssl-certificates-banner.png,Administrative/internal,196004,1c5c61794f97eed71d879326e4d5016b5c71e4d852b3f223c4b7a10742985280
templates/cloudhost247_legacy/banners/ssl-certificates-banner.webp,Administrative/internal,40604,156c4b9d7462eab7367de16b2955a5675d588f7ac9243d291ea74fda85aefad3
templates/cloudhost247_legacy/banners/vps-private-cloud_banner.png,VPS,185546,91ed530d09f5513cc615507da011d10d5567b653c055658f69c87bfda2faa41b
templates/cloudhost247_legacy/banners/vps-private-cloud_banner.webp,VPS,38066,e6100d32b6dcbf61cf5048dd158e781c876a700abb5b50475fd06d05476acdff
templates/cloudhost247_legacy/banners/vps-public-cloud_banner.png,VPS,200795,b467c5cd5713b8b928d1f243c826324103b74f46c4288af0d46241b58dcbef37
templates/cloudhost247_legacy/banners/vps-public-cloud_banner.webp,VPS,27742,7d6392c9cd03c715f111b7bdcdc432debe24c8f1e3ea55c93775e822dc81e30b
templates/cloudhost247_legacy/banners/vps_ssd_banner.png,VPS,225322,67a4d2dfcd56eeafebeac8a494b22510fecdf7bafb8eb49a21b1eddc14251622
templates/cloudhost247_legacy/banners/vps_ssd_banner.webp,VPS,45964,1e14590cbcf79921c1f88574c8df6f6e9c144ade2250c270a6cd2f2ae413aae7
templates/cloudhost247_legacy/banners/web-design-new.png,Administrative/internal,69485,71f4f91874524272f43c167d441db4257a60455cd16639dee0471bc61aa2ed08
templates/cloudhost247_legacy/banners/web-design-new.webp,Administrative/internal,17182,a251ae08cb804370054e7402944d071699ccd375151d79c5cc11797913e38519
templates/cloudhost247_legacy/banners/web-hosting.webp,Hosting,12792,c13664a465f3e2865aa2d9553c95c8608243fe2ccfd5f91f3417abab7e106e2a
templates/cloudhost247_legacy/banners/window-hosting.png,Hosting,153131,ad603b67eda42c44ff20ef7802992d1a0e68083bf1c73dfbb5edb320e3a5b740
templates/cloudhost247_legacy/banners/window-hosting.webp,Hosting,23042,f0ac698e67b1cd6cb3785d95f479efd385282b8cfbd1972e821ac22873bf4b8b
templates/cloudhost247_legacy/banners/wordpress-hosting-banner.png,Applications,286187,03d168439bfd1b6e6285cc8622c865b64791a17f35dd6e87488c1a51f0737d00
templates/cloudhost247_legacy/banners/wordpress-hosting-banner.webp,Applications,65916,653bfe4a96bac675ad0681587ce1b94f7b0d0f5a3c9096b22e62ab4d2271e4e6
templates/cloudhost247_legacy/blog.tpl,Marketing,1309,1adba6aaa9033463527dd3a45252e9a85b54c754d68cd4f9e68d8fd31061a6e6
templates/cloudhost247_legacy/bulkdomainmanagement.tpl,Domains,9405,bbbdc14258573f290804c2ec0c4b9ae2e643f548a8c74d4ac8d777267ebe7792
templates/cloudhost247_legacy/caticons/Codeguard.png,Administrative/internal,6651,a6cdbe9ba85a799e3a51836821ecf7651305b3a98290c5bf2ef4ae33063cffcd
templates/cloudhost247_legacy/caticons/Soyoustart.png,Administrative/internal,1364,938b2d3735c686b40eab60e945a1916dd31cfd141a3a68ca8f7bb61585c074c7
templates/cloudhost247_legacy/caticons/cpanelhosting.png,Hosting,1442,ee8338b9842f243a4692e90a4b6f7d0525b14084e9f7e1e4229050db950adfe5
templates/cloudhost247_legacy/caticons/dedicated-server.png,Dedicated,2816,6d8817725466de68f5386e8b16d82b29b860cd0c4e7fcf5359d87e2d8198873d
templates/cloudhost247_legacy/caticons/default_icon.jpg,Administrative/internal,6356,204375239712509038c262eb72ee6038daf85f194533c7bcbc6c83103cada6c8
templates/cloudhost247_legacy/caticons/diy-icon.png,Administrative/internal,2672,fe39914f63cfdee474ced750c684ed8f368df95b6e2450dd7d37c7b2fadfc394
templates/cloudhost247_legacy/caticons/email-security.png,Email,2548,f7776bfe2b4525123cd92e94cb4843364da835e5e8a005f6e29334f54618ff05
templates/cloudhost247_legacy/caticons/hx_blueicon1.svg,Administrative/internal,2452,eef07ae19330a4d89db2e89f8278d5093f8a5d48e65d77aa11ea15ebd9fe098d
templates/cloudhost247_legacy/caticons/hx_blueicon2.svg,Administrative/internal,1769,236cc6e30f6916a84c2d5580669ba9402cb606bc31f796259921bd3d84c693c0
templates/cloudhost247_legacy/caticons/hx_blueicon3.svg,Administrative/internal,1403,b4d4d012270441300cd1490f6ae20ec94e341283a52d76616eaaf2e17eaeb4e4
templates/cloudhost247_legacy/caticons/hx_blueicon4.svg,Administrative/internal,2469,c69f6eb7356206d2e193fa057e566b5363f7327b9a1d02183c2372fc370448d1
templates/cloudhost247_legacy/caticons/hx_blueicon5.svg,Administrative/internal,1611,650ea2738d7975564a12cc773ea482ba0b727a38ca3f6063eed463ec2653fa37
templates/cloudhost247_legacy/caticons/hx_blueicon6.svg,Administrative/internal,1332,377644e5df743d3d556634ea7b155a28baf3f97838d5e67cd15924d6516aa4a5
templates/cloudhost247_legacy/caticons/hx_icon1.svg,Administrative/internal,2471,87c64faebdec0c13d393a2f91d5ef54666dbda988f82e568699af0b91da7403b
templates/cloudhost247_legacy/caticons/hx_icon2.svg,Administrative/internal,1321,d54883135c884d7d38fc0d740ff24eaadcf58122809d107e2812af47739ff221
templates/cloudhost247_legacy/caticons/hx_icon3.svg,Administrative/internal,1113,b76b5164b0504cdb8f6b2d4cab61dcd308ce754b2c67d833974ce66c1fa9cb01
templates/cloudhost247_legacy/caticons/hx_icon4.svg,Administrative/internal,2073,5917108b70c763a3b6e3edb453dba723e29444b6c3460486bc5e57dc6ef0973e
templates/cloudhost247_legacy/caticons/hx_icon5.svg,Administrative/internal,1163,300e1d83a426f69e9aad1497df23a4a0125fef204faad8d67dae334c2fded637
templates/cloudhost247_legacy/caticons/hx_icon6.svg,Administrative/internal,918,356d4ceaa026a83fad9c36ffa846de1602b140b8f68e3519b9679ab39b5cd390
templates/cloudhost247_legacy/caticons/index.php,Administrative/internal,45,48565671a71c7e5ea72f780f3e09fbdcc60d5fac8610851a5335a1616219e543
templates/cloudhost247_legacy/caticons/joomla.png,Administrative/internal,3229,5b57a4b87aeaf7225cd5bda561f123c0e7d20ac7a4811a86deee10a06fdc74f9
templates/cloudhost247_legacy/caticons/multi-site-group.png,Administrative/internal,779,0be1320df2e5a1bbe90d311ac7076a13b669b37031665bf56886d9f3d1bee8b5
templates/cloudhost247_legacy/caticons/plesk_hosting.png,Hosting,2891,9e49721fd6de752a7c77d925db2d4f6d2e575d8030f3e7bdbf6be7bed1392825
templates/cloudhost247_legacy/caticons/pleskhosting.png,Hosting,1625,c329328b573ef1ea05473962f7d73f31e338fe7aed08bc9e1755c3fad3687a06
templates/cloudhost247_legacy/caticons/postfix-server.png,Administrative/internal,1248,ef1dda6a946286ddb5c2a00f9607fc110b78435a25f0add65a374c3531c7f91b
templates/cloudhost247_legacy/caticons/product-01.png,Administrative/internal,2256,7c8a33f673ed9d7fa06a4b9e5e2882ed47a675e3a3b284ce2f09224b51d66a5a
templates/cloudhost247_legacy/caticons/share-server.png,Administrative/internal,2902,275b5810ce9b6b94f6c636dbfcb83db6331410ebb4dd4157a69ebf84bcf12351
templates/cloudhost247_legacy/caticons/share_hosting.png,Hosting,2349,b217f2d8338c5a0b0ae3c33e9a33f39bc2648067b8f34741610c3cf5b81914cb
templates/cloudhost247_legacy/caticons/sharedhosting.png,Hosting,2256,7c8a33f673ed9d7fa06a4b9e5e2882ed47a675e3a3b284ce2f09224b51d66a5a
templates/cloudhost247_legacy/caticons/sites_build.png,Administrative/internal,3123,289ad5996bd0beef1fc21c64d1b86a7ffe886669649fe24e8e72acfc747a96eb
templates/cloudhost247_legacy/caticons/ssl_certificate.png,Administrative/internal,2728,2d4066bb7a3d88abacf52a70e64d6ce8cfec6cc41136e870fd4a59da52841aa2
templates/cloudhost247_legacy/caticons/vpn.png,Administrative/internal,1515,eee9c884cf07ede622f5358bddd8d7c300563b8a6b1bd2a180427088e7928f93
templates/cloudhost247_legacy/caticons/vps_server.png,VPS,2172,7aacbfb9f92701ae83dbf98462ac916b1f6334f6657f7f59ef8e4068f1056bae
templates/cloudhost247_legacy/caticons/website_builder.png,Administrative/internal,2202,7100cbe795958b1327d1a6751b856358b3965b14469cdebd11d2cef4cd4c0b37
templates/cloudhost247_legacy/caticons/website_hosting.png,Hosting,1961,e4030ae80bb54a2dd5871d7b76bfe03c20aa9ecaf568849824a21b44da2bc926
templates/cloudhost247_legacy/caticons/website_security.png,Administrative/internal,1799,74f04ff3415d8a8192db0fc9580f85ea3e040966aff7b4533be675240490412b
templates/cloudhost247_legacy/caticons/window.png,Administrative/internal,1765,8a016fbee928931290a1625b58e435c3e5979a1ac9bf1842871cebb1ba82175b
templates/cloudhost247_legacy/caticons/wordpress-hosting.png,Applications,1724,cd9318ea9f8e5ac563e6569e6585959ef6552c31af346fe57b9e03375111655c
templates/cloudhost247_legacy/clientareaaddcontact.tpl,Client Area,9603,971b92addc86fdcfbe9c5cce3ac7b48fb77092149fd0c1d5405be7ca89b831a8
templates/cloudhost247_legacy/clientareaaddfunds.tpl,Client Area,2965,49f76644d0f96d97fd0c255268f758e610a17f8ee1f0d1848cf67566920ca3fe
templates/cloudhost247_legacy/clientareacancelrequest.tpl,Client Area,3197,9bf48bdb935c44815d841173e8322c8fde166404106d8c22c71d4da5b7fbb309
templates/cloudhost247_legacy/clientareachangepw.tpl,Client Area,2242,6fb3e73d58c65e4c4fa9e32c7b5b69ca81b53d89ab909c5e71a6b5dd97ba7b20
templates/cloudhost247_legacy/clientareacontacts.tpl,Client Area,11212,586951da809a8ac2ee18b3a4eed99b79bb825b64a00c2f0fecb9be91108b1e39
templates/cloudhost247_legacy/clientareacreditcard.tpl,Client Area,0,e3b0c44298fc1c149afbf4c8996fb92427ae41e4649b934ca495991b7852b855
templates/cloudhost247_legacy/clientareadetails.tpl,Client Area,7969,f5869412001d15f00d9df2ceddc70c590cf3ac99e444288ec90e56b72d265fd7
templates/cloudhost247_legacy/clientareadomainaddons.tpl,Client Area,3462,6236313b385ece3b44333554ac70809225c99f19d10a438c6dfcaf57b024c28b
templates/cloudhost247_legacy/clientareadomaincontactinfo.tpl,Client Area,6917,ecb29a1c24c7de0ad9a98b41815e9bb81e7168edb5b909a89730e413daadd47a
templates/cloudhost247_legacy/clientareadomaindetails.tpl,Client Area,17573,80976b39c66ea835e54f115d8b95c450997ec60abc2326eb9a07a63d09bfd2ce
templates/cloudhost247_legacy/clientareadomaindns.tpl,Client Area,4556,e6862ec231ab768f9d2a33e4ec326208ca27841a6d061fef61e667cc86e5079a
templates/cloudhost247_legacy/clientareadomainemailforwarding.tpl,Client Area,1997,d8e9dbcec4297f8542eacb6339d28dc495a7c2fe09069057738d31beec2df12a
templates/cloudhost247_legacy/clientareadomaingetepp.tpl,Client Area,466,918ce425710de89a2af3b6be934603b903929cb864993131c0b6e997d43baa1e
templates/cloudhost247_legacy/clientareadomainregisterns.tpl,Authentication,3347,0f158c26624abf92f9b8cd278338c4921c8a30fabbdf0299ea2b9afb2a0d850f
templates/cloudhost247_legacy/clientareadomains.tpl,Client Area,8256,0e3f6451004f8e981fc1e4116424a5de6b1b9d9f0dc055d30b67cb576275213c
templates/cloudhost247_legacy/clientareaemails.tpl,Client Area,1636,bab92762140b9ecda1ba438e1a34305216a937f9f759e651e204c447214e60c1
templates/cloudhost247_legacy/clientareahome.tpl,Client Area,14086,1e546fa10c9e85b7e1e9c0a0d23afa60c46a786299f0f9ae7e517b7f34986104
templates/cloudhost247_legacy/clientareainvoices.tpl,Checkout,2458,3a11be576e518b57e926175ad21f6b8509e330a2b9c9fc8a663718f2c0af6579
templates/cloudhost247_legacy/clientareaproductdetails.tpl,Client Area,28698,9d8aa20cf8df22d3dfac8ef714b55d9a65fda2af6eadffb2e469c6d5b92a8e52
templates/cloudhost247_legacy/clientareaproducts.tpl,Client Area,2472,bf524ada60dca4caf32b45c3259840872ba158c32ec20c9c34d4a22271ba0357
templates/cloudhost247_legacy/clientareaproductusagebilling.tpl,Client Area,1534,f6bfa021ea3c316c29829d87c888852a037db80dc6b8e872fb5e1b2b1c3b184c
templates/cloudhost247_legacy/clientareaquotes.tpl,Checkout,2712,7f0619c230c7162c9e3b1d36d72ea47f2b6abd7e8ec06049b40a136762d34738
templates/cloudhost247_legacy/clientareasecurity.tpl,Client Area,1195,8b6a5ffc14f26f77d61f0cf0b9ccc71dc73a8337a29daea822ca87f4173dbcde
templates/cloudhost247_legacy/clientregister.tpl,Authentication,19395,6201d71652407015e801585ca0806f58a68f37e728ebf35266f67726636bdff4
templates/cloudhost247_legacy/cloudhost247_legacy.tpl,Administrative/internal,629,31d83a7a2c2400e1cf393484f951ff7c9fcb2a26ebc46bfd1aca3f3d784ef2a9
templates/cloudhost247_legacy/cloudhost247_legacy_includes/cookie-offers.tpl,Marketing,7549,39e11525d1fc1a2f4c64b3016db4b72f4ebd6da5e97f78d4241fe79884a699c2
templates/cloudhost247_legacy/cloudhost247_legacy_includes/livechatoptions.tpl,Administrative/internal,2444,fe04ea1a63689261e78eef3ec01b5383344d52626747444233f4a12e90cf5a59
templates/cloudhost247_legacy/cloudhost247_legacy_includes/login-register-logout-psw-view.tpl,Authentication,1972,b88cc0b8e6608ee4d4f58b129fbb098f9150413defeb745a0b989baa8304ebc2
templates/cloudhost247_legacy/cloudhost247_legacy_includes/mega-menu-hover-setting.tpl,Administrative/internal,1122,02d221c27369c06bce1cb2eebb84d4a096eb9d084012764a5d81209feb34b130
templates/cloudhost247_legacy/cloudhost247_legacy_includes/mobile-menu.tpl,Administrative/internal,2446,c5d3eecad892640d629ecbfdbe488ae6b50ae9f6091c87a749f873515dfdc63a
templates/cloudhost247_legacy/cloudhost247_legacy_includes/page-css.tpl,Administrative/internal,102,7903cae2bb6e1dd623bb46d833e03fbd337731341fa5c7153020ec219b0dddf3
templates/cloudhost247_legacy/cloudhost247_legacy_includes/second-side-menu-helper.tpl,Support,1384,a12b43258e51e3d4a78abd14e785f48426f9284e8f9c6c92e6e0366062f52ea9
templates/cloudhost247_legacy/cloudhost247_legacy_includes/seo-meta-tags.tpl,Administrative/internal,2125,4c83296d95554bf47f8b9eb10046429b0fea9a4837562afb447383695ba59638
templates/cloudhost247_legacy/cloudhost247_legacy_includes/seo-trackers.tpl,Administrative/internal,2392,a28453527764b08bf6aecd6a042acf95962d22ef9ed42ee1fa45374b65369635
templates/cloudhost247_legacy/cloudhost247_legacy_includes/side-menu-custom.tpl,Administrative/internal,1328,ae38b9fa3a64f25d8b159f16bcf9f178607fbbafd8f9c8fd45b8bc6d1a4afe05
templates/cloudhost247_legacy/cloudhost247_legacy_includes/social-sharing.tpl,Administrative/internal,590,e068bdb2eacd9a44cae4ddea16625ecbf0a326cb24d0f8474426bb285bf0f183
templates/cloudhost247_legacy/cloudhost247_legacy_includes/sticky-header-setting.tpl,Administrative/internal,2500,d4d33b8c593b3c02b99e262e5f0885a2ca58257afd41d54edb16aef23a83c9bc
templates/cloudhost247_legacy/cloudhost247_legacy_includes/top-mega-menu-default.tpl,Administrative/internal,22901,adaec384c8fd0ac190865ec035af04b642afe0d06db421bc2c535901a9e7d1d5
templates/cloudhost247_legacy/cloudhost247_legacy_includes/top-mega-menu-latest.tpl,Administrative/internal,24791,ff8677b55585b369edfcb0d712c5a22802286a59c3c182bacb2e31f7996fd2b0
templates/cloudhost247_legacy/cloudhost247_legacy_includes/top-menu-dropdown.tpl,Administrative/internal,17546,06005fe16076cf267eb6e0379c3a7a8e5cfb4e8f085938c7932c8d8a3f311852
templates/cloudhost247_legacy/cloudhost247_legacy_includes/top-menu-header.tpl,Administrative/internal,3015,b243361dfb87d789e226824accc4fd94fc8238f6dc25a405fe50f74cb1e9ed0d
templates/cloudhost247_legacy/cloudhost247_legacy_includes/top-most-header.tpl,Administrative/internal,15673,3db8288dee8dd793db53616969536d9190fb5a3322d5bb778b4bb7cf0453a1aa
templates/cloudhost247_legacy/comingsoon.tpl,Marketing,310,a1066874f97be0eded0080c35b4748f9f3ad45f3fd6e6ac593ff523867f26061
templates/cloudhost247_legacy/configuressl-complete.tpl,Administrative/internal,4836,42d5d0135fbe9989deb0e6620ac53a59a1717ca9049ffa8afc6ceffed59c8740
templates/cloudhost247_legacy/configuressl-stepone.tpl,Administrative/internal,8081,d4e8a6469ea1ef687ca710e92987a601b5adf6654799ce5d7f716292fb12bf0a
templates/cloudhost247_legacy/configuressl-steptwo.tpl,Administrative/internal,2878,949608b86983eb811ef3ae96d5552c506beafbc1c316a509ba4ccf67fc547f36
templates/cloudhost247_legacy/contact.tpl,Support,5657,4564645169ea4b5a7e862f8b312cf585c743ca7a3328d76d32a205c3c9860a5b
templates/cloudhost247_legacy/contactaccessdenied.tpl,Support,31,fdf2f6d2c2aa5f92c38ff8986a2097b16fa81bfb62f66159bab7f0dda82782ce
templates/cloudhost247_legacy/cookiepolicy.tpl,Legal,6114,65ec3f3dfdde6fce4e88f93efd4f996869692a6c87a33559a0a07f5fc0fba4b0
templates/cloudhost247_legacy/creditcard.tpl,Administrative/internal,0,e3b0c44298fc1c149afbf4c8996fb92427ae41e4649b934ca495991b7852b855
templates/cloudhost247_legacy/css/all.css,Administrative/internal,283854,fbd2af77a2f3821ec2a93ace3d8cadf7d8b84c85e2c0aa3d4c24ff684ff3da8b
templates/cloudhost247_legacy/css/all.min.css,Administrative/internal,224871,bb8a1d1156a20df8e8eebbaa29fa519bf85fa05ea7ab3cbfbcb5dbc861547c06
templates/cloudhost247_legacy/css/animate.css,Administrative/internal,57481,d57fac3bc0da80b30eda90f789b36279003b7d842c88210eea8209072f2f1af0
templates/cloudhost247_legacy/css/announcementbar.css,Marketing,3602,69f58df8f5bf2415b34d9054bb8a5da5268df9d42d6eebca7d1547da8368fbce
templates/cloudhost247_legacy/css/blue.png,Administrative/internal,2185,abff66ea99f7e2b2a51d02feb00d0385f2ac35100fdc65b5d4e4395228fd020b
templates/cloudhost247_legacy/css/blue@2x.png,Administrative/internal,4485,c0ce7ecfbd5605a7a0d0239d83b736eda75dbc71ff183472e02c6d6cdfbcc888
templates/cloudhost247_legacy/css/bootstrap.min.css,Administrative/internal,140580,91ebd1a674826393a7849027642298f63200c7ebba01a5f3af9929e7a52937c1
templates/cloudhost247_legacy/css/cookies_library_style_cloudhost247.css,Administrative/internal,4059,459386386a93a7e2f17759288436f8ed0c24a62dfb118bd85495c7b1d9c39aea
templates/cloudhost247_legacy/css/custom-responsive.css,Administrative/internal,203133,1129bea0fa9ec975bb2c0bd6cf1fa60b067bc5cf987836bd22fd44c071559894
templates/cloudhost247_legacy/css/custom.css,Administrative/internal,231117,fcbd8e424704b121ed904d2e3e6fd8c19f9095e742609ac53fa5a8f724390674
templates/cloudhost247_legacy/css/font-awesome/HELP-US-OUT.txt,Support,323,3034ebb0f7c42896648f5303e3499cd7dfe4db010f9578ff45fb42af2884ed6b
templates/cloudhost247_legacy/css/font-awesome/css/font-awesome.css,Administrative/internal,37414,36e0a7e08bee65774168528938072c536437669c1b7458ac77976ec788e4439c
templates/cloudhost247_legacy/css/font-awesome/css/font-awesome.min.css,Administrative/internal,31000,799aeb25cc0373fdee0e1b1db7ad6c2f6a0e058dfadaa3379689f583213190bd
templates/cloudhost247_legacy/css/font-awesome/fonts/FontAwesome.otf,Administrative/internal,134808,444dd4366615ffc4a16d012b2fa90137065d3ccb410fa6fd5e4ddd7b5e4ffcd5
templates/cloudhost247_legacy/css/font-awesome/fonts/fontawesome-webfont.eot,Administrative/internal,165742,7bfcab6db99d5cfbf1705ca0536ddc78585432cc5fa41bbd7ad0f009033b2979
templates/cloudhost247_legacy/css/font-awesome/fonts/fontawesome-webfont.svg,Administrative/internal,444379,ad6157926c1622ba4e1d03d478f1541368524bfc46f51e42fe0d945f7ef323e4
templates/cloudhost247_legacy/css/font-awesome/fonts/fontawesome-webfont.ttf,Administrative/internal,165548,aa58f33f239a0fb02f5c7a6c45c043d7a9ac9a093335806694ecd6d4edc0d6a8
templates/cloudhost247_legacy/css/font-awesome/fonts/fontawesome-webfont.woff,Administrative/internal,98024,ba0c59deb5450f5cb41b3f93609ee2d0d995415877ddfa223e8a8a7533474f07
templates/cloudhost247_legacy/css/font-awesome/fonts/fontawesome-webfont.woff2,Administrative/internal,77160,2adefcbc041e7d18fcf2d417879dc5a09997aa64d675b7a3c4b6ce33da13f3fe
templates/cloudhost247_legacy/css/font-awesome/less/animated.less,Administrative/internal,713,c7035423d5a1e03d36bcfd6465481e4c4d5c91f316fa878a6e5103afe1b0bbf6
templates/cloudhost247_legacy/css/font-awesome/less/bordered-pulled.less,Administrative/internal,585,e3d168a292ba33d4e3215919963a304dc25732a73cebdde6e7ebe4d47ab43eb6
templates/cloudhost247_legacy/css/font-awesome/less/core.less,Administrative/internal,452,a4a93d598134f656ac6c7a0a5f375afa941e71e348e68ecf3cd6feb7616acf9e
templates/cloudhost247_legacy/css/font-awesome/less/fixed-width.less,Administrative/internal,119,0ef853a3192742d207ea0e793dc8bcc6322dcb9e50d41f4b981c4ebac2dac7ac
templates/cloudhost247_legacy/css/font-awesome/less/font-awesome.less,Administrative/internal,495,2df62305a8a14e09ecad58a155a478f1c8c11318f405360be683219f62b3ea24
templates/cloudhost247_legacy/css/font-awesome/less/icons.less,Administrative/internal,49712,4d585eeee98f4826c547e030a690690ea56a4dede806fc8176342abecd06fea1
templates/cloudhost247_legacy/css/font-awesome/less/larger.less,Administrative/internal,370,dfc79d4325804e9ade21ab65145b23b1c4193d24a893690bc47b5c0739ca3c0a
templates/cloudhost247_legacy/css/font-awesome/less/list.less,Administrative/internal,377,024abb930e6669f215ddee19f58077571f1cabb7aee1274bf96b226c296b73d3
templates/cloudhost247_legacy/css/font-awesome/less/mixins.less,Administrative/internal,1603,65c4bb7138772043fafd2167b74c0fd7ac15e57ba7877adecde4b0992950670c
templates/cloudhost247_legacy/css/font-awesome/less/path.less,Administrative/internal,771,a0dcbbcd3976f59116268c109767c3b98fe358872f6e9fc1a0d26a337d272b8f
templates/cloudhost247_legacy/css/font-awesome/less/rotated-flipped.less,Administrative/internal,622,d67df95488eec84d2d0caf79727825a8ff4b2df90c604151783e3ec2388dad38
templates/cloudhost247_legacy/css/font-awesome/less/screen-reader.less,Administrative/internal,118,b32ff7821a7b0a649f9202a02eeb8ce88fe671eb52d61ece50aabdbce21110c6
templates/cloudhost247_legacy/css/font-awesome/less/stacked.less,Administrative/internal,476,3f9de6c3e0f1a2bc71579a417d7c415f82f2a3d3f4792161a8588bb8bdd75450
templates/cloudhost247_legacy/css/font-awesome/less/variables.less,Administrative/internal,22563,e3717422976292d8fdc4b2a9ed02b8d0be55ad50b86e9bff74761e5ccf94b839
templates/cloudhost247_legacy/css/font-awesome/scss/_animated.scss,Administrative/internal,715,900e2531ca7544fa8f6e0db9996bd28d3970185ed810717a0a4879da135e5478
templates/cloudhost247_legacy/css/font-awesome/scss/_bordered-pulled.scss,Administrative/internal,592,d1d28d405b9328313c843f7c1a40951ee1a738d632081beb76a0e072b407f549
templates/cloudhost247_legacy/css/font-awesome/scss/_core.scss,Administrative/internal,459,e6e81949b0ac466839c5239a1450967ec32af30eb7c25d1845569621e8a1c8fc
templates/cloudhost247_legacy/css/font-awesome/scss/_fixed-width.scss,Administrative/internal,120,b8b0b3478e04e868ef0cd5fa3fb291524f1932144d1bd3427d156afe369194e9
templates/cloudhost247_legacy/css/font-awesome/scss/_icons.scss,Administrative/internal,50498,a8f1b5d6a1a1992748ab95412443fb28afc0ab711d86fbdfa7d8a0b00cee3a48
templates/cloudhost247_legacy/css/font-awesome/scss/_larger.scss,Administrative/internal,375,fb4e8e7d5d03074da402f544d36bd6adb6adaed7ad816c4bcb3f53fe03273c17
templates/cloudhost247_legacy/css/font-awesome/scss/_list.scss,Administrative/internal,378,d5430a6695febcd9e7f5898041aed2b62060d1b8d7b782e0f4975210a0ddf38e
templates/cloudhost247_legacy/css/font-awesome/scss/_mixins.scss,Administrative/internal,1637,2efe3c665c5fecc6fb3f6acdf185fdc0b1871ad074381fa39b581cafc5fa82ce
templates/cloudhost247_legacy/css/font-awesome/scss/_path.scss,Administrative/internal,783,0e035e21bbdf7f14f1453fa126aaf39f0b62479471f3cba649a64dd2daa54e26
templates/cloudhost247_legacy/css/font-awesome/scss/_rotated-flipped.scss,Administrative/internal,672,ff0686d76acde3581d679be874fbf73a8bcae4110fa7b6c7aa08ab204a7f3b7a
templates/cloudhost247_legacy/css/font-awesome/scss/_screen-reader.scss,Administrative/internal,134,1c964c84d5ec33fd35918f260ea3503aaaa4b3f1090b342a6e98db6d047d5e38
templates/cloudhost247_legacy/css/font-awesome/scss/_stacked.scss,Administrative/internal,482,70f33fd079ab708587c63b5884e04b31a3f46fd33923cb046621ff18b1bd99d2
templates/cloudhost247_legacy/css/font-awesome/scss/_variables.scss,Administrative/internal,22644,f2d069a3236338883bc10b68280e0a2c966dad414e26843fea7a35149f95f64f
templates/cloudhost247_legacy/css/font-awesome/scss/font-awesome.scss,Administrative/internal,430,4cb4a00ca08b6e456e09f2fbeecdc5ab13f7c91bcbea263300c814aef3ffcf43
templates/cloudhost247_legacy/css/font-awesome.css,Administrative/internal,37473,733ae9bf98f5be23d28b098b56c62e6005438e7f1ca2ac463fcddc5401ab13d9
templates/cloudhost247_legacy/css/fw4.7.css,Administrative/internal,30999,c4047043368afb4baf1aed25d358a5c2a333842a3b436b58491ab36aeee65b9d
templates/cloudhost247_legacy/css/hc-offcanvas-nav.css,Administrative/internal,11338,3a02036675db358f52bd78485f50ebe81d089ff78b0bca16301281dde4c67a59
templates/cloudhost247_legacy/css/index.php,Administrative/internal,45,48565671a71c7e5ea72f780f3e09fbdcc60d5fac8610851a5335a1616219e543
templates/cloudhost247_legacy/css/invoice.css,Checkout,2756,eef16ca24483f8b99ac6f5aa9d42d43372bb0d713f04c543069a910001b329bf
templates/cloudhost247_legacy/css/ion.rangeSlider.css,Administrative/internal,3520,3b096ffa3691a4e15206df00ef31d910a5672ecf059f0f265d40b9352ac9d93e
templates/cloudhost247_legacy/css/layoutfive/custom-color-scheme.css,Administrative/internal,60919,9d4fe77b670608bcb8f4a9f2de2bfaa4d71f8a9200544ab676282431228c828c
templates/cloudhost247_legacy/css/layoutfour/custom-color-scheme.css,Administrative/internal,49031,4e33df5e367470c79b40a79275eabf9b30407e7b363dadd3feefe96cd7e4806d
templates/cloudhost247_legacy/css/layoutthree/custom-color-scheme.css,Administrative/internal,47597,14973ce3a429d97291cd59108f210d4710e682ce423a3997b551722033c83989
templates/cloudhost247_legacy/css/layouttwo/custom-color-scheme.css,Administrative/internal,52292,79da7bf8268312feaabced5d3923cdaa6813a07bfcf08d210f79897e0e10dde3
templates/cloudhost247_legacy/css/main-style.css,Administrative/internal,284268,c91790c8bd0d0da538128090600fd4778095e7fe92d14c0355e077a2741fed16
templates/cloudhost247_legacy/css/normalize.css,Administrative/internal,1981,560c452163a84c199b652e3562a80a094946f6cd6320fd98a14b90244eee9469
templates/cloudhost247_legacy/css/oauth.css,Authentication,848,4b5f135df4c79cbb96daaa2c4623b21017fac41542f68dd771619b5c449369c4
templates/cloudhost247_legacy/css/opensans-300-800.css,Administrative/internal,10614,eda6f7d1230a114e4bd0db5a0c12fda894c9b4594b30f0f69e895779458c82be
templates/cloudhost247_legacy/css/overrides/index.php,Administrative/internal,45,48565671a71c7e5ea72f780f3e09fbdcc60d5fac8610851a5335a1616219e543
templates/cloudhost247_legacy/css/overrides/override.css,Administrative/internal,0,e3b0c44298fc1c149afbf4c8996fb92427ae41e4649b934ca495991b7852b855
templates/cloudhost247_legacy/css/overrides/override.css.new,Administrative/internal,0,e3b0c44298fc1c149afbf4c8996fb92427ae41e4649b934ca495991b7852b855
templates/cloudhost247_legacy/css/overrides.css,Administrative/internal,4751,350d1cabaf4e24250b47bbf8f7fbe2c717b43b70137a6c8e5831c40267116b7f
templates/cloudhost247_legacy/css/owl.carousel.css,Administrative/internal,4600,efb26234a2ac4507dd5910b2107ad02471fe2fdd6c93a9538d22d01e88cdd803
templates/cloudhost247_legacy/css/quote.css,Checkout,1933,a63554521b52140f70ba12e6bc77179aec868d829e6ddf06eaac6539af7a4e80
templates/cloudhost247_legacy/css/responsive.css,Administrative/internal,14400,8764af84271e0cce599a3efca08ec5a8b04a401ecc45fe0d046559cf5018550a
templates/cloudhost247_legacy/css/slick.css,Administrative/internal,1327,0be23a84426bb885a5a240f06e22958bc3b013cc0ef043b11335edd4403d65c6
templates/cloudhost247_legacy/css/store.css,Administrative/internal,90337,0987c27be87e8dbbc7987db353880e4996b37c24d4e820ca9e4a8f4135548ca7
templates/cloudhost247_legacy/css/style-design.css,Administrative/internal,5173,d121f4e791d07dab871042d1725e551e457d0f52120bdd739c96b9dedddebabd
templates/cloudhost247_legacy/css/style-ovh.css,Administrative/internal,8349,25d42d3f48a27ebfd2b85b4a9ace80799ae04fd80cb48da73f0f0031a0591535
templates/cloudhost247_legacy/css/style-rtl.css,Administrative/internal,35003,abfec78328c3e58e833d57f5eef1af69695b31b39634494fe518845e22f0803a
templates/cloudhost247_legacy/css/style.css,Administrative/internal,37339,6338928ad49fd382c07989995d6458d4c673a472dc9bfcee774fc361d5156458
templates/cloudhost247_legacy/css/style_offer_pop_up.css,Administrative/internal,6708,9d44652bfe0d549b73b9a9669d44fb50fbb174f9ba44646a2e34ed8121689279
templates/cloudhost247_legacy/css/styles.css,Administrative/internal,80061,8e3abf364aa4871df219556e01ad867a4cc39c6980b1b2e1443080af0d2f7a66
templates/cloudhost247_legacy/css/thirdpartymodule.css,Administrative/internal,3687,6d5d87e7a55faaecf2669e81080445e47add4c24d950c8e7512766a5ef1b1dad
templates/cloudhost247_legacy/cybercrimepolicy.tpl,Legal,4445,d7893454aae1bd5b17987e6b01c607e62c7a537b03ef11cdcaffbcdf21ce1f7c
templates/cloudhost247_legacy/datadeletion.tpl,Administrative/internal,7243,290d7fa59229d00d1cdd99f2960b5df1ad9f7fe30c6b9f2decce26958f0835ab
templates/cloudhost247_legacy/dataprivacynoticeandconsentform.tpl,Legal,20030,8705b88efb10391860a1af760c8acc8290b9a811ceec4440c533dddfc8bf317a
templates/cloudhost247_legacy/dataprotectionstandards.tpl,Administrative/internal,7797,babb123cf2730c0673f7532e4ce6d6138cc9dee2c6a59172268629967ea2bb08
templates/cloudhost247_legacy/domain-pricing.tpl,Domains,7694,77cd20543be4f8fceac6e6cdebf2b70bb6414be89eb15104cde19797688c877e
templates/cloudhost247_legacy/domain_icons/biz.png,Domains,5465,3f66b4060388679753dd0c835d8ff497bdf1872920cd45d55350d1c19fca0260
templates/cloudhost247_legacy/domain_icons/blog.png,Domains,3729,ab5a1a654395b53c221580419841a53fbd02df8c9d0a96277f7241ef01207f5d
templates/cloudhost247_legacy/domain_icons/br_com.png,Domains,6176,81c670f2bdac74cf7ec58f7b23821d964d07c94f366ed120919f6cedc7cd8f57
templates/cloudhost247_legacy/domain_icons/ca.png,Domains,2875,2755f7f3d3a81b1c74ac474c379aa1352e086b4e67b550d3a4920a73f17d3d41
templates/cloudhost247_legacy/domain_icons/club.png,Domains,1368,73ed9c5ab5c1f540321ebfe6e19e9bb676006162d9a861dceb408c7baf5a4224
templates/cloudhost247_legacy/domain_icons/co.png,Domains,2110,0fb1f8df4fa490f365e4f78a8b746eeb4a15a86bb1eec4ec8be20d834c9712c5
templates/cloudhost247_legacy/domain_icons/co_bz.png,Domains,1719,e7e4ef998ea8a47f24621766f44e1e0a102e7744f361cbd61292525548148bc6
templates/cloudhost247_legacy/domain_icons/co_uk.png,Domains,2295,691fc51c358c05e575bca81b4a62e08e5a35ae5908a02bf7dccaae2eab632653
templates/cloudhost247_legacy/domain_icons/com.png,Domains,3195,208063b26df2aca94b697c3e1639c745ec759b0800006df6e982c65389311496
templates/cloudhost247_legacy/domain_icons/eu.png,Domains,5012,7929810cb2addada1526f3593edcf070f70c3cd490594b162afadff163050c7f
templates/cloudhost247_legacy/domain_icons/expert.png,Domains,3018,180c26ef8f52504c8ea994331f56b650e7fbd978ab7c3d040d895366e501ca10
templates/cloudhost247_legacy/domain_icons/fr.png,Domains,2983,71ee40f43c310ef08970448371b71d83cfd4b999396bb54bdcf05f9f934ae31e
templates/cloudhost247_legacy/domain_icons/guru.png,Domains,3504,5b08ae9c6d422efd26f74b85dbaa82a022935737a62063fe41b485f03e6424ec
templates/cloudhost247_legacy/domain_icons/in.png,Domains,5136,f294f3320fed3bb44b13d27bb7125c8ccf4fb3dd47db26ad33a2715a7b0b5611
templates/cloudhost247_legacy/domain_icons/index.php,Domains,45,48565671a71c7e5ea72f780f3e09fbdcc60d5fac8610851a5335a1616219e543
templates/cloudhost247_legacy/domain_icons/info.png,Domains,4046,c4c574378755fb8141b1c4bb61e2f005fc5e8d0a73c78b9ddf9498d15a95bb7c
templates/cloudhost247_legacy/domain_icons/london.png,Domains,3753,2610507309654207cb8a7670154189b2ed76590432bb680f82a6defaba5f3fe0
templates/cloudhost247_legacy/domain_icons/me.png,Domains,2745,0cc594459dff31a1a43dae2ba0f9cbb3fe127483ce773d8507e820a6186944fe
templates/cloudhost247_legacy/domain_icons/mobi.png,Domains,4587,b4464a04b2be040f69d5c1027f0c2929757640212ebad064c684668c26af1a95
templates/cloudhost247_legacy/domain_icons/net.png,Domains,5497,06c941f517c547a214010af5664d1c970639c1ba1055f689c26d5428f6313edb
templates/cloudhost247_legacy/domain_icons/nyc.png,Domains,3101,fdaaabfbbaf75701b34343d5b7fc728cb3690a262965730019d497c0bfee1505
templates/cloudhost247_legacy/domain_icons/online.png,Domains,6858,680b8ba78f93b72627a79d1024e7b6121b493a6b5e470d939a20c613d3f699f9
templates/cloudhost247_legacy/domain_icons/org.png,Domains,6090,1755a3e63d3b673117cfae12a5283dd61545ce28196a75cd4df6caf73231782a
templates/cloudhost247_legacy/domain_icons/party.png,Domains,6594,6a7fba5839fd0d2bcc40aa65c896834e4cbc43770678e5846ce72b512712f290
templates/cloudhost247_legacy/domain_icons/pro.png,Domains,4346,65675b7fd81ec3b5506bc364b2a64c34562d0f3ae9725ee0262668a409d25fe9
templates/cloudhost247_legacy/domain_icons/review.png,Domains,5157,22cd9a540031ad5873ebe6199282fb317f8bf6542605f64976e2c7afbe007e23
templates/cloudhost247_legacy/domain_icons/services.png,Domains,2145,ac5c90a227a320cfadd0381f997ad80ade874b8cb8a4bc1643b64db78fb41b16
templates/cloudhost247_legacy/domain_icons/shop.png,Domains,2220,238582b4d70107a18249689d3d2ec5c8b57c2ac8b5d8efc151d5932ae087d2b0
templates/cloudhost247_legacy/domain_icons/social.png,Domains,5345,442af141f5725be7aaf538f06cfeb7ac9ae14f6e256bde63efb789dc45dd1422
templates/cloudhost247_legacy/domain_icons/tech.png,Domains,3874,f169604c397ba6eb8cc2e2b6e2e1a5cbd0d0633332d1c1a7b07f9779a21c1e0a
templates/cloudhost247_legacy/domain_icons/us.png,Domains,3283,7b49c270500682d8694dc56d27880a210588e8ca48a31cc606c9ecbc9b62c118
templates/cloudhost247_legacy/domain_icons/web.png,Domains,1667,98b7ddd03da73ed0ad6f2c2e169680c26f3c351416af78b505321c0f8c4699ab
templates/cloudhost247_legacy/domain_icons/website.png,Domains,4687,7f4af33f3afd50d5b4d41e277e4a91a868eb611103e232bba3740c6074e08d44
templates/cloudhost247_legacy/domain_icons/xyz.png,Domains,4579,b510585edb9b7f8e97ac1c62b1dc743bac87dae7f5c2341af939e8f9225f40f7
templates/cloudhost247_legacy/domainagreement.tpl,Legal,16085,f594a8ee038736de9f3104bd7229464d634e15f10afaba98b322083622ffec24
templates/cloudhost247_legacy/domainbrokerageterms.tpl,Legal,3124,63e68e7f3f5a6b74b3c4a3d6c7f9130dfee0b8f6b4127785725602924463cec0
templates/cloudhost247_legacy/domainregistrationaddendum.tpl,Legal,8510,7391059dda934a33164b935bd40ba40f276cdf15793f2c3c42ffd8861bd1552f
templates/cloudhost247_legacy/domainrenewalpolicy.tpl,Legal,5678,5f642c764cedbbe7d1172b30a450625145742ba55250f8941ef5592ccc3d63ec
templates/cloudhost247_legacy/downloaddenied.tpl,Administrative/internal,1407,8dcf04ae680de4d43dd83bd10bbdac8aa7806985d6b1b79f708462d805b669fd
templates/cloudhost247_legacy/downloads.tpl,Administrative/internal,2111,091babacc65fd6ed42c0538b51c77b75cc022934ad5ed56d6e48ab7446de7e05
templates/cloudhost247_legacy/downloadscat.tpl,Administrative/internal,1982,a40ab3c4310fef6220435fa72d5cac7f7fb2360cb4488751ea5686c6cc5ec0a0
templates/cloudhost247_legacy/error/index.php,Administrative/internal,45,48565671a71c7e5ea72f780f3e09fbdcc60d5fac8610851a5335a1616219e543
templates/cloudhost247_legacy/error/internal-error.tpl,Administrative/internal,1592,16d7d4481d2a922218570184536f3bc6e09dece56599ef0c36dbd90e99db0245
templates/cloudhost247_legacy/error/page-not-found.tpl,Administrative/internal,764,a653118ef0e9975668913cc646972adf09eae4cb1a6efbf83ea5dd34bc345504
templates/cloudhost247_legacy/error/unknown-routepath.tpl,Administrative/internal,211,765ae2be89b0708b2e25523239e1f6cb2c6096a412a319de622c44db17d6841a
templates/cloudhost247_legacy/fairusagepolicy.tpl,Legal,3876,cca52079d870e53a227500ffc4357008ef42325b22d891a527581454850bae7e
templates/cloudhost247_legacy/faqs.tpl,Support,10804,3c58375d0aaf24f08f597c1964753f7a8e0b469b45edd065f7552fd9aa3843cd
templates/cloudhost247_legacy/flags/LICENSE,Administrative/internal,1039,c09dcb6284f53b77aa7db63f0fe608a1ca719cf02dea3ae71a7dd66d015ca999
templates/cloudhost247_legacy/flags/README.md,Administrative/internal,5477,7bc953ff7c9120205221132a09a85b68c7722b1ad2a5031c6d7ef9846964cebe
templates/cloudhost247_legacy/flags/blank.gif,Administrative/internal,46,70a9bf03e20988b30abfa15fe06c8f71caf14ee5c402616da007d644703b82f8
templates/cloudhost247_legacy/flags/flags.css,Administrative/internal,14540,8938603f0acf95213806ec9a522ac4fb9f15a57064b5c3ed2b310c7b38496773
templates/cloudhost247_legacy/flags/flags.min.css,Administrative/internal,11357,c63ed3c004260c9327ff4a69e91f283296e33096c6885b0603ab478e6d558049
templates/cloudhost247_legacy/flags/flags.png,Administrative/internal,228277,b5e6759e333b3435336da05a312644358599ace4647df9560eee9eaa10662851
templates/cloudhost247_legacy/flags/index.php,Administrative/internal,46,598ddbeae83886c015468daad0a7653e3f7f525f41e0f25522356d7b30e5c9f5
templates/cloudhost247_legacy/fonts/FontAwesome.otf,Administrative/internal,134808,444dd4366615ffc4a16d012b2fa90137065d3ccb410fa6fd5e4ddd7b5e4ffcd5
templates/cloudhost247_legacy/fonts/fa-brands-400.eot,Administrative/internal,133034,811e1577184066108ceca86d5a624a9012303df5206c5cb0b27d5e3fedcba5a3
templates/cloudhost247_legacy/fonts/fa-brands-400.svg,Administrative/internal,715890,02340ba1789d09bcc507563c89c4a847ba537bb8132082777a50519cf74bcb5b
templates/cloudhost247_legacy/fonts/fa-brands-400.ttf,Administrative/internal,132728,a0c145382acfe59767d1487d6505f349665b685c2885cd91b621d141a292b0f8
templates/cloudhost247_legacy/fonts/fa-brands-400.woff,Administrative/internal,89824,e836c5d5dfc13e18170c5bddefb4fdac7c65ac0ad43a4b431acdc4a98865a260
templates/cloudhost247_legacy/fonts/fa-brands-400.woff2,Administrative/internal,76612,5d9190292acdd48ba0fc35080f7e7448f3cdf0d79199a4d23f0f49b5341fdf29
templates/cloudhost247_legacy/fonts/fa-regular-400.eot,Administrative/internal,34390,01f4416f5db59e2dd6b6fbd9dc32336d99db18f7eb623a49f584d04afd279473
templates/cloudhost247_legacy/fonts/fa-regular-400.svg,Administrative/internal,144322,865fd23de13b1920280e182359579e09eff7a09eb24676eceec7552838559f55
templates/cloudhost247_legacy/fonts/fa-regular-400.ttf,Administrative/internal,34092,f32b94a29060dfec0c797a1dfe111357eb1d682f1aca4ac4b95cf0f4c3e2bfa9
templates/cloudhost247_legacy/fonts/fa-regular-400.woff,Administrative/internal,16800,8e2d96198711b63752e5f2f5987b8ffc536df6156a065bdbe28cb7231cad793d
templates/cloudhost247_legacy/fonts/fa-regular-400.woff2,Administrative/internal,13584,6a8c8e9e1e7f692c21af1956de163f3d026778e6449fe93a09a671847ca1ae65
templates/cloudhost247_legacy/fonts/fa-solid-900.eot,Administrative/internal,202902,32501727bb23fc77615b1ec76b5f298ec22198c0f3d6a3e7d6fe4ac3cf315db9
templates/cloudhost247_legacy/fonts/fa-solid-900.svg,Administrative/internal,897426,e768539808757f7eec20f09c9ee9b36b0e6c5636e90c9ee697995cbbc6ee0555
templates/cloudhost247_legacy/fonts/fa-solid-900.ttf,Administrative/internal,202616,231d68cefbc6846fb78cafca8467401a4f371e226418662e8900e3d52adc00ab
templates/cloudhost247_legacy/fonts/fa-solid-900.woff,Administrative/internal,103300,352f8ead280419dd953d2bc7843386bb9430e8152c2dbd2c2d2494f6b9567ee7
templates/cloudhost247_legacy/fonts/fa-solid-900.woff2,Administrative/internal,79444,7f4d3fd0a705dbf8403298aad91d5de6972e6b5d536068eba8b24954a5a0a8c7
templates/cloudhost247_legacy/fonts/fontawesome-webfont.eot,Administrative/internal,165742,7bfcab6db99d5cfbf1705ca0536ddc78585432cc5fa41bbd7ad0f009033b2979
templates/cloudhost247_legacy/fonts/fontawesome-webfont.svg,Administrative/internal,444379,ad6157926c1622ba4e1d03d478f1541368524bfc46f51e42fe0d945f7ef323e4
templates/cloudhost247_legacy/fonts/fontawesome-webfont.ttf,Administrative/internal,165548,aa58f33f239a0fb02f5c7a6c45c043d7a9ac9a093335806694ecd6d4edc0d6a8
templates/cloudhost247_legacy/fonts/fontawesome-webfont.woff,Administrative/internal,98024,ba0c59deb5450f5cb41b3f93609ee2d0d995415877ddfa223e8a8a7533474f07
templates/cloudhost247_legacy/fonts/fontawesome-webfont.woff2,Administrative/internal,77160,2adefcbc041e7d18fcf2d417879dc5a09997aa64d675b7a3c4b6ce33da13f3fe
templates/cloudhost247_legacy/fonts/glyphicons-halflings-regular.eot,Administrative/internal,20127,13634da87d9e23f8c3ed9108ce1724d183a39ad072e73e1b3d8cbf646d2d0407
templates/cloudhost247_legacy/fonts/glyphicons-halflings-regular.svg,Administrative/internal,108738,42f60659d265c1a3c30f9fa42abcbb56bd4a53af4d83d316d6dd7a36903c43e5
templates/cloudhost247_legacy/fonts/glyphicons-halflings-regular.ttf,Administrative/internal,45404,e395044093757d82afcb138957d06a1ea9361bdcf0b442d06a18a8051af57456
templates/cloudhost247_legacy/fonts/glyphicons-halflings-regular.woff,Administrative/internal,23424,a26394f7ede100ca118eff2eda08596275a9839b959c226e15439557a5a80742
templates/cloudhost247_legacy/fonts/glyphicons-halflings-regular.woff2,Administrative/internal,18028,fe185d11a49676890d47bb783312a0cda5a44c4039214094e7957b4c040ef11c
templates/cloudhost247_legacy/fonts/index.php,Administrative/internal,45,48565671a71c7e5ea72f780f3e09fbdcc60d5fac8610851a5335a1616219e543
templates/cloudhost247_legacy/fonts/samsungsharpsans-bold.otf,Administrative/internal,148384,9a1c1852b791c69a8ee4949669a08c7b0d36e63698b761b06e557e3e9a8bc582
templates/cloudhost247_legacy/fonts/samsungsharpsans-medium.otf,Administrative/internal,146236,1805ce1a423442d522bf4368fbf0c4e4556fb043352b8227be6481256ac63e51
templates/cloudhost247_legacy/fonts/samsungsharpsans.otf,Administrative/internal,145216,025e1b8aef83739daf18d3553756d96e416c09e1ba010709486c2b6080a92033
templates/cloudhost247_legacy/fonts/slick.eot,Administrative/internal,2048,06d80cf01250132fd1068701108453feee68854b750d22c344ffc0de395e1dcb
templates/cloudhost247_legacy/fonts/slick.svg,Administrative/internal,2152,12459f221a0b787bf1eaebf2e4c48fca2bd9f8493f71256c3043e7a0c7e932f6
templates/cloudhost247_legacy/fonts/slick.ttf,Administrative/internal,1892,37bc99cfdbbc046193a26396787374d00e7b10d3a758a36045c07bd8886360d2
templates/cloudhost247_legacy/fonts/slick.woff,Administrative/internal,1380,26726bac4060abb1226e6ceebc1336e84930fe7a7af1b3895a109d067f5b5dcc
templates/cloudhost247_legacy/fonts/suraj.eot,Administrative/internal,7408,be0e58f1531498ea4473d99fcb0a8bc1b027c1c7061a4132eb41649febace0fd
templates/cloudhost247_legacy/fonts/suraj.svg,Administrative/internal,5367,28ecae35d2c836a4ff2dbf90f98aa9bcc147eb350a2bbbd0ce134fd95eb8d263
templates/cloudhost247_legacy/fonts/suraj.ttf,Administrative/internal,7252,d81734e6a607cdfe9b026780ffae1f9789015cfa37664789d780e214d484fc6b
templates/cloudhost247_legacy/fonts/suraj.woff,Administrative/internal,4536,4a51f4ee6adf98b1a97d959d27ae67859bba1babea3a2391733782c36d59c126
templates/cloudhost247_legacy/fonts/suraj.woff2,Administrative/internal,3800,7d786efd7899b86ff51dc595890d3298e4a7e4c4e27e9233c5ed9dba8b480cd1
templates/cloudhost247_legacy/footer.tpl,Administrative/internal,4605,028cb922863466b0d8027cac11318389b9b8e8777e29921788ae3b3ee29127b8
templates/cloudhost247_legacy/forwardpage.tpl,Administrative/internal,560,50d509547342b4799fad411b4c88434c8dfd19696ac2cb83403ad704de3c3893
templates/cloudhost247_legacy/future-element.tpl,Administrative/internal,18437,0ad9930762862fb5097ad06a323f5e6a9a1e07878d22312c1c34d5c0dd0298a5
templates/cloudhost247_legacy/header.tpl,Administrative/internal,4153,e2433e69f08cbe1e0eff3ab58297bb2688827fcb1ae0f2f07096be21495758e4
templates/cloudhost247_legacy/helpcenter.tpl,Support,14356,0b8b5921edbe9894e3970cde580e022c56e3fd59cce7955e0cfd7cf1ad4427ee
templates/cloudhost247_legacy/homepage.tpl,Marketing,170,c66c00dbd09d1da1c9962f1063594f4bcb06163f44492c08cbc7c29c0d81b3bb
templates/cloudhost247_legacy/images/24hras.png,Administrative/internal,1779,9f9f5523222fd37671a7b41a9f1a4784deb942246fdd1267cd80b90e08865f82
templates/cloudhost247_legacy/images/30day.png,Administrative/internal,10790,f552234c833160238ecdaf48832f9f3245767595a7b366963bb314419d9b717f
templates/cloudhost247_legacy/images/404_not_found.png,Administrative/internal,27694,bd72f7b0226091ee34e15e4f6b0c90730d09cc30c96d9f1d0f9c52f5348259c7
templates/cloudhost247_legacy/images/AntiddosShe2.png,Administrative/internal,23220,e495e4f5954cbf2a129896d3dc9a3d5195c376bd32cba672a42c56545c7c270f
templates/cloudhost247_legacy/images/EASY.png,Administrative/internal,2795,d8a89cf554829097da8935be191e4960ba0bd801072b53f74320acd5d9c891ed
templates/cloudhost247_legacy/images/Forma-1.png,Administrative/internal,653,8db892757315b8ddc1a9c1c9ba1932a8965fdb9853308ba644f9288a058f7a43
templates/cloudhost247_legacy/images/Forma-2.png,Administrative/internal,1622,71519340a323e87adcfcde98c95953d6cb11431e1fcd691281ca19667509b8cb
templates/cloudhost247_legacy/images/Forma-3.png,Administrative/internal,1424,7e2c5f7965a7c7e615d8a8e8c07596fb93b581e3b511d81b852ba2f9ef737d18
templates/cloudhost247_legacy/images/Forma-4.png,Administrative/internal,807,838454ff75ffe07998caba0d56be5fa157c9bacaf2bc780090ac4ddd202a911a
templates/cloudhost247_legacy/images/Forma-5.png,Administrative/internal,1299,7a42fb4d30902fc704b02f623d738907638536b4c2772c4e801815a144e6b951
templates/cloudhost247_legacy/images/Forma-6.png,Administrative/internal,1020,5c49a5d2cb72496175477ea2267b336dd8396bff3ee32fa6dde9a7f86793c2f7
templates/cloudhost247_legacy/images/Hero-WordPress_Domain-icon.svg,Domains,1280,dac964e69afae7766fdaf705759546857a4b1e5dc8780212881164757878be54
templates/cloudhost247_legacy/images/PRIVATe.png,Administrative/internal,3900,20b942058a4c571c8d29f30b800fac971a1e3a24d631bce01c1514337712b2fc
templates/cloudhost247_legacy/images/Secure-Environment.png,Administrative/internal,2231,8012f5d3dd9171b26159a67eb42ac9cdbf555f92c0742fc43b8b4e5872422ce3
templates/cloudhost247_legacy/images/Shape 8.svg,Administrative/internal,4434,c928ffb580effa4d75d8b1c54e21388eefb9dfc116d99eede1f16864fe352d3e
templates/cloudhost247_legacy/images/Shape-img.svg,Administrative/internal,3127,5a854bbaefe7e8103ef2d085c6993f83f414b6a0938a1a396ed47620600fba6f
templates/cloudhost247_legacy/images/Snapshot.png,Administrative/internal,1438,24297711b1a773cfa2fe0b236da05227c3db702396ececeacf7a0b492e1a7991
templates/cloudhost247_legacy/images/about-metus-left.png,Marketing,285200,dbf868d628c6a03c13c8944715fa451862cea9e51e3bfc100918f4ac81aa6ba1
templates/cloudhost247_legacy/images/about-usbg.png,Marketing,689657,51cf04ce3ad4102c6d5df5dd694b0b44952ddae08bbaca84026999db8ad19f08
templates/cloudhost247_legacy/images/abt-banner-inner.png,Administrative/internal,239929,481c95d6f77cc3359f4f306512db09809477262df34fee9e8529609320cf4bfd
templates/cloudhost247_legacy/images/additional-disk.png,Administrative/internal,1156,4131e1c6f001ddc3d651305eacdce78c9cbdbae90b37bb67dc4ff4a71b93a8cb
templates/cloudhost247_legacy/images/alert-icon.svg,Administrative/internal,2617,16a03a6b247d0ee6127bf8e4880aaccec715164761210bc84d7ffcd664f96319
templates/cloudhost247_legacy/images/api-feature.svg,Developer,3465,8334c15bc607e6028260bd0e17933dd2d11fe035986c07d7db9eaa32c8b8bdb3
templates/cloudhost247_legacy/images/arro.png,Administrative/internal,1640,bd2f15acfe39f2e51ca45a30e7e10107824cd2127d04042e5982c27686384c43
templates/cloudhost247_legacy/images/australia.jpg,Administrative/internal,2844,9875357857ae6dea78a262d55bb12d7dfdb11a6e07e9ea17ad66c0eace5d05c2
templates/cloudhost247_legacy/images/automated-backup.png,Server Management,1269,e92152113badeabe4dcc41465c3344f217b925fa9c653d18798b014468166210
templates/cloudhost247_legacy/images/award-wining-supports.png,Support,192967,9c9f58ff7df768adb9a9af655efe7a9918bc09d17de9514dcb968a88be6d2f17
templates/cloudhost247_legacy/images/b-support-img.png,Support,30432,63cedd3e27ce6dd36e9c47d58d18dfa9c14ae95fdee8feddcb789152ef22b76b
templates/cloudhost247_legacy/images/back_img_sssl.png,Administrative/internal,28331,a8e1606132bcd415a9ccc2e5d940aadddeb89654ce3a6d0bd725c6b09ef0b8e8
templates/cloudhost247_legacy/images/background-img.png,Administrative/internal,6317,1ece9bbcf13551b8a62de5aca20d1da6bd57ebb7efde4d3ee658100cbb55a902
templates/cloudhost247_legacy/images/backup-icon.svg,Server Management,846,a62572f5eef8867066e815c27cac3562e008363198d1d747df0ebd215e5782b2
templates/cloudhost247_legacy/images/backup_space.png,Server Management,1185,ab6ba351b03239c797e10ade5704325fd18883c4a8fd5ce268f82126e910b56c
templates/cloudhost247_legacy/images/bag_icon.png,Administrative/internal,1286,d0b3901b8ca2dc20de1475afd7b381e277ac1bdb4db3fcb3a194cabd3056cb3c
templates/cloudhost247_legacy/images/banner-logo.png,Administrative/internal,5551,5dca096622446758bb5fa90b24180cba238d2fe80837fadff677efa35ed143f5
templates/cloudhost247_legacy/images/banner02.jpg,Administrative/internal,243015,deb14466436493a3cc8df919f51cbafd36c30951fdab3f9f0636b41391ce90aa
templates/cloudhost247_legacy/images/banner03.jpg,Administrative/internal,276100,7c4aa6205aaf312f06a018ac8927d675c7147fc292c4ae8249a5b01e91c46e55
templates/cloudhost247_legacy/images/banner1-bg.jpg,Administrative/internal,23992,be263242971904e3feb0ead2f58f17808f20cb26b81589df1cf925b0dc9aa4ad
templates/cloudhost247_legacy/images/banner1-bg.png,Administrative/internal,23977,df2399ffc6c5111276a9c90e6a6ecef68c9d799ea7f1f714d221da1abfd1d1ed
templates/cloudhost247_legacy/images/banner1.jpg,Administrative/internal,200553,91e5595b1446d8d5a7e1bba21c43d82892c32a70bb42f395b0d58430aa74aed1
templates/cloudhost247_legacy/images/banner2_btn_bg.png,Administrative/internal,2061,dc5db56943dd4ae9d1d6f0f40145d6345ee1cc3231fa2be4cf73fedbd5e2c443
templates/cloudhost247_legacy/images/banner3-bg.png,Administrative/internal,36296,6f2d52beba8a7282cc019275a24f8d0186837898f9d198439537cff70b437282
templates/cloudhost247_legacy/images/banner_btn_bg.png,Administrative/internal,2006,cb2d9f67627841f8cb077cee4503783d26189658cad18a5a33dd5258ef0e9a74
templates/cloudhost247_legacy/images/banner_icon.png,Administrative/internal,27667,9f27e9f8597ee825297c3b1c700631247d4686e758761daa64a2dfda06851b17
templates/cloudhost247_legacy/images/banner_sitelock_icon.png,Administrative/internal,11350,69eafbb30d2aed52703e5d197e560e166e299280028bd0aa62dfb1fed803da6d
templates/cloudhost247_legacy/images/banner_spamexpert_icon.png,Administrative/internal,12343,9ec40e1f368565f5e48f09b5d9027bf7a2d3e373ccf8c8c2fcb3890eb93ead0d
templates/cloudhost247_legacy/images/banner_ssl_icon.png,Administrative/internal,27667,9f27e9f8597ee825297c3b1c700631247d4686e758761daa64a2dfda06851b17
templates/cloudhost247_legacy/images/banner_weebly_icon.png,Administrative/internal,9780,870089e5722b4246e4944f5eedaebcf72cb2170286dfeb183cb61b210b9eb30e
templates/cloudhost247_legacy/images/bck-7-bg.jpg,Administrative/internal,61221,0cc98b1140ae4f6a9cb29bd6fe85ce64b4cf6f7cbcf8f997497389676c78b365
templates/cloudhost247_legacy/images/before-img.svg,Administrative/internal,4434,c928ffb580effa4d75d8b1c54e21388eefb9dfc116d99eede1f16864fe352d3e
templates/cloudhost247_legacy/images/bg-1.jpg,Administrative/internal,9912,f5020a0e20f2fcb0136b3fb1a724b7c94845a818f65882a45864d66df9f08bca
templates/cloudhost247_legacy/images/bg-2.jpg,Administrative/internal,27026,44260b814ac035cda895138f8f452ed5b9c2133258623dc50c85a992fb1ba91b
templates/cloudhost247_legacy/images/bg-2a.jpg,Administrative/internal,77581,5d447aff667d5b574b33055888855cab3de0589c44e155c7e3a07da35e66323a
templates/cloudhost247_legacy/images/bg-3.jpg,Administrative/internal,12325,ffa53e4931f7cfb73bd88880aefaea0d41f316659c96313a46003b47bd0d590d
templates/cloudhost247_legacy/images/bg-pop-dis.png,Administrative/internal,2433,edd75c6653f50a79c364addf2b18c885d0a858e7b0ee4825b2b4efcd2a4875aa
templates/cloudhost247_legacy/images/blc-5-icon1.png,Administrative/internal,852,ffa0fef10689be4732e714c4d5b6cbd88339be675b98a2ad0638a56e59b58777
templates/cloudhost247_legacy/images/blc-5-icon2.png,Administrative/internal,8536,b134b761d572573a3dbae3de431700c1f1e1a95d0b1cb241dcb8eba7ae6648a5
templates/cloudhost247_legacy/images/blc-5-icon3.png,Administrative/internal,2436,abab01c818bd88d9d967bda7a9c74fcace8b7ed8c202e9f71f55ddd31d9dbe87
templates/cloudhost247_legacy/images/blc-5-icon4.png,Administrative/internal,2062,43ef3417ba29fa35123ab58838e70089b2cb7841512142e1177fbbfc3c907071
templates/cloudhost247_legacy/images/blc-5-icon5.png,Administrative/internal,11393,8945ea061f02052a9859199f765fbc6ac67da843def22106e77badac0f936d47
templates/cloudhost247_legacy/images/blc-5-icon6.png,Administrative/internal,5581,786fe730d471b6d3f441dd1d20152b0c6df0b8819547426a4b37d16b075c24bf
templates/cloudhost247_legacy/images/blc-icon1.png,Administrative/internal,6250,9d8901fe7917410c9e4572c6b42abee8d0b16f4f5775bd9cab66304ae0aaf034
templates/cloudhost247_legacy/images/blc-icon1.svg,Administrative/internal,2332,5ee885b13e62f774a889c7fe7e40e924a9d7a470553e3df1e5817c04bee394d5
templates/cloudhost247_legacy/images/blc-icon2.png,Administrative/internal,5786,384dadcd38b86e51288027927b8c6c17e727120c8cad1e34a96001fe00c345b1
templates/cloudhost247_legacy/images/blc-icon2.svg,Administrative/internal,939,77ea5f84492f67556ad67a55cfa38d3701253c36d7270db07957bc30cf4c0f47
templates/cloudhost247_legacy/images/blc-icon3.png,Administrative/internal,4704,7ca071ea35e6d433ec69dcd97e69ba9c56b124ff26e8977e945f62ff0305b70c
templates/cloudhost247_legacy/images/blc-icon3.svg,Administrative/internal,959,d0a30cdcbf432175aded260fb687c024e113ecf85a53fffe0c6e6def414ac90c
templates/cloudhost247_legacy/images/blk-icon1.png,Administrative/internal,5316,3498af966ec5db0eca951fdcb91d56c28dc75651a6c5134359a7e0b2820d2668
templates/cloudhost247_legacy/images/blk-icon1.svg,Administrative/internal,2592,3a1e504c32fe784cad09e4929bb28d5c1ea0e3a856fc3aaab49aedee19eae702
templates/cloudhost247_legacy/images/blk-icon2.png,Administrative/internal,3667,40842b7cf758545acbaaa79915a6097d4bcce14132803ab7c578fd1bb508030e
templates/cloudhost247_legacy/images/blk-icon2.svg,Administrative/internal,1608,1069343e49c007a5d640e36e087afe019452bf976b8d3ded39355f34387373fc
templates/cloudhost247_legacy/images/blk-icon3.png,Administrative/internal,5454,900b13f3cb90a104d0503ac97166732da6cdc6bf449b0ae93909fd4f36f0d616
templates/cloudhost247_legacy/images/blk-icon3.svg,Administrative/internal,2983,29a6a64f7c7ec7481bcdcad6556e31046fa994e39fb5f4b04e7a087114909f3e
templates/cloudhost247_legacy/images/blk-icon4.png,Administrative/internal,4036,4e0e7a77fe36f9fb741758e6b6eeb0fb4a070f22da13b7bb12b7b0c0ecca0d6b
templates/cloudhost247_legacy/images/blk-icon4.svg,Administrative/internal,1882,6002c9ca7799a5d745de73462683934a786160e025fb8a07e973da480d1d13c3
templates/cloudhost247_legacy/images/blog_icons.png,Marketing,20425,c3f5ba3a00a7b35ab8ac4359df4e5aa9aef98c799f40bf4ea794aed9128d24fa
templates/cloudhost247_legacy/images/bluiding_banner_img.png,Administrative/internal,83437,0bd960dd9c5cc1b31d99db72e0b6c5f92ba3431d1b80730bd1fdda5d961844e6
templates/cloudhost247_legacy/images/bnr-b-icon.svg,Administrative/internal,5321,81987f5473b71f030e80e9b2dbedb78c31fb76e4ca5402f12e598f33e77d56d0
templates/cloudhost247_legacy/images/bnr-graphic.png,Administrative/internal,61865,2da01805253ed30e6f4bc7b0412cabe97e2465a1a6d7de1d3b7945bb96bb73f3
templates/cloudhost247_legacy/images/bottom-arro.svg,Administrative/internal,2701,8635ab1c923de0fd7ca514235eb723f99bf64d79b29d7a1560cda3f61eec6d05
templates/cloudhost247_legacy/images/bottom_mask.svg,Administrative/internal,342,f30733fb25504fbad3d9fdcba08bdaeedcd167e88a9025349614585a7b11cd80
templates/cloudhost247_legacy/images/bulider_icon.png,Administrative/internal,2088,28eebab849632d932151885695dd5093cac9b9316c25d25db25c5943ae891b2b
templates/cloudhost247_legacy/images/bullet_bold_icon_ko_grey.svg,Administrative/internal,430,ac4c91eb3d211f27f154444be1962acec2d00589e2a6d1aee84ee84aa10b539b
templates/cloudhost247_legacy/images/bullet_bold_icon_ok_green.svg,Administrative/internal,403,884ede4e4d9afa0d454ad1d577de234bf7a1dac2391733a630ddadb13e70c61d
templates/cloudhost247_legacy/images/business-banner2.png,Business,73005,7e9db8888276da86b106f0ee5511b8d158985439f1e2c22b1989d21e493a8ab4
templates/cloudhost247_legacy/images/business-bannerone.png,Business,69244,3ebb98633ddd979b51792eefb1c907f9cbc4f85889f7323f684ab992f0202f2c
templates/cloudhost247_legacy/images/business-bannertwo.png,Business,77072,2b6cd600361d09753bf13986d36ade81c7f2f116eb6daef3a9c4ba77c4a77958
templates/cloudhost247_legacy/images/business-right-arrow3.svg,Business,841,84f0e666a8fd457da5094110700db00abc5c49c9e0fa1d184ed9f97e308ead83
templates/cloudhost247_legacy/images/cPanel-hosting.png,Hosting,695,fc090525ca2ce558a0fd21955f3653eeb8ee6f436e6ec56b474b1b4db538c6a5
templates/cloudhost247_legacy/images/c_panel_banner.webp,Administrative/internal,41318,01a145849ab233be01ec5b5871cc0f65a53c3daaa765445f34c1fa026d116ed1
templates/cloudhost247_legacy/images/captcha.png,Administrative/internal,5459,7491a6c1b0d03009ec0be0b0204b95cd66b882ffe5a79d99f99dea7d768c9fdd
templates/cloudhost247_legacy/images/cart-order-home.png,Checkout,4924,817c922247cf9a5cebefaebc56cfebd366a03f4c0af502aad943279c6cbc106f
templates/cloudhost247_legacy/images/cercle-icon.png,Administrative/internal,3892,1f0bc0ef46788881a4f74d802eaf76282d0bc13698dcdbd75236ae70e63a0e5e
templates/cloudhost247_legacy/images/certified-datacenter.svg,Administrative/internal,3822,8779b65c2464469fe293604a3c666312f143734546001b9ad906d5f7f1661611
templates/cloudhost247_legacy/images/chart.png,Administrative/internal,1834,7e03b59b1b4858bd40b02ec0f330555b9bd1a085c4298de64c0b96e6d8a24a14
templates/cloudhost247_legacy/images/chart.svg,Administrative/internal,3990,89fcb95edad66a21ffbcd9bcfe8c4fb9a45cd28ee1129b49e2f74634ccd601c4
templates/cloudhost247_legacy/images/chcek_price_icon.png,Administrative/internal,657,57d04b89d85268931e3651624fd650c8e4f9181b35c5a4ff72e288532fd828f1
templates/cloudhost247_legacy/images/check.svg,Administrative/internal,2713,9992635f285846accee3508ff0e91f17655384299c33083d426cf2180b7e36e0
templates/cloudhost247_legacy/images/check1.svg,Administrative/internal,3064,ee6311824dd507bc3b88b1bab122df6a3811d8ac402ee19f1249db9bdf2fa631
templates/cloudhost247_legacy/images/check_list.png,Administrative/internal,513,21e7bf54ae7dd06ba5c9d91818e4ad4a0951701106b0702c0e0417dcabcae672
templates/cloudhost247_legacy/images/checked.svg,Administrative/internal,523,1884d6de205762bd957a8b0b37e73383109ea67c461e52ea88a97dc004372047
templates/cloudhost247_legacy/images/choose_icon1.png,Administrative/internal,1201,e22501e721131f11ddf733fad89115ca1053c87ed5eadb623cc7fbd3640d5edb
templates/cloudhost247_legacy/images/choose_icon2.png,Administrative/internal,2506,e53d3551e9927e62fbf1df4873131f1aaaef9637b8e855e4556a321eec70fbdc
templates/cloudhost247_legacy/images/choose_icon3.png,Administrative/internal,2404,25dc1ae04b8687e5c976fa6e1054708a42917b89dbe5f48894b8e72ec838c153
templates/cloudhost247_legacy/images/choose_icon4.png,Administrative/internal,2594,6a60defab3279d5a05f58fa39e983d6ffef3d3d5bb788587c837f9cadf510c4a
templates/cloudhost247_legacy/images/circle_deactive.png,Administrative/internal,4280,85fc78e8d8e7c035e1e5e2bf7e7775ff78938a68c8e7ee2a44c989f20ffbc5b2
templates/cloudhost247_legacy/images/click-restore-feature.svg,Administrative/internal,3327,ac74cd0b66e2802e6854aa39dc23673c87c60e6f11b9aaef1d6cc42c173cd3d9
templates/cloudhost247_legacy/images/client-icon.svg,Administrative/internal,2105,e6836fa0be04b02edde8dfb1c6e22310a6d0e38fa9cef978a691f1da062e84bf
templates/cloudhost247_legacy/images/cloase-icon-bg.png,Administrative/internal,796,9a2b93dcdcfd3ce95591dad450be39f08a329f6f6a4a23d1725a04de83b59b74
templates/cloudhost247_legacy/images/clock.png,Administrative/internal,1682,f473b88d6996a662ea143ffab536bf75d906105710daf46ece964e02117bb658
templates/cloudhost247_legacy/images/close.png,Administrative/internal,280,5d62e6c90005bfb71f6abb440f9e4753681cb23bbd5e60477ab6f442d2f0e69c
templates/cloudhost247_legacy/images/cloud-iconn.png,Cloud,3089,fbfaea4f0e7afba2602cad37457f2d40c0ffac855500af40919bb07848e02aed
templates/cloudhost247_legacy/images/cloud.png,Cloud,3608,bfaba4892ead7cbbd4eaa63f60a8966576d370133ea857c7948626185c357d73
templates/cloudhost247_legacy/images/cloudhost247-banner-wordmark.svg,Administrative/internal,1416,2462e65b2e8f9dbb914393f2c792d389c254fa3bc20eeb3c3fcbe32f078afe2c
templates/cloudhost247_legacy/images/cloudhost247-wordmark-white.svg,Administrative/internal,723,70357286ae42b5f9229654b9cad1deb4622706ac5a8b314ba37826cb1737e080
templates/cloudhost247_legacy/images/cloudhost247-wordmark.svg,Administrative/internal,723,a300331c2420a5542af4722379bdc0cf9ee58c79f72cd784326c973d0ce23922
templates/cloudhost247_legacy/images/codegaurd.jpg,Administrative/internal,12378,35d8ea88d80ec75b800a0769983a4e68a727b15738e4132f38c787d9e3d2b220
templates/cloudhost247_legacy/images/coma-about.png,Marketing,411,c9c0df028f848c815ee5f0c9d8026f595dc2a6f4030f1b48e383c068c624b2d2
templates/cloudhost247_legacy/images/comingsoon.png,Marketing,65127,1c6d359f15e2af8e40127517e58bf37aee6a9028817155887927b2e1f9cfc0ff
templates/cloudhost247_legacy/images/completeord.png,Administrative/internal,8214,082fd425d3c0f93eeea6470b9404babef5cf5c07df1ec64f816547ec550d01a6
templates/cloudhost247_legacy/images/contact-us-banner.jpg,Support,26246,89a7d88bc2a0ec9c09c7f708e7aa382dd7dceea60dd08f8a97d061477280fe49
templates/cloudhost247_legacy/images/contact.png,Support,681,27bcb7de75ebf7277e9dcee933ce7813a817ad0a6b80b9d55b838f83f10f3b37
templates/cloudhost247_legacy/images/control_panel_software.png,Administrative/internal,1315,b499f76a28cfbecf327dafc6ec4d624399e1fe871e673d61a2fcb34a8a8698b1
templates/cloudhost247_legacy/images/cpanel-back.png,Hosting,100433,b943a8b46de6355a4a029ce7020ac9bf5d48faabebe2b03cf6cae1a6b36501b4
templates/cloudhost247_legacy/images/cpanel-img.png,Hosting,45271,728ae99d124446c5028d6e6eb5a88bbbb79ccdef063e11189666476ed158f973
templates/cloudhost247_legacy/images/cpu.png,Administrative/internal,2786,7c8e7c7bc1aaf19fe980156a8e5105cc5672dee500471e0893aaf7a0b4906a81
templates/cloudhost247_legacy/images/crt-icon1.png,Administrative/internal,1478,4609dabc85128cf910072c39d06e8c6338290981c04014da2e33a1069153547b
templates/cloudhost247_legacy/images/crt-icon2.png,Administrative/internal,1401,06b753b4ff997f6dfc928e5dfd1ee379b0a2eb52dc129923f2826cfeec2f68f8
templates/cloudhost247_legacy/images/crt-icon3.png,Administrative/internal,1338,188af73248d2861f6282c96ac59904efddf511564bb221e3346a3d25af646d02
templates/cloudhost247_legacy/images/crt-icon4.png,Administrative/internal,1246,a87b7e0cfd881684e5ad35d23f9d488a8f97a28f5cae883a7a3fbf394054f1ee
templates/cloudhost247_legacy/images/crt-icon5.png,Administrative/internal,1296,8b24120ade2bcdd957ee2b91571f09a70cd097b0526c1d4398d8e2a0671b268a
templates/cloudhost247_legacy/images/crt-icon6.png,Administrative/internal,1547,ae4232037e089979c60da3c0cd6e042cd7361c433b8e1164b891ea239b2cbfd0
templates/cloudhost247_legacy/images/crt-icon7.png,Administrative/internal,1599,ad01c38ea8b9079925a781801d8ee971f8ad09d6af483d5e06220fff0a00b2c4
templates/cloudhost247_legacy/images/csm-icon.png,Administrative/internal,47107,cbb0766d5a438bd24f527e387d00b8dbd17b61726b07a802cd4050a29b7dd368
templates/cloudhost247_legacy/images/custom.png,Administrative/internal,3486,982ccf2fd7f9b2fe098d83fde933bbb755aa74ac5029822b641cad754b588808
templates/cloudhost247_legacy/images/custom_chnages.png,Administrative/internal,623,58ae396f7bf230c6d53777b02047ba50973be9cefc65d2b838fc99f5c8849c9f
templates/cloudhost247_legacy/images/d-arow.png,Administrative/internal,1093,850e529513ffbf7622909ae0b60fc318abf4bd14ff0ef38d6a1c7d91847153a7
templates/cloudhost247_legacy/images/d-block-bg-new.png,Administrative/internal,257958,d9241855fa9f2061f4df2a3128259272b5ec0f30131c9b7232572dd406aacc86
templates/cloudhost247_legacy/images/d-block-bg.png,Administrative/internal,40123,956dea7e4258c518cb6e5307e2299f8652a8828ee7954a914331263b53c96c12
templates/cloudhost247_legacy/images/d-icon-qty.png,Administrative/internal,1317,d6f3b48b9d713af1255850063f8910540b5af0e09c73d2511bdb1d4c1c2d7c9b
templates/cloudhost247_legacy/images/d-icon1.png,Administrative/internal,1138,64c5934864018ed782a971f2f87ecc1ef7c0212f5f06153124095e4956db4bbf
templates/cloudhost247_legacy/images/d-icon2.png,Administrative/internal,1196,7db312ab2f215907d15fe8023cdc888902956c003a6a9ffdbed86cc0a5539b56
templates/cloudhost247_legacy/images/d-icon3.png,Administrative/internal,1260,87318178a53b16a1ac73a54f501325b8d7512373e30d8f98abff8a4d5a77172f
templates/cloudhost247_legacy/images/d-icon4.png,Administrative/internal,1138,84fdf897e1ba3ff1321d692c4cf06fe14034680b71f7bcedd9d0e05dd1b55c56
templates/cloudhost247_legacy/images/d-icon5.png,Administrative/internal,1265,ccd40de520b451765387c536a3d6f94933851d67e57b3263656c0024fd88f8e3
templates/cloudhost247_legacy/images/daily-backups-feature.svg,Server Management,5194,c88ce398b69eb0a07a48de9917e6554ae2ec607ced5e8ea2d2ac44c820ca895f
templates/cloudhost247_legacy/images/ddos-icon.png,Administrative/internal,2617,527a03d6d42990772616b92ef10f17e91e9bc67c209851c3959d144b82341384
templates/cloudhost247_legacy/images/ddos-icon.svg,Administrative/internal,3278,b8a6af1af706ea6354ecea3dcc4f9b7af8944e1a0279736e5f6a309a7761c8bf
templates/cloudhost247_legacy/images/dedicated.webp,Dedicated,64572,6b03b5d302d18f4117624aea8b8c1abc5f3785ae6e27278015ab6851807ee1f0
templates/cloudhost247_legacy/images/developer_friendly-img.png,Developer,324218,741917cc604d6296bb866498c369cdcb6013fb716ee73d44e00f7bc5865ca0b8
templates/cloudhost247_legacy/images/developer_friendly.png,Developer,624,abf885a2b5dc8d83ea295302fedf01cc84a532359f0577b472997e3b5d1e41ea
templates/cloudhost247_legacy/images/developer_friendly_back.png,Developer,518293,35dd1cfd539f38e659a4aa09de243235e5bfca01b2b8676a4d0f96db38fd99c4
templates/cloudhost247_legacy/images/disk.svg,Administrative/internal,3285,6519169109a3b7321bbbe0de7238dd2b7ff61614ac834dca2bb68c8563aaaaf9
templates/cloudhost247_legacy/images/doller.png,Administrative/internal,1843,b7963a5c4163f7f8d4d05f437eedf02e07e82fcd6f2915eea9c871cc98877590
templates/cloudhost247_legacy/images/domain-1-img.png,Domains,2763,f162803204289022f29682fb5a8332936e8abac3971ac27ecb34b79a6ac83fb4
templates/cloudhost247_legacy/images/domain-2-img.png,Domains,2087,32903c12986313cc37028fe248c35606fa2b89d66b099468eb3f12596072f010
templates/cloudhost247_legacy/images/domain-3-img.png,Domains,2004,d48ac0d20ec75ebeddc747c01cff74c6db02cada8546d9559c1910e84635101b
templates/cloudhost247_legacy/images/domain-4-img.png,Domains,2407,ce3708b5c302ea5cb649994d1a12568085fb570326c2877a21ed29fb83aa45d6
templates/cloudhost247_legacy/images/domain-co.png,Domains,2087,32903c12986313cc37028fe248c35606fa2b89d66b099468eb3f12596072f010
templates/cloudhost247_legacy/images/domain-com.png,Domains,2763,f162803204289022f29682fb5a8332936e8abac3971ac27ecb34b79a6ac83fb4
templates/cloudhost247_legacy/images/domain-in.png,Domains,4006,98ce39501e688259a2cc686d13252840061c07c5e4ceaca19db4bdd07217b74b
templates/cloudhost247_legacy/images/domain-info.png,Domains,2407,ce3708b5c302ea5cb649994d1a12568085fb570326c2877a21ed29fb83aa45d6
templates/cloudhost247_legacy/images/domain-logo1.png,Domains,4006,98ce39501e688259a2cc686d13252840061c07c5e4ceaca19db4bdd07217b74b
templates/cloudhost247_legacy/images/domain-logo2.png,Domains,3088,d6fcc83877dc3ade92e687243ad70024315a44e4a1505bb141435bb77aacb532
templates/cloudhost247_legacy/images/domain-logo3.png,Domains,3852,7e45ad43f82cee227f9a9b9eb357a4511c794cf3a40348d5e6ab0fcad11df8bb
templates/cloudhost247_legacy/images/domain-logo4.png,Domains,4777,690c245638a14e84805c9bcbeaaa096f7f0aaf72f185e3c4b78aacf7c961a997
templates/cloudhost247_legacy/images/domain-net.png,Domains,2004,d48ac0d20ec75ebeddc747c01cff74c6db02cada8546d9559c1910e84635101b
templates/cloudhost247_legacy/images/domain-org.png,Domains,3954,b93bf47c81bfe8d8279ffcc589141a4cb7dc942e4eacbf7e0060283e28931bc5
templates/cloudhost247_legacy/images/domain-xyz.png,Domains,3852,7e45ad43f82cee227f9a9b9eb357a4511c794cf3a40348d5e6ab0fcad11df8bb
templates/cloudhost247_legacy/images/ecommerce-iocns.png,Administrative/internal,20718,3eab9cb8e658075c7ab52d1b5a4b420498fa462c49dc5d9463d2e31006045c1d
templates/cloudhost247_legacy/images/ecommerce_features_icon_analysis.svg,Administrative/internal,1273,87e3c9f1c771ba2194247e136bea2e3df4a9f5d2d1322b28da2635d0088aa8d8
templates/cloudhost247_legacy/images/ecommerce_features_icon_drag-and-drop.svg,Administrative/internal,2355,8d807207834f7f2d13531ee12997df2db93b58ceb17a3608c4ef8b28b2d75810
templates/cloudhost247_legacy/images/ecommerce_features_icon_google.svg,Administrative/internal,320,fe67fa5b3a52b864b9785424c55bb95245e08f2c67b8718ae62a1e223a9e1773
templates/cloudhost247_legacy/images/ecommerce_features_icon_shipping.svg,Administrative/internal,1294,729569d9445eb74ddac5e44aa36d829cab28c77af9510baf478532c4fc7423d8
templates/cloudhost247_legacy/images/ecommerce_features_icon_stock.svg,Administrative/internal,1065,d671803ceeafaf63c6ecac15b90ce004602189bb42287b7c7a41cafa57dbc477
templates/cloudhost247_legacy/images/ecommerce_features_icon_template-1.svg,Administrative/internal,1987,c6eaea98a41a9a2f943664a50ad276c3102c304e147bf6f73cc06e2a2b75fb36
templates/cloudhost247_legacy/images/email-feature.svg,Email,5791,1cb84bb9e9d5fd34a3cc784c704bd44ed65fe81c95ef4e4f339cdbee9934724f
templates/cloudhost247_legacy/images/email-security_banner.png,Email,23125,a7846aa6abc0d043bcd50d77914eb45d8e2663e8c6e2ebdf1a28e28481d62998
templates/cloudhost247_legacy/images/email-security_bg.jpg,Email,83652,10c07cac286214825c2f78eab51fd1ed1077f5fde09c620bbe89cb59e87871db
templates/cloudhost247_legacy/images/email_icon.png,Email,3064,527cbbd431eed2820f71903d67e6b1570d51d1e93e22676408f7f67a03314f0d
templates/cloudhost247_legacy/images/enterprise_server.png,Administrative/internal,656,97b9909bd104706c35db6a03b168e87e02e67256735cb0f39a4861b4d4c34689
templates/cloudhost247_legacy/images/enterprise_servers_back.png,Administrative/internal,33536,bba205128740457925a2c7c3171ad01767338a1aaa162843fed7fc9ed9920306
templates/cloudhost247_legacy/images/europe.jpg,Administrative/internal,2389,247981b61d868de3ed541bce3e32d258f6762417c3f0f0ba9fa8c556b52ad33d
templates/cloudhost247_legacy/images/extra-b-icon.svg,Administrative/internal,2786,f06d0e7b08eafb734830dd75ce7f36d5006019af3bc343617516d243a04ce483
templates/cloudhost247_legacy/images/faq-b-icon.svg,Support,1590,d8bd3d80e3583a26e0eb80309fe724bf55bf338f5769ca67975382ed2dae092a
templates/cloudhost247_legacy/images/favicon.ico,Administrative/internal,1150,7d6212175c6d81c091f829967730652ce66dcf645ece71f0edf69284e68d760c
templates/cloudhost247_legacy/images/feature-b-icon.svg,Administrative/internal,6746,bcbd10a6f6109ec13011e7058bffb94216ed545c4d500293eb9647423bf791d4
templates/cloudhost247_legacy/images/fgr-icon1.png,Administrative/internal,3817,edd5903031251eb12f619a7393fe8740302c9516d418f35e61919b7ad5aab505
templates/cloudhost247_legacy/images/fgr-icon1.svg,Administrative/internal,793,fb350d3e0a49c3c4c9e5a7689946a6088c38b4c1420ab15cfeacbc69eed340b7
templates/cloudhost247_legacy/images/fgr-icon2.png,Administrative/internal,6185,5b0bb6b43b154c231c11f1a2afe1496133b6a28db433269a3990ed2050a99ad5
templates/cloudhost247_legacy/images/fgr-icon2.svg,Administrative/internal,939,77ea5f84492f67556ad67a55cfa38d3701253c36d7270db07957bc30cf4c0f47
templates/cloudhost247_legacy/images/fgr-icon3.png,Administrative/internal,6547,0eecf285a0ad783dbc7b7b389a018ea369f9d3a9474ecf599d595eab6a173f02
templates/cloudhost247_legacy/images/fgr-icon3.svg,Administrative/internal,2983,29a6a64f7c7ec7481bcdcad6556e31046fa994e39fb5f4b04e7a087114909f3e
templates/cloudhost247_legacy/images/fgr-icon4.png,Administrative/internal,5086,8457d2194173f995130b7c41ed7cabed823cf84bb59632c90b6d458f240bfce1
templates/cloudhost247_legacy/images/fgr-icon4.svg,Administrative/internal,1419,490a9bea0c9625dfec8b1878211c8e70634e66c3f52f72f6848cba328bc160f0
templates/cloudhost247_legacy/images/fgr-icon5.png,Administrative/internal,23219,2e53e64f3bc8f765f70b64742dfae67a955a139a08a7ab02a20f591157a203dd
templates/cloudhost247_legacy/images/fgr-icon5.svg,Administrative/internal,1213,f53e64ccdeb5c5982ebab7cc4952de73fa20554ff07473a119fc5cd0203dc320
templates/cloudhost247_legacy/images/fgr-icon6.png,Administrative/internal,8215,d87f2caed3534c1f0b646cdcff6e158d46b11dc9caddff6b1ba3a4ff79a6b8fb
templates/cloudhost247_legacy/images/fgr-icon6.svg,Administrative/internal,1446,83560f1db9d0f099b5e3377619c732260d110fb66abe44309ae9dafc88c33f9b
templates/cloudhost247_legacy/images/fgr-icon7.png,Administrative/internal,13189,4be1d9bf4120db3a39371b09b97946505e224232735828533063aba45c07dec8
templates/cloudhost247_legacy/images/fgr-icon7.svg,Administrative/internal,1145,54bc109fd51e917cb6dec075805dc62badc7b082856743fa84a06cfd0ffc5874
templates/cloudhost247_legacy/images/fgr-icon8.png,Administrative/internal,2173,fb59bce291331c6b606d770275759237160cdf4c9f5a36bccf25988725d54e15
templates/cloudhost247_legacy/images/fgr-icon8.svg,Administrative/internal,1484,bcc45666212dee5e8eef7c25326ae51c15a16e94ffc83c39647877150e18db50
templates/cloudhost247_legacy/images/file-monitoring-feature.svg,Server Management,14700,a43bfa06bea73247b6479dd74d48c8307717c13b8ba79d084293855d24e97bab
templates/cloudhost247_legacy/images/flag1.png,Administrative/internal,1483,e00543dba2fb1935e6d7113e05b7afc35e93fdedace2e4c860586c759ce3962c
templates/cloudhost247_legacy/images/flag_icon.png,Administrative/internal,2216,e508135b9bf59e3139df889269de9f63e87d3333107d237ab3f4ed6bea8b3d57
templates/cloudhost247_legacy/images/flags/ad.png,Administrative/internal,643,8adee4d665c8119ec4f5ad5c43a9a85450e0001c275b6a0ee178ffbf95c4c043
templates/cloudhost247_legacy/images/flags/ae.png,Administrative/internal,408,6f20d866841c4514782a46142df22b70b8da9783c513e3d41d8f3313483fe38d
templates/cloudhost247_legacy/images/flags/af.png,Administrative/internal,604,c1054fb8d9595948aa96bc57c9ab6fb6b3770d2ee7e09ba7e46b09b21bf51bcd
templates/cloudhost247_legacy/images/flags/ag.png,Administrative/internal,591,0dfb5c39e2a3eebe18b431cf41c8c892ab5f1249caa09d43fa1dd7394d486cd7
templates/cloudhost247_legacy/images/flags/ai.png,Administrative/internal,643,721542818b00e197fea04303b0afc24763017c14b8cd791dfaf08411d9a99cae
templates/cloudhost247_legacy/images/flags/al.png,Administrative/internal,600,3f7278c0c4272b6ff65293c18cdbb7e2e272f59dabe16619c22051d319ef44e0
templates/cloudhost247_legacy/images/flags/am.png,Administrative/internal,497,e34d4e7961e7e994775dddfa994e4d9f709876634d36facff6bac70155597c23
templates/cloudhost247_legacy/images/flags/an.png,Administrative/internal,488,4c9bd8548dfa58fdf9e6ac703f94c8b96d8136c42b06fbdc8e2d8817e592ffde
templates/cloudhost247_legacy/images/flags/ao.png,Administrative/internal,428,49b0a50005440417bd679d03d4d78f9ba0d1c457285c97e94f36e56b1e8b623b
templates/cloudhost247_legacy/images/flags/ar.png,Administrative/internal,506,776fbb0600f99ccdc44e2ee7f8b6559988c443f3a754792585b1b7008aaedb91
templates/cloudhost247_legacy/images/flags/as.png,Administrative/internal,647,3ef7f1b82b2f28cae0c7df163c5ce9227ef37244da85118374869fc5f2e05868
templates/cloudhost247_legacy/images/flags/at.png,Administrative/internal,403,a3acc39d4b61f9cc1056c19176d1559f0dacbb0587a700afdbe4d881040ccd52
templates/cloudhost247_legacy/images/flags/au.png,Administrative/internal,673,a7f9683bc4240ef940ee3d4aaf127515add30d25b0b2179a6cdec23944635603
templates/cloudhost247_legacy/images/flags/aw.png,Administrative/internal,524,2dc58a1fcd65957140fa06ba9b2f1bd1b3643724cef0905e23e1561a5b3dfa5b
templates/cloudhost247_legacy/images/flags/ax.png,Administrative/internal,663,3f38a42fd54e4c7cb1154026f734bc444f9cc942b8b91f099cc65dccf6c7f431
templates/cloudhost247_legacy/images/flags/az.png,Administrative/internal,589,45da74f4c8a50cfc13ff612e9052a7df77fae155e20c2b67ec34c4e3d46dcebe
templates/cloudhost247_legacy/images/flags/ba.png,Administrative/internal,593,8aab9c83759b1a121043ae5526d7bd4174d6612c7d0c697609731e9f7b819b6b
templates/cloudhost247_legacy/images/flags/bb.png,Administrative/internal,585,93977880a9ae72940ed7560758b51a1ba32d27aa5fd2ad5ca38d86fe10061c1a
templates/cloudhost247_legacy/images/flags/bd.png,Administrative/internal,504,174d63b291981bb85bc6e90975b23dfd0538a28af9cd99e3530d750dfedf1807
templates/cloudhost247_legacy/images/flags/be.png,Administrative/internal,449,45f75a63fadde9018fa5698884c7fb0b2788e8f72ee1f405698b872d59674262
templates/cloudhost247_legacy/images/flags/bf.png,Administrative/internal,497,9069275d6c18aaf67463b1fffb7cdefe10da76cd955ee2c5022cff06efa241f2
templates/cloudhost247_legacy/images/flags/bg.png,Administrative/internal,462,c4838a24ad388f934b04dbf9dba02a8bc6e9e58d0a1076477b47b5987a5c2d64
templates/cloudhost247_legacy/images/flags/bh.png,Administrative/internal,457,d8dfd5dc5157e30aa9e241e4a7d13513dedf608045b6736716ea6c5ca4047855
templates/cloudhost247_legacy/images/flags/bi.png,Administrative/internal,675,f2489dfb66723f8585830a51ec1ff4f5a514f5b6fd8bfa423e2880118e18ba75
templates/cloudhost247_legacy/images/flags/bj.png,Administrative/internal,486,3eb78453cea7aac6afca9a54ec8a2b0d4998df40a0c5494534992fc38f5c2402
templates/cloudhost247_legacy/images/flags/bm.png,Administrative/internal,611,e8087faf03f478266cc279382009391155615af6a7f3eaa47b21717ce8eaa401
templates/cloudhost247_legacy/images/flags/bn.png,Administrative/internal,639,05a6a5da710bdd98eb1d8c9b097b687a34ace268e106bd3437298d0ffc8a7473
templates/cloudhost247_legacy/images/flags/bo.png,Administrative/internal,500,a802b4b4b31e9c87062e725760b052083ca0d2cc2cced10f44731688289c4ca5
templates/cloudhost247_legacy/images/flags/br.png,Administrative/internal,593,dff6f4d907290bdbe74812bf73b590f268694e0a30e64b4bb24b803a47b3e319
templates/cloudhost247_legacy/images/flags/bs.png,Administrative/internal,526,aabf518642010552de4ed24400d5d40fa7e6bf1142a183f4989dad88d7cede5e
templates/cloudhost247_legacy/images/flags/bt.png,Administrative/internal,631,ae10dea2abad314551038e08771857c6d67d3684487782275c094dab5dfda21e
templates/cloudhost247_legacy/images/flags/bv.png,Administrative/internal,512,f8dc302371c809ebda3e9183c606264601f8dd851d2b1878fd25f0f6abe2988c
templates/cloudhost247_legacy/images/flags/bw.png,Administrative/internal,443,166ffee51259387356bdadeb22cdc7d053fc89ef6f51ae3c774d522a4dfaf08e
templates/cloudhost247_legacy/images/flags/by.png,Administrative/internal,514,cc2b61fff898086df311b22f06fcb400e64c4627ef8495755b24e2f7f3e05429
templates/cloudhost247_legacy/images/flags/bz.png,Administrative/internal,600,f7ca75c8e16fb2a11cb30d9f9e7006505a719601b84a6135f478f62a7ff214f1
templates/cloudhost247_legacy/images/flags/ca.png,Administrative/internal,628,3a6c5facc8613948b81833101a2ff8c3a114813ce24077585faee268b8ffb541
templates/cloudhost247_legacy/images/flags/catalonia.png,Administrative/internal,398,58665da49b1ebca85993de6e799f423b4589359b2eb43cb6b8bb81223fc02b10
templates/cloudhost247_legacy/images/flags/cc.png,Administrative/internal,625,25d60905c65429304e895c47dfb9da424190d9be01d924b75cc5cb76a1bdf39c
templates/cloudhost247_legacy/images/flags/cd.png,Administrative/internal,528,d26464766b63c4c361821355ca7a36ef288ef72fd6bad23421c695e1dd527743
templates/cloudhost247_legacy/images/flags/cf.png,Administrative/internal,614,a476f7f6228a456d767f2f97b73b736cee01a64f0acdac1d0721dcd609476e8a
templates/cloudhost247_legacy/images/flags/cg.png,Administrative/internal,521,9b8814baab3cff79d037ee1cf49ecd8993d95169d4d8090d9a7d0eccf18d26fd
templates/cloudhost247_legacy/images/flags/ch.png,Administrative/internal,367,da8c749e3f0119f91875ddaa116f265d440150c8f647dd3f634a0eb0b474e2c9
templates/cloudhost247_legacy/images/flags/check.svg,Administrative/internal,2713,9992635f285846accee3508ff0e91f17655384299c33083d426cf2180b7e36e0
templates/cloudhost247_legacy/images/flags/ci.png,Administrative/internal,453,4a5179c7a54ce4395781fbb535bbffb03b4bdbd56046f9209d4f415b1ad5b19c
templates/cloudhost247_legacy/images/flags/ck.png,Administrative/internal,586,38d9b787d10aafadd8aa1deeae343dff8fee30d230d86dfab14df9002dfecb01
templates/cloudhost247_legacy/images/flags/cl.png,Administrative/internal,450,516cde928be7cf45bedd28cb9bed291035aa9106a21335a922ca1e0987a8fdb6
templates/cloudhost247_legacy/images/flags/cm.png,Administrative/internal,525,3e785d74c3a21a99972a38b021eb475d99940239bc0bc1a4020bc77a9ecf70e1
templates/cloudhost247_legacy/images/flags/cn.png,Administrative/internal,472,7058233b5bdfdd4279e92e9dfe64bd4a61afd7e76d97dba498ce1d5777b92185
templates/cloudhost247_legacy/images/flags/co.png,Administrative/internal,483,ddbda18a0e3a272e63f2a3e734893bd848fceb76855057ad263823edbb4ca4df
templates/cloudhost247_legacy/images/flags/cr.png,Administrative/internal,477,f22dbafc8eaee237cac9a35777e98818868e2e87e47b640bbf4c487afc10b07e
templates/cloudhost247_legacy/images/flags/cs.png,Administrative/internal,439,3fe11c2a0b4c2b50035c224d2e6c87ba19a05663811c459d4e3a2f780aede957
templates/cloudhost247_legacy/images/flags/cu.png,Administrative/internal,563,9fc72810592496349d14e13a4c5b61b8cae7388be4d5d395ac2bf99d2f3ed4fa
templates/cloudhost247_legacy/images/flags/cv.png,Administrative/internal,529,22650dac4b404ca32e73fe64df90e21a955ec8f67a3dc2ef50135d342143dabb
templates/cloudhost247_legacy/images/flags/cx.png,Administrative/internal,608,8dc0ef0ae06c717937acbf0bafd947cc9a0c9984bd6839bc6ba22c82857acd43
templates/cloudhost247_legacy/images/flags/cy.png,Administrative/internal,428,bd7198c76594a6ed1147412a4e37d1ae258d1fd9358d96ded9b524dbeea7bc30
templates/cloudhost247_legacy/images/flags/cz.png,Administrative/internal,476,0f39366d88fabe6f6f5c7a3cb6a11165de6bc6bc2108802c49df5f9840bc6541
templates/cloudhost247_legacy/images/flags/de.png,Administrative/internal,545,3323814006fe6739493d27057954941830b59eff37ebaac994310e17c522dd57
templates/cloudhost247_legacy/images/flags/dj.png,Administrative/internal,572,4be41bfd725282adc410a23488c290028b8a433e614dffaa49d0cb28d6bbb39f
templates/cloudhost247_legacy/images/flags/dk.png,Administrative/internal,495,0c9213be3a5cbc5d656093ca415d2b9f52de067d8ed5d7cfd704ce8cd0564d2c
templates/cloudhost247_legacy/images/flags/dm.png,Administrative/internal,620,c91813a9d0753c4f99503e7123c1b40b2c805ae36128afb9eb6384c275c38195
templates/cloudhost247_legacy/images/flags/do.png,Administrative/internal,508,505c31334e03e2280f5fe3ebbbc210f71f5ee7242c9021c3d5727ec4114b5b68
templates/cloudhost247_legacy/images/flags/dz.png,Administrative/internal,582,f2ea00daa66609ba95a18dac13f3ba0a3d2522f8edbcd109e5fd25fcf1289591
templates/cloudhost247_legacy/images/flags/ec.png,Administrative/internal,500,ab0ecc4936f0623e3e298ee6f45d88d208e13b72453ec1bbe2be0abdbefeabbb
templates/cloudhost247_legacy/images/flags/ee.png,Administrative/internal,429,6ebe8f7e33db530652a0b1c6394ec4f50a2fcc0b4a31d1ab33db65d6815dd087
templates/cloudhost247_legacy/images/flags/eg.png,Administrative/internal,465,e4c44b7ce8a72720e2ab8b38b8885fca36dda04daa14ae37909bbd501d853074
templates/cloudhost247_legacy/images/flags/eh.png,Administrative/internal,508,61eda51aebe540c16219767b5c8e64b821d6f857832d8594086fb871c817fd19
templates/cloudhost247_legacy/images/flags/england.png,Administrative/internal,496,24c0c0d1e833516a54d890cb63adcd6acbb40c14eac80e5bcd07d92df9ff4cfb
templates/cloudhost247_legacy/images/flags/er.png,Administrative/internal,653,cabe5eaa395a681fd51029ef603449bf31914b934f9aaa73486ca55ec77c31ba
templates/cloudhost247_legacy/images/flags/es.png,Administrative/internal,469,e9aa6fcf5e814e25b7462ed594643e25979cf9c04f3a68197b5755b476ac38a7
templates/cloudhost247_legacy/images/flags/et.png,Administrative/internal,592,69975a423a5a5eb1cc33c554756b6d97e9f52f8253f818a9190db1784e55558f
templates/cloudhost247_legacy/images/flags/europeanunion.png,Administrative/internal,479,75bd9bf0f8d27cff7b8005c1a1808d75923ab1ee606f7220b4b35616e3e5a8ad
templates/cloudhost247_legacy/images/flags/fam.png,Administrative/internal,532,dec6c95977d90a7e468b2b823d74cd92a79ba623ac3705028eeaf3669ba98906
templates/cloudhost247_legacy/images/flags/fi.png,Administrative/internal,489,543f426fb35ad2c761641a67977c8faf0d940d4054d0dc1d7433987ebc3aa181
templates/cloudhost247_legacy/images/flags/fj.png,Administrative/internal,610,bc4f5f74e61dfe349dcbc110cfcb0342d0adb0c052652831f3995dfa63bb9b70
templates/cloudhost247_legacy/images/flags/fk.png,Administrative/internal,648,e0bd7b739e42aeaac268f77133fc70a228e115553662811c015d2e082da054d6
templates/cloudhost247_legacy/images/flags/fm.png,Administrative/internal,552,8c115aeccde699d03d5124eb30f853129cde0f03e94e9d255eda0eae9ea58c28
templates/cloudhost247_legacy/images/flags/fo.png,Administrative/internal,474,5b9e9e43b1f7969c97a72b65de12afd2429e83d1e644fc21eca48b59a489d82a
templates/cloudhost247_legacy/images/flags/fr.png,Administrative/internal,545,79a39793efbf8217efbbc840e1b2041fe995363a5f12f0c01dd4d1462e5eb842
templates/cloudhost247_legacy/images/flags/ga.png,Administrative/internal,489,78565ad916ce1cf8580860cff6184756cf9fbf08f80d04197f567a8f181f9a4b
templates/cloudhost247_legacy/images/flags/gb.png,Administrative/internal,599,5d72c5a8bef80fca6f99f476e15ec95ce2d5e5f65c6dab9ee8e56348be0d39fc
templates/cloudhost247_legacy/images/flags/gd.png,Administrative/internal,637,859d360193bdc3118b13ded0bc1fe9356deb442090daa91f700267035e9dfecc
templates/cloudhost247_legacy/images/flags/ge.png,Administrative/internal,594,a911818976d012613a3cd0afa6f8e996cdffc3a32ba82d88899e69fbc55f67be
templates/cloudhost247_legacy/images/flags/gf.png,Administrative/internal,545,79a39793efbf8217efbbc840e1b2041fe995363a5f12f0c01dd4d1462e5eb842
templates/cloudhost247_legacy/images/flags/gh.png,Administrative/internal,490,375fa90eeba5f017b1bfa833e8b9257cde8a0d9f23f668fd508952278b096f22
templates/cloudhost247_legacy/images/flags/gi.png,Administrative/internal,463,e86dcc7ad5556b7202d34b1cbac72e3bb0b97b19fc43919ac7321da94a8f3973
templates/cloudhost247_legacy/images/flags/gl.png,Administrative/internal,470,2ef3adddb67b87cd2f61652cc6c807556bce0b63433958cc8ad49b8a3b4ff0ae
templates/cloudhost247_legacy/images/flags/gm.png,Administrative/internal,493,8f4511b0ca233ebe65e9c435b0d620a58bc607700469c9b4ea446d2b5db79952
templates/cloudhost247_legacy/images/flags/gn.png,Administrative/internal,480,a6216497c02291a2ea9b2a04d111362fd44f60e754ff74c81561ee730922dc98
templates/cloudhost247_legacy/images/flags/gp.png,Administrative/internal,488,6731b1de195ee6d2f1591c37bb86bc5806a43d559e881ab71f11628852388add
templates/cloudhost247_legacy/images/flags/gq.png,Administrative/internal,537,a15608299afdeed2939b687d4bee10e9440395f61d69e402c37a81b4f34bc6ef
templates/cloudhost247_legacy/images/flags/gr.png,Administrative/internal,487,5648d2078756ae0b084312c46b02d82905cd9fb84262267cafcf9b71828ac358
templates/cloudhost247_legacy/images/flags/gs.png,Administrative/internal,630,1f9d0507de88efae157e75f35c25265f5d9d3f06579178fccbbf50987029c93f
templates/cloudhost247_legacy/images/flags/gt.png,Administrative/internal,493,0be4d466871ec85bb3892855ae498b2a78e8fca992024ec7efcc119d08b1a844
templates/cloudhost247_legacy/images/flags/gu.png,Administrative/internal,509,b7114f95668c77e6293cb3138bf908989089179c37501a70fdc49eedb73c3d45
templates/cloudhost247_legacy/images/flags/gw.png,Administrative/internal,516,720539b86c555880637aef705aff4a2c5497a4b5efd633c1835371aee5d6a7ad
templates/cloudhost247_legacy/images/flags/gy.png,Administrative/internal,645,b09eae1eaca0581c47b0064825061e3939ee8a938c4c51d004b0868372f13413
templates/cloudhost247_legacy/images/flags/hk.png,Administrative/internal,527,21a3c54b0f51243f34747eeb2feb2b2627c29133e6e3a8a1126b7bda81708dab
templates/cloudhost247_legacy/images/flags/hm.png,Administrative/internal,673,a7f9683bc4240ef940ee3d4aaf127515add30d25b0b2179a6cdec23944635603
templates/cloudhost247_legacy/images/flags/hn.png,Administrative/internal,537,feb47c8bef0dde53d8f4596fe4791d21a8d0ea060aa5b44e1d16d2583cac63e1
templates/cloudhost247_legacy/images/flags/hr.png,Administrative/internal,524,b4d87ecdeef29042f05b26ad81fbfece47292270eb0cfb10ab132f18c3ce98cd
templates/cloudhost247_legacy/images/flags/ht.png,Administrative/internal,487,4b60e9e656f44feb7b97a0adac55107fe043fbbc0407950e283451d21d2a9050
templates/cloudhost247_legacy/images/flags/hu.png,Administrative/internal,432,61a2cecf8326a8da732499312a098f89d050d13546f6204e6204de38c550437e
templates/cloudhost247_legacy/images/flags/id.png,Administrative/internal,430,1f85c9e9a1a0def09db35b63b9aae2a3c4f92202d701322621c8cfddf8880162
templates/cloudhost247_legacy/images/flags/ie.png,Administrative/internal,481,c04b1e73243fab30031bcd1b13bbe6ffe5e0e931d2125a6312e239056a972cb4
templates/cloudhost247_legacy/images/flags/il.png,Administrative/internal,431,5432e244f03e3973153451b1ec88d649459580eab66e2df936fe2f70f2fed823
templates/cloudhost247_legacy/images/flags/in.png,Administrative/internal,503,0aa7543328f3fddde96ab8fc7e3a8b85732de57de6e84447b22964971f399f28
templates/cloudhost247_legacy/images/flags/io.png,Administrative/internal,658,00653024642da7ae95c9b56770c878d482cce1bfa7478d41e9f15abc61e1c46c
templates/cloudhost247_legacy/images/flags/iq.png,Administrative/internal,515,abf11b67187d489d9321ca074a83bf613b08cf9a9de9565fd923088e51096ab7
templates/cloudhost247_legacy/images/flags/ir.png,Administrative/internal,512,2354a8a69f05bf7b0fcfc5ed2f89facd8bd1d692d34513acc066103417783c44
templates/cloudhost247_legacy/images/flags/is.png,Administrative/internal,532,82327740504dcaa478299427e9f66903b832b684283e7493d68bfe4808727798
templates/cloudhost247_legacy/images/flags/it.png,Administrative/internal,420,c7992f57d67156f994a38c6bb4ec72fa57601a284558db5e065c02dc36ee9d8c
templates/cloudhost247_legacy/images/flags/jm.png,Administrative/internal,637,92244b267742bbbfbce7f548d5bd5e75449ee446f53032ab3bef03e53ec7fda1
templates/cloudhost247_legacy/images/flags/jo.png,Administrative/internal,473,d5d3b3c24da6db1b1cb098da2f8216aab85a2ba04d2088ad97495bbbb3b99da4
templates/cloudhost247_legacy/images/flags/jp.png,Administrative/internal,420,5efce88ac7228ea159bcf7fd1cc56d73c19428394218706524bac0e9151d4c61
templates/cloudhost247_legacy/images/flags/ke.png,Administrative/internal,569,38512a3038a8e8f4032aa627157463a0fe942f948159beadbd5c10974ae86a82
templates/cloudhost247_legacy/images/flags/kg.png,Administrative/internal,510,98caea2321d6742c57073d56ec0135a7c8bb97e65b9fd062a78c11f42a502e38
templates/cloudhost247_legacy/images/flags/kh.png,Administrative/internal,549,5d8706b032eba89228abe0180923cbe1445a27dbb8126b340a9fa4a0ca41827e
templates/cloudhost247_legacy/images/flags/ki.png,Administrative/internal,656,652161e3308e25802890895e4bbed778493ec36ced3fa740d8fd83b495f620d0
templates/cloudhost247_legacy/images/flags/km.png,Administrative/internal,577,569e0181ef9ac05189ba2a88ebe1de0b2763ba54f737a8251d74b5a94609c2d6
templates/cloudhost247_legacy/images/flags/kn.png,Administrative/internal,604,1729d04153ae46884480bc9f995f0852915159e1a0e9c47fac199316ebce1353
templates/cloudhost247_legacy/images/flags/kp.png,Administrative/internal,561,6bb1d910ab5186e0cf5518492442f6231470920e22250ad48a27a520b1d376e0
templates/cloudhost247_legacy/images/flags/kr.png,Administrative/internal,592,6fdd24bd96b3a482bc058d5c9bcfd6f1c664d91bbd47658d65ac5d852535f7fd
templates/cloudhost247_legacy/images/flags/kw.png,Administrative/internal,486,345630ebda3d8a5798bc5447ba38c694921596981289b6c494cab31d5c43e350
templates/cloudhost247_legacy/images/flags/ky.png,Administrative/internal,643,c6fe83ab80ec3c1af2e81b2409673af43a0a610eecc0f2e8233d2f3886a48255
templates/cloudhost247_legacy/images/flags/kz.png,Administrative/internal,616,b639f1e1e00cf0973f7feaf673326300e13de6e830aad5eb08937bf56ee77c3b
templates/cloudhost247_legacy/images/flags/la.png,Administrative/internal,563,d56dc25b3ef4af93f12db2b58b72c293e85da54d8615dae008290a73bdb6d0bd
templates/cloudhost247_legacy/images/flags/lb.png,Administrative/internal,517,24efc04e761e01ac6c0aea8941bce30038fe3af40eef643c2cb9f96d1efa0230
templates/cloudhost247_legacy/images/flags/lc.png,Administrative/internal,520,fc9572f63afedd18082ff89cc8e9c2b51abbf09610a381939672b763da655f31
templates/cloudhost247_legacy/images/flags/li.png,Administrative/internal,537,1235def1c1d682ce8a6c0ec7e569972cd27c70f1c72fb0f2c1ba651895af8eaa
templates/cloudhost247_legacy/images/flags/lk.png,Administrative/internal,627,2ea160f5aa9c7155d9b0a15029afe24e4309294b3b61fab6f79442481c6f3c53
templates/cloudhost247_legacy/images/flags/lr.png,Administrative/internal,466,008caee046d6d14e91edebcb74343133c4592a2a636f53535c01acbb1757f5ea
templates/cloudhost247_legacy/images/flags/ls.png,Administrative/internal,628,a9117dc093a45c55b48faa85495b8e91c4b1bf8ac52ca9e791efe329bd297aa9
templates/cloudhost247_legacy/images/flags/lt.png,Administrative/internal,508,23ddd0c23304f715e7c5e47f893afbc827a3504ec6f6f828b4d0beb93eafbd62
templates/cloudhost247_legacy/images/flags/lu.png,Administrative/internal,481,6f5ef26b9bebad3c5c6572533d23761e2afa46372a9b350bd08214abda19ada4
templates/cloudhost247_legacy/images/flags/lv.png,Administrative/internal,465,0153d9f72dcd5563daedd27f7e0407aee3f39fef74e8d75951777da986e05257
templates/cloudhost247_legacy/images/flags/ly.png,Administrative/internal,419,75bfedebfb9cc57d3ed2a6fc640c7540195604bacbd8cc8301b3a053deed199a
templates/cloudhost247_legacy/images/flags/ma.png,Administrative/internal,432,61b4918e0904f58a113f7132366b1ad9d458dc5311c505f3b9b94b8458620ee2
templates/cloudhost247_legacy/images/flags/mc.png,Administrative/internal,380,d29f945dba8413eb510d42b8b4bfe4e2bdf2bd81158254c4279d056cb0d4b5e2
templates/cloudhost247_legacy/images/flags/md.png,Administrative/internal,566,0b4e15588de7b1370b9aedb0cd642b53ecb5352bce6c646e06634c79cecf787e
templates/cloudhost247_legacy/images/flags/me.png,Administrative/internal,448,3081af04bbaf03a33b15a177af37f0e46ffdc09469bdd3200795f52626a6d693
templates/cloudhost247_legacy/images/flags/mg.png,Administrative/internal,453,cde4f13166c5a8ca794977b62911e567cdf7bb6b420c934f0c5b284df81c25c2
templates/cloudhost247_legacy/images/flags/mh.png,Administrative/internal,628,2c90e947b0b12087942c92d69afb98af57e6de1e5acb2059854d91817c3b2176
templates/cloudhost247_legacy/images/flags/mk.png,Administrative/internal,664,3c47fe838cab9f56788986f6d46b0b57bcc31b7e7365f6d152bd33dd8c57c48c
templates/cloudhost247_legacy/images/flags/ml.png,Administrative/internal,474,b0a3a403ea590be753788de634af4c557d05ae4d2b99e739953208d24eb2b1ac
templates/cloudhost247_legacy/images/flags/mm.png,Administrative/internal,483,ecb1de767e97ae04cc8fc646f0a533069bb6f5e87e67c8cff13fc8c88799d6a9
templates/cloudhost247_legacy/images/flags/mn.png,Administrative/internal,492,c6e6741d6773b599129eb5ead073d8cd5c59386aab87e80f2e7d0b9ffe2ae505
templates/cloudhost247_legacy/images/flags/mo.png,Administrative/internal,588,679136a489c373c80a4b8777411af88256904fdb276e8a15885f5f52baca1dbc
templates/cloudhost247_legacy/images/flags/mp.png,Administrative/internal,597,604d309375c31da91dce706037f4b3f1047fd04e82eedacc9d804f4abbaa70e2
templates/cloudhost247_legacy/images/flags/mq.png,Administrative/internal,655,990809b24a79d60ddf9c22d555f4c99ca53a2a06773e0da2db4905aa35104056
templates/cloudhost247_legacy/images/flags/mr.png,Administrative/internal,569,a74f38227aec752324c052e9dd1851122748801ccec7aef5ecfbaa0f94390e8c
templates/cloudhost247_legacy/images/flags/ms.png,Administrative/internal,614,31947948b6ba38909344a0a095c1b20dbc3532a8694c4c98b0d065976c172280
templates/cloudhost247_legacy/images/flags/mt.png,Administrative/internal,420,a20c8a35e42004c904e1a06115a9657b170d8090ebe26e96592139e1c8a9e358
templates/cloudhost247_legacy/images/flags/mu.png,Administrative/internal,496,5af9de01b0475f0f9e7ed942d4196de6e6ee018a2f24a5162e3dcb833e5cd3d4
templates/cloudhost247_legacy/images/flags/mv.png,Administrative/internal,542,d95a38f3825323e8bc65bbe40bc0092c569bd8835ecf5ec7c15d2446bb2fb7c8
templates/cloudhost247_legacy/images/flags/mw.png,Administrative/internal,529,be1c170846c234e90ad8b4000ee3ad324d524d8b31e7701540a8cd69f0666db7
templates/cloudhost247_legacy/images/flags/mx.png,Administrative/internal,574,656fb035a56a50a6431312527b106f65c7e03bb8711778018c8dc466d1d445ee
templates/cloudhost247_legacy/images/flags/my.png,Administrative/internal,571,1e7866925f0e0d350f2c74aa8ac3542be6e90b3c2be3c7f6b1ba0b641b53de9d
templates/cloudhost247_legacy/images/flags/mz.png,Administrative/internal,584,a421c9817192c8297e62b03d45309aea3672c8f5574443bab798822f4e5815a1
templates/cloudhost247_legacy/images/flags/na.png,Administrative/internal,647,b8dfe39c1ebe4ba174840ba7170a160a48f2b334ee84ea4f39d894a6e54c19ec
templates/cloudhost247_legacy/images/flags/nc.png,Administrative/internal,591,34268f88af259368d197e0cdc5448ee6d292704f37794cf1a2e65ff8643f6161
templates/cloudhost247_legacy/images/flags/ne.png,Administrative/internal,537,d9bfbea18ec6b302dc3903f8b2e68e15354b6568a39c2f9e38b1c14f910ce225
templates/cloudhost247_legacy/images/flags/nf.png,Administrative/internal,602,28a73055985dd55360513b5d178b6b722ce9000c9ee367cbe61d8bb717928501
templates/cloudhost247_legacy/images/flags/ng.png,Administrative/internal,482,4c4996cf57a4843fde19bd8b0daf0bde0c471fbd41e0a64ecf45fbab2dfefdfd
templates/cloudhost247_legacy/images/flags/ni.png,Administrative/internal,508,8054835206a359ca1b9cae507439a088fb33834c8daabb3f336bf4004abc2aeb
templates/cloudhost247_legacy/images/flags/nl.png,Administrative/internal,453,1546928846ee0a8377fd30865d4c43cef501eba7d775d494b98d1ce699627a4a
templates/cloudhost247_legacy/images/flags/no.png,Administrative/internal,512,f8dc302371c809ebda3e9183c606264601f8dd851d2b1878fd25f0f6abe2988c
templates/cloudhost247_legacy/images/flags/np.png,Administrative/internal,443,1e5b552bdfe4c2663f4e287c49d8a57a561c97d497f56212aab6782e942b3240
templates/cloudhost247_legacy/images/flags/nr.png,Administrative/internal,527,58d723462b9d68ae1293bb40f72d4a3006fc0f4b0eb96ec08c30c6d07cbc8d69
templates/cloudhost247_legacy/images/flags/nu.png,Administrative/internal,572,7dfe8222c16cc1070beb9fa11b6c969ffc6f7482832288950270a125bb774e50
templates/cloudhost247_legacy/images/flags/nz.png,Administrative/internal,639,095ebba705ab72032d0c17ca3936f7012a404a778a23a685c2cf943f22d9880e
templates/cloudhost247_legacy/images/flags/om.png,Administrative/internal,478,59509c4182f08201f20fb0039ba9477dfa3b3028ae602056f86a9cc982f0ff9f
templates/cloudhost247_legacy/images/flags/pa.png,Administrative/internal,519,48fc49c3010bd1530dd86066a61d5a9addadbf31e021c928da9da0cfa0d165f3
templates/cloudhost247_legacy/images/flags/pe.png,Administrative/internal,397,aa9ecf69a7d07664c50371368d4b6ab9e1f7f2dc31e0ef3693d8ff2cbab7427a
templates/cloudhost247_legacy/images/flags/pf.png,Administrative/internal,498,8346bfd255be99c8bdea0e4f8d6039ac824d4a85c4a974b0cfec245eb9c58318
templates/cloudhost247_legacy/images/flags/pg.png,Administrative/internal,593,04cd8be0fbd25ccd8017fb3d9a0a2b511adc215a168dbfe671386ce6a783c802
templates/cloudhost247_legacy/images/flags/ph.png,Administrative/internal,538,609f7123d9d23ec401c90b88f677a19125ca24e2899ebe1f3c75598623fdd251
templates/cloudhost247_legacy/images/flags/pk.png,Administrative/internal,569,19851391a22a4eee0c6a3bc4b9dec8ec2ee15d0133a8f7c8844f599c261219fb
templates/cloudhost247_legacy/images/flags/pl.png,Administrative/internal,374,34f6a1822d880608e7124d2ea0e3da4cd9b3a3b3b7d18171b61031cedbe6e72f
templates/cloudhost247_legacy/images/flags/pm.png,Administrative/internal,689,f007111a5672954f4b499ef9bae12bd9e741b7084bbe3c55bea6fd651ee61a27
templates/cloudhost247_legacy/images/flags/pn.png,Administrative/internal,657,a02a747916b3a5ed5283b6261258906408ef112351512627db0f2dda57b686cc
templates/cloudhost247_legacy/images/flags/pr.png,Administrative/internal,556,4fdcbf2a4a9ca30c22451dca2582c65c473889f75c78d2e6e1253aae82ac1d1a
templates/cloudhost247_legacy/images/flags/ps.png,Administrative/internal,472,e53ff276a447b9962ce84b38926dd1f088d6db653f8e936b5c19bfb4584aa688
templates/cloudhost247_legacy/images/flags/pt.png,Administrative/internal,554,ba636f1cb6bfd323dac1fb079cd002b5d486ed5eff54f4c4744b81316b257e96
templates/cloudhost247_legacy/images/flags/pw.png,Administrative/internal,550,ef5cee4b6289acfae6721efa130076f096d6a3481acad71178016416b17b6b29
templates/cloudhost247_legacy/images/flags/py.png,Administrative/internal,473,bd60963b2eb84d58eb01e118a2d0ba5453c717e8564a8fdb4aa10dd6b6473044
templates/cloudhost247_legacy/images/flags/qa.png,Administrative/internal,450,140a569d8ed63a59005323a6e06b704a908741c17e0b46b191b2316e2a62e1f7
templates/cloudhost247_legacy/images/flags/re.png,Administrative/internal,545,79a39793efbf8217efbbc840e1b2041fe995363a5f12f0c01dd4d1462e5eb842
templates/cloudhost247_legacy/images/flags/ro.png,Administrative/internal,495,0f83abcca7f07368819e3268d42f161edabcee4b56329c67de93779c1fba3ec5
templates/cloudhost247_legacy/images/flags/rs.png,Administrative/internal,423,a00b9d05c78c62b3eaee82acb12c2d39cc8f63381ee3563b6b8fc6c285dd4efc
templates/cloudhost247_legacy/images/flags/ru.png,Administrative/internal,420,c6e9489e25e7854a58db93acc5a91b3cc023d33a70c4931dce8d2ef2868b5e94
templates/cloudhost247_legacy/images/flags/rw.png,Administrative/internal,533,9e0e80b9ec85c4066624ea17a501b0ceeed5353dc27cf956203ab8254263e381
templates/cloudhost247_legacy/images/flags/sa.png,Administrative/internal,551,8a82f9366b0218584e72ba24eefdbf0f9dd6030480219e39f13cf1e7fe87a03a
templates/cloudhost247_legacy/images/flags/sb.png,Administrative/internal,624,6d4a0283689892275b974704a1b87e65a67af641d8b7034a661b4dbb91bd8416
templates/cloudhost247_legacy/images/flags/sc.png,Administrative/internal,608,ca20860642968fd26776098e80b113d8b9a1d48360837ed8ded94d65b0dc9abf
templates/cloudhost247_legacy/images/flags/scotland.png,Administrative/internal,649,500ffdc39a41504133171107588f13ad7a7ebce53fc28b423fa45e3e80f27ce9
templates/cloudhost247_legacy/images/flags/sd.png,Administrative/internal,492,e0cbd1960cc662ea059c0438b92449a25b6753fada4734875545ba0f79098ce2
templates/cloudhost247_legacy/images/flags/se.png,Administrative/internal,542,dc67a89a0d57005dad961a1213206395e0dfd8c7825249a0611e140bf211e323
templates/cloudhost247_legacy/images/flags/sg.png,Administrative/internal,468,84684a25002cca288c03df18dc0b2636e38a36dfdcb3d1a7a654aad1009efb17
templates/cloudhost247_legacy/images/flags/sh.png,Administrative/internal,645,6a95c6905aa2fc09fe242e417d82b12350c048f606337e1d2cc31e38579c8b88
templates/cloudhost247_legacy/images/flags/si.png,Administrative/internal,510,a2eb02e5ee0cdfb2911e2ae65cb45e070e116cd9c471422e62c9710246fe7209
templates/cloudhost247_legacy/images/flags/sj.png,Administrative/internal,512,f8dc302371c809ebda3e9183c606264601f8dd851d2b1878fd25f0f6abe2988c
templates/cloudhost247_legacy/images/flags/sk.png,Administrative/internal,562,dfad70c1a7d2e9aca6c8e11a5a61b16e5f6ce8bf5a28d4b47c479189ace5ffba
templates/cloudhost247_legacy/images/flags/sl.png,Administrative/internal,436,0532248fc289611fe2255aa94cbed9de496f9fcd144eee6fcedd2a1eb25ee554
templates/cloudhost247_legacy/images/flags/sm.png,Administrative/internal,502,9510efe392a1a661b235c71faaed1f58730b42472caa0f73a7853b1e10d584d5
templates/cloudhost247_legacy/images/flags/sn.png,Administrative/internal,532,cbef42bf392f983769bebb6f52b15b2468b633ecdac03204b492fefb694c6d95
templates/cloudhost247_legacy/images/flags/so.png,Administrative/internal,527,c1ee2a03d7d92ed81609c610f6bb8b1c211e4da3018162dff14cee0d96c65451
templates/cloudhost247_legacy/images/flags/sr.png,Administrative/internal,513,f24fdccbff3e936cbebd5a2beebc30a44cdca6ad85e77ce733009ca88b64fc34
templates/cloudhost247_legacy/images/flags/st.png,Administrative/internal,584,356b2af9a06d0db9b05f04c528cf7ccfca73090b29148090ca227f53611d8fba
templates/cloudhost247_legacy/images/flags/sv.png,Administrative/internal,501,9722f682cdac58479490bd4ad3e2988aaf69fff9f73c4795f586fd6537cc97af
templates/cloudhost247_legacy/images/flags/sy.png,Administrative/internal,422,24c2811e92c20a88522cd9872020bdce2f882d6718962eac26f5fb4c97e14ded
templates/cloudhost247_legacy/images/flags/sz.png,Administrative/internal,643,3af4d71e471cbd7d856300a36ee6cde5fc4d29e647f90cb934b0e6f82ffdc1fb
templates/cloudhost247_legacy/images/flags/tc.png,Administrative/internal,624,fcac6aff645d8048d395b4a1e0f418be4d823c51525ecbec1d6622e72de9620a
templates/cloudhost247_legacy/images/flags/td.png,Administrative/internal,570,2a2e1bd51f95d45678decd51701d3542673f9263fac5bd8d09fe6c70daf69511
templates/cloudhost247_legacy/images/flags/tf.png,Administrative/internal,527,8c8d63683cc5ba2b8533f6a7db65cac7b137e5957d37df734e96634ccd0cf2e3
templates/cloudhost247_legacy/images/flags/tg.png,Administrative/internal,562,95a500c7fb39f20d5c2687e174626c8cad7969389437feb825257e6cce3cd833
templates/cloudhost247_legacy/images/flags/th.png,Administrative/internal,452,9301b5300fa18b50f774512c3549ded45bf41c30359d1824ced7cca0cc75e216
templates/cloudhost247_legacy/images/flags/tj.png,Administrative/internal,496,776630c76b77c04a84aa0edb87decb646643c53d519949df2113a5cac4592095
templates/cloudhost247_legacy/images/flags/tk.png,Administrative/internal,638,64d2bb4ebc19d7ce6b32a640ef6831c0f3587c54686e3780e5736108b24bcc12
templates/cloudhost247_legacy/images/flags/tl.png,Administrative/internal,514,ca5fb285fc6b36cd5d03290983b96d029b0d584a6c03725728a2435969df2636
templates/cloudhost247_legacy/images/flags/tm.png,Administrative/internal,593,5012ff744573ece2ed5e8f6aeb6de891bae03a21700141511173d0a9d35a4237
templates/cloudhost247_legacy/images/flags/tn.png,Administrative/internal,495,fbf8002c6785f2bc3a7b1074b1b08d6fa96033b3a58f6e362e90e76162064c83
templates/cloudhost247_legacy/images/flags/to.png,Administrative/internal,426,f045097a337487211f80bfeaa3391aac99a5b54950380bd32c3d1c96b512f0c8
templates/cloudhost247_legacy/images/flags/tr.png,Administrative/internal,492,292d592f7fa1df2fa653ecc1e03d5eb2ae68277c6df264f762aefb8218e23454
templates/cloudhost247_legacy/images/flags/tt.png,Administrative/internal,617,393ae78c5cdf66036d404f65822a90abc168672d0a1c5093e4259ce1606e7298
templates/cloudhost247_legacy/images/flags/tv.png,Administrative/internal,536,81770d0d4d6ee76a8286becd00d111ea1ffd3220267651f95f559898f76b8d58
templates/cloudhost247_legacy/images/flags/tw.png,Administrative/internal,465,e59c331045b010a83f46ad25c592cf3f5415271b612fc9db8d32cf9158447dc6
templates/cloudhost247_legacy/images/flags/tz.png,Administrative/internal,642,4bf0a8872442348835eb7cb88cad7ef7992ab7017c2777281493214413bc3d5f
templates/cloudhost247_legacy/images/flags/ua.png,Administrative/internal,446,9ae2f204178855c4fdb29ce75a0a1b2588fc3db3a7084d29715876bacd293508
templates/cloudhost247_legacy/images/flags/ug.png,Administrative/internal,531,42cd5a9bc8408d673b97fa04e528a194772f85c2f3aa756e1386045cdaa10538
templates/cloudhost247_legacy/images/flags/um.png,Administrative/internal,571,7c655058691a6c837db9aac3c2f8662d8e06a6ebd3dd495cca6e691a67c1bf64
templates/cloudhost247_legacy/images/flags/us.png,Administrative/internal,609,36cce5cae3d2e0045b2b2b6cbffdad7a0aba3e99919cc219bbf0578efdc45585
templates/cloudhost247_legacy/images/flags/uy.png,Administrative/internal,532,9ab4ccd42c3869331626b86e9074502e47ad19db3253b3596f719bd850ff736e
templates/cloudhost247_legacy/images/flags/uz.png,Administrative/internal,515,a2870e6e9927c9ff0b80e6a58b95adb3463714f00733e9c3ddd3be1a2d5d17b5
templates/cloudhost247_legacy/images/flags/va.png,Administrative/internal,553,4ceb52d9a612b80c931d9530c273b1b608f32b9507e6b7009a48599eeb7f93e2
templates/cloudhost247_legacy/images/flags/vc.png,Administrative/internal,577,0bf42ce1f486108fa32afaba7976f0dea5dbbca2049b559f23d57a052124b6e2
templates/cloudhost247_legacy/images/flags/ve.png,Administrative/internal,528,6d04de1086b124d5843753e2bd55f137c2537bd47e0d5ea2c55ff3bc1da7293c
templates/cloudhost247_legacy/images/flags/vg.png,Administrative/internal,630,f3720add09557825a652d8998ac7bedf84239e5b9aecbdcffb3930383b7e4682
templates/cloudhost247_legacy/images/flags/vi.png,Administrative/internal,616,943fb60916b4286295f32e632fe5a046275e5cf84e87119a94f7f5e1b429e052
templates/cloudhost247_legacy/images/flags/vn.png,Administrative/internal,474,d05aa8078604f4560d99aacf12c80e400651e4ef9b0860b3ad478c2d8b08e36d
templates/cloudhost247_legacy/images/flags/vu.png,Administrative/internal,604,39779ad6848267e90357d3795bbb396deee7f20722f8e3d6c6be098a6f5f347e
templates/cloudhost247_legacy/images/flags/wales.png,Administrative/internal,652,a20ef40f442f089d0a5f5dcd089a76babd86f0fe3c243d9c8e50c6c0e4aef3ab
templates/cloudhost247_legacy/images/flags/wf.png,Administrative/internal,554,893ed4ccb23353f597bb7e9544ef8c376c896fc4f6fe56e4ca14aab70e49203e
templates/cloudhost247_legacy/images/flags/ws.png,Administrative/internal,476,7eb7d48fd72f83b5bcee0cc9bac9c24ad42c81927e8d336b6fd05fd9aefa0dcb
templates/cloudhost247_legacy/images/flags/ye.png,Administrative/internal,413,c2785bb08c181f8708b9a640ff8fe15d5ab5779af8095d11307542b6f03343a3
templates/cloudhost247_legacy/images/flags/yt.png,Administrative/internal,593,da7d65c048969b86d3815ed42134336609c9e8d5aead0a18194c025caf64c019
templates/cloudhost247_legacy/images/flags/za.png,Administrative/internal,642,48188165205cc507cd36c3465b00b2cd97c1cc315209b8f086f20af607055e49
templates/cloudhost247_legacy/images/flags/zm.png,Administrative/internal,500,794a2df87b0952ffd0fbcf18c9f61f713cff6cfafcc4b551745204d930fc1967
templates/cloudhost247_legacy/images/flags/zw.png,Administrative/internal,574,b546d55dd33c7049ef9bbfe4b665c785489b3470a04e6a2db4fda1fea403dc62
templates/cloudhost247_legacy/images/for-logo.png,Administrative/internal,151341,2693c024724f0eece11ae813da32692d1a041b51f51ca19d6be560cfc8002292
templates/cloudhost247_legacy/images/form-c.png,Administrative/internal,1088,ba389da144e3d06f8e019fdb8ab395b5cbe67f9dab028a1ebb3309e1390069c4
templates/cloudhost247_legacy/images/form-d.png,Administrative/internal,1302,8561615131b915c58cb9c16b219f584ca7ae86d5e3cdc69ec3507aac2de029b7
templates/cloudhost247_legacy/images/form-global.png,Administrative/internal,1270,7e0d916552c1bc5c9b6cf8a1641df0600b3b187d3d059f6b2805c34599c7aded
templates/cloudhost247_legacy/images/form_icon.png,Administrative/internal,20353,e6cd77b0a01b02e502c0b84247e72206bf4b53f5dc92c5e34a140dfdb2a9913d
templates/cloudhost247_legacy/images/game_back.png,Administrative/internal,22234,d4f16f8ba5574189b09586575f671d1f0430b2702bd33e5f42d101d8ef53ec55
templates/cloudhost247_legacy/images/great-services-peoples-1.png,Administrative/internal,18255,0465a5df414c073df238061a63bcbf2e06acab766601edfcb9fe8422992b2c23
templates/cloudhost247_legacy/images/great-services-peoples-2.png,Administrative/internal,13260,f5bef73fb3948a84114c9ff09359bdbf4a3f05c0fd803cea73a5bd3136fdcdf2
templates/cloudhost247_legacy/images/great-services-peoples-3.png,Administrative/internal,20772,bf30574e697425048b4f485d8059423a52384e88b9a548d9871f10953390ecc8
templates/cloudhost247_legacy/images/great-services-peoples-4.png,Administrative/internal,19368,db74ed5fb619479cc78666010266be30c7dc4d44cc25200dbee36af0fbb79ed2
templates/cloudhost247_legacy/images/great-services-peoples-5.png,Administrative/internal,14563,c1fb3ac6fd3c462faec119d0914dff000314995725578ad508a5dee96099e2e7
templates/cloudhost247_legacy/images/great-services-peoples-6.png,Administrative/internal,16124,1711b8e5c0a78c6c761488f06ef9f9df85b2bf0d70c77ad3c2ffc4385218e8af
templates/cloudhost247_legacy/images/great-services-peoples-7.png,Administrative/internal,17445,6ede5dcab88620ab20e856ca851bb7b4e3d51719380e29ed283a9b3166a74065
templates/cloudhost247_legacy/images/great-services-peoples-8.png,Administrative/internal,16097,4a214225e8be580aa2b06f9607041875b1c4fa15a5053ff487c344f68abce116
templates/cloudhost247_legacy/images/group-icon.png,Administrative/internal,1527,7d004453639ee4e99eaa3f86d261bae7da03cbd4afea99be154a61a96f39a528
templates/cloudhost247_legacy/images/has_no_block.png,Administrative/internal,3779,a14ffdddfee539b2889ef65c47476bd185980b966f27788c265db9891771104c
templates/cloudhost247_legacy/images/heading-bg.png,Administrative/internal,2839,9a964ac6f32b4f004867f3bd3ca6f6b20a6d376f32d909ddc7d850f39b4abb7a
templates/cloudhost247_legacy/images/host-logo.png,Administrative/internal,7939,4135e5c9c9bd18cc10a28b5b64ec94414c1f42a7cbd0f6476585b716b241be26
templates/cloudhost247_legacy/images/hosting_bg.jpg,Hosting,24449,72cd639a6c7c173bd9dbfe6c5d7bda068e0a424d1dbd99cc176a0d5d3f797f4f
templates/cloudhost247_legacy/images/hosting_icon.png,Hosting,2095,00f7c7e899be3f48af5264a0781acbbfe2ce396b8a78c07848a5843a1fa7f879
templates/cloudhost247_legacy/images/hosting_server.png,Hosting,664,fab504b7d620a8db117e529b12e47ada35fcf7796bc79546d1b85ea000cb49d3
templates/cloudhost247_legacy/images/hosting_server_back.png,Hosting,74249,ff5f0abe6275fe7aee6acf52288a94fd9493c4ceae28268ff45d9a638a7bb7cf
templates/cloudhost247_legacy/images/hosting_server_back1.png,Hosting,95417,1fa4cd6bce3cae26e6c40b3f4984b8616e3e53713ef2551b58e1de6289bba0fa
templates/cloudhost247_legacy/images/hot_bar.png,Administrative/internal,1685,562a4d0d7e45e9a480b922483ffca218ab35fd0654dbca2b702d9e5d8b56ae89
templates/cloudhost247_legacy/images/hot_bar_left.png,Administrative/internal,1677,55197528fea1dbd6e15efe08f27dd1154658e7e75019daf64e302bb7615bbec6
templates/cloudhost247_legacy/images/hot_bar_left_rtl.png,Administrative/internal,1686,1d281423f600b5e0d8036cde4fe7c273f707332c47750e4e1c6428bc2d9f01e9
templates/cloudhost247_legacy/images/hs-shape.png,Administrative/internal,2031,8fae39d08e473b4cddcd6765366f4b7600344b19e0250f4d2edac55f54300530
templates/cloudhost247_legacy/images/http-domain-ssl.png,Domains,22932,a070381ed6564141b8ef4efb550d7752181a7c3fa8970ed2331df49bd5b0a5ba
templates/cloudhost247_legacy/images/hx-business-icon1.svg,Business,3628,962c73cce9d0b73e70a67c612268418f7356a400cef35e813b79e637d33c76b4
templates/cloudhost247_legacy/images/hx-business-icon2.svg,Business,1920,0238b4cbd80d7ebcd59ad40c03e0a73d70a4ccd6a11e182d925c5c05af7747e6
templates/cloudhost247_legacy/images/hx-business-icon3.svg,Business,1981,c9b1ad948c7b077fca295f4e218a15cf0cc6c72d561e8aa08131b80145a53329
templates/cloudhost247_legacy/images/hx-circleimg.png,Administrative/internal,92698,6cb58ee30acf335109ed8eca0b71c7928c1217e4a6195a9cfed91074a02f0958
templates/cloudhost247_legacy/images/hx-icon1.svg,Administrative/internal,2288,beb55a901075e0fcb9f52d1c0d90eb0b363e2b63ccd2214d2e871fe31ace7f54
templates/cloudhost247_legacy/images/hx-icon2.svg,Administrative/internal,2004,43aa427ef73357886bdcd3428a2b7800598d23502703066fd3ddbe6b6421d400
templates/cloudhost247_legacy/images/hx-icon3.svg,Administrative/internal,1755,c72cc31631373a06914b79f4e8b7a9fd59c6faa9cfcb761b2220ff1f9008052b
templates/cloudhost247_legacy/images/hx-icon4.svg,Administrative/internal,3458,d8858773e49705c0d5ebd12a931077d1da697996c809d0fdd54a72d13bbcdb2f
templates/cloudhost247_legacy/images/hx-icon5.svg,Administrative/internal,1369,cf92ea64fa3f6af4c05317cc153c270bc0401a940be1e190afba6315c5cc4b59
templates/cloudhost247_legacy/images/hx-icon6.svg,Administrative/internal,1329,1de3651f5f7b94445a6e1b30ad4b17df2bb210c13291ba721e664a182bef6ab1
templates/cloudhost247_legacy/images/hx-img1.png,Administrative/internal,2087,ecdfa2784708702c1da9ec117ce96dcd915ee5f5b4d89fe367fd508a7248fba5
templates/cloudhost247_legacy/images/hx-img1.svg,Administrative/internal,3630,e8d57e91fbe532a21f8883dd42005f0abbf5b6f94fcab9cf3a8888875de4464b
templates/cloudhost247_legacy/images/hx-img2.png,Administrative/internal,1171,33920cb1ee456a0662610c2a6196870fab2b895642474d3d1dbf6bc27ab8871e
templates/cloudhost247_legacy/images/hx-img2.svg,Administrative/internal,1868,03540b124fb238163dadc15c8af5710c8cc78deda80194860515fda37fa6d622
templates/cloudhost247_legacy/images/hx-img3.png,Administrative/internal,1590,05ff7328cb150cab7353120b4ec23e8e1c05167b0beb92ad21685f189350a3bd
templates/cloudhost247_legacy/images/hx-img3.svg,Administrative/internal,1950,1cf4bc31c24dd45848598a09336c9b169628ff36c5e60c07b906c374850830c8
templates/cloudhost247_legacy/images/hx-img4.png,Administrative/internal,928,0a086df61d1096ccfcb86dfe9f74a2b109ec825d14a240c03d6f72d718fd549d
templates/cloudhost247_legacy/images/hx-img4.svg,Administrative/internal,1344,4f391fa7e2a4db9d4aaf1ce31d8a281e610a3ef297a5bb3a7a51a649db34b9e2
templates/cloudhost247_legacy/images/hx-mail.svg,Email,1556,7a96c6cce936882d24b4be44a66f9a5adcf056b5213d7bdbbe396a43f1bf4050
templates/cloudhost247_legacy/images/hx-right-arrow.svg,Administrative/internal,357,361bb4461254b93df3e33a15e6e12a64de09bc2990ce4c0a3ed63a5a40cc3fd1
templates/cloudhost247_legacy/images/hx-right-img.png,Administrative/internal,550334,ff45cd505f62125ee1b4968a9363e1fe020f6d45ebc24eadb0d97fd3bed95942
templates/cloudhost247_legacy/images/hx-right-img.webp,Administrative/internal,51708,f090ef92bf918be38d9624533247f96da11204e62abfa7a67a0287741411990f
templates/cloudhost247_legacy/images/hx-shape.png,Administrative/internal,1951,fd63d5f0d7d0174a2d303e11d72766bad185e59ff72249bc2625b5198ad0d012
templates/cloudhost247_legacy/images/hx-svg4.svg,Administrative/internal,1823,6ad178b1dd38f1dd637d05dd82f57cecf38c7d9a72dc298394e5b3bd8151ced6
templates/cloudhost247_legacy/images/hx_attchment.svg,Administrative/internal,2508,ceb07cc4771c14f597a2031859f371ef27f726de018bee1854174daf22db4c82
templates/cloudhost247_legacy/images/hx_db.svg,Administrative/internal,1734,3f265f3c8c0bd4d0353c10894ff6186cc4e3c0a9f4e5a9100675649b610fb866
templates/cloudhost247_legacy/images/hx_hand.svg,Administrative/internal,2346,85e2487d9c74faafe4ae1666f723cb3d7b140e06bc5d7e6ba432ca5a5136d405
templates/cloudhost247_legacy/images/hx_headphone.svg,Administrative/internal,1777,e5dab8cbd1ddf029fc8cbf4c510d320b4737c49b04b4470f257e22999050e055
templates/cloudhost247_legacy/images/hx_shape.png,Administrative/internal,1582,374a8356893a5055fdf566912779bdd2b45d36918bee5d2215456b1a468c1628
templates/cloudhost247_legacy/images/icloudlogo.png,Cloud,1260,ea004bda8f63d48ab18fda11433305ca396517770d663144a15f4ea1558efb05
templates/cloudhost247_legacy/images/icon-01.png,Administrative/internal,16124,e885ed943e9caff1f5427694f5db8908811cbb96352d452e3ffb4932374ba46b
templates/cloudhost247_legacy/images/icon-01.svg,Administrative/internal,3286,30bcef79af9ce1d2cb12fe3a2e5540bb983f5acffde1ad37b21ee2b79b7d1bbc
templates/cloudhost247_legacy/images/icon-02.png,Administrative/internal,12834,c07bbd4bd958d89f325a9502a7f698e86a25c1336884229e0588776a175dd933
templates/cloudhost247_legacy/images/icon-02.svg,Administrative/internal,3069,2d6561903806281360496b967312e64b95048cd3d2fb32cf2d49acd2616f7935
templates/cloudhost247_legacy/images/icon-03.png,Administrative/internal,12638,7a6108c531addb45078a103dee6cbf970bb39a408aad9b3a68475fa0228c4854
templates/cloudhost247_legacy/images/icon-03.svg,Administrative/internal,3170,08751d54def85ad4402af81da034bc11856a57358dcc54d65e7bea7d6add056d
templates/cloudhost247_legacy/images/icon-a1.png,Administrative/internal,3564,bb5c11a2e713b2e38f3163e5f4436b2bb5d74eab67808e329f49b212bf400a6d
templates/cloudhost247_legacy/images/icon-a1.svg,Administrative/internal,1046,344aeb7826e946b2a6107ac2d70e5b302bf797c09d905a54d78e4d5e44ab135c
templates/cloudhost247_legacy/images/icon-a2.png,Administrative/internal,2463,f0b758be4a3ac831bd000a3940cb783d7253a4093157007b2fefe17ace38db04
templates/cloudhost247_legacy/images/icon-a2.svg,Administrative/internal,1319,8a73120230adf4db1a3cf96f37ded06895a0e29f82b28a732119e18056fb9d47
templates/cloudhost247_legacy/images/icon-a3.png,Administrative/internal,2578,b6965f9cca3761e2e4ff5f124d0148ac436d950374354f8b769e3bcfc0bb9c5c
templates/cloudhost247_legacy/images/icon-a3.svg,Administrative/internal,714,f723a6f58f5a13e906dbaade2e9be02253ec1cf8afec71685ce64a605bf8e6a8
templates/cloudhost247_legacy/images/icon-a4.png,Administrative/internal,3057,d565ee0da7240260223d617c3b9f6f2178bc4919e4fb0698e1800e7e78e0e984
templates/cloudhost247_legacy/images/icon-a4.svg,Administrative/internal,1502,0dff38594ec8faa988ad4ed3ae9f5463aef3fa0c35bd5dfbd469e45e52d2b10f
templates/cloudhost247_legacy/images/icon-a5.png,Administrative/internal,3264,1e449a022743296966b61671051db8908ce6dd2ee2a129e79338e192f4bf92fb
templates/cloudhost247_legacy/images/icon-a5.svg,Administrative/internal,1105,203e594fd7d65a391a2098a987d54baaf43a278e244778697da275999f2d2c19
templates/cloudhost247_legacy/images/icon-a6.png,Administrative/internal,2478,82fb282de31fe0dc7ae15d44ce902618f6a1119e24fe48041b2a9925929b0b17
templates/cloudhost247_legacy/images/icon-a6.svg,Administrative/internal,473,f78daf49f97ff421741bc8a76dfa171bb4671d81e7f1630e7802f2e16a1ac5ad
templates/cloudhost247_legacy/images/icon-b1.png,Administrative/internal,3168,4074660f9ee86c53ffc602806d7f975a4c9f392a1d703e8ecbbd6424ff93e3e0
templates/cloudhost247_legacy/images/icon001.svg,Administrative/internal,4339,3d98cae95da5c47092862c9753d95046950ed1998531fa5607d6adc426f31325
templates/cloudhost247_legacy/images/icon002.svg,Administrative/internal,1599,61544a5b72e0e253f87791d0806c2733cdada40c3106591336856d8e95f7142d
templates/cloudhost247_legacy/images/icon003.svg,Administrative/internal,817,032d13a8c394b826dc09bdfcd541854dee54e433d924a323c2e9bf491df76859
templates/cloudhost247_legacy/images/icon004.svg,Administrative/internal,3176,3827e9837f911b9c773c53c644d1f519a6c807fbc8770f7c2ecedee916cdda76
templates/cloudhost247_legacy/images/icon005.svg,Administrative/internal,3132,ff8ae3ba0b2a1f4d796c0ed1e6a1b83377e7ebe1823df4968435ab70fbea03b3
templates/cloudhost247_legacy/images/icon006.svg,Administrative/internal,1944,cd6b179b8854de2db03fecd019679f8811d582e0e44859a213ad869553e8b15d
templates/cloudhost247_legacy/images/icon007.svg,Administrative/internal,3135,7051efa4b386da46b387e5632216359dbcff86ffef592f0e03fd5912e68404ae
templates/cloudhost247_legacy/images/icon008.svg,Administrative/internal,3358,fc4e11385a45a8620018a7c73333442e2865d19087eb107ff9da9b7498f3b533
templates/cloudhost247_legacy/images/icon009.svg,Administrative/internal,3535,d79a48adc229518b906c70e699d3996857b3657e2fa263df6f209e76ff86b766
templates/cloudhost247_legacy/images/icon01.png,Administrative/internal,1600,295f2f7d0b9141f32cd2bd8b06ca625a7e8511ed4334b64da21ccb4fcbddac6c
templates/cloudhost247_legacy/images/icon010.svg,Administrative/internal,4392,61932db1aa1100f79753796878a00b22153f3163f27ecb42197e47bf38bfa47c
templates/cloudhost247_legacy/images/icon011.svg,Administrative/internal,3509,afe99a702f868cae3e8b81ee5bd1951863a8ae47cef3942b322f7e4713fec5a6
templates/cloudhost247_legacy/images/icon012.svg,Administrative/internal,3982,eba7f91126ab514201f5935fe83a054533134fd500421be1e5640d1d2ba1cac6
templates/cloudhost247_legacy/images/icon013.svg,Administrative/internal,4001,682305d737e794cb77024624d22fb853b4fc55949a7a22544ac92473da4771f1
templates/cloudhost247_legacy/images/icon02.png,Administrative/internal,1588,051853ec2c0085782d371b7265622603a0eaadd5338aaf1b371ae41596166de5
templates/cloudhost247_legacy/images/icon03.svg,Administrative/internal,3091,74a66fafaf784ecdd19e7634c39863112a3b60bc8f6818b037c0667678de1326
templates/cloudhost247_legacy/images/icon05.svg,Administrative/internal,3132,2fbdf72bf2190abed8abe340cbe5aa6b64daec047746863bcccd915cbfca88e6
templates/cloudhost247_legacy/images/icon1.svg,Administrative/internal,4586,b61c32fdf6517fddab5f3729d4d01e95c0d4a2d5481b0b239c3efd76743081fe
templates/cloudhost247_legacy/images/icon2.svg,Administrative/internal,4011,ab20fc13b43eb055d6832c5fe0897b5167ffed47475de4bcbd046366b9e97154
templates/cloudhost247_legacy/images/icon3.svg,Administrative/internal,3845,efb65cc23f0354a1757cbc397015ea84237b25551d62b7153713301048c0c6d9
templates/cloudhost247_legacy/images/icon4.svg,Administrative/internal,2810,2c8ad968dd99687425a315ad9a770521b3a20f1f5e9380820ee9ed661d7189b4
templates/cloudhost247_legacy/images/icon5.svg,Administrative/internal,4167,2599b03f8c5f7163c2a011f7395c7a95592a57d4dfd0d80566411c9a498e5eb8
templates/cloudhost247_legacy/images/icon_1a.png,Administrative/internal,347,6ba9915f92acfebf96445281c9333c374eaaa413827cf502794769495567314c
templates/cloudhost247_legacy/images/icon_a1.png,Administrative/internal,20936,b3fc2751fdc7c260f6e32c3895e1ca2423e4f500a6a8e6a4892a6a7bcb070b33
templates/cloudhost247_legacy/images/icon_a2.png,Administrative/internal,20804,e3abbefe1b0b03bcd7a1b8af30662353a1e8469b7414e73ced05d2ce0ee76f4c
templates/cloudhost247_legacy/images/icon_a3.png,Administrative/internal,21045,b1fdd6fe3bc0a937cbc09d584b8ddec6f93cc1010517bc0fba605cd3a3a3b456
templates/cloudhost247_legacy/images/icon_a4.png,Administrative/internal,20853,0d10207090c4dbb19d4561cd7d948ed6ce8b3bcbd1ac6df6e395eacd24eed4da
templates/cloudhost247_legacy/images/icon_a5.png,Administrative/internal,20878,fe4c2cd5d886d88232dc9cded386e2384bc52c01d2eebde56409cdfe87b447bc
templates/cloudhost247_legacy/images/icon_a6.png,Administrative/internal,20996,00f88a0a083ee64a871444c989e88521188de518845d851f20e31e0ddcd09536
templates/cloudhost247_legacy/images/icon_b1.png,Administrative/internal,7195,0a7294f3078baa58ecaf8173e1ef6ba8b4d3af4fa43cd92691d1ff137cab5def
templates/cloudhost247_legacy/images/icon_b2.png,Administrative/internal,4779,de4f78638cd72ed691f0f170de1f386dffd0e068cc6d6acf642dbf725ad40af5
templates/cloudhost247_legacy/images/icon_b3.png,Administrative/internal,11170,7797bea20988e85189ad03a6cc977406fdfc2b3fee875cc9601192e024a14437
templates/cloudhost247_legacy/images/im-not-robot.jpg,Administrative/internal,5357,d24feebc2bee66741da9a633c2573da2898e68ff839ce2080996ba8d4e1d26e1
templates/cloudhost247_legacy/images/img001.png,Administrative/internal,63072,9194bf7ecd2ceabcb6c952b8e80c8cb3d3a2cb2da2035992ed1d7a1e6fee2daa
templates/cloudhost247_legacy/images/img002.png,Administrative/internal,25739,7e3f955a3d676b405354b18ba1d4310314736fa666d21eb8dda1e80bff81dd56
templates/cloudhost247_legacy/images/img003.png,Administrative/internal,73754,83b06f6157841cb540a184d95b601f8d61e611407ad2c01e266de068f78169d0
templates/cloudhost247_legacy/images/img004.png,Administrative/internal,50152,d7d37855b4976b71ae2c7e2277abae9f8aa470b280fec405b94dbdade11c50f2
templates/cloudhost247_legacy/images/img005A.jpg,Administrative/internal,314162,31a546eb2f1e42db61c87b4ed1d93d7ef4c8a62f95d51cd61dedc000f4a8301b
templates/cloudhost247_legacy/images/img01.png,Administrative/internal,38197,5bb07aa613591f7de32a9d766d645523e16e48752c2db114ec06397278ad0eb9
templates/cloudhost247_legacy/images/index.php,Administrative/internal,46,598ddbeae83886c015468daad0a7653e3f7f525f41e0f25522356d7b30e5c9f5
templates/cloudhost247_legacy/images/inner01.jpg,Administrative/internal,123095,92b2fa1d646487af6d5eef028b22c1fa6a1e7dec87b56ec485d3b0ee78a8e47b
templates/cloudhost247_legacy/images/issued.png,Administrative/internal,501,c7592843bc788258fd272c1a4ce2fafa066be2b49dcc87295bd305fce66c1f48
templates/cloudhost247_legacy/images/key.png,Administrative/internal,2139,2ed414f71ea6cb395c80b57c07d8da9c4f99b0eb72c0fcce781f3575b08f094b
templates/cloudhost247_legacy/images/knowledgebase.png,Support,772,607d2e19aefc1390d38812a1a2e95f4c50e23c23125279d7f16e76819406d0d5
templates/cloudhost247_legacy/images/kvm-over-ip.svg,Administrative/internal,5324,2d69fa656c688e9335e9209297c02bc065b2d95935a9c118385a4cf28740d897
templates/cloudhost247_legacy/images/layoutfive/arro.png,Administrative/internal,1466,3fa375e33c545c0468f238f55acc316c00ddf51b3a0b690c9c0c4c972995f76d
templates/cloudhost247_legacy/images/layoutfive/background-img.png,Administrative/internal,6286,4a2cfc72fe6cc5d3e675552066fafdd6ad140f765fda395d58fa32fec0242e19
templates/cloudhost247_legacy/images/layoutfive/bg-2a.jpg,Administrative/internal,12946,aceef2db0339482f343ffc95516b22aa3ada6b6b8f59c2b428db8e26fec29d79
templates/cloudhost247_legacy/images/layoutfive/bg-prple.jpg,Administrative/internal,25595,ab68325f88e928da445b89408bd34d2122e0bf2351016a8047ff6d16398796ca
templates/cloudhost247_legacy/images/layoutfive/bg-prple.png,Administrative/internal,91973,ec2b9a866acebc0f856cf2dc7af7348e1027ec7282cffb67a1b4cd76fbc7cc01
templates/cloudhost247_legacy/images/layoutfive/blc-5-icon1.png,Administrative/internal,1852,a0921b33b5e08cb77bb833c18264f9889039810d154ee51b1bc27f931de245f4
templates/cloudhost247_legacy/images/layoutfive/blc-5-icon2.png,Administrative/internal,15437,6631146116558ef0a13ddf86838aae152b4420557d6883f45031228c533d5f5b
templates/cloudhost247_legacy/images/layoutfive/blc-5-icon3.png,Administrative/internal,3867,4a349f8a85f66cf095ec6d067f21c14d1a6e04412c0b8114375d03a7d4bb8552
templates/cloudhost247_legacy/images/layoutfive/blc-5-icon4.png,Administrative/internal,5231,1943678d9cb6ee61b3a2ed25071a6b171c5c54b2254053fc300eee3275bcc919
templates/cloudhost247_legacy/images/layoutfive/blc-5-icon5.png,Administrative/internal,19756,18ef2092de4d25f57411092e56043300ae16f65229f241b8f01c8516670e17e9
templates/cloudhost247_legacy/images/layoutfive/blc-5-icon6.png,Administrative/internal,9476,d7d907288638f88b39a98369e6a669e4daebda0f3f9682c47fca88dd10c07bfa
templates/cloudhost247_legacy/images/layoutfive/blc-icon1.png,Administrative/internal,7750,aaf4b96ae0746c01bc6e3141b596abd9844b4a15a11d215ed0490abf6ccc86f7
templates/cloudhost247_legacy/images/layoutfive/blc-icon1.svg,Administrative/internal,4752,c6615ea53b84ac7a9e1fecea2d4523f426b97e1663ef1b4e4e8443f951d85ebd
templates/cloudhost247_legacy/images/layoutfive/blc-icon2.png,Administrative/internal,6639,7729bae1d14b2d5fdcc259e78ee47041fc051fd5b3f831f59959a8251908faf7
templates/cloudhost247_legacy/images/layoutfive/blc-icon2.svg,Administrative/internal,1792,d11a478a86be0f8ab4570e50cc17763f12e4d9813a8668fa59ea496029a5092e
templates/cloudhost247_legacy/images/layoutfive/blc-icon3.png,Administrative/internal,5528,8563264e9a270119dac776caca24997734de081558c286bf1f243ea7c84ffb98
templates/cloudhost247_legacy/images/layoutfive/blc-icon3.svg,Administrative/internal,2573,d1c99a70b95f837d0fe00d1bd3d5f85f478f30710cfb04e5c6b961a56acdc914
templates/cloudhost247_legacy/images/layoutfive/blk-icon1.png,Administrative/internal,6292,2cc9a9072ae982819558c5859b9ab1f23a9376d89d3fc84638234b14ed59a1a4
templates/cloudhost247_legacy/images/layoutfive/blk-icon1.svg,Administrative/internal,5670,e1702b3d46f8c30f79071bdc352f70895832f9f5d4e8e86fb54c93214a377a1e
templates/cloudhost247_legacy/images/layoutfive/blk-icon2.png,Administrative/internal,4509,42d7f2ad08d8c80956973e8ffd62181511098b908f1f4aefa3349f322f093b1f
templates/cloudhost247_legacy/images/layoutfive/blk-icon2.svg,Administrative/internal,3601,c2c5e9ad40ec50a32d5929834eb47e617674b90a376e2701e08573e35db7270c
templates/cloudhost247_legacy/images/layoutfive/blk-icon3.png,Administrative/internal,6553,6c04a36c8ba33366f010f701fb7b80ab54d36cab6132899a96402c923fcf2f2b
templates/cloudhost247_legacy/images/layoutfive/blk-icon3.svg,Administrative/internal,5787,162dfb7d9ff5dffff278ace1e04cbe3f9dcb403fe18d445921937830ff670f53
templates/cloudhost247_legacy/images/layoutfive/blk-icon4.png,Administrative/internal,4887,91e304cbccba4b37e3149cda4e2e90a9befe1769a81db51ede8063d05a68d1c7
templates/cloudhost247_legacy/images/layoutfive/blk-icon4.svg,Administrative/internal,3369,bc663863fd39401efb7c59d1a7535782833d979d757820c49bcb602b2745e282
templates/cloudhost247_legacy/images/layoutfive/check.svg,Administrative/internal,219,fba47ffefc5f45bb5397aa5818926d4518bb5e7b81af6392d735dfdd6313117a
templates/cloudhost247_legacy/images/layoutfive/circle_deactive.png,Administrative/internal,3795,3a52d4ac95aebe0e89ecf9dcc23456477965fc8218c69a7f2861a8ea80d3b2fb
templates/cloudhost247_legacy/images/layoutfive/cloud-iconn.png,Cloud,2726,5a232e225383bc6f3e77bbee7d02bcdbf85735b966b21c3e61501e336942640d
templates/cloudhost247_legacy/images/layoutfive/completeord.png,Administrative/internal,8891,978f172d75398d0d8cfc9974ba0287d37c0215c103a36893d95c384c9420e016
templates/cloudhost247_legacy/images/layoutfive/fgr-icon1.png,Administrative/internal,4556,1f203f4649eb39dc1cc1575552a22fc83f18cc2018dee7648fd43f6ca0373add
templates/cloudhost247_legacy/images/layoutfive/fgr-icon1.svg,Administrative/internal,766,d4c486277476ad1cba8ae28be48b8647235095c1d4a6f96f94547f7fb1329ed4
templates/cloudhost247_legacy/images/layoutfive/fgr-icon2.png,Administrative/internal,7259,f01e9889b311cec49d6376363aae9be962927ae1e6c4e8cb9cd87747df02dd9b
templates/cloudhost247_legacy/images/layoutfive/fgr-icon2.svg,Administrative/internal,1792,d11a478a86be0f8ab4570e50cc17763f12e4d9813a8668fa59ea496029a5092e
templates/cloudhost247_legacy/images/layoutfive/fgr-icon3.png,Administrative/internal,7292,a841c96134e9cf15e6d8189c09784c0eb82c77ba40c5931114d6efcf5e85a560
templates/cloudhost247_legacy/images/layoutfive/fgr-icon3.svg,Administrative/internal,5787,162dfb7d9ff5dffff278ace1e04cbe3f9dcb403fe18d445921937830ff670f53
templates/cloudhost247_legacy/images/layoutfive/fgr-icon4.png,Administrative/internal,6353,b4dc8f0dd8f1d971e75cfe2db2e030a18d9642e170eca1411152d5c32c234ef2
templates/cloudhost247_legacy/images/layoutfive/fgr-icon4.svg,Administrative/internal,2583,b6dd6d4663bb83ab0366f94bce129f0e0acd7f61fe24c08aa2118dae8828fdce
templates/cloudhost247_legacy/images/layoutfive/fgr-icon5.png,Administrative/internal,24617,4e18149cd7d610245466982c7a50733672b6b8ce360d3356f91920df7d4f00ea
templates/cloudhost247_legacy/images/layoutfive/fgr-icon5.svg,Administrative/internal,2310,2743f8ba24d1c5a73eef811b1a984220f598e250d35748875a82b6550e5bd7bf
templates/cloudhost247_legacy/images/layoutfive/fgr-icon6.png,Administrative/internal,8197,9ffdb7a47e78c62282d8f8cdc3f16dee0d02b211053bea46feae6e01f8a76b01
templates/cloudhost247_legacy/images/layoutfive/fgr-icon6.svg,Administrative/internal,2261,1d496e5b47deea109fbeaab65a55bc1d2db1af595b0e4b0993fb97cea9f41acd
templates/cloudhost247_legacy/images/layoutfive/fgr-icon7.png,Administrative/internal,14090,f06e8c0c289812eec23e389f4d4232b05df4ee8ed0995a2243d65ef0f2c45a04
templates/cloudhost247_legacy/images/layoutfive/fgr-icon7.svg,Administrative/internal,1812,0d08b7cdd47cb8dc73d94e3b61a5a1ae28d7ea9728e4512ea6e7122874bee0fd
templates/cloudhost247_legacy/images/layoutfive/fgr-icon8.png,Administrative/internal,2948,8d700c3cfd0965550d1209cd59eca7f4dc40f83af3269a3ed96bda969e3782ce
templates/cloudhost247_legacy/images/layoutfive/fgr-icon8.svg,Administrative/internal,2451,e6dc55fe541af5b4ad5a5143b0046f89adc364e1e818309df3bcd5ded55f94c5
templates/cloudhost247_legacy/images/layoutfive/heading-bg.png,Administrative/internal,2754,9f72c90261e567bc868281423f451ba08f1be7055e6c7acb03e59b1bd55969ea
templates/cloudhost247_legacy/images/layoutfive/hosting_icon.png,Hosting,2027,2d4a954f7523a54f58ca93ef8a117151ef05cce57f33136c2fab30d44379ecd5
templates/cloudhost247_legacy/images/layoutfive/hx_hand.svg,Administrative/internal,1315,1ed8df50bb98baa8da631ab4e44e3c7529f660f6fa61419966f1e02da7b594d5
templates/cloudhost247_legacy/images/layoutfive/icon-a1.png,Administrative/internal,3309,3a8979b6adc69f77683a85767fdd9b2a23531cd48475d86279b0cb458b5fc706
templates/cloudhost247_legacy/images/layoutfive/icon-a1.svg,Administrative/internal,2069,b5264c50d722f97a10c45be8f58371fb937a27e60279a7f4df034fe8a7bf9eb3
templates/cloudhost247_legacy/images/layoutfive/icon-a2.png,Administrative/internal,2190,948651aa5827b2dd1bd60b1b7fe352b93329b282c94a877c2a4cc7865a7732bf
templates/cloudhost247_legacy/images/layoutfive/icon-a2.svg,Administrative/internal,1982,d4ca5841ec8558c78d7a7cedd67232b529dfe0445daa37018ad93f7f203429ec
templates/cloudhost247_legacy/images/layoutfive/icon-a3.png,Administrative/internal,2299,6b301e2233515c082d47d0de5038bddda90f1521bb11f05aa1fd711e473b1a59
templates/cloudhost247_legacy/images/layoutfive/icon-a3.svg,Administrative/internal,848,e8c0d6b489521b4b255565dfc63914698748efcb65771bc16c8fbbc9b21dc425
templates/cloudhost247_legacy/images/layoutfive/icon-a4.png,Administrative/internal,2807,5d9e4c2c020158ed6ee36ffa9ebf56c44be0e3a1e321a54996acf0017ff109e5
templates/cloudhost247_legacy/images/layoutfive/icon-a4.svg,Administrative/internal,2708,540c41a1be968ef120dc1abcbe31eb054c763dac324c6f5e489a02fdd8c03e5c
templates/cloudhost247_legacy/images/layoutfive/icon-a5.png,Administrative/internal,2990,b973e8019d790ac1f8db9ebba96f81af791d049447a997dcc680069133325ba4
templates/cloudhost247_legacy/images/layoutfive/icon-a5.svg,Administrative/internal,1900,b44163ac0692394d743518de0ff08ee01f532d6f66894aa2156dbf8fd922e3c4
templates/cloudhost247_legacy/images/layoutfive/icon-a6.png,Administrative/internal,1615,a85587dd32de3affe262153b735018bb278ce087085209186fd182c3881aada5
templates/cloudhost247_legacy/images/layoutfive/icon-a6.svg,Administrative/internal,829,214d70f73f8ecc3130caa235cc47f2f73c97cd7ae633c98814b91c25a087eef4
templates/cloudhost247_legacy/images/layoutfive/li-about-img.png,Marketing,1147,48ccd3a248629c79acf8d65cee3cdff628642228f3b60ff694f9a8feb28be944
templates/cloudhost247_legacy/images/layoutfive/loader.gif,Administrative/internal,24077,4e009b3264cac8d5430de5ae8f06ce209c111548b01a3689446c8a73c8d3c5bd
templates/cloudhost247_legacy/images/layoutfive/lock-img-icon.png,Administrative/internal,1095,d80b82d3674744955d702db9f534bef0615ada877d25d26ec4a43b6bae3fbf9d
templates/cloudhost247_legacy/images/layoutfive/pending-icon.png,Administrative/internal,3012,070e8fdf8a24d0f6edab4552beb3ab819dcf42cc24d881eaea1d46c469019c79
templates/cloudhost247_legacy/images/layoutfive/red_star_shape.png,Administrative/internal,2366,efe901c540efbf1119457dbb99dac6ec657586eceb7e2b5c5cc9be2c99527cc6
templates/cloudhost247_legacy/images/layoutfive/server_icon.png,Administrative/internal,1526,9c3a1623c4e8c9cea8109993d198c23d1a1f5fe5a2d346710bb13c7bef06be71
templates/cloudhost247_legacy/images/layoutfive/sprite-icon-img.png,Administrative/internal,6549,3f567b7ad9b0b47cc6476035751ec79b813deb5beb3813df37d0da1a9e930030
templates/cloudhost247_legacy/images/layoutfive/terminate.png,Administrative/internal,3438,31c6577e4cd39a8c696066259c506b368a2a159a8c36639417138df379dcab29
templates/cloudhost247_legacy/images/layoutfive/ticketicon1.png,Support,3845,17275527a873f3b4b1d2ad82fda5c8399c0720f58478af6d2cc91de835280d8b
templates/cloudhost247_legacy/images/layoutfour/arro.png,Administrative/internal,1460,3e9a4e411f1a4b07e45768b93b27af2ee0fbb064a413d4f6d48fc844974b8c78
templates/cloudhost247_legacy/images/layoutfour/background-img.png,Administrative/internal,6277,d164afb3f728207be9f21ea24e2cdab14fd5ba4a6160801590449a2696047dec
templates/cloudhost247_legacy/images/layoutfour/blc-5-icon1.png,Administrative/internal,852,abc4244d5e1cd6a6b7524fae499af5c0df03d6b5e3398ec4a11b7664ec2cc922
templates/cloudhost247_legacy/images/layoutfour/blc-5-icon2.png,Administrative/internal,8536,e45551b51f1501e35e3a62637c942689aaf81b10c3f6ca5e22e59d29435096e0
templates/cloudhost247_legacy/images/layoutfour/blc-5-icon3.png,Administrative/internal,2436,cce2dd831347ecbdb48c6c55b4e229784091c28ebe4caf5f23c2f30b2dda22d5
templates/cloudhost247_legacy/images/layoutfour/blc-5-icon4.png,Administrative/internal,2062,0600fe924b456c176143f4f69a0fb32ec2af6f98c42c86ac4ba2017488b2b47d
templates/cloudhost247_legacy/images/layoutfour/blc-5-icon5.png,Administrative/internal,11393,0c46a068f00f2833cbac4c0c1521e52e1ef3eeb4919412a8c87f8003df7a3bdd
templates/cloudhost247_legacy/images/layoutfour/blc-5-icon6.png,Administrative/internal,5581,68dcc737a3e28aed6f21950e4694af762e3fc4080b7628018593e702b76c875c
templates/cloudhost247_legacy/images/layoutfour/blc-icon1.png,Administrative/internal,6333,cd1f2ace16ae40200b2f6e86bff526f5d1b1e877fa7778d9a6a5f055d53b29f4
templates/cloudhost247_legacy/images/layoutfour/blc-icon1.svg,Administrative/internal,11044,469cceff0264abb650ae79671a88ec901009f0133730c1eca0e706f415b251f5
templates/cloudhost247_legacy/images/layoutfour/blc-icon2.png,Administrative/internal,5706,93fd9c4d24f66ad0d720b0614b9ed75c1cfc0f63b18e52a1a149b4c48d21af15
templates/cloudhost247_legacy/images/layoutfour/blc-icon2.svg,Administrative/internal,3295,2dcdaea7d36e046ecfeed872574c0513ad0f93e46e34640daee44a67a42370ba
templates/cloudhost247_legacy/images/layoutfour/blc-icon3.png,Administrative/internal,4601,2a763eb10e393238e0e93c46375840e1bc39508d5969011554ebc30895612041
templates/cloudhost247_legacy/images/layoutfour/blc-icon3.svg,Administrative/internal,4609,b02352b04095cb22e3a4b96b5b0d3a9b2c07215e5503d7753fe7cf13a6a62d00
templates/cloudhost247_legacy/images/layoutfour/blk-icon1.png,Administrative/internal,5391,97235f01809c013903cc8e1ef51e3890b3c279f43d8dea2448417a197d4bd1ee
templates/cloudhost247_legacy/images/layoutfour/blk-icon1.svg,Administrative/internal,11234,71f619920f857ce7a47fc541a913eec65c93064c974939b6edb5413dcfeeb06c
templates/cloudhost247_legacy/images/layoutfour/blk-icon2.png,Administrative/internal,3665,81683a9c7e3f821bf0d9f1314422d485a48a26d8f72c50754e7e637f40d32b7b
templates/cloudhost247_legacy/images/layoutfour/blk-icon2.svg,Administrative/internal,6980,eeca3d01cdbd30a3fa929a2a46e00f270f83abb538d91151179a34c769ae61bc
templates/cloudhost247_legacy/images/layoutfour/blk-icon3.png,Administrative/internal,5471,abc8a4ea2da7575ce235d07d7c720042d0d1336161a8b076148112f5b6c44d8f
templates/cloudhost247_legacy/images/layoutfour/blk-icon3.svg,Administrative/internal,13021,008585c1d32206653e5cdd7e359f97d24296f498e2520d9851d237131e968bf8
templates/cloudhost247_legacy/images/layoutfour/blk-icon4.png,Administrative/internal,4093,c9d734a5925349c3fb18131c7d10aec72feb7df38485776883c8f38e072fccb8
templates/cloudhost247_legacy/images/layoutfour/blk-icon4.svg,Administrative/internal,7016,3300ff84fad81a9e895957427adfae9bdb2cf630f20aaa4e66f289c6ea668107
templates/cloudhost247_legacy/images/layoutfour/check.svg,Administrative/internal,2713,9992635f285846accee3508ff0e91f17655384299c33083d426cf2180b7e36e0
templates/cloudhost247_legacy/images/layoutfour/circle_deactive.png,Administrative/internal,3158,b46adc627911849cd223304422b7bcc92753109db6944911f3afb4a36c8177aa
templates/cloudhost247_legacy/images/layoutfour/cloud-iconn.png,Cloud,2142,908a8f936c096888a7973d036c29c5a9adbd9830fc1607383e570aceef347042
templates/cloudhost247_legacy/images/layoutfour/completeord.png,Administrative/internal,8256,f1d3d1ff3cb503d48cd5ddb47c1f1b53877d6d37ec05fd75b826c1b4dc535461
templates/cloudhost247_legacy/images/layoutfour/fgr-icon1.png,Administrative/internal,3856,15da4d9d881d0e906e6c8d7e3eda9e7157e79091f9120a6271f68cd64c09ca38
templates/cloudhost247_legacy/images/layoutfour/fgr-icon1.svg,Administrative/internal,1266,db3e948be43f48d29d6afea49986b88d272b8aa044aea59b47118e1da2de2697
templates/cloudhost247_legacy/images/layoutfour/fgr-icon2.png,Administrative/internal,6214,050613902dee7b1c2a8c312b29c079839811fd1f20fec29b691fce4a8c10add4
templates/cloudhost247_legacy/images/layoutfour/fgr-icon2.svg,Administrative/internal,3295,2dcdaea7d36e046ecfeed872574c0513ad0f93e46e34640daee44a67a42370ba
templates/cloudhost247_legacy/images/layoutfour/fgr-icon3.png,Administrative/internal,6500,0bf3d8255e5785ca135fd3d57006c1abf81965df0f1291a137db2e73cb979774
templates/cloudhost247_legacy/images/layoutfour/fgr-icon3.svg,Administrative/internal,13021,008585c1d32206653e5cdd7e359f97d24296f498e2520d9851d237131e968bf8
templates/cloudhost247_legacy/images/layoutfour/fgr-icon4.png,Administrative/internal,5110,05ff0535724847924d5e992a6e6c652737eacde9e5d48c458eb0e723470691f9
templates/cloudhost247_legacy/images/layoutfour/fgr-icon4.svg,Administrative/internal,5541,ce0b6c993786667d44a6f74d290edd88233be056945435bc0efb49ee938145e2
templates/cloudhost247_legacy/images/layoutfour/fgr-icon5.png,Administrative/internal,23403,1d592695068cf5260fe98ac54de74f34c4ce7680366fabb17d0e08539ea85a7c
templates/cloudhost247_legacy/images/layoutfour/fgr-icon5.svg,Administrative/internal,4668,a00b9b231d2d4af8293ecfcf0366e49ea2cacede1bfc3db717009ea3ea3df79b
templates/cloudhost247_legacy/images/layoutfour/fgr-icon6.png,Administrative/internal,8146,5481ed90ad6b8284c3d9c69e8e5226907b9e382a490e087e30df5713583f3bf7
templates/cloudhost247_legacy/images/layoutfour/fgr-icon6.svg,Administrative/internal,4536,403aa42d5a9a8bc26d0c228086551f4d4680aaeb68b6c530aa377ee55cc4e332
templates/cloudhost247_legacy/images/layoutfour/fgr-icon7.png,Administrative/internal,13176,e33f20a70b0a6ce8b7efe9ecffc44f2727b4cee0f83d6786c10c9ca61b2c79c2
templates/cloudhost247_legacy/images/layoutfour/fgr-icon7.svg,Administrative/internal,3688,9325b0766de1529f9dfe1205d9a57c7e8759c8f45898e5d3783b85b084a783c3
templates/cloudhost247_legacy/images/layoutfour/fgr-icon8.png,Administrative/internal,2131,cfca7d5b6d3a0a57ec9c16eca01a56854aa1dffc6bdb14a58f64a03979ea78ac
templates/cloudhost247_legacy/images/layoutfour/fgr-icon8.svg,Administrative/internal,5709,253e81ecba5f97967765258dcbe773bd48bcfa8897e347cae451725d166c6b57
templates/cloudhost247_legacy/images/layoutfour/hosting_icon.png,Hosting,2095,00f7c7e899be3f48af5264a0781acbbfe2ce396b8a78c07848a5843a1fa7f879
templates/cloudhost247_legacy/images/layoutfour/icon-a1.png,Administrative/internal,2152,9c8e4103c6b17fc2884ea20456359b29888f0fcdc0b7ff8f4dd7ab8d94eee387
templates/cloudhost247_legacy/images/layoutfour/icon-a1.svg,Administrative/internal,3828,f187c126cdd8db9ebacdf1e0d892dc3b7f541a91a938abe929dd3128856f11a8
templates/cloudhost247_legacy/images/layoutfour/icon-a2.png,Administrative/internal,1017,0ba53dfce0f1922734e71c5229bcff6f8e0387fce08165733d7776c26e719c74
templates/cloudhost247_legacy/images/layoutfour/icon-a2.svg,Administrative/internal,3658,f030938d046631dfaf14fe0cf740674542e7ddcc8d6dddc1fb958715a03a84c1
templates/cloudhost247_legacy/images/layoutfour/icon-a3.png,Administrative/internal,604,d8d7da7273334f437602c6928f687628d7b58e3122eaebeb531bc908b46eaabd
templates/cloudhost247_legacy/images/layoutfour/icon-a3.svg,Administrative/internal,1604,c3637fc413caeceaf4ed656e8fae8fc132b00d75a73357d782e9a969d09987bc
templates/cloudhost247_legacy/images/layoutfour/icon-a4.png,Administrative/internal,1685,cc170bfee8a499cda54df64aa7c7ed6b7b753f6fc7d6719ee6b5124df4406705
templates/cloudhost247_legacy/images/layoutfour/icon-a4.svg,Administrative/internal,5419,37fa23ad295d42d64f8c3f8491ba48a40d4e9f88618ebab93f7812b10fcde648
templates/cloudhost247_legacy/images/layoutfour/icon-a5.png,Administrative/internal,950,280a05fda7c495265ad01247c561b6bacdd0c0ca0911bfb08af2cbf9874a7b6a
templates/cloudhost247_legacy/images/layoutfour/icon-a5.svg,Administrative/internal,3505,675f45ab8b941d5266e7520f1dde0245376c4e304019ad13bff7ab30d5526bcb
templates/cloudhost247_legacy/images/layoutfour/icon-a6.png,Administrative/internal,515,654f2546f2066232694cd11dc091a9c09db2d56dd1da1413a5a0dbbfe60c16d1
templates/cloudhost247_legacy/images/layoutfour/icon-a6.svg,Administrative/internal,1303,fb33e22f6708b61e4d04624a42a404fb25983394ee4758991c632039f096085e
templates/cloudhost247_legacy/images/layoutfour/li-about-img.png,Marketing,1155,9505d9ccf20a36b0ceed4c3285a96f74726f282cdf274791505e887c5e81f27e
templates/cloudhost247_legacy/images/layoutfour/loader.gif,Administrative/internal,24078,f6684069b92c073f4d1310f1505de3b656dbf390e1f6fc75f04e07d23c7d9d49
templates/cloudhost247_legacy/images/layoutfour/lock-img-icon.png,Administrative/internal,1089,0c9d142788c12d1ee2fdf19f2b021d8b0b3d852fe930d0fa58d9fda3e2f9fa83
templates/cloudhost247_legacy/images/layoutfour/pending-icon.png,Administrative/internal,1648,0259e24aff907829b08492c5fd3415173e7d5e4ad25b00e1b4c4b7e98dceaf02
templates/cloudhost247_legacy/images/layoutfour/red_star_shape.png,Administrative/internal,1253,23039fe46837911b6a35cebd878c9cc872da7a89539e2264a5baebb32b02e6f3
templates/cloudhost247_legacy/images/layoutfour/server_icon.png,Administrative/internal,1503,0eaf2d888688f1884459037f49f1d286fcf3a86309f6d0477d2b3aece0160f3b
templates/cloudhost247_legacy/images/layoutfour/sprite-icon-img.png,Administrative/internal,6561,4e3e95c63ed5d42ae55389abec29b050d6be8a260a8826b4c4c7f883b9635396
templates/cloudhost247_legacy/images/layoutfour/terminate.png,Administrative/internal,2184,61aadba8f6e9d8512bc2c32dd25231b045aafc695391f7597bcd4599848a6073
templates/cloudhost247_legacy/images/layoutfour/ticketicon1.png,Support,4275,92304caae28259014ea274b95f09acca1773871961f3c8ad61fe92093d27d7a3
templates/cloudhost247_legacy/images/layoutthree/arro.png,Administrative/internal,1460,1280e2630456d951ba521ef80a736c83dbddaace57b121b0e87e3d9450a15b8a
templates/cloudhost247_legacy/images/layoutthree/background-img.png,Administrative/internal,6251,ea1ea0d22c8f5a436d897c9cb484b8b315476ca1ef7375371123d0f8c488e134
templates/cloudhost247_legacy/images/layoutthree/blc-5-icon1.png,Administrative/internal,972,406a0248d0d2d72ef60ea281beeb5d22bb44046b4eef39dc8576506d0cb697a6
templates/cloudhost247_legacy/images/layoutthree/blc-5-icon2.png,Administrative/internal,12215,27b01256605e86af56d2f7fb8e20e94eac6524ac697f68f4c66f0adf6d720d68
templates/cloudhost247_legacy/images/layoutthree/blc-5-icon3.png,Administrative/internal,2280,5d5753d46291dcec168b89786138bdbfc4159b7146e7876b65c70ab9364fc7d6
templates/cloudhost247_legacy/images/layoutthree/blc-5-icon4.png,Administrative/internal,2941,f0ae9eaad50561996fa705c413d8d43063bcca61d087591aebbab47ee0158702
templates/cloudhost247_legacy/images/layoutthree/blc-5-icon5.png,Administrative/internal,16695,ff7e12b94c959ddf2e930fb91ac858783279c04d8c2fc04b7465ab3a33ea7196
templates/cloudhost247_legacy/images/layoutthree/blc-5-icon6.png,Administrative/internal,7312,e8e7ba2f3e59278c5ca3f99f2e072d4358d6f21be80631b5e320f1804dffde2a
templates/cloudhost247_legacy/images/layoutthree/blc-icon1.png,Administrative/internal,3294,ef7a308e4073a83d2e9c97a889ae07dd6b415bac4444ea0b5e4e24187ea7b2ae
templates/cloudhost247_legacy/images/layoutthree/blc-icon1.svg,Administrative/internal,11071,aadc328c0f0241c6ee6fb94e0db337273ddd42157723f0ab8222e07b4a673c78
templates/cloudhost247_legacy/images/layoutthree/blc-icon2.png,Administrative/internal,4348,ff2d6b56c4e9f894ad280df014d7415d2f6ad9e2f6de9e0d63491f54fd5ce804
templates/cloudhost247_legacy/images/layoutthree/blc-icon2.svg,Administrative/internal,3295,c453353e598faa963e3807620b021666da676d99515aab0b5524d5aaeba0e804
templates/cloudhost247_legacy/images/layoutthree/blc-icon3.png,Administrative/internal,3306,8d84d64260892e83d9c2c30d6a318fc27abe80b91f7033f749799e0eac1cd23c
templates/cloudhost247_legacy/images/layoutthree/blc-icon3.svg,Administrative/internal,4609,8c0ebcef4f89832993fb5649861baca9cd37278c9a03454e2fa481d19a3acc9a
templates/cloudhost247_legacy/images/layoutthree/blk-icon1.png,Administrative/internal,3766,2f59197a780059f51223f54507ae0fe0279ced33a6f81ae672dec6283e166f2e
templates/cloudhost247_legacy/images/layoutthree/blk-icon1.svg,Administrative/internal,11234,519997404ba970e3c02f629a853d9a6110bbd138d332a1bd964e058f9dc1bed3
templates/cloudhost247_legacy/images/layoutthree/blk-icon2.png,Administrative/internal,2696,02bf3972b0be85dc2692a09edc041ee090de5eab59d0b90f4b538bde7be9dcb4
templates/cloudhost247_legacy/images/layoutthree/blk-icon2.svg,Administrative/internal,6980,0c5d0fb45d987000d10801fb0719e3d2b6d28b617d0343bffabbffb3f4c6189e
templates/cloudhost247_legacy/images/layoutthree/blk-icon3.png,Administrative/internal,3831,5105a87690e53ddddaaf3f1fb44a7bf60363bc5af6c7c90d35e95d61224a6050
templates/cloudhost247_legacy/images/layoutthree/blk-icon3.svg,Administrative/internal,13021,983b10a1a95b81a1f5d7a28e458fefdc51aca5485981107549206a6a22381853
templates/cloudhost247_legacy/images/layoutthree/blk-icon4.png,Administrative/internal,2982,b65b4dfe26ba8e92defe292a7c518c21d979520e89ec314dc4d011cbcc034c5b
templates/cloudhost247_legacy/images/layoutthree/blk-icon4.svg,Administrative/internal,7016,e495b7fa260806e6525a262685a291b4b626dede294a32977f6cd9031b7348dd
templates/cloudhost247_legacy/images/layoutthree/check.svg,Administrative/internal,2713,9992635f285846accee3508ff0e91f17655384299c33083d426cf2180b7e36e0
templates/cloudhost247_legacy/images/layoutthree/circle_deactive.png,Administrative/internal,1648,a8c96d071fd584d9ec498fce6870281bca92111a863a1fcff2e449e62607acbc
templates/cloudhost247_legacy/images/layoutthree/completeord.png,Administrative/internal,8099,aaa7f1d190072539592e7ce9893667dc49546d92897dd3d2b0350038de461c80
templates/cloudhost247_legacy/images/layoutthree/fgr-icon1.png,Administrative/internal,2735,6a2a93748b4fc58bd117457c91deaad66c8a191b49cdc3cc48312674af6080a4
templates/cloudhost247_legacy/images/layoutthree/fgr-icon1.svg,Administrative/internal,1266,8e341a1160bdabfaecdd8e24b965e0a82693ff7ebac4fb7553ea828abe488fba
templates/cloudhost247_legacy/images/layoutthree/fgr-icon2.png,Administrative/internal,4188,c468a572935e2c58848431e33acaef34c9d016f0095b0c5f7b2a569e0a148eaf
templates/cloudhost247_legacy/images/layoutthree/fgr-icon2.svg,Administrative/internal,3295,c453353e598faa963e3807620b021666da676d99515aab0b5524d5aaeba0e804
templates/cloudhost247_legacy/images/layoutthree/fgr-icon3.png,Administrative/internal,4412,c8684ff8b68cd761665d1fae2d23e7c4dd6b8ab98d8fc8ad2573760b6cd9f4f6
templates/cloudhost247_legacy/images/layoutthree/fgr-icon3.svg,Administrative/internal,13021,983b10a1a95b81a1f5d7a28e458fefdc51aca5485981107549206a6a22381853
templates/cloudhost247_legacy/images/layoutthree/fgr-icon4.png,Administrative/internal,2603,5e1472b00abbc0adf195fb4c4258b90dac022ff6ec377926dab221ed688733fc
templates/cloudhost247_legacy/images/layoutthree/fgr-icon4.svg,Administrative/internal,5541,bcc8251450454015dfe340d79e0013311518ec8325cb0b83b5c0af51b6ee5924
templates/cloudhost247_legacy/images/layoutthree/fgr-icon5.png,Administrative/internal,15080,174ee5fb6ffa554868e69561e52a055370bd818f179b6e3b3adda78d66d9c613
templates/cloudhost247_legacy/images/layoutthree/fgr-icon5.svg,Administrative/internal,4668,d768f9ae576f5baaa1bfede78c483f96595d7d79d076debafee84cb59eb88110
templates/cloudhost247_legacy/images/layoutthree/fgr-icon6.png,Administrative/internal,4520,68327f78054b45b9a3e8e9e3e5d932ce832ddcfcfed9902ee7e5b8d26204cd48
templates/cloudhost247_legacy/images/layoutthree/fgr-icon6.svg,Administrative/internal,4536,830f18ca9118564f0f3b67a149141a490175567190cadaf327cab4c0904b7de7
templates/cloudhost247_legacy/images/layoutthree/fgr-icon7.png,Administrative/internal,8353,c4d1549c09f7168bbc91d4bc00e845ca9a5c9066fc4f621b38ca577c95b90154
templates/cloudhost247_legacy/images/layoutthree/fgr-icon7.svg,Administrative/internal,3688,81a0307739a6b821c1068ce9513eff32df02134ba62c1a880c1e16de9b7a5563
templates/cloudhost247_legacy/images/layoutthree/fgr-icon8.png,Administrative/internal,760,e20053f4f30a7c998432ce49fef40e479a59ac0175157dfd5c24c2bc512c0dd9
templates/cloudhost247_legacy/images/layoutthree/fgr-icon8.svg,Administrative/internal,5709,3721ec6b2ff1fd7f56a8dd5ab65e2816e8a3c44e0a6ff47fa64dbe807c3b2a2e
templates/cloudhost247_legacy/images/layoutthree/hosting_icon.png,Hosting,2095,00f7c7e899be3f48af5264a0781acbbfe2ce396b8a78c07848a5843a1fa7f879
templates/cloudhost247_legacy/images/layoutthree/icon-a1.png,Administrative/internal,2813,aa5d81e840f920a7a039edb37b70b6c0394bcc12fac366f41359533ef3cf766e
templates/cloudhost247_legacy/images/layoutthree/icon-a1.svg,Administrative/internal,3828,f3440f64bcd64d9a5918e4ec4884c296ed2de29efcdf34c1fce1cd3f734f632c
templates/cloudhost247_legacy/images/layoutthree/icon-a2.png,Administrative/internal,1706,e32559cc687a560d176218d944fb17cc8a2db373273e710dfc6ce2f6ff6f95db
templates/cloudhost247_legacy/images/layoutthree/icon-a2.svg,Administrative/internal,3658,30c8722cfdf8d7e74f98b255d4878864a01fb6db619347cdf994c6e31d13947f
templates/cloudhost247_legacy/images/layoutthree/icon-a3.png,Administrative/internal,1817,c766c536b9d6eb012ff2d6077234b4548482abc7be657a42d247e866b3bb7b83
templates/cloudhost247_legacy/images/layoutthree/icon-a3.svg,Administrative/internal,1604,32bd2b6e73a744108ee94bb021c5ab2bcec9dbb7e7bb4904c243903783a8641b
templates/cloudhost247_legacy/images/layoutthree/icon-a4.png,Administrative/internal,2378,76292735bf4af64b4496b45c5b3ce3845502db81a006cd225e9254bcdfccc233
templates/cloudhost247_legacy/images/layoutthree/icon-a4.svg,Administrative/internal,5419,74d5b770aa9a26415193b6ed4068b9ec44dd4602835e1b4a43c425252b406d43
templates/cloudhost247_legacy/images/layoutthree/icon-a5.png,Administrative/internal,2457,3a575b1edc77e86d5cc1d1fc32ba7194c2b58a9d35ca39279ae7c8beb1343d06
templates/cloudhost247_legacy/images/layoutthree/icon-a5.svg,Administrative/internal,3505,1828102a2763bebacec36e9549de99498baa01695d60943ca3fe4552957c03b2
templates/cloudhost247_legacy/images/layoutthree/icon-a6.png,Administrative/internal,1679,ffbfc683131b4da51d87e74e8a2224d29b12f36b6c6b5db374ce65ac355a0742
templates/cloudhost247_legacy/images/layoutthree/icon-a6.svg,Administrative/internal,1303,9b42b7f6ad50007f08da69099c789e93e8949e32f823d7237610554ce78846cd
templates/cloudhost247_legacy/images/layoutthree/li-about-img.png,Marketing,1110,9ab4ee8b75486f31488c3362784cdbcb9622c38ee058c9000e24269a4beee3e5
templates/cloudhost247_legacy/images/layoutthree/loader.gif,Administrative/internal,80385,0892d72b1c1c8eb99d8d95e7673a46a0662311ed039f5516540cd1f0cd40f3ee
templates/cloudhost247_legacy/images/layoutthree/lock-img-icon.png,Administrative/internal,1042,2f994a43f2ca863167e536b31f032c65dcf20fab0b74821b8126780b77b982d6
templates/cloudhost247_legacy/images/layoutthree/pending-icon.png,Administrative/internal,1648,a8c96d071fd584d9ec498fce6870281bca92111a863a1fcff2e449e62607acbc
templates/cloudhost247_legacy/images/layoutthree/server_icon.png,Administrative/internal,1521,f9be9c45f0d499aec4f656d43cad9dd558b4cf29e8aab904a6a19793617e03c2
templates/cloudhost247_legacy/images/layoutthree/sprite-icon-img.png,Administrative/internal,6576,ad5756e6b552eb4f849224626a02e3e3ac27307eac3a9c2784999d63ad20221a
templates/cloudhost247_legacy/images/layoutthree/terminate.png,Administrative/internal,2184,92cfe0ebd7d97ef5c6c54172c801fa21caee95aa46d81e584b005c1683cf0f3a
templates/cloudhost247_legacy/images/layoutthree/ticketicon1.png,Support,4275,92304caae28259014ea274b95f09acca1773871961f3c8ad61fe92093d27d7a3
templates/cloudhost247_legacy/images/layouttwo/arro.png,Administrative/internal,1461,c31ab2db85bea2b0758b7b3b04819348d5e813d9ac6e8934a55317b1559ac39f
templates/cloudhost247_legacy/images/layouttwo/background-img.png,Administrative/internal,6179,414d0dbb1e04810ab0bd67de08f1abf771c55ba667c86acf79ffa0a40ddf54c8
templates/cloudhost247_legacy/images/layouttwo/blc-5-icon1.png,Administrative/internal,852,e6a9efc2f734c34bc7268dd175b957ee88124d7f912a85ce1b719308d264ce49
templates/cloudhost247_legacy/images/layouttwo/blc-5-icon2.png,Administrative/internal,8536,78fb4274639644b33db060cc36691d88dfa9bb0ce5544989ec607a5f6f96328b
templates/cloudhost247_legacy/images/layouttwo/blc-5-icon3.png,Administrative/internal,2436,837648328420acd0b97de91d6b247086ba100990c7294f075e868a55ca12e906
templates/cloudhost247_legacy/images/layouttwo/blc-5-icon4.png,Administrative/internal,2062,62dbfb81c5c58b00362a29d04e2598a11f75c2d94cb69d2a1a13a03814baefb0
templates/cloudhost247_legacy/images/layouttwo/blc-5-icon5.png,Administrative/internal,11393,6347fa9ef75b7666453b9504de2ca4663705e887a986451f4a1075962474f7b8
templates/cloudhost247_legacy/images/layouttwo/blc-5-icon6.png,Administrative/internal,5581,56a48cf64a33d67330c0f5924b5fd9458703ef2912af957fb881833fe8a0336f
templates/cloudhost247_legacy/images/layouttwo/blc-icon1.png,Administrative/internal,3294,26796a87376c8491161f7f69c50f005472502318b07da1b3efc1f864902b1fad
templates/cloudhost247_legacy/images/layouttwo/blc-icon1.svg,Administrative/internal,11044,c56bc5fc90f07b47f7d1ad049b889c3418d066f21f7836a0f22ceb0b0c8237cc
templates/cloudhost247_legacy/images/layouttwo/blc-icon2.png,Administrative/internal,4348,cfbbd6b1fbb7779b920a1b85b517374c72a75ee0a65759f62eba45c3e7dd3c66
templates/cloudhost247_legacy/images/layouttwo/blc-icon2.svg,Administrative/internal,3295,2e50504c24fd290d1cb629e54b88e3478658aefe150e1fac51c1eacd9b8f62af
templates/cloudhost247_legacy/images/layouttwo/blc-icon3.png,Administrative/internal,3306,229b14a000d4cf99849d4da33a18641b75cbdbeebf4855fff030a496aed97c45
templates/cloudhost247_legacy/images/layouttwo/blc-icon3.svg,Administrative/internal,4609,4716c47cfc82087b172d2dbe96591dc3196f5ee151d5d11de5b4ea89f9f72b55
templates/cloudhost247_legacy/images/layouttwo/blk-icon1.png,Administrative/internal,3766,0ce2344a6f47370c95acd2f31599a5d8dcd33c5bffcc49ec99d3eca525c16c18
templates/cloudhost247_legacy/images/layouttwo/blk-icon1.svg,Administrative/internal,11234,b3917e1d558b6a2c10dd9e082573d06e068cbbbc3c5ab1bcf0d4d5d0defd5fea
templates/cloudhost247_legacy/images/layouttwo/blk-icon2.png,Administrative/internal,2696,dea9db924c7aadfa113c632d4bf391c82779f8025e1c7d2b270b314813d9c84a
templates/cloudhost247_legacy/images/layouttwo/blk-icon2.svg,Administrative/internal,6980,843e518b868f4880b28becd1c2f963716c0e36864464b431a42b188d3dc38740
templates/cloudhost247_legacy/images/layouttwo/blk-icon3.png,Administrative/internal,3831,fa4b2b422dbe31403f3b27d289f30907f47f796b08e3641968af7aa06884badd
templates/cloudhost247_legacy/images/layouttwo/blk-icon3.svg,Administrative/internal,13021,f4de8c2d825e31645ecf4b815aebcbc4243f8286b81619f56e750c33fc44bc22
templates/cloudhost247_legacy/images/layouttwo/blk-icon4.png,Administrative/internal,2982,a5fcf90760a8cf32a3a6654cc358acc291970ddb2d822a8003635d35dbc9d1a1
templates/cloudhost247_legacy/images/layouttwo/blk-icon4.svg,Administrative/internal,7016,02f94b67010ad6b6ff59eccaa3d5ee64b52ac33c9cbe5b7e485a800634caa32f
templates/cloudhost247_legacy/images/layouttwo/business-bannertwo.png,Business,77072,2b6cd600361d09753bf13986d36ade81c7f2f116eb6daef3a9c4ba77c4a77958
templates/cloudhost247_legacy/images/layouttwo/check.svg,Administrative/internal,2713,9992635f285846accee3508ff0e91f17655384299c33083d426cf2180b7e36e0
templates/cloudhost247_legacy/images/layouttwo/check1.svg,Administrative/internal,1202,513257b122962fad28111950fbaa2e0b9fc96466bb289eb2e4a890a5053dec43
templates/cloudhost247_legacy/images/layouttwo/circle_deactive.png,Administrative/internal,3137,310c0c22d01c4056f465040e0c819ee45045135940f4e4c92c269809841710bc
templates/cloudhost247_legacy/images/layouttwo/completeord.png,Administrative/internal,8137,6865f7637cb34f05ecd0a35a0962bca698af8a79686576abb201d62ee3ae8625
templates/cloudhost247_legacy/images/layouttwo/fgr-icon1.png,Administrative/internal,2735,205b3900ec975a683cb0cfceec2581a1efb50622e08c97d815324bc404fa46db
templates/cloudhost247_legacy/images/layouttwo/fgr-icon1.svg,Administrative/internal,1266,b2d68a28b2ceccb79788431a84b3ca36bba301451fff24e52e50b9eefc34aa4a
templates/cloudhost247_legacy/images/layouttwo/fgr-icon2.png,Administrative/internal,4188,29953a0b4516461d450b50945e697c7c7aae2dc0c3e506dae1d8f1d15ad3f97c
templates/cloudhost247_legacy/images/layouttwo/fgr-icon2.svg,Administrative/internal,3295,2e50504c24fd290d1cb629e54b88e3478658aefe150e1fac51c1eacd9b8f62af
templates/cloudhost247_legacy/images/layouttwo/fgr-icon3.png,Administrative/internal,4412,0887fe0dfc7825cb36053ef9f9f2444d33a7d7b18bf8b33ab925839023066455
templates/cloudhost247_legacy/images/layouttwo/fgr-icon3.svg,Administrative/internal,13021,f4de8c2d825e31645ecf4b815aebcbc4243f8286b81619f56e750c33fc44bc22
templates/cloudhost247_legacy/images/layouttwo/fgr-icon4.png,Administrative/internal,2603,0abcfc71f001c32ea785d0fa5c1b03833299d901bd902bead5ba2443ff45722f
templates/cloudhost247_legacy/images/layouttwo/fgr-icon4.svg,Administrative/internal,5541,8b6f5c616ea5272f45f4627c4651bfeb18ce6ee2b2244a1c00716189fc1f4c2b
templates/cloudhost247_legacy/images/layouttwo/fgr-icon5.png,Administrative/internal,15080,a1f1a43737d2091a0412ddba3845217bcd754c1fa3260b4753778a2779ae70be
templates/cloudhost247_legacy/images/layouttwo/fgr-icon5.svg,Administrative/internal,4668,d467e1e7ef15e2f66b848177a18af528c77c7f1b9bfdf6f0d5040fd74f7a6b78
templates/cloudhost247_legacy/images/layouttwo/fgr-icon6.png,Administrative/internal,4520,5fb0e1122221ea8553d8ca8cd2f5d8d9a72342ea0676b3db50dffdc410ebf1d6
templates/cloudhost247_legacy/images/layouttwo/fgr-icon6.svg,Administrative/internal,4536,84a069792558a2e6c4c0191954f54b39eb76dfd3332ab0eab2bcb0a831f3a75d
templates/cloudhost247_legacy/images/layouttwo/fgr-icon7.png,Administrative/internal,8353,fbbc1d7ab243472d48f69c81cdcc3af39944e3048cad4077ff055184d1a239cb
templates/cloudhost247_legacy/images/layouttwo/fgr-icon7.svg,Administrative/internal,3688,6c17893d5f460225aaf32a22784f50785328267a5b904958391baab2211bcedb
templates/cloudhost247_legacy/images/layouttwo/fgr-icon8.png,Administrative/internal,760,22245c17ed0dafc736d17b99d825d07acc42df339dac3d00911b6b05d8402767
templates/cloudhost247_legacy/images/layouttwo/fgr-icon8.svg,Administrative/internal,5709,88158da10c290f79721fd683a36f357438bf47fece5561c294d48e23fe64d9ed
templates/cloudhost247_legacy/images/layouttwo/hosting_icon.png,Hosting,2095,00f7c7e899be3f48af5264a0781acbbfe2ce396b8a78c07848a5843a1fa7f879
templates/cloudhost247_legacy/images/layouttwo/icon-a1.png,Administrative/internal,2814,d1f3ae2e6295e2d264d2a93f2eca27ed270872fedbc10b68d1a41edee48d002f
templates/cloudhost247_legacy/images/layouttwo/icon-a1.svg,Administrative/internal,3828,2418035aeeb451f5dbbf9c9a5cb481c3bc717560e0a3ae238d1ec7d90920709f
templates/cloudhost247_legacy/images/layouttwo/icon-a2.png,Administrative/internal,1707,7a2ba888076c7cb0d16c0f3425af41eb38441caabfdfa7a291cb4fb93edb7bac
templates/cloudhost247_legacy/images/layouttwo/icon-a2.svg,Administrative/internal,3658,a714aafd4655922a3416909fad81eca21e3da1706d51d6d5974c26a542027a92
templates/cloudhost247_legacy/images/layouttwo/icon-a3.png,Administrative/internal,1821,7c0b15980832eb26c5928be943a450cd9c78c20fb2b21a3f5303215df4d4c172
templates/cloudhost247_legacy/images/layouttwo/icon-a3.svg,Administrative/internal,1604,dd225ce3ea5e4f4a4030f78d7e2be4b618128170d5aebfcf439c646df7f0cc00
templates/cloudhost247_legacy/images/layouttwo/icon-a4.png,Administrative/internal,2372,cf338eaaa255f0f656081a05477c6f3502cede1f315c6c48e732c8dcdc704c21
templates/cloudhost247_legacy/images/layouttwo/icon-a4.svg,Administrative/internal,5419,f6215fae50351f9d3c74b7b200c01bafe02f8f28635a43978d69c32feb3a14f8
templates/cloudhost247_legacy/images/layouttwo/icon-a5.png,Administrative/internal,2451,01a9144097393fa94aa5d300fc18e9e270b16439edd831ca51d91a47e763b882
templates/cloudhost247_legacy/images/layouttwo/icon-a5.svg,Administrative/internal,3505,131ee7d18f0caaa6e866cdc5a959e4cbf433a98d2e5e56b720ba3f0fc522d1d5
templates/cloudhost247_legacy/images/layouttwo/icon-a6-svg.svg,Administrative/internal,1303,e62a6beb4ea1b7602cd232bbce49e0a072127503041fa06faff668e049314595
templates/cloudhost247_legacy/images/layouttwo/icon-a6.png,Administrative/internal,1685,a04a8baefd8377cf4b8125a5cd6aae0804e98a3def62077c13815e31ce7579b3
templates/cloudhost247_legacy/images/layouttwo/icon-a6.svg,Administrative/internal,1303,e62a6beb4ea1b7602cd232bbce49e0a072127503041fa06faff668e049314595
templates/cloudhost247_legacy/images/layouttwo/li-about-img.png,Marketing,1110,2c50e89c9190fd995d227dc8834968d719eb6e3cc6a63c49446114fef59da9b0
templates/cloudhost247_legacy/images/layouttwo/loader.gif,Administrative/internal,80431,85329b789898f9795fc67872dca0b9411d7ed3c519671cde5d2f7014ddf2f79e
templates/cloudhost247_legacy/images/layouttwo/pending-icon.png,Administrative/internal,1648,e18e49b7f0f12feb4fa6da4b92aa6185f2a29290f4f300a3d3de98a13adf1b8f
templates/cloudhost247_legacy/images/layouttwo/red_star_shape.png,Administrative/internal,1253,6d24543ed30863a3ba8f60611c7a040c8841feb4b5c4325a470a61876fec5b77
templates/cloudhost247_legacy/images/layouttwo/server_icon.png,Administrative/internal,1506,7dffbd1447ee80cd7c8eb7e97ecdfc92d01260e087c3247ab469217295e09514
templates/cloudhost247_legacy/images/layouttwo/sprite-icon-img.png,Administrative/internal,6573,77ab7f4d413aaaed48bd463ea525aa57f426912d8c505c5d6287d2f395e7d696
templates/cloudhost247_legacy/images/layouttwo/terminate.png,Administrative/internal,2184,aab8802d6227f5f55ac1e233f16f1c9bf51c899db62cb23af19ca3bb3d1574f5
templates/cloudhost247_legacy/images/layouttwo/ticketicon1.png,Support,4275,92304caae28259014ea274b95f09acca1773871961f3c8ad61fe92093d27d7a3
templates/cloudhost247_legacy/images/left-arro.svg,Administrative/internal,2826,f7d513b9210a837ee828c2005405fe7e85f81b5e56d402938561fbc6a0a7a3c0
templates/cloudhost247_legacy/images/left-img-grl-reg.png,Administrative/internal,255978,6cec829c3de6daf6a3e0493e3ad4b7292ad874f6f6142aa975cc8d6acb6e4b3f
templates/cloudhost247_legacy/images/left-img-grl.png,Administrative/internal,366342,8d32aad78655b9772a41cc551b6c36dcabe81f1d4ec2fb459487154ca54a749c
templates/cloudhost247_legacy/images/lg-icon1.png,Administrative/internal,1147,01e0f8343e5d53a4ec9203934f6b8cc898fc7c8ee08b08fb38b614b81e8f55f1
templates/cloudhost247_legacy/images/lg-icon2.png,Administrative/internal,2290,e4038502b869c4440f37072ec5882f97379285e607a2f0c05f75b198e3b798cf
templates/cloudhost247_legacy/images/lg-icon3.png,Administrative/internal,1086,b61a18aab5499845f971c18309266bf2c96f93535eda1d192998f2324975c622
templates/cloudhost247_legacy/images/lg-icon4.png,Administrative/internal,1131,9da5099ea11358c0aeb03823429a6c2d2e05a0b50b34523ddac145dc49b2305d
templates/cloudhost247_legacy/images/lg-icon5.png,Administrative/internal,1422,e79fdfc80bb8d99b9988d97783b01ad3c407bbd03468c8ecc7e66e4a17123c8e
templates/cloudhost247_legacy/images/li-about-img.png,Marketing,1110,e4c10fb5412a91ed5d68648dfbeccdc6c4b5ab4329e2fa88b712c40907d2343f
templates/cloudhost247_legacy/images/lic-icon1.png,Administrative/internal,2134,4d739aa6e898eec074131bb5b7dcd8c9d51daa06d4585e34eccf70914123b9b7
templates/cloudhost247_legacy/images/lic-icon2.png,Administrative/internal,1293,7d8edf1b5495abfe4651ca6420d796ee4f9c4e726d72bcb1fc6846ab640d8287
templates/cloudhost247_legacy/images/lic-icon3.png,Administrative/internal,2582,d3675794599100294508d8f990cd7c4fb5df2861887bf6048a6151f0b9e473d2
templates/cloudhost247_legacy/images/lic-icon4.png,Administrative/internal,1943,21856aad291f81e4133ad87a58b91a02c5f4603a5376eeeb110db4d2ad4eb96c
templates/cloudhost247_legacy/images/lic-icon5.png,Administrative/internal,1140,e363ce89b28782ef5edf3f43d0a552ca8470bc2965232aa7a5a50bb5d2419026
templates/cloudhost247_legacy/images/lic-icon6.png,Administrative/internal,2424,520b38092019ea0af9197f7648a6fa9269b618d24980321ea8a23a14e92c2b13
templates/cloudhost247_legacy/images/loader.gif,Administrative/internal,80370,0ebf98a6787c398ac6275d900c6d93f03d2256fcf328776051d6411bad4d2343
templates/cloudhost247_legacy/images/loaderforblock.gif,Administrative/internal,3030,dc869eff1bebf90b4dc6a5b22d8661329c833d64721868d7ce0c7eccbee5ba4f
templates/cloudhost247_legacy/images/loading.gif,Administrative/internal,8476,225aa88b6ab02c06222ec9468d62e15fa188e39cdb9431d1f55401ad380753ed
templates/cloudhost247_legacy/images/lock-img-icon.png,Administrative/internal,1104,6c3f747d76024e27c7bcfbd99f8eefd87ddca969c70dec1ceb141a6133f2cdd6
templates/cloudhost247_legacy/images/logo-aftaer-shape.png,Administrative/internal,4478,b32b70de0b63bb5f13edac3afb3865d277ccd2714614de06d5f17918a52eb6c7
templates/cloudhost247_legacy/images/logo-register-page.png,Authentication,5444,09bc0da0405ade8d6a146bef9251bfe5117360ea513eff22740274692bcb5b4f
templates/cloudhost247_legacy/images/logo-white.png,Administrative/internal,2657,816ad7f29da8f3227f3ed99712d0772fe57d0f9917dc6a033bd85283ae0f4ab2
templates/cloudhost247_legacy/images/logo.png,Administrative/internal,2754,7257e10d169b3d4bb49c716cda4d32be6dddf16b00e759eeda35e94a376e5130
templates/cloudhost247_legacy/images/logo_old.png,Administrative/internal,5030,2616df1f934ab76040a06b3af8f9417583a47ad9dec1f11232b3af4e68488f33
templates/cloudhost247_legacy/images/malware-feature.svg,Administrative/internal,3508,b1ad7be0199bfd7040edd9533f72a954ad75bffe17259c7a2f7f92d79ca09f8f
templates/cloudhost247_legacy/images/malware-icon.svg,Administrative/internal,3410,424d20325fcbc1f2d7ccc1416cf2bec630bfa9b6c0d13444c6795b091642c65f
templates/cloudhost247_legacy/images/marketgoo.jpg,Administrative/internal,11186,e270a79d28526ebcda10493bd23c656280e9da99dbf8151148acd3e7d71ced3b
templates/cloudhost247_legacy/images/marketingemail.png,Email,3821,477034c70e7e6a3274407687c4e51a91d0a25de25ec6908d123aa944e8648c5c
templates/cloudhost247_legacy/images/marketingemailbg.jpg,Email,15448,c1b2cab9f3f05bdd47f39ca5b7ededb60ffe08e41da778375848a1eeb3410ada
templates/cloudhost247_legacy/images/men-img.png,Administrative/internal,92259,1ba2912f1b6377c6a175ad673f52ba94932fb6844d4757cc7be44645deef8ded
templates/cloudhost247_legacy/images/men-img.webp,Administrative/internal,15240,194b6598b6a435542f9ca7f3cf61260df3855eadc1affedecd6cb4149c84fc6d
templates/cloudhost247_legacy/images/min-icon-accordian.png,Administrative/internal,970,46d972493c1af067b62af2ac320fb60b2c9ae46bb620754cb4c880ce1a40b39d
templates/cloudhost247_legacy/images/network.png,Administrative/internal,2269,19f505d58b057f8af9ca4e09e54e28effcdd8dc295257ee37b9bb408158cfa9f
templates/cloudhost247_legacy/images/new/closed-lock-.svg,Administrative/internal,1438,9e9f97d279afdccddbd3b5b07226f9ac80d787d623d686ffb3cf10d9f07ba323
templates/cloudhost247_legacy/images/new/history-clock-button.svg,Administrative/internal,1121,0d75742784c1c6547e16e0c133cc2bb22ae05cb1c224fe7a055d34df0d78f747
templates/cloudhost247_legacy/images/new/icon.svg,Administrative/internal,1739,361b4b3b72374313a7bd072b7c5bd872e7c7a3b96f36bb0bff1830b1813bb2b0
templates/cloudhost247_legacy/images/new/index.php,Administrative/internal,46,598ddbeae83886c015468daad0a7653e3f7f525f41e0f25522356d7b30e5c9f5
templates/cloudhost247_legacy/images/new/shield-checked.svg,Administrative/internal,1436,6197d0ce431cadf42693993e417e0d9bf6049022c926b6235810b3dc790cb9f3
templates/cloudhost247_legacy/images/new/tag-black-shape.svg,Administrative/internal,1473,e9cb8cf3ce663652750c312cbf648104ca3ed317e38e2dbec337d1ef19e78a68
templates/cloudhost247_legacy/images/new/wordpress-logo.svg,Applications,2210,0df6a2a9b76781c9a70192fd70b95347dcc6a1cd977dc874441e2215b526d2cd
templates/cloudhost247_legacy/images/new/worldwide.svg,Administrative/internal,5885,d233aa0c5ac0e5c03749c9db0e885b7de94c8cfe2420f9c84c9ccc72534e581b
templates/cloudhost247_legacy/images/new-design.png,Administrative/internal,547,6973b3667d81879d7e7154ddb74240a79188c887c5f7012088442b62b2ea7851
templates/cloudhost247_legacy/images/new_bar.png,Administrative/internal,1675,3c61493387523a8feef19ca281ab2a7d5627ce8c693e0c119b8c57337337473c
templates/cloudhost247_legacy/images/new_bar_left.png,Administrative/internal,1683,d25a8ad25d54f6a5d224196965967870b44a82eeb510bf2b882212ae026fc9e2
templates/cloudhost247_legacy/images/new_bar_left_rtl.png,Administrative/internal,1619,1b51d1a1fa361c04c52f5ff5a5a1823d28f35abaf5d000eb058dad59109d2c31
templates/cloudhost247_legacy/images/new_hx-banner.png,Administrative/internal,10681,5ad5fa736ee2e41356215d84116a9ab259ba61b986bdd85b4bd5df0c07b0ff5f
templates/cloudhost247_legacy/images/next.png,Administrative/internal,1350,15b869b02c6fbaa8c6c26445a2dd2d9bad80fd27b1409f8179e5dd89dc89d90a
templates/cloudhost247_legacy/images/offer-b-icon.svg,Administrative/internal,6010,aa94101629b40e918660f2ac791c2b53d6057cf35597e4c16f5255beec3792f6
templates/cloudhost247_legacy/images/offer-bg-inner.png,Administrative/internal,2855,54bdcf598ca3ba690c74fd983d30fd3a1d8a194c1a68827afa11a1c6584105fe
templates/cloudhost247_legacy/images/offer-howitwork-icon1.png,Administrative/internal,2521,e7e72324a1544ef3b4e6deeaf9ba8aab039f334be123f12acaf2ad8302fae9cf
templates/cloudhost247_legacy/images/offer-howitwork-icon2.png,Administrative/internal,2292,a5e3b3ec686cd72b106ce5616d8846b3bcceb15d5ad474f2b2fc471ee0cae2af
templates/cloudhost247_legacy/images/offer-howitwork-icon3.png,Administrative/internal,2750,1782695d37d57af801fa98dc0cd718658cce902cdeac17595fa088293c77fd35
templates/cloudhost247_legacy/images/offersimg.png,Marketing,1207,c7e012f222b4eb6fb2a009654d5a2b49567567f19af2f71a8b7090a3637412c4
templates/cloudhost247_legacy/images/os-icon1.png,Administrative/internal,1293,53083c3c629e5d4284d92b02a82cc72ba2e8c5dbc053dc32cf5a8fa8abf8aaab
templates/cloudhost247_legacy/images/os-icon2.png,Administrative/internal,2067,2bb1cd9949c5927307848c7b387a0990232802e6c356c2f331865056880e0be0
templates/cloudhost247_legacy/images/os-icon3.png,Administrative/internal,2659,b70043b8c7bc1a700ed3bedb833a9e3fc1138ef7633c478ea5e396ec22c85ae6
templates/cloudhost247_legacy/images/os-icon4.png,Administrative/internal,1914,eb3dcbe18b2816ab4ae7641aa764c63a903cd05e85cdee687c7f7d5818c295ee
templates/cloudhost247_legacy/images/os-icon5.png,Administrative/internal,2132,480405994941ed9ee250c3803afee06a7a2ff855c19c28f9ce4a696b178b0041
templates/cloudhost247_legacy/images/payment-accept-img1.png,Checkout,11107,dea8b039fb6ba94c02b0366036d31207ac9b1fdc9224aa3fe177766418f43425
templates/cloudhost247_legacy/images/payment-accept-img2.png,Checkout,48563,ba5c8edffbfbe2470b66b86d8b9d10013a65de365ac74c4799583d59ea44b233
templates/cloudhost247_legacy/images/payment-info.png,Checkout,5863,0e3ab26b2ac61236c2f7e59d3842fd8b4bd20dd802b061b9ad01c0ad4031e9dd
templates/cloudhost247_legacy/images/pending-icon.png,Administrative/internal,2820,bb4ba3b691dc89e701e93f8013845fb1d8dd89537c87c51d934322170f34120d
templates/cloudhost247_legacy/images/photos_icon.png,Administrative/internal,21006,bc75935998ef4192c07e62df462203d1dc3827656de498169c82463fe2d536b8
templates/cloudhost247_legacy/images/pick-backup.svg,Server Management,5695,a7573deca4b817907632f761d0e4e6fb373f09ea96d4a5e659515724337357d8
templates/cloudhost247_legacy/images/plesk-hosting.png,Hosting,706,06f413755b30aa700777c993690463f8713b4d2040428318ad7159af33c655f3
templates/cloudhost247_legacy/images/plesk-hosting_back.png,Hosting,207728,3c242e8f07ebe11c0e3dabeb52720a6bb5fc2ea0e71e0e93972a58031673d035
templates/cloudhost247_legacy/images/pleskhosting.png,Hosting,2389,522620dbd0f6baf7db2fa88415485067626fc262a8d6184a3a8365784587ca52
templates/cloudhost247_legacy/images/plus-icon-accordian.png,Administrative/internal,1090,02cb8a15417b5567f74caec12d03c92350dc2d46bdbaa11c52460c70d795c821
templates/cloudhost247_legacy/images/premium-network.svg,Administrative/internal,3348,773d184a88573a38df649f27aba681523cb37de8ade7c3c4f45da8faff7b03fd
templates/cloudhost247_legacy/images/prev.png,Administrative/internal,1360,7fd9273f20fdb1229c224341271a119020a5eee74ccf6b4605730917c864caf2
templates/cloudhost247_legacy/images/pricein-b-icon.svg,Administrative/internal,5118,6998d16ebd387714de1161b2bdceb8de168b59d18ba3c4cbd2ff4b638d5d56d6
templates/cloudhost247_legacy/images/product-01.png,Administrative/internal,2256,7c8a33f673ed9d7fa06a4b9e5e2882ed47a675e3a3b284ce2f09224b51d66a5a
templates/cloudhost247_legacy/images/protected_banner_bg.jpg,Administrative/internal,81034,fe169570152da4b21496b9b2e69c32de685f479765b907811e11f1451bdaaaff
templates/cloudhost247_legacy/images/protected_banner_img_sec.png,Administrative/internal,121854,9747276683f9aae92ff999843cf1830a3d1ae022efe25f245354f84a8b8291ec
templates/cloudhost247_legacy/images/public_cloud.png,Cloud,756,676d25d118f000108775c69fb45eaa155bcf66bc53578eb4b0ee99efac5d6fc2
templates/cloudhost247_legacy/images/ram.svg,Administrative/internal,5205,7bd6d53d1a5a16d1da4bf1823ae0d0cb61512eb3f100c3ec05b1d972401c411f
templates/cloudhost247_legacy/images/recent_news_icon.png,Administrative/internal,1115,6327de4ee0998d91fd5fee78fc6ec552583fa2b64daeeef483e9668ac40cd7b2
templates/cloudhost247_legacy/images/red_star_shape.png,Administrative/internal,2370,4b8cb5279f1a85ade3de6e9fb01fadf12d278989271bb4be5d15d8af440bd204
templates/cloudhost247_legacy/images/register-domain.png,Authentication,644,8805571ed227a8fe365623abd5743cd2ee00e517e1d0d9250764b8adac943485
templates/cloudhost247_legacy/images/register.png,Authentication,1228,c66e3b5ff441d63895940ab2336bb0955f3eef10d4b2197704279b9e011e66aa
templates/cloudhost247_legacy/images/register_back.png,Authentication,6850,3a915cfd651b3e07d15072db20774692c81fd799eafd8378743b7400244bb5a3
templates/cloudhost247_legacy/images/reisusses.png,Administrative/internal,1000,83be4d811e78afe24d0bea993e00d68883b71f647990932f551d185fa50b380d
templates/cloudhost247_legacy/images/review-b-icon.svg,Administrative/internal,7956,48bc3cb9296c3cdb12d0ae1cb620a9220cd9f55ba7924e0af2ed1774bf91d4ad
templates/cloudhost247_legacy/images/review-logo-google.png,Administrative/internal,4869,99625fee6613f5445442f5c924a8a6fdd1d6b733edabba500922cc6434f37fcf
templates/cloudhost247_legacy/images/review-logo-hostadvice.png,Administrative/internal,6398,476503c0b6aafc7d98b2b946284f8beb07f3ce6fe82d2c4c4142d65db54b80e1
templates/cloudhost247_legacy/images/review-logo-hostingseeker.svg,Hosting,14488,0cfc72e77ea101b9fdedb61f64870df539076f109966f3b1c2f9384be624eca5
templates/cloudhost247_legacy/images/review-logo-hostreview.png,Administrative/internal,2828,6cc0946a7ec2760fcc524ce969d136a307139fa9f8130be524d17ce7ff69d138
templates/cloudhost247_legacy/images/review-logo-searchen.png,Marketing,6114,2d95e90fc952f8f2b7a4a9d38ea718403385422b5fc808ad18ca572b424d61cb
templates/cloudhost247_legacy/images/review-logo-trustpilot.png,Administrative/internal,4040,369a9b1f8c885ec16e8b7f3ce8d8eb686b4af01072f2f393c3b77d37eacb0b23
templates/cloudhost247_legacy/images/right-arro.svg,Administrative/internal,2853,94f24cc827be750eb30b423f0f73af5e319b8791269a30c60dce5a6ac292cc22
templates/cloudhost247_legacy/images/rpn.svg,Administrative/internal,4069,80ade0ba3e7ab2d81cd6e6e2cc85db20bcc6f2928f11e4678208abd5f889b300
templates/cloudhost247_legacy/images/rpn1.svg,Administrative/internal,8153,28b216ae56eccdc7ebee84e76781834294a430d7b77848463777cd7d3c99cb2c
templates/cloudhost247_legacy/images/russianFlag.png,Administrative/internal,451,c95093d1cc9055111842b44f2adc11d99bf0d02d20535dfb08127ac280433c33
templates/cloudhost247_legacy/images/s-icon1.png,Administrative/internal,1362,bd53cbbb13f60ef096fc006846fc616d04a5faaaefe98b1976cbc80dde37655e
templates/cloudhost247_legacy/images/s-icon2.png,Administrative/internal,1443,6cf440aa190d1c9d66579ea75eec0c666506cfa36b5789e1be7975813ed5e368
templates/cloudhost247_legacy/images/s-icon3.png,Administrative/internal,1419,4ac4a35da6112bf505abae32eadb8f101ae0e5aba6878cad3405206a5bc27c98
templates/cloudhost247_legacy/images/s-icon4.png,Administrative/internal,1247,eedfca6d09386b9a64d78ea4730850626ffac9d7a8578efb788b999d0fb69ad9
templates/cloudhost247_legacy/images/sale.png,Administrative/internal,1600,680a4f10798c37c648efb6ee19f1db1e5cd085f22ed3637d69f02adff0668abc
templates/cloudhost247_legacy/images/sale1.png,Administrative/internal,1504,7e4bfd25e6f1b53103ae7dd65333901d76e8b69766e3c4b4e45efd7754aeee23
templates/cloudhost247_legacy/images/sale_bar.png,Administrative/internal,1661,f28f016beeced1669d8a8885b5dd44d9716d53bc637b509cd7eaf60e47affb5e
templates/cloudhost247_legacy/images/sale_bar_left.png,Administrative/internal,1621,89e146479b4678aaffff6e07a6115138a9a4869f20946492e2ccfc911a2bd9bc
templates/cloudhost247_legacy/images/sale_bar_left_rtl.png,Administrative/internal,1604,a38944be9d0772aa1c47ea69612df425bba130cc0e97a8f20abce6455f1f7ad6
templates/cloudhost247_legacy/images/sale_icon.png,Administrative/internal,4275,92304caae28259014ea274b95f09acca1773871961f3c8ad61fe92093d27d7a3
templates/cloudhost247_legacy/images/search-icon-p.png,Marketing,1370,28d323c2d0d0225037913c0db01836e0f99a7cf500e646c96e5d3454952d785f
templates/cloudhost247_legacy/images/search-icon.svg,Marketing,2959,04f24cc66431f57d77c4f67738ce8bea0ba3041548cfe505c5fb37eb05b4b686
templates/cloudhost247_legacy/images/search-icon1.png,Marketing,1308,edec3e23a7aa2b381bce2420eb8634367a532ad431863797d24a6dd9aaed18fb
templates/cloudhost247_legacy/images/search-icon11.png,Marketing,2087,418499f6d7058260e553e995e85f0a073f163decb709841a6894a754d0ffd05c
templates/cloudhost247_legacy/images/select-icon.png,Administrative/internal,319,d0a9b959c40fe03a0e1b7b6862ef92b098cc446a10a1f6d1e39b2ca3651a45dd
templates/cloudhost247_legacy/images/seo-icons.png,Administrative/internal,20463,52311b1eb394dfd140d67bacf16da1581ca5cdc7739d7173484c8e884b0638c3
templates/cloudhost247_legacy/images/server-img.png,Administrative/internal,34256,107eef768b67e9c2f499a2c97f7094a32dcaf2a7b7be1350bf0e253b150fed69
templates/cloudhost247_legacy/images/server_icon.png,Administrative/internal,2226,74e8f9a62d814bea8bd0d8f9dd337d125a17a4a3887439dfdb2f2bb8641aa364
templates/cloudhost247_legacy/images/servers-feature.svg,Administrative/internal,8920,20e0a863a1f8ea449db29440d9cf748efac055e671478ee441194f466289ffbb
templates/cloudhost247_legacy/images/setting_icon1.png,Administrative/internal,1424,772de2083ab7ee6b4ee8d555eb8cfab638c9838d6c17afceff8ea290f43cbd53
templates/cloudhost247_legacy/images/shadow-shape-l.png,Administrative/internal,1211,90656152b243c48c7ab680ef7f9a52b1b6d462fd345abf22a4a6b38c77b2c460
templates/cloudhost247_legacy/images/shadow-shape-r.png,Administrative/internal,1218,cf94489ed1a17268b567e67e552407a42828c781cacafe3d8361093b9aab2d50
templates/cloudhost247_legacy/images/sharedhosting.png,Hosting,2256,7c8a33f673ed9d7fa06a4b9e5e2882ed47a675e3a3b284ce2f09224b51d66a5a
templates/cloudhost247_legacy/images/side_img.png,Administrative/internal,207214,f322b7c17d8236fa89f6c29429977bcff96c0a229c1438f073345b2c1a29fdb6
templates/cloudhost247_legacy/images/sidebar_icon.png,Administrative/internal,3669,c143045f55752045c9ebd83af6f1da98e72de908160fb50bada757c894dfaed4
templates/cloudhost247_legacy/images/simplySite_allfeatures_icon_action.svg,Administrative/internal,1186,349c87dddb1d8bdf8fca9f8a203c497b90fdb885ced41f3d5e6651d6530e5a29
templates/cloudhost247_legacy/images/simplySite_allfeatures_icon_clickCall.svg,Administrative/internal,2136,065801f6324e0e50b5d76188db74c537fdbaca3ef389a0914e223c243e12a3ef
templates/cloudhost247_legacy/images/simplySite_allfeatures_icon_font.svg,Administrative/internal,780,674c72c8d9c26e4acd1494164c3d90124d526f43f7caa1fe33bdd60118efcb43
templates/cloudhost247_legacy/images/simplySite_pricingPlan_icon_premium.svg,Administrative/internal,2045,73e4e34204cb3b39d9d01a18b94e077ccc6e82e8199d48aca1bcaa57520f5cd7
templates/cloudhost247_legacy/images/simplySite_pricingPlan_icon_professional.svg,Administrative/internal,2083,f8840f46f95ad7d006a0e3845d4bb089b6d728f5b7d2126b77a2d6fad9a188cb
templates/cloudhost247_legacy/images/simplySite_pricingPlan_icon_starter.svg,Administrative/internal,1859,2693d72a470512d74ac66ebe92c6c86e5decea5dd66384dbbbac18b3ffc0d713
templates/cloudhost247_legacy/images/simplySite_table_icon_autoMarketing.svg,Administrative/internal,1883,7b004241906e28daf0adaec34a85af270ca01a36bc459c7ceb7db1def8430720
templates/cloudhost247_legacy/images/simplySite_table_icon_backup.svg,Server Management,885,d6267606b63f0971df449fba7b07a66406f24d8fff438eaa47a46d1c407cd703
templates/cloudhost247_legacy/images/simplySite_table_icon_blog.svg,Marketing,798,419997deb419bf48f81cec2255513d5e5811fed8de309f620e274df7e08474c0
templates/cloudhost247_legacy/images/simplySite_table_icon_coupon.svg,Administrative/internal,857,1f7e167f015595bf197b236d1e603ba7972ca1619265dee2df6f6417b0a032d4
templates/cloudhost247_legacy/images/simplySite_table_icon_fbImport.svg,Administrative/internal,1054,76c69a6524254a77942ee9ce345445022d7877024fa67179326e00e15c1a3dc7
templates/cloudhost247_legacy/images/simplySite_table_icon_formContatto.svg,Administrative/internal,765,b311fbde8e7fb3370e52efae79d13c319ec95b9ff3e69eacdce692f24b51f0c5
templates/cloudhost247_legacy/images/simplySite_table_icon_listeColonne.svg,Administrative/internal,2049,6d899ea9c7c403b9ac528d0aca7970e22c024049df059cb3ec5d288744d896ed
templates/cloudhost247_legacy/images/simplySite_table_icon_maps.svg,Administrative/internal,838,3dc8007c0e4cf367df26fe171efd1427efba8602c3ae4540a3dc5820abfc0df7
templates/cloudhost247_legacy/images/simplySite_table_icon_multiDevice.svg,Administrative/internal,763,1c787a6a05372fda384aa79bbaf264a694f170d32abc6ae2b09aa9134c74d690
templates/cloudhost247_legacy/images/simplySite_table_icon_multilingua.svg,Administrative/internal,1179,ad490d9148637134e37d84be1937dc2012f384f458e512d23ac940d841ed5e95
templates/cloudhost247_legacy/images/simplySite_table_icon_pagine.svg,Administrative/internal,597,31ad56a1b7d7b5090ace9fedbe9ddd58140a3ca0e6c8adf400facffe52ec8395
templates/cloudhost247_legacy/images/simplySite_table_icon_paypal.svg,Administrative/internal,768,f2dc1c4358f6c8de99b360ac96ed2aefb243c6e91c8094dfaf6c7da49b7a0cce
templates/cloudhost247_legacy/images/simplySite_table_icon_privacy.svg,Legal,905,9362040a83ad0c30b8020e68779cce16a8dbfee51d9966c4f3431359df09068a
templates/cloudhost247_legacy/images/simplySite_table_icon_seo.svg,Administrative/internal,1998,a0d98388c4fc2f9790c150e66c2edba04caf4c71a651e1bf5d2aeeab436ce536
templates/cloudhost247_legacy/images/simplySite_table_icon_social.svg,Administrative/internal,1832,a59f17611efc53465f4b1492b761047cefccebff7508c16425c44312ce406123
templates/cloudhost247_legacy/images/simplySite_table_icon_ssl.svg,Administrative/internal,1003,9dd996bb82643ca813f02bd76e121bfada5274afa5060596f5aaa52a6307940d
templates/cloudhost247_legacy/images/simplySite_table_icon_supporto.svg,Support,864,cf692248393a61aaecd498dde9ad40067fb0fceab3439f0de3cb14eb8e3aa956
templates/cloudhost247_legacy/images/simplySite_table_icon_whatsapp.svg,Administrative/internal,1654,02df71852410c212c74785a4aad9346aed61b3ec66ff1a4f4ad2d2666a797265
templates/cloudhost247_legacy/images/singapore.jpg,Administrative/internal,1934,84df250af4bc2214d3eab99893254b899ff40fe6b3037205f7a5a100a86c11a7
templates/cloudhost247_legacy/images/sitelock.jpg,Administrative/internal,10688,656065d66ee07c31c0f0f52fbda525378997f625f95443911a1411b1a633d005
templates/cloudhost247_legacy/images/sitelockvpn.jpg,Administrative/internal,9725,e65717fb2a9e446646fdd2ae207161515516bff4e13dad53f4690672fafca5f3
templates/cloudhost247_legacy/images/sl-certificate-bg.jpg,Administrative/internal,81314,d378533c697d0eed10f98645fae65d21f6c04e1bfa7c22d9b6b1f0dc96be9920
templates/cloudhost247_legacy/images/solutions.svg,Administrative/internal,3613,a4f7da81e527bd5a902b90224f0f893f61f19e35c9912931360866a349f04085
templates/cloudhost247_legacy/images/spainFlag.png,Administrative/internal,2202,90feaed8b265048ee9f5129893715c9734f3829b7632819c7445acb90b8fe442
templates/cloudhost247_legacy/images/speed.png.svg,Administrative/internal,5352,db5c0388d4c6a7c86fdf2b5ffc7a1a5883770bb0fa79cc5c8a3e8760edeebaa0
templates/cloudhost247_legacy/images/spoons-folks.jpg,Administrative/internal,83297,beffcde06594e9ec61f4e387bf845eefc84b46c0bf7acd7bc02c021c740b2fab
templates/cloudhost247_legacy/images/sprite-icon-img-bkp.png,Administrative/internal,9060,d9de108621c70b86ffc1d0e54818ec9086ad67ff666da9cb27f25b99e9707659
templates/cloudhost247_legacy/images/sprite-icon-img.gif,Administrative/internal,5379,9ad085c4046f5d3fcbba8695f40b1b10768739bca8293b2bf7f3334530483e2c
templates/cloudhost247_legacy/images/sprite-icon-img.png,Administrative/internal,7593,05977b91316047faff68de3de1adc901151b65b357cd12980dfc6c1346ad036c
templates/cloudhost247_legacy/images/sprite-icon-white-img.png,Administrative/internal,6493,eb389e3fba329e7dddb777c0a46a8bb7e504b56e8ee667926633659a726afe86
templates/cloudhost247_legacy/images/sprite-skin-flat.png,Administrative/internal,304,f2f42c58a4ff4bdc0429d4e59fa2d3a9cb65f6651c5f18260d30d6e71ef56553
templates/cloudhost247_legacy/images/sprite-skin-modern.png,Administrative/internal,505,af47a1ee4eafe8c3886ae89238bc0fa650ad635e2f9fad07a001dd7fca6a5f12
templates/cloudhost247_legacy/images/sprite-skin-nice.png,Administrative/internal,694,980aa5de95cbfe8024b746925eea294d19a58eea6c632e3453bfb8548844b249
templates/cloudhost247_legacy/images/sprite-skin-simple.png,Administrative/internal,358,7682a23a95746d2cc25de61e123a933f3c4f77b20a8567b985875f3f2d39e085
templates/cloudhost247_legacy/images/ssl-banner-ryt.png,Administrative/internal,79292,0fa1b1e975741a8a0e1c5cf129bb1080657d4f8b191c72f4bc61d57564806043
templates/cloudhost247_legacy/images/ssl-certificates_banner_icon.png,Administrative/internal,196004,1c5c61794f97eed71d879326e4d5016b5c71e4d852b3f223c4b7a10742985280
templates/cloudhost247_legacy/images/ssl-certificates_lr.png,Administrative/internal,16659,b7bad20ce3e0e79c97a58ac9be404169019e8c76f08aabc45107564599d17bcc
templates/cloudhost247_legacy/images/ssl-effect-img.png,Administrative/internal,70614,557403d3ab40cd551f8f674fc494e85dd27f14243ce7e7a9ff6fbe22397f9a51
templates/cloudhost247_legacy/images/ssl-icon-1.png,Administrative/internal,2029,2f5e4ca7e458bf6f5719821c3448f28c73d020b2c369390736e35d4d202aa030
templates/cloudhost247_legacy/images/ssl-icon-2.png,Administrative/internal,2355,4200e731d1f9667967f2b68045a77dd978029bffd61480ffc15fd1ce035dd136
templates/cloudhost247_legacy/images/ssl-icon-3.png,Administrative/internal,1583,333758a322d67afb198dddef1bb7c623c24251adf381eb074c2648df3b7916e2
templates/cloudhost247_legacy/images/ssl-icon-4.png,Administrative/internal,1958,cefd291dc7b30ca83611b95c587786edec025cbda0b01373090262673bf04c54
templates/cloudhost247_legacy/images/ssl_img_icon.png,Administrative/internal,19141,9f5db8caa7d6f327ff9a144bd73cbe6a59ca370e0c86e4d17e4729052b10a282
templates/cloudhost247_legacy/images/ssl_img_l.png,Administrative/internal,19141,9f5db8caa7d6f327ff9a144bd73cbe6a59ca370e0c86e4d17e4729052b10a282
templates/cloudhost247_legacy/images/ssl_rank.png,Administrative/internal,985,0133608c2736f31c30d7b54152b8d3ab9890b3bdbbb7eafa5a3ebea76056329d
templates/cloudhost247_legacy/images/sslbnr.jpg,Administrative/internal,1154,07a4b1b602ef0072635291529eb6821268e7695e3cbef6bf8d36fc332242074f
templates/cloudhost247_legacy/images/star-img-rat.png,Administrative/internal,9998,5cfb36b6250821c835838a636ab4ed577707d030f5398c65b192181d976adb12
templates/cloudhost247_legacy/images/support-icon.png,Support,1139,2944bf47fa14dca704b85f896880ca9a5ecb93aec3138654c04346bcce8719fd
templates/cloudhost247_legacy/images/support-icon.svg,Support,4526,957e40ac2983bbccfaa1a998d89a165748a27de2f20a2e37ff505a61a5b43905
templates/cloudhost247_legacy/images/support-ticket.png,Support,1136,cf03d3e88a1cb5f2603276ea01f14c6820262b9f2f7bc5d14a6ee04be838c04d
templates/cloudhost247_legacy/images/support.svg,Support,3671,4bd535fd075ce359cd5931602f93916b2d0c4e48d04c879941651e9f732fccfa
templates/cloudhost247_legacy/images/support1.png,Support,3050,b239f1ab82c44583ddf16dbbc5d90e653cba6ba5167178ed56570f3539ae78a4
templates/cloudhost247_legacy/images/support_icon.png,Support,3104,874c205691d152b37927c6dc76a478272fead06d919cc563c1f3267d830f86f4
templates/cloudhost247_legacy/images/sura.svg,Administrative/internal,8969,f17aecb43d59bd92d1316a62dc5b24f30f3bfbdf4b516042803e91bfc9d7c7ca
templates/cloudhost247_legacy/images/sydney.jpg,Administrative/internal,3113,ac0967c7ad876891a58dfcb5ab256f2be9bfa5056828928d61a2e518dbba35cc
templates/cloudhost247_legacy/images/system_icon1.png,Administrative/internal,3124,372849fcf343f3a28a4a810ca4cb3c62712c03d3e3b21ca32e2faeb17d356502
templates/cloudhost247_legacy/images/system_icon2.png,Administrative/internal,2309,6b089dbeb465aee85621453549af73faca9228a81e77ca6e5f1936cf3a8b033d
templates/cloudhost247_legacy/images/system_icon3.png,Administrative/internal,3157,96739afe5cd25d3ce45538692e9fbe4b114cedf4f17fedd829a3274a696a04b1
templates/cloudhost247_legacy/images/system_icon4.png,Administrative/internal,2496,70a4d3407e7de7feda96d79c840de5c533d40a78bcd28f36012b3176c495c9ed
templates/cloudhost247_legacy/images/system_icon5.png,Administrative/internal,2208,2026765df297d3d306f2e3f2cc5a71de62a2501cfd874ac37f2b0e973e2dd25d
templates/cloudhost247_legacy/images/system_icon6.png,Administrative/internal,1829,563ae1d4572e45db7c2cb6bb2a75a3f7a83c3a04e78593d10cbe618aadc24ded
templates/cloudhost247_legacy/images/system_icon7.png,Administrative/internal,1853,01aac21506a49936cf4f424bc831dee9603f3cd0f6ef8d2ae97cc42fcc5b3347
templates/cloudhost247_legacy/images/system_icon8.png,Administrative/internal,1431,90ad0a2a5f911f406036cc9ae7024b4566ba23217921ff60f1cde3978fe6494e
templates/cloudhost247_legacy/images/tag.svg,Administrative/internal,23935,760050298b08eff34f7d92ca3bee5732f312eea98120914b66fc71ae5d2a9ac9
templates/cloudhost247_legacy/images/templ_icon.png,Administrative/internal,20560,828180dd1cc110b5b48bb08189e5b7a5fe03190e5e2e1176316af5086e7d5e26
templates/cloudhost247_legacy/images/term_bg_1.jpg,Administrative/internal,61082,edea3997a252b24c17756f6fcd8e9aef8b8c39691ab18a180d563fc5c9ecdfeb
templates/cloudhost247_legacy/images/terminate.png,Administrative/internal,3911,4cd2269f636c9080b2c00ae9e4a4e71bae8d2a725bcf8b919950718538cf904b
templates/cloudhost247_legacy/images/tick.png,Administrative/internal,2699,191f911416ab6c4bfb9dc7c932162b33dbb6e52e4fe849de53b7083ab5cdabd4
templates/cloudhost247_legacy/images/ticket_submit.png,Support,4550,57a932b0f07f230126cab063b90a3ec4b87cfc43a310463cbff59e9879426729
templates/cloudhost247_legacy/images/ticketicon0.png,Support,3064,527cbbd431eed2820f71903d67e6b1570d51d1e93e22676408f7f67a03314f0d
templates/cloudhost247_legacy/images/ticketicon1.png,Support,4275,92304caae28259014ea274b95f09acca1773871961f3c8ad61fe92093d27d7a3
templates/cloudhost247_legacy/images/ticketicon2.png,Support,3104,874c205691d152b37927c6dc76a478272fead06d919cc563c1f3267d830f86f4
templates/cloudhost247_legacy/images/ticketicon3.png,Support,3064,527cbbd431eed2820f71903d67e6b1570d51d1e93e22676408f7f67a03314f0d
templates/cloudhost247_legacy/images/ticketicon4.png,Support,3064,527cbbd431eed2820f71903d67e6b1570d51d1e93e22676408f7f67a03314f0d
templates/cloudhost247_legacy/images/toll-free.svg,Administrative/internal,3786,5fe193f4858a5d0648f5fe16df4e289b50defc5b2bf8d762ca8f3afdef3a4bfb
templates/cloudhost247_legacy/images/top_search-back.png,Marketing,28782,b7ab2bcea9e3fdf359a000b4f0bbdb92f8d517ea449009b1d8685573c8642d0c
templates/cloudhost247_legacy/images/transfer_domain.png,Domains,885,596f902e019a2d873be9592dcb57bac87589a160f02b13147c9e7819be1a73b8
templates/cloudhost247_legacy/images/united-kingdom.jpg,Administrative/internal,3278,ccb3a2a099074d9e795fd90f9c731822de0f0980232f1c2606a027b767a23ba7
templates/cloudhost247_legacy/images/unlimited-files-feature.svg,Administrative/internal,1798,cbb35589e42c5b2729d2c267d3698540f524443a9a21f8a87da8eb6f51c894c0
templates/cloudhost247_legacy/images/us.jpg,Administrative/internal,2231,b1ecf95ffbec76f6fd5f26f298a1fdfe235ed5bd9ccde9722f7ee9e206ee06a2
templates/cloudhost247_legacy/images/user-icon.png,Administrative/internal,1507,080192184114c05fb417a843eb5e4490602f40eb2319a581da9a1463592f3dee
templates/cloudhost247_legacy/images/user01.png,Administrative/internal,20690,3547975b4c4495b2b30159c126e76d96f787cbd77b76af7f597eb00f8cc6a66f
templates/cloudhost247_legacy/images/user02.png,Administrative/internal,22313,db083c0c0136df09ec450d802a2b625009ec90712d7740e97112b7608b503b8b
templates/cloudhost247_legacy/images/user03.png,Administrative/internal,23135,0b8069befc0190b5118335d1c6cb29bfb39601a717d926cf97f945e73f9784e4
templates/cloudhost247_legacy/images/user04.png,Administrative/internal,22649,125d87972f4cf8252e84eb050005411cde0220af3e25dbddc9560c9c665d27a7
templates/cloudhost247_legacy/images/user05.png,Administrative/internal,11886,1f5a09b7f9b6d0f81636602253a73aa23d96aeabd82f16051e52ac2df88a3c0d
templates/cloudhost247_legacy/images/video_icon.png,Administrative/internal,20679,0917966b215a37613691340e4a3676b998d2aa490f893508194fd75b3307a521
templates/cloudhost247_legacy/images/vps-private.png,VPS,1421,2f6c76002af3563537af0f876f029f4bfea71b3361deccedbbe05dfb02375a86
templates/cloudhost247_legacy/images/vps-ssd.png,VPS,663,3e008a3512f4d8fff1ea06d9971abec41281fb306cf46188d522a087176b8a6c
templates/cloudhost247_legacy/images/vps_public_cloud_back.png,VPS,153928,6849adeeadb4ecd229cd5406022b296da693fbaa2df8554fdf7bf7c9e70d112e
templates/cloudhost247_legacy/images/vps_public_cloud_back1.png,VPS,36765,5c8039000af71b8753b8a0cead16a5eab1e3f7f74a082d0b09cc3f7b98a50b3a
templates/cloudhost247_legacy/images/vps_ssd_back.png,VPS,108308,692f4075388f375b1de0d07d62ec3f1b2e61fe0520158d89f8b4e6e85e1239a1
templates/cloudhost247_legacy/images/we-take-care-img.png,Administrative/internal,354027,5ead1664ee8168a6dcd8ad867417896b6e96a56ba0163b511103e8546ddbbcf8
templates/cloudhost247_legacy/images/weebly.jpg,Administrative/internal,12011,c7d8695119027af8f6bf55b54cc3ceaea76d5fc60d23e86e5486c30202d5e046
templates/cloudhost247_legacy/images/wesite-reating-bg.png,Administrative/internal,57236,b9d5189b7aa712fab5fae13570e274f47abdc39c8c3ad1cac3f455d46789ce8d
templates/cloudhost247_legacy/images/why-choos-icon-1.png,Administrative/internal,1888,db206478896bd6daf885102435ac44902531b89cd9af5812921fddd5f778dc6a
templates/cloudhost247_legacy/images/why-choos-icon-2.png,Administrative/internal,2956,603479d3d762c3b7f87a43e5ae0f26c75af8e2f635b1ba3c1d559a47f232ad11
templates/cloudhost247_legacy/images/why-choos-icon-3.png,Administrative/internal,2783,cbb3ac216269c09c45f4f6c787a1926b01b6b300eccfcf6098095ba056391b05
templates/cloudhost247_legacy/images/window-hosting.webp,Hosting,23042,f0ac698e67b1cd6cb3785d95f479efd385282b8cfbd1972e821ac22873bf4b8b
templates/cloudhost247_legacy/images/window-hosting_back.png,Hosting,14141,7b5fef6fff69e71519fd33d4dfc9025e4df2559a443da327207721758f4a58de
templates/cloudhost247_legacy/images/windowshosting.png,Hosting,2660,c85386816fdb3cfe15636ad4867db2f57867e280f78b7e502a8ec6e1b04c1ce8
templates/cloudhost247_legacy/images/wordpree_hosting_back.png,Hosting,1149894,54354c43053bbd55d4c525545d8add857ef5fe44ab7475e9d05fe79b3eee89bd
templates/cloudhost247_legacy/images/wordpresshosting.png,Applications,2530,e197ddad5422b3557b3e333c127092efb6c45077fb3282190a7a40dc45a38194
templates/cloudhost247_legacy/images/wp-feature.svg,Administrative/internal,1987,f14ef6fa4912a4679a74a8aa2af946b9c967e53ace7bf41ea638806649495dec
templates/cloudhost247_legacy/images/wp-icon.svg,Administrative/internal,1465,f15c80a60555f3645c1d3624c361416e6ae3435715130a9b0e372914a1e9b6de
templates/cloudhost247_legacy/images/www-icon.png,Administrative/internal,1615,21e778e78aed07dd10a892dc13c46c46171b4d7f0bf4f5bcc947097d897dc89e
templates/cloudhost247_legacy/images/www-img.png,Administrative/internal,59179,32db9009050f1c42cd57296a59e99dfff9dbd85c98002c7b59dc0239a6aef695
templates/cloudhost247_legacy/img/flags.png,Administrative/internal,65960,38025784bedeb5e4cae496b131c85cabbd95ae0b1c0a3c9d9cb474d7262db04b
templates/cloudhost247_legacy/img/flags@2x.png,Administrative/internal,173609,e21becc4db003c08194a77f3311709fc0002a99be5dd18e8a5ba661c0472dc35
templates/cloudhost247_legacy/img/globe.png,Administrative/internal,85380,2ac5df66ad53b03b089127cb617f80a9d11f1baf1335b34fa78da05fef179f6d
templates/cloudhost247_legacy/img/index.php,Administrative/internal,45,48565671a71c7e5ea72f780f3e09fbdcc60d5fac8610851a5335a1616219e543
templates/cloudhost247_legacy/img/loader.gif,Administrative/internal,7364,44ddaa84bc016d6b3889d17b44eb84ca5dd18f98a69f3acac367db5901300ab9
templates/cloudhost247_legacy/img/worldmap.png,Administrative/internal,31275,f75cbeb698c07684e610c596d57330cb4b26b6e1c9da9c22f99a5c1528368a5e
templates/cloudhost247_legacy/includes/active-products-services-item.tpl,Administrative/internal,5059,2c22f7eaeefc38a2aa53b22a34b079e1f2a47635c8badf12832fbbe8963e72ce
templates/cloudhost247_legacy/includes/alert.tpl,Administrative/internal,413,4514fe50c268ad9d5facc763b6c1a9e1297b068d7d5af3f3fca9c6adfe787051
templates/cloudhost247_legacy/includes/announcementbar.tpl,Marketing,4923,fbf1191fbe1f758e0f122ad5d8b62153fa0869e093e18abfda76faedbf6217bd
templates/cloudhost247_legacy/includes/blocks/all_hosting_features.tpl,Hosting,4205,c5cf8b042a9b7a3616f02312f23ff0efecd9cffe0f232e12fd98765bd8dfe1a4
templates/cloudhost247_legacy/includes/blocks/all_services.tpl,Administrative/internal,3409,c04a0df803783771f948ab6db372186e62fe438f3c2cbb7b51748d7da1a0ea1f
templates/cloudhost247_legacy/includes/blocks/all_tlds_below.tpl,Administrative/internal,3269,61efb92e40713fedbc6ac296d9eb2027fd09fe8d1fd18134ea842547dfdc4d05
templates/cloudhost247_legacy/includes/blocks/available_operating_system.tpl,Operating Systems,7968,7a4b5c254c56e5ad7754821901ccdf244c204822ab42559bf7bcd89eee88848b
templates/cloudhost247_legacy/includes/blocks/banner.tpl,Administrative/internal,427,430eeb50691486d8ccfdef20b2fa0dd4a01a5c21146e14044260928fc4544ae7
templates/cloudhost247_legacy/includes/blocks/banner_bottombar.tpl,Administrative/internal,986,30bd54bc89c6e4b8505cb6179bad7d6bcc20f8b3bf3f8d256ec62f096a5ad1b9
templates/cloudhost247_legacy/includes/blocks/banner_v1.tpl,Administrative/internal,1291,b4651f309f3f52f29fade7ddf28fee398ec9eea100142c34f1caf65b3d8c2738
templates/cloudhost247_legacy/includes/blocks/banner_v2.tpl,Administrative/internal,1705,fff3767640f1ff8170fc620d14a1bb169c1d5356cf422b3758a593c7365e6b0e
templates/cloudhost247_legacy/includes/blocks/banner_v3.tpl,Administrative/internal,1453,8f0dbb7115f1c9235f0fedcfc99c92ad563b15c0f1005bc7eb55fce8dfcae8d1
templates/cloudhost247_legacy/includes/blocks/best_vps_server.tpl,VPS,2219,b68804bcf512a8779b32959336ba80ddfd174cac9bfdfff9cf16ea42286dd565
templates/cloudhost247_legacy/includes/blocks/build_sites.tpl,Administrative/internal,306,1767733a78202a2807e530adcc7198bee8ae13f0b6b73ae59300b4b9975745f1
templates/cloudhost247_legacy/includes/blocks/call_us.tpl,Administrative/internal,1059,bf0ef588688bd077dd42a2ba21ebb4396743f80f8c3648aa84fd5a63c9821951
templates/cloudhost247_legacy/includes/blocks/cloudhost247_web_hosting.tpl,Hosting,1341,88e423069456b5f9d7875359f9c657a88a67d918e26833327e7b46acab51abff
templates/cloudhost247_legacy/includes/blocks/cloudhost247_web_hosting_2.tpl,Hosting,1532,4073142e5d76a30fe7f73b5a2ea35337f9fe4341062775bed21da6bfe28509e0
templates/cloudhost247_legacy/includes/blocks/copyright.tpl,Administrative/internal,378,078322663704b6371d35bd7e2fbd025fc85b554c4aea54744934c723ba39a4f6
templates/cloudhost247_legacy/includes/blocks/cpanel_pricing.tpl,Hosting,9359,3489e07525cc955686b111417c257e1e5fbbfb29a75c0877cd45b13d119ca9a8
templates/cloudhost247_legacy/includes/blocks/custom.tpl,Administrative/internal,107,7ac426545d01fc54f5824609631bd5111c15398409612e7029b6566e5ac6a441
templates/cloudhost247_legacy/includes/blocks/dedicated_server.tpl,Dedicated,3081,8fcfb58f4b5d90181850def4033e9ca0f0b1064990d85f0c8387df133b95f64c
templates/cloudhost247_legacy/includes/blocks/dedicated_side_bar.tpl,Dedicated,3088,80d7a00d5bb7cf7bb1b2b6eb804cd37b2985b74727d2232246f0eb62e459fe77
templates/cloudhost247_legacy/includes/blocks/dedicated_why_choose_us.tpl,Dedicated,1927,621563563f9a98fb32c615dde3b5f0cdd649295ec3e7448790013142152339b0
templates/cloudhost247_legacy/includes/blocks/domain_services.tpl,Domains,2095,04f30884cc21e88076459b1b2a3814dc332616f2e62c910a24796f6a5ac07c05
templates/cloudhost247_legacy/includes/blocks/find_best_domain.tpl,Domains,1202,199f803fd2b5fcf544c7f8f75c81d3b6ee159634f839d1aff2eae3cca287f66b
templates/cloudhost247_legacy/includes/blocks/find_ideal_domain_name.tpl,Domains,1755,b296e149c1ef646171f019d183bd19f893d9b36ff66f7f853a9899c0900ab983
templates/cloudhost247_legacy/includes/blocks/footer_block.tpl,Administrative/internal,5295,ac37bdc84ff4e10279200738b81d651aad0f675d8e34bd4facc1d3ef368b5cd7
templates/cloudhost247_legacy/includes/blocks/footer_block_latest.tpl,Administrative/internal,7607,7b7560ac5a88448881cd113812474d141c4874395e3c6e283be7eb81615fdfbd
templates/cloudhost247_legacy/includes/blocks/free_trial.tpl,Administrative/internal,468,25a0da8aa6476a5ed72b7e9b2a8f65818b94f29399387d01bf158a6b3d5a2b0b
templates/cloudhost247_legacy/includes/blocks/frequently_asked.tpl,Administrative/internal,3310,aa92825f47da0ce233b3fc744e26461365f62946c14d31d63c651e3553265e6b
templates/cloudhost247_legacy/includes/blocks/frequently_asked_advanced.tpl,Administrative/internal,7799,ab79712119e91b895178fb14d78bd1af4741500223b73cad161c2e4b0567d449
templates/cloudhost247_legacy/includes/blocks/frequently_asked_basic.tpl,Administrative/internal,2900,695910c009df6f59b7d62654847ad4315b4fdfc0bc607dca58503323b6240ef9
templates/cloudhost247_legacy/includes/blocks/get_your_custom_email_address.tpl,Email,848,af54627d5a8b2b79c9978f1c22e5129ad9f54d5abd9a5e187e3904ee5f6335e3
templates/cloudhost247_legacy/includes/blocks/google_recent_changes_effact.tpl,Administrative/internal,997,a939871389d2cf31e097f06ad32006928e7e053bf6de9390dd71f0c82845f3f2
templates/cloudhost247_legacy/includes/blocks/highest_rated_hosting_block.tpl,Hosting,4419,ab5b01b33fce33d27e863160feeb48a18ae3aa7678db41df48bb0981b4d55ce1
templates/cloudhost247_legacy/includes/blocks/how_it_works.tpl,Administrative/internal,453,e88bd94334fdd52f6e7a757377e8cc431124e1124af88a91fa9200a2d43f7c74
templates/cloudhost247_legacy/includes/blocks/include_all_features.tpl,Administrative/internal,4377,71683b0df44bdc1f0f21a9536835ff44294bfa83195224764e278ee751d247f8
templates/cloudhost247_legacy/includes/blocks/more_feature.tpl,Administrative/internal,2618,f16df7839013224b98ca40d8816437673db4720cc72456a8dd95a8d66852bed5
templates/cloudhost247_legacy/includes/blocks/offer_block_2.tpl,Administrative/internal,971,4c8feefe39d95c19ce11f5664e83345d532cc205a4a0f6b8fc0c214e53a17e00
templates/cloudhost247_legacy/includes/blocks/offers.tpl,Marketing,1597,f053f218b7912f99dd57ceb008738b6709dab8af3a38d5a0b86b279a722f1f8b
templates/cloudhost247_legacy/includes/blocks/other_options.tpl,Administrative/internal,2291,68432c1ce7c550181ffc5a0618c3a3e7999e8af916571e634ee220f85d26815d
templates/cloudhost247_legacy/includes/blocks/our_products.tpl,Administrative/internal,3459,13437e0f12cd4d22b47d1207a15ea234859b6f61ad3141b8d698febe81125ac5
templates/cloudhost247_legacy/includes/blocks/perfect_domain_name.tpl,Domains,460,16df10cd6a8ef07950956659c2425bd3c6ce4183aa5b3886741a88fcb60b8476
templates/cloudhost247_legacy/includes/blocks/premium_everything.tpl,Administrative/internal,1155,6ed37b90276955041f3008a804dda05d35ec20b827868395d23db6464046ced8
templates/cloudhost247_legacy/includes/blocks/price_compare_table_block.tpl,Administrative/internal,12892,fa43be3a42018caee9f0dddf2be6f38622e0b71490083952651913e9ab44eff5
templates/cloudhost247_legacy/includes/blocks/pricing_vps_block.tpl,VPS,10432,cb217319e50d4d9a1e083faa05b5f5b9b8508677d7683dad380cd18eb3a3c6fb
templates/cloudhost247_legacy/includes/blocks/ready_to_grab.tpl,Administrative/internal,3425,15fc1fe05a7d1a503be24582117b4c1b3cd02705300b4b13dc286fa04fffc039
templates/cloudhost247_legacy/includes/blocks/security_optimizations.tpl,Administrative/internal,1589,a0417fd82b7025e058a061d2e3c91707aa10b8ca21fb2e676df5e25769e7d0aa
templates/cloudhost247_legacy/includes/blocks/ssl_effect_site.tpl,Administrative/internal,1661,9a02abb383091fb7ff4c0d1c56ce5706b297b7b7901654efd0ec09be54974472
templates/cloudhost247_legacy/includes/blocks/ssl_four_easy_steps.tpl,Administrative/internal,2688,78bf4be0b488b5c496120765c58602a5e27b3e1d7f0b3fb5959c3015902fda6a
templates/cloudhost247_legacy/includes/blocks/sslpricing_section.tpl,Administrative/internal,9227,352467f12a8b7f4656db5330de544fd949ba18420a750148de7350b164d5c85b
templates/cloudhost247_legacy/includes/blocks/sslpricing_sections.tpl,Administrative/internal,9371,899b11582dbda818445207d361b7d0c2712d897eef2ce886c1603d62b7a3b6de
templates/cloudhost247_legacy/includes/blocks/technical_specifications.tpl,Administrative/internal,1662,483c5cdd84fdf69bb114d57da615e083b38161ad6863e51005bd1caf1184536c
templates/cloudhost247_legacy/includes/blocks/testimonial_manager.tpl,Administrative/internal,6278,fd066dc89bb79ada49f2702eb7fc0c3e519200b0fdcd5f647dde55a7c16f1505
templates/cloudhost247_legacy/includes/blocks/testimonials.tpl,Administrative/internal,781,bed687efd8f716ea360f90a07fa4b8cb78d94686b524b0d0c32ca58d3dd0f641
templates/cloudhost247_legacy/includes/blocks/testimonials_new.tpl,Administrative/internal,1231,020b038da8fdd97e9fd55022d6dfe3feda940dfea94d8188a14948decabef254
templates/cloudhost247_legacy/includes/blocks/the_best_managed_cloud_hosting.tpl,Cloud,409,0893331c220625ee903421751d586059ebe5178cbbde3d68e7c0502c5fb3d162
templates/cloudhost247_legacy/includes/blocks/three_in_one_price.tpl,Administrative/internal,9204,6556a9909a1aa5c70b0f0b2c31bb7c377cce6c3ef5bf5d1cc66dbb5b4fd7e7e4
templates/cloudhost247_legacy/includes/blocks/three_simple_steps.tpl,Administrative/internal,1422,425d3a796a39ecf384a444e8610a506be8246698468fd22226c939a49ba4d990
templates/cloudhost247_legacy/includes/blocks/unlimited_bandwidth.tpl,Administrative/internal,784,31a0e23477db737be36db1577f8755b91c3ce5f371cddafc0f8a548bc8054194
templates/cloudhost247_legacy/includes/blocks/vps_pricing_plan.tpl,VPS,1448,421de4161e806f89da6414ba6d71d42299362830b36a50ccd16b549aad1e1de1
templates/cloudhost247_legacy/includes/blocks/we_have_hosting_solution.tpl,Hosting,3234,faff5b64ab076dc27591f4a9172c345b64942f4641ad6878ace5a3667b74b7b5
templates/cloudhost247_legacy/includes/blocks/what_customers_have_to_say.tpl,Administrative/internal,3054,12ef37a454192c47c8d43288e560c458c9b5df4175f19977a844dcc3eab024cd
templates/cloudhost247_legacy/includes/blocks/why_choose_us.tpl,Administrative/internal,7318,a089c835e98695c0e559cb0b8d73b08263e7f6ee32c4f3f7da46f6dbda47d524
templates/cloudhost247_legacy/includes/blocks/why_choose_vps_hosting.tpl,VPS,1945,b27eae85ee00b1fa6c8fea859404a9d4856a3e716d6b3676ad38181958ca8600
templates/cloudhost247_legacy/includes/blocks/why_cloudhost247.tpl,Administrative/internal,414,31efd00f9c0c2f0f26673282dc08b08567d06e154c0d681e966b241443e5098d
templates/cloudhost247_legacy/includes/breadcrumb.tpl,Administrative/internal,262,cd3f17e394e0c94de6f3ac7b25a366b166ac5f9623f795a865aa0d66adb722a8
templates/cloudhost247_legacy/includes/captcha.tpl,Administrative/internal,1486,daefa24be07875ecb6dce723b9ccf84f51a7cfbbd1a201770e2e4853975fcdcc
templates/cloudhost247_legacy/includes/confirmation.tpl,Administrative/internal,1612,cfbfb069af96c6b40776c914d02770f45e4870d12201475760cf987dd3b18f7c
templates/cloudhost247_legacy/includes/existing-paymethods.tpl,Administrative/internal,1984,d5303a06e4ddd2bb7fa0faf64d221d24bce95e4ed8cecf864166da177830e68c
templates/cloudhost247_legacy/includes/flashmessage.tpl,Administrative/internal,279,7e671f3ade8aa2706ca1660b25e75175f23d2832e91a083196096132a09c52aa
templates/cloudhost247_legacy/includes/generate-password.tpl,Authentication,2866,1387615499f0031dec0084cae48a2758ef51f6eb4c8fc14a2d15f80714930696
templates/cloudhost247_legacy/includes/head.tpl,Administrative/internal,2868,7c8b8376aaca15de22db37fbb6459c3f99632ca56f3fc49bce1d37197248c637
templates/cloudhost247_legacy/includes/index.php,Administrative/internal,45,48565671a71c7e5ea72f780f3e09fbdcc60d5fac8610851a5335a1616219e543
templates/cloudhost247_legacy/includes/linkedaccounts.tpl,Client Area,4259,0ef48be734c6e831243718bed4b464a16995220a44e59a9ff297b74a43cc5eb6
templates/cloudhost247_legacy/includes/modal.tpl,Administrative/internal,1617,91aad0d3c0d6335989f3ee268fd53775e44422f42ad2dc7254c5e9187733b458
templates/cloudhost247_legacy/includes/navbar.tpl,Administrative/internal,2096,98d960315cc0b32b6a4ff5e8d77a09f7aa91321a08a30cc665203ba9a091960d
templates/cloudhost247_legacy/includes/pageheader.tpl,Administrative/internal,247,3bbebe13e23557a9d991f4f3b3b2f711e40770f9c138196e229d003295a58282
templates/cloudhost247_legacy/includes/panel.tpl,Administrative/internal,528,8af9f348756b1330fe40e842c7fd18ca66dc3ee2cde86676c7cf79a08982e5db
templates/cloudhost247_legacy/includes/pwstrength.tpl,Administrative/internal,4566,d043deb73225a9ec445d7a1b4cb82917353cab2586922a2b64a4b9d2c635922e
templates/cloudhost247_legacy/includes/sidebar.tpl,Administrative/internal,5516,aec8238122606c10e58a70d19530c846e17f5a53dfb7b59eb5cb93ee0beec7ae
templates/cloudhost247_legacy/includes/subheader.tpl,Administrative/internal,17,8561e3524778ca486af8e34f5c191347e241fe877503f619665a0561754d5536
templates/cloudhost247_legacy/includes/tablelist.tpl,Administrative/internal,5371,4efddd4ddfce85b98ba1f91c8818a80d5e1cb98fe2e0c57557dfc629f858b2ea
templates/cloudhost247_legacy/includes/validateuser.tpl,Administrative/internal,1679,42f2a6e18f9b91f85fcf0b16b3cf1c56a408d406485b98ee0aa81dc44bb44e02
templates/cloudhost247_legacy/includes/verifyemail.tpl,Email,1259,72104e1f2e65435a5b94d341a9c3dc2665f31731b6ba75f71b2ec68d632c537c
templates/cloudhost247_legacy/index.php,Administrative/internal,42,0e2a029f8c031f8b18be17ce9654c8c0212ee660b540bd356e96ef057cfbd5fa
templates/cloudhost247_legacy/invoice-payment.tpl,Checkout,3339,c10c6c552a0aba5bafa585eeb09e7fcd49e5d69166aa87974b10a8052876aa95
templates/cloudhost247_legacy/invoicepdf.tpl,Checkout,6802,877f84c5f86fb4be5d5c3433495c8196c91bba871b4293cd390ffff8274561e3
templates/cloudhost247_legacy/js/base.js,Administrative/internal,78686,edb89eede7c2aa7ad64e8ea5bd2c899af83d544734095e6a77fb50c8e30ab008
templates/cloudhost247_legacy/js/bootstrap.min.js,Administrative/internal,51039,56c12a125b021d21a69e61d7190cefa168d6c28ce715265cea1b3b0112d169c4
templates/cloudhost247_legacy/js/cookies_library_cloudhost247_file.js,Administrative/internal,20808,cb41292903f6bd996333bdfe6fbc58e1dbdb6109074505ee3ea46373bb23be70
templates/cloudhost247_legacy/js/custom.js,Administrative/internal,5033,495eca2bf8410b20d51cab9f3a13921ae2befa89392379af08545220d738f298
templates/cloudhost247_legacy/js/custom_scripts.js,Administrative/internal,25575,d924c99d8c66bc62a31c804b2c07a6b5fd2b3564e8bf5b57bbd3cf3bbc7c6ac0
templates/cloudhost247_legacy/js/hc-offcanvas-nav.js,Administrative/internal,10945,5f7567c59fde7c340bdc3d885a2e1974ea760fe2a6e348d7019641084c13f89b
templates/cloudhost247_legacy/js/index.php,Administrative/internal,45,48565671a71c7e5ea72f780f3e09fbdcc60d5fac8610851a5335a1616219e543
templates/cloudhost247_legacy/js/ion.rangeSlider.min.js,Administrative/internal,40897,1866877a7f6662f277f2ac8fb6d317a2a9cc7c41a97394208cf716a79bb8a013
templates/cloudhost247_legacy/js/overrides/override.js,Administrative/internal,0,e3b0c44298fc1c149afbf4c8996fb92427ae41e4649b934ca495991b7852b855
templates/cloudhost247_legacy/js/overrides/override.js.new,Administrative/internal,0,e3b0c44298fc1c149afbf4c8996fb92427ae41e4649b934ca495991b7852b855
templates/cloudhost247_legacy/js/owl.carousel.js,Administrative/internal,20375,1cdd2ed27623b694656d5b8f372619c4cdfb8c2fa923d0716de2028223f4601d
templates/cloudhost247_legacy/js/pop-offer-cookies-lib.js,Administrative/internal,1690,2e327064ee5d9487aca2d6f653c9968a48ea6c417a4782c4513ff94140335bd2
templates/cloudhost247_legacy/js/popper.min.js,Administrative/internal,20297,437245f5f1e10d7f56b25dab25a358053ed5ac3718838bb94e0a4a270af9df88
templates/cloudhost247_legacy/js/scripts.js,Administrative/internal,1502171,2d2d2b69a7dc5c5bb2141517029034fd9d6c4240ce1d6e04a58c0a6f75346ee2
templates/cloudhost247_legacy/js/scripts.min.js,Administrative/internal,629578,d836563380ad196712c082b1e3feaaceb742de93c3f17554dd0980e502222418
templates/cloudhost247_legacy/js/scrollBarWgs.js,Administrative/internal,2909,347ee070db5ccb9a27a42957ed69163380c8a17243f854ae6dc40b04d6354599
templates/cloudhost247_legacy/js/slick.js,Administrative/internal,41329,1eeed4234141185c812506235d2587886d6b5dcebb8edf586fe327c6e4dcf1c9
templates/cloudhost247_legacy/js/twitter.js,Administrative/internal,366,23189ad0655e5474a721d71a2181db533712d6caf1a53a2798263168e5632e2f
templates/cloudhost247_legacy/js/whmcs.js,Administrative/internal,46909,dfb4ae05130f3abacdda8a65437b84f92b21e22c9de30bb2a39a948be36ddb5d
templates/cloudhost247_legacy/js/wow.min.js,Administrative/internal,8415,0ec632e6ab02d4fdd514da7f5edc74aa28c9d4c71af76f1c8b93a1fba85bcc69
templates/cloudhost247_legacy/knowledgebase.tpl,Support,2034,ca6b1859d4eb86ddb074c9b83823632e0dcdd852aec544b5aa2492bdb9e74581
templates/cloudhost247_legacy/knowledgebasearticle.tpl,Support,2384,9058cd40a092cfed8ca0c4d04d65ad8be07be629afa9c68b2944adfff004069c
templates/cloudhost247_legacy/knowledgebasecat.tpl,Support,2198,eb4101cf153a7cea153b50755317cc2d53c9e91a50d75cc47bb958eed76c3025
templates/cloudhost247_legacy/legal.tpl,Legal,7846,eed157aa80610a14819452dc89e7f209677b89ed5a50c15dbd32787b2861be94
templates/cloudhost247_legacy/legalnotice.tpl,Legal,8175,46569a65598b2e17dee0f598368dc7f14267b6b5459c815fb779de1a782ef6ea
templates/cloudhost247_legacy/login.tpl,Authentication,2686,699821ba36536d42bc03058a4c3ebdcb429f7eb7d7df0c799cca6e84283df750
templates/cloudhost247_legacy/logintwofa.tpl,Authentication,2000,79ade1b24aa1686488615250ae3e4343786186b7ba485e8fe92bab9485ac375f
templates/cloudhost247_legacy/logout.tpl,Administrative/internal,694,d148ec9a12ed7b097ac8ddc2061d398437d554c5d7fc888975c8637b0fa7e5b8
templates/cloudhost247_legacy/managessl.tpl,Administrative/internal,6264,2e48143b590fc8cb454f3cbb49327a3f247028227b40a59d6d3c888b66781aee
templates/cloudhost247_legacy/markdown-guide.tpl,Administrative/internal,2033,29cf5886f8e77809bc86ce162d4331c70ff4795b86ca19a1e248a72580a2c1b0
templates/cloudhost247_legacy/marketconnect/codeguard/bg.jpg,Administrative/internal,12378,35d8ea88d80ec75b800a0769983a4e68a727b15738e4132f38c787d9e3d2b220
templates/cloudhost247_legacy/marketconnect/codeguard/codeguard.png,Administrative/internal,3556,0e3596c65be6166bf1403bdc01ab674dc5faccd599cd85072056eabddde09af1
templates/cloudhost247_legacy/marketconnect/codeguard/index.php,Administrative/internal,46,598ddbeae83886c015468daad0a7653e3f7f525f41e0f25522356d7b30e5c9f5
templates/cloudhost247_legacy/marketconnect/codeguard/logo.png,Administrative/internal,4998,1bfea627fc0372731258fa61707c72995fff0ba56066ab84939d7393a9969b6c
templates/cloudhost247_legacy/marketconnect/cpanelseo/bg.jpg,Hosting,3346,640ac57acf8f53982d32379bcaf1daf76dbea6faf3a7b910000582563cc42128
templates/cloudhost247_legacy/marketconnect/cpanelseo/cpanel-seo-logo.svg,Hosting,6460,a4025541e5441a53fbca454daf5a13630a03140a70078a5f91e70ae70ac227a8
templates/cloudhost247_legacy/marketconnect/cpanelseo/logo.png,Hosting,7599,c699d1b85ff075267f5eee72ccb99099a098c11939caf377a5a1ef1c078a4631
templates/cloudhost247_legacy/marketconnect/index.php,Administrative/internal,45,48565671a71c7e5ea72f780f3e09fbdcc60d5fac8610851a5335a1616219e543
templates/cloudhost247_legacy/marketconnect/marketgoo/bg.jpg,Administrative/internal,11186,e270a79d28526ebcda10493bd23c656280e9da99dbf8151148acd3e7d71ced3b
templates/cloudhost247_legacy/marketconnect/marketgoo/index.php,Administrative/internal,46,598ddbeae83886c015468daad0a7653e3f7f525f41e0f25522356d7b30e5c9f5
templates/cloudhost247_legacy/marketconnect/marketgoo/logo.png,Administrative/internal,3982,6d559895ea6032ec36c9dcca647031ffa6e7195f1e726620598337791537e3a4
templates/cloudhost247_legacy/marketconnect/marketgoo/marketgoo.png,Administrative/internal,2820,14fc49c7887bf889f531d7d6a2d0b093f52a8393bf4b3235f17c720f813597a2
templates/cloudhost247_legacy/marketconnect/nordvpn/bg.jpg,Administrative/internal,9307,a0618d6e45458eeaab60d223f0ab5eaf645072c51375a09860d3482ef5d19729
templates/cloudhost247_legacy/marketconnect/nordvpn/index.php,Administrative/internal,46,598ddbeae83886c015468daad0a7653e3f7f525f41e0f25522356d7b30e5c9f5
templates/cloudhost247_legacy/marketconnect/nordvpn/logo.png,Administrative/internal,826,0f747315474388b9327b60736cbce21f2e166c00d76fdad6895a9030f55dd1e6
templates/cloudhost247_legacy/marketconnect/nordvpn/nordvpn.png,Administrative/internal,643,a08187793616ce5c2d781621027b8b9aa86ddaf393b01b047379efb545bf181c
templates/cloudhost247_legacy/marketconnect/nordvpn/nordvpn.svg,Administrative/internal,426,99fe94dc0ee35c47ef006930c89a9c01a18c8cc276fd46a42b986f183e12e683
templates/cloudhost247_legacy/marketconnect/ox/bg.jpg,Administrative/internal,1880,a9eb0840d65884c32fbb69389125599ae117f6a1d4f3889cb6ccb0f47654236f
templates/cloudhost247_legacy/marketconnect/ox/index.php,Administrative/internal,46,598ddbeae83886c015468daad0a7653e3f7f525f41e0f25522356d7b30e5c9f5
templates/cloudhost247_legacy/marketconnect/ox/logo.png,Administrative/internal,6328,a4c7332220a8eb4cc13ad526257ca093f9a800ad90e80c5dcb07adfff361ac17
templates/cloudhost247_legacy/marketconnect/ox/ox.png,Administrative/internal,1873,c3ff4e57c1842de48a50e9b63f2ab47663807f150ee82076ab76b970782d4f13
templates/cloudhost247_legacy/marketconnect/sitebuilder/bg.jpg,Administrative/internal,11125,fac95ce49fc72b6f1ae1504bee2d13312ec98ca2e08fe1b701cb0f76739cb8f4
templates/cloudhost247_legacy/marketconnect/sitebuilder/logo.png,Administrative/internal,6507,2e01906df2025665fcf4abc623c60ce6ed7f8b90c55b2f3fc1cae27110398d60
templates/cloudhost247_legacy/marketconnect/sitebuilder/sitebuilder.png,Administrative/internal,1677,f9d26290634f5113649c5cac5946fa52065baa8d770b4f281184525b1e4e7cc4
templates/cloudhost247_legacy/marketconnect/sitelock/bg.jpg,Administrative/internal,10688,656065d66ee07c31c0f0f52fbda525378997f625f95443911a1411b1a633d005
templates/cloudhost247_legacy/marketconnect/sitelock/index.php,Administrative/internal,46,598ddbeae83886c015468daad0a7653e3f7f525f41e0f25522356d7b30e5c9f5
templates/cloudhost247_legacy/marketconnect/sitelock/logo.png,Administrative/internal,3993,8e8ea7c1290812851be650fb87b01ad2c4a5e3495d7e6d89347d307398e84c66
templates/cloudhost247_legacy/marketconnect/sitelock/sitelock.png,Administrative/internal,2229,29277d4cff1af031734e54bf6172676ca0a8440e47868aa92a9d04910f1c60b7
templates/cloudhost247_legacy/marketconnect/sitelockvpn/bg.jpg,Administrative/internal,9725,e65717fb2a9e446646fdd2ae207161515516bff4e13dad53f4690672fafca5f3
templates/cloudhost247_legacy/marketconnect/sitelockvpn/index.php,Administrative/internal,46,598ddbeae83886c015468daad0a7653e3f7f525f41e0f25522356d7b30e5c9f5
templates/cloudhost247_legacy/marketconnect/sitelockvpn/logo.png,Administrative/internal,4135,68ad575bea918fa6d3b09fc971a477b87b6c3b10ab87bd1547ffef089e5fbc1a
templates/cloudhost247_legacy/marketconnect/sitelockvpn/sitelockvpn.png,Administrative/internal,3620,3cccbe600dfa924fbc26080b52b97296d0dd3d6728b283a342933190cf574d01
templates/cloudhost247_legacy/marketconnect/spamexperts/bg.jpg,Administrative/internal,8762,807d11fa90bbf587508c4ec8ffd0a7d46e98c39581ba4dfd88842525b126f850
templates/cloudhost247_legacy/marketconnect/spamexperts/index.php,Administrative/internal,46,598ddbeae83886c015468daad0a7653e3f7f525f41e0f25522356d7b30e5c9f5
templates/cloudhost247_legacy/marketconnect/spamexperts/logo.png,Administrative/internal,2597,b21ce6bc9757984c7162ff60e29c2b615290de912a8d89dfef733e0987f97a45
templates/cloudhost247_legacy/marketconnect/spamexperts/spamexpert.png,Administrative/internal,2480,28c6ba9d43848254ee49a910801d85c8a4d780bf7dd33247f7c56f76f0f6a600
templates/cloudhost247_legacy/marketconnect/ssl/bg.jpg,Administrative/internal,1154,07a4b1b602ef0072635291529eb6821268e7695e3cbef6bf8d36fc332242074f
templates/cloudhost247_legacy/marketconnect/ssl/index.php,Administrative/internal,46,598ddbeae83886c015468daad0a7653e3f7f525f41e0f25522356d7b30e5c9f5
templates/cloudhost247_legacy/marketconnect/ssl/logo.png,Administrative/internal,7425,72e0675c119e46c5711f40346b6c179068dfed104a707762752baabc9ba378af
templates/cloudhost247_legacy/marketconnect/ssl/ssl.png,Administrative/internal,3518,0651c40e7be0528d5f7af433d5bc6acd132c6d0731e4fdcbe22124661ce1b658
templates/cloudhost247_legacy/marketconnect/symantec/bg.jpg,Administrative/internal,1154,07a4b1b602ef0072635291529eb6821268e7695e3cbef6bf8d36fc332242074f
templates/cloudhost247_legacy/marketconnect/symantec/index.php,Administrative/internal,46,598ddbeae83886c015468daad0a7653e3f7f525f41e0f25522356d7b30e5c9f5
templates/cloudhost247_legacy/marketconnect/symantec/logo.png,Administrative/internal,7425,72e0675c119e46c5711f40346b6c179068dfed104a707762752baabc9ba378af
templates/cloudhost247_legacy/marketconnect/symantec/ssl.png,Administrative/internal,3518,0651c40e7be0528d5f7af433d5bc6acd132c6d0731e4fdcbe22124661ce1b658
templates/cloudhost247_legacy/marketconnect/threesixtymonitoring/bg.jpg,Server Management,10213,a126dea67a981d8a6eb3ec30b6c25b1f6a2fafdc37f5c2fdaccc18c67c948ef2
templates/cloudhost247_legacy/marketconnect/threesixtymonitoring/index.php,Server Management,46,598ddbeae83886c015468daad0a7653e3f7f525f41e0f25522356d7b30e5c9f5
templates/cloudhost247_legacy/marketconnect/threesixtymonitoring/logo.png,Server Management,1349,b3a124171d997dae4b70e3d66f8919f205c1b81df8b24802046516633258b751
templates/cloudhost247_legacy/marketconnect/threesixtymonitoring/threesixtymonitoring.png,Server Management,1725,dc9c9820290faf0a7ae0ef47e4e5bf3f75e29b697ae6059b6002a5c0ff16b075
templates/cloudhost247_legacy/marketconnect/threesixtymonitoring/threesixtymonitoring.svg,Server Management,7777,ca0905a42c6cee980d4335db50e3a309909e59d28a71ce2ff7c665600eee6d78
templates/cloudhost247_legacy/marketconnect/weebly/bg.jpg,Administrative/internal,12011,c7d8695119027af8f6bf55b54cc3ceaea76d5fc60d23e86e5486c30202d5e046
templates/cloudhost247_legacy/marketconnect/weebly/index.php,Administrative/internal,46,598ddbeae83886c015468daad0a7653e3f7f525f41e0f25522356d7b30e5c9f5
templates/cloudhost247_legacy/marketconnect/weebly/logo.png,Administrative/internal,5129,83834a9f9e6264e33c95eec9314df22e1b1e6471c5c4de1f65c85c2053a471c0
templates/cloudhost247_legacy/marketconnect/weebly/weebly.png,Administrative/internal,3154,0da91dd21c862d75fe57eb0911a67c5be9916ab469a6658de8a92df4872a15c0
templates/cloudhost247_legacy/marketconnect/xovinow/bg.jpg,Administrative/internal,12943,750597836d3b63034debb7d06bd92d47aa086bcbd687e7aa916badbaf8805b92
templates/cloudhost247_legacy/marketconnect/xovinow/index.php,Administrative/internal,46,598ddbeae83886c015468daad0a7653e3f7f525f41e0f25522356d7b30e5c9f5
templates/cloudhost247_legacy/marketconnect/xovinow/logo.png,Administrative/internal,1466,3e04928ca48c2d74c2994c317e429b156c6352be3c9a0093c4f248c6224b861c
templates/cloudhost247_legacy/marketconnect/xovinow/xovinow.png,Administrative/internal,985,7c0c52e330adf7ec29037c3ad3a155443140feb8ed3780a83f28818d5d8d0686
templates/cloudhost247_legacy/marketconnect/xovinow/xovinow.svg,Administrative/internal,2279,132c141b10e2da8c903db55d5f5ae2f8e944bff0176ffcf82501ce9fb796f012
templates/cloudhost247_legacy/masspay.tpl,Administrative/internal,3348,30e06cba398e6061f7a454d6e8568508a75742c836770b49c6aaddc7d790a726
templates/cloudhost247_legacy/notfound.tpl,Marketing,294,763b926952b82972eff3d445f6f536338894cb61e161010a288967adb9c56208
templates/cloudhost247_legacy/oauth/authorize.tpl,Authentication,1192,be63b6620219aa80116f71b481a8817bfc1da1a00446f8b679c14ed6de22b670
templates/cloudhost247_legacy/oauth/css/index.php,Authentication,48,e053db91772394292bcb4caa464bdfa455eabc6780da512e65ce4a28cc8ba4ef
templates/cloudhost247_legacy/oauth/css/style.css,Authentication,818,d31663140b481c25703addab8f6279c1ce2aed45c189375c78d1151524ef9ec7
templates/cloudhost247_legacy/oauth/error.tpl,Authentication,159,f5dc3c14931cc53cba4112162d9fa0c071e647bc324a4d8d596aba19788c4fc9
templates/cloudhost247_legacy/oauth/index.php,Authentication,45,48565671a71c7e5ea72f780f3e09fbdcc60d5fac8610851a5335a1616219e543
templates/cloudhost247_legacy/oauth/layout.tpl,Authentication,2608,964d1e32b0491afaa1e70e4addb1e16620f274545665f9cc4480fa06a6df45bb
templates/cloudhost247_legacy/oauth/login-twofactorauth.tpl,Authentication,2464,29a2460f6b1b2a5aace40267bc67b4e83764926cc27d583cf01e7b22f14196dd
templates/cloudhost247_legacy/oauth/login.tpl,Authentication,2060,a4314fdcdaea96aa538c834ca0cd50dd087183329c8ca3698d0b56a002042a38
templates/cloudhost247_legacy/oauth/redirect.tpl,Authentication,354,ade92b1672ae7931f7e9fafe2946b710fe166259f4d1eaf32cb04a97915e8763
templates/cloudhost247_legacy/og_images/default-image.png,Administrative/internal,15922,c0eb6f47f231cfe7aa0275e111943f45785da16db965078d854a9a8196867007
templates/cloudhost247_legacy/og_images/index.php,Administrative/internal,46,598ddbeae83886c015468daad0a7653e3f7f525f41e0f25522356d7b30e5c9f5
templates/cloudhost247_legacy/password-reset-change-prompt.tpl,Authentication,2191,3462fb94113a55f73c5d9b91fde514fbe4b7dfa1c5a207c6b8fc1207926b9a61
templates/cloudhost247_legacy/password-reset-container.tpl,Authentication,752,3a1b911d598fa543bcd8e17635b5b6c3c4493cfbf08302817d862e4de6d49b0b
templates/cloudhost247_legacy/password-reset-email-prompt.tpl,Authentication,1196,c977adafc749cb9ee97f61719ee49fdbe41d562e9259a5cbe7120f5641e4ff61
templates/cloudhost247_legacy/password-reset-security-prompt.tpl,Authentication,742,1e8f7ed448bc360f66447c88952d4e90f1acedf91b87ef52d54c263ef802147f
templates/cloudhost247_legacy/payment/bank/inputs.tpl,Checkout,3424,511a47f6c7b1f3bd50e3d087c2932ab018d1e8397f5816ba087aa1ebc7e55656
templates/cloudhost247_legacy/payment/bank/select.tpl,Checkout,2388,1dc00b31e98c72ea97e99ad85725ab05b5ea3f78fb5e8d4cc0c208999985257e
templates/cloudhost247_legacy/payment/bank/validate.tpl,Checkout,3407,37cd651a794052bd52af8cb3d624d62cd6331c74dfd9357c3185d8f4674fdc99
templates/cloudhost247_legacy/payment/billing-address.tpl,Checkout,5273,c3ab1d40a036e3d53da263ac39b33b7f55514aff790f3f282fa2b20ebe9565d1
templates/cloudhost247_legacy/payment/card/inputs.tpl,Checkout,3862,cc41d1532708d83242227ef668aa05d3ba10613498865ae57c42d5c514b2d144
templates/cloudhost247_legacy/payment/card/select.tpl,Checkout,2899,2ee8b71b9c99d8023244e6b6a1026ff3e25fc0bc6d0a2c1e77191e1c95a50267
templates/cloudhost247_legacy/payment/card/validate.tpl,Checkout,3799,d0c3e03705908ca2cfda6fd5eb2ae36fb7ece184aa0377619ded8853d034eeab
templates/cloudhost247_legacy/payment/invoice-summary.tpl,Checkout,2006,de5e30f07308428f226a796364388203700bd97fc94dca2ae3a00d8ec1579829
templates/cloudhost247_legacy/privacypolicy.tpl,Legal,9107,628e8258459dcc58042509b2ed0478941b64b8639301781d69af23016b59b1f8
templates/cloudhost247_legacy/pwreset.tpl,Authentication,0,e3b0c44298fc1c149afbf4c8996fb92427ae41e4649b934ca495991b7852b855
templates/cloudhost247_legacy/pwresetvalidation.tpl,Authentication,2301,b8601827b367a72bdc8adffa8bb1919200543db9b38445026236961137c4432e
templates/cloudhost247_legacy/quotepdf.tpl,Checkout,4208,402eee35ba252c116d585c8dd7124beacb7d82ed624e731e024bee60f28c184f
templates/cloudhost247_legacy/refund-and-vancellation-policy.tpl,Legal,5516,f6e463c45517b28d32356bb9c38227735ac9802805efe1a3f73a1499f2b0cf6b
templates/cloudhost247_legacy/refundpolicy.tpl,Legal,3930,5ab9f75dfcd2369aa84ef670d2050913e426460880be6357c309b9a0f7b12e97
templates/cloudhost247_legacy/serverstatus.tpl,Support,4045,607e30c6a29c6c54add2254264edf0103170538094944fb4343d777248fe1aaf
templates/cloudhost247_legacy/ssl-certificate.tpl,Administrative/internal,238,29726ceb94340f9efa61dfc2f2e704507e4c7df4f50bd15023591817e6935839
templates/cloudhost247_legacy/sslcloudhost247.tpl,Administrative/internal,4,5329de7198e794837ed905d50178999de80da443c64f8a618e24742f36607e5e
templates/cloudhost247_legacy/store/addon/wp-toolkit-cpanel.tpl,Hosting,17715,bbfad367f20cb2784cf20ec62d8aff0bc0a1bf19780a8601b71f7211eab0132d
templates/cloudhost247_legacy/store/addon/wp-toolkit-plesk.tpl,Hosting,18856,a36fa940c016d2f132ae0dc6ceb534f4c658929b0139abd08f4a34ae58da1a0e
templates/cloudhost247_legacy/store/codeguard/index.php,Administrative/internal,48,e053db91772394292bcb4caa464bdfa455eabc6780da512e65ce4a28cc8ba4ef
templates/cloudhost247_legacy/store/codeguard/index.tpl,Administrative/internal,15856,1bb34a8dec8bdbd7f1b7dafdcc4123fdf57cc50a11c83be988faabb22fb385d1
templates/cloudhost247_legacy/store/cpanelseo/index.php,Hosting,48,e053db91772394292bcb4caa464bdfa455eabc6780da512e65ce4a28cc8ba4ef
templates/cloudhost247_legacy/store/cpanelseo/index.tpl,Hosting,32132,f266cc22f84c2521916945ef0d62319c5dcd6ba15f6525da0adc42757b4ad45d
templates/cloudhost247_legacy/store/css/index.php,Administrative/internal,48,e053db91772394292bcb4caa464bdfa455eabc6780da512e65ce4a28cc8ba4ef
templates/cloudhost247_legacy/store/css/store-custom.css,Administrative/internal,57201,d727f0e98f23105583dcd50210a58b6c58cb9e6ca1203c1fd29f104f3c225455
templates/cloudhost247_legacy/store/css/style.css,Administrative/internal,39847,3ba46fcc70e5bf528299b09381c4b256ed290850d25353a3e8efaf71f03af822
templates/cloudhost247_legacy/store/index.php,Administrative/internal,45,48565671a71c7e5ea72f780f3e09fbdcc60d5fac8610851a5335a1616219e543
templates/cloudhost247_legacy/store/marketgoo/index.php,Administrative/internal,49,0242a56960055ecdf6472b3227afbd1394950749fab70994c0c514dd05b1b6e9
templates/cloudhost247_legacy/store/marketgoo/index.tpl,Administrative/internal,14513,62b244ecbcbfa7d2c797f2781b69c7e0b1a2caa5a0be1703fa12c29760dcc035
templates/cloudhost247_legacy/store/nordvpn/index.php,Administrative/internal,49,0242a56960055ecdf6472b3227afbd1394950749fab70994c0c514dd05b1b6e9
templates/cloudhost247_legacy/store/nordvpn/index.tpl,Administrative/internal,33627,1db75fe9eac929088767526c0eda110b9fe9fc6e1d91d705180981822d20b8b8
templates/cloudhost247_legacy/store/not-found.tpl,Administrative/internal,611,9b9d721dd95503df2692ac16f73277f0e06ed57bd3ee33f5430b5bc8278fd552
templates/cloudhost247_legacy/store/order.tpl,Administrative/internal,14292,89422cfe7602150a660ee35d83236ece1bcf05e9a863dbae782ea6db110e7c3f
templates/cloudhost247_legacy/store/ox/index.php,Administrative/internal,49,0242a56960055ecdf6472b3227afbd1394950749fab70994c0c514dd05b1b6e9
templates/cloudhost247_legacy/store/ox/index.tpl,Administrative/internal,9193,b523085dd22ee937e3f1877fa553122e7348acaf41e8efb704f26eee26cc0eea
templates/cloudhost247_legacy/store/ox/manage.tpl,Administrative/internal,48702,f1d826869abb4920ded5449be499ae36c21e7193a52a9d89b374fcfac8f511fa
templates/cloudhost247_legacy/store/promos/index.php,Administrative/internal,48,e053db91772394292bcb4caa464bdfa455eabc6780da512e65ce4a28cc8ba4ef
templates/cloudhost247_legacy/store/promos/upsell.tpl,Administrative/internal,2115,723eda375c0a824b7c6979730ff51ba77df638ef4bd2c69a2991cb8d030cd74b
templates/cloudhost247_legacy/store/sitebuilder/index.php,Administrative/internal,49,0242a56960055ecdf6472b3227afbd1394950749fab70994c0c514dd05b1b6e9
templates/cloudhost247_legacy/store/sitebuilder/index.tpl,Administrative/internal,23531,3bc7d098ac1ae60ea1b6d43680dff1f8c68fe394da9333ca15c3264ec1829932
templates/cloudhost247_legacy/store/sitebuilder/upgrade.tpl,Administrative/internal,3646,a1364ebe4ce465b64a94012eeadcc51e11b8307d64c34f4b0b7c14881bc581ed
templates/cloudhost247_legacy/store/sitelock/index.php,Administrative/internal,48,e053db91772394292bcb4caa464bdfa455eabc6780da512e65ce4a28cc8ba4ef
templates/cloudhost247_legacy/store/sitelock/index.tpl,Administrative/internal,20471,ea690b9d7effe67a93a6613d06b73b3db21def5916236b39433a5d8aa41f9df6
templates/cloudhost247_legacy/store/sitelockvpn/index.php,Administrative/internal,49,0242a56960055ecdf6472b3227afbd1394950749fab70994c0c514dd05b1b6e9
templates/cloudhost247_legacy/store/sitelockvpn/index.tpl,Administrative/internal,14163,5cf6d9ab0f31130303e82d9a5f4866fd8101608f73d4c3167c408fe638bf501e
templates/cloudhost247_legacy/store/spamexperts/index.php,Administrative/internal,48,e053db91772394292bcb4caa464bdfa455eabc6780da512e65ce4a28cc8ba4ef
templates/cloudhost247_legacy/store/spamexperts/index.tpl,Administrative/internal,29180,ad79918e7ea439356d6fe315edfdbe43e9206b8b2521437ee497c08f50579067
templates/cloudhost247_legacy/store/spamexperts/master.js,Administrative/internal,2785,d6f0d90146bffad80c102cf9d0de110dad80dd94a59a17784728f77de788aa67
templates/cloudhost247_legacy/store/ssl/competitive-upgrade.tpl,Administrative/internal,5680,b7a0011f466c60bd6e746da7334106eba549f55aee81626687b0ad45138bd513
templates/cloudhost247_legacy/store/ssl/dv.tpl,Administrative/internal,2656,6b405ad4b6fdcdcb3fb8daa151eacf6a6a044ecc09252f69c795213bad16b576
templates/cloudhost247_legacy/store/ssl/ev.tpl,Administrative/internal,3247,363fcc2401015597a8225a1e550fd9a76ea31d8631bc1d9a14bbfcb957fd14f5
templates/cloudhost247_legacy/store/ssl/index.php,Administrative/internal,48,e053db91772394292bcb4caa464bdfa455eabc6780da512e65ce4a28cc8ba4ef
templates/cloudhost247_legacy/store/ssl/index.tpl,Administrative/internal,20451,667dd5cbff531ebcf8ccfd2e637c53a4ea46b8da78c8fc52b7fe8c12aae4d1b2
templates/cloudhost247_legacy/store/ssl/ov.tpl,Administrative/internal,3313,daa7822b637075194981e0780870e43bdd7379b913950ca8749a1bb218fedc9d
templates/cloudhost247_legacy/store/ssl/shared/certificate-pricing.tpl,Administrative/internal,5168,9a2aa7b37952ff2b5d0fbf6c01ee4713b68c85b41212043f6cf7dd8228173c65
templates/cloudhost247_legacy/store/ssl/shared/currency-chooser.tpl,Administrative/internal,539,954cd6710624aa55d516101f726fb214e29b361190987275fdcae3fb8c27e3c5
templates/cloudhost247_legacy/store/ssl/shared/features.tpl,Administrative/internal,5397,2595a23d9519b7bebcd8ea400489000a7277b1d31c69acbba1d5988bc461ba2c
templates/cloudhost247_legacy/store/ssl/shared/index.php,Administrative/internal,51,3d29987892d12aef648fd14004cb5603df7a2e7621d7f63729326dacbcbebd60
templates/cloudhost247_legacy/store/ssl/shared/logos.tpl,Administrative/internal,762,7d697f0fbc3f3d81ae841a5b8e1429472cf008c31ac273d96c06ea9da6e51924
templates/cloudhost247_legacy/store/ssl/shared/nav.tpl,Administrative/internal,2113,e4c8fcb00d91425794ecdcb608a8c64d17689b8c445fc44f86eb1d9c494c06d4
templates/cloudhost247_legacy/store/ssl/wildcard.tpl,Administrative/internal,1835,422b7b1a32fb629d561f4b2834e822bfd0ec036589ad0ffb9600a12defc1c80e
templates/cloudhost247_legacy/store/threesixtymonitoring/index.php,Server Management,49,0242a56960055ecdf6472b3227afbd1394950749fab70994c0c514dd05b1b6e9
templates/cloudhost247_legacy/store/threesixtymonitoring/index.tpl,Server Management,102991,73db2f1690d79dafd8662c4236e5b2a0567ced270ff0f18b21064f3363abafb8
templates/cloudhost247_legacy/store/weebly/index.php,Administrative/internal,48,e053db91772394292bcb4caa464bdfa455eabc6780da512e65ce4a28cc8ba4ef
templates/cloudhost247_legacy/store/weebly/index.tpl,Administrative/internal,15587,5ed619e9a8afa52953b6cd59568e14abf1cbdcae555ab17f109216b79e4eac9d
templates/cloudhost247_legacy/store/weebly/master.js,Administrative/internal,1286,0de472c4b67ba48e738fb15d898c1b1451c11f10cd973aac966959926e045cb6
templates/cloudhost247_legacy/store/weebly/upgrade.tpl,Administrative/internal,3727,bab6147081f5a4114a704d43e82e0a752d4b238e2f1587674b5363210a64dc9d
templates/cloudhost247_legacy/store/xovinow/index.php,Administrative/internal,48,e053db91772394292bcb4caa464bdfa455eabc6780da512e65ce4a28cc8ba4ef
templates/cloudhost247_legacy/store/xovinow/index.tpl,Administrative/internal,31812,99d1160e1824a39b72f659bc914ea0e9c03aa6c4dc7ae6a233d38e21214f00a9
templates/cloudhost247_legacy/subscription-manage.tpl,Administrative/internal,1143,06766d97ddccda0a21978c7057f8c5cf24b038b947ff65ea3cadd493d294fc58
templates/cloudhost247_legacy/supportticketslist.tpl,Support,3505,11b4daf3ec06a6a07cd7c505b16837c93dbbfd09ef132afecb48d305034ead26
templates/cloudhost247_legacy/supportticketsubmit-confirm.tpl,Support,1565,4c15274b1c3818b57f23708c8857f603fd09cc3756ae1c102c804c5986b5bf11
templates/cloudhost247_legacy/supportticketsubmit-customfields.tpl,Support,321,66e6876eec3a4a524cd464161d963ceae6e8051fe4c37c548eb0732fc8c96ad4
templates/cloudhost247_legacy/supportticketsubmit-kbsuggestions.tpl,Support,430,821f2ba435f4ac071e02dd360de5b5ba135096af8f9d0460e434491e1656df27
templates/cloudhost247_legacy/supportticketsubmit-stepone.tpl,Support,1483,c7691cb2a5ad0e3fd124b57a3b8fb2c61d89d1220b0d9f3185d22f28934c9260
templates/cloudhost247_legacy/supportticketsubmit-steptwo.tpl,Support,5900,3eb9fb2770531f21ccc20f9b24b6c5ede755f143247ad3005964c6771a5619bc
templates/cloudhost247_legacy/tables.tpl,Administrative/internal,8208,aea87a6e0483caef6990c8fcf521d23e981e18b9ea1c4b6e467e224ef2d46289
templates/cloudhost247_legacy/termsofservice.tpl,Legal,18126,75deb5f82c046af6d411a1180ec99cf63f4c0d8efd51a0c6b40da7dc1da2523f
templates/cloudhost247_legacy/testimonial_images/default_profile.png,Administrative/internal,5300,b24f238c4fdafebaa47ab9d92ce2a42546967b080616c79a4f3ee73cfaff6e85
templates/cloudhost247_legacy/testimonial_images/index.php,Administrative/internal,46,598ddbeae83886c015468daad0a7653e3f7f525f41e0f25522356d7b30e5c9f5
templates/cloudhost247_legacy/testimonial_images/user_female.png,Administrative/internal,11886,1f5a09b7f9b6d0f81636602253a73aa23d96aeabd82f16051e52ac2df88a3c0d
templates/cloudhost247_legacy/ticketfeedback.tpl,Support,4546,e4a0f635b46f1fd915651eae7da906520cad80312fcab770e2284b145640d9c9
templates/cloudhost247_legacy/trademarkpolicy.tpl,Legal,4000,aa082d592ec8042d62b7fbc7771ef91de895c776ac1dd74933cbed629a4989a8
templates/cloudhost247_legacy/twitterfeed.tpl,Administrative/internal,2118,e2c9bad7607112ee3d9ed3f38aeeb0f7bfc92356462cc93a319a42c4d858e9ef
templates/cloudhost247_legacy/two-factor-challenge.tpl,Administrative/internal,2336,b83c6376996531c5826aede339ac5a353656a624d51c15ab660c9284a77db407
templates/cloudhost247_legacy/two-factor-new-backup-code.tpl,Server Management,618,79ac0f77901b9bf0ddc8511fe0603d3382a7a177c5b5c90301ef9d69e88d2560
templates/cloudhost247_legacy/upgrade-configure.tpl,Administrative/internal,6710,125b0098b7f4b4bc6028044ecb2d8cf779f1b256d27e342c98a9c91ee0799842
templates/cloudhost247_legacy/upgrade.tpl,Administrative/internal,7468,5eba8fb2942a7fa6785605da14f740528cc1eeefa10cb171b9202a1b678632b8
templates/cloudhost247_legacy/upgradesummary.tpl,Administrative/internal,5872,a1f9003c18e5eec645b077386ffb2b7781f70c605e78fb54a52af0be27e9eccd
templates/cloudhost247_legacy/usagebillingpricing.tpl,Administrative/internal,1697,856678b12371d224f981e7794980242125058ff2416eb9b65d5eedb7d7bf0810
templates/cloudhost247_legacy/user-invite-accept.tpl,Administrative/internal,7953,f77e27f87cf3a8dcbeaeea64bcea9251aca0797744750e6e227e9889fef616fc
templates/cloudhost247_legacy/user-password.tpl,Authentication,2024,d5d7e74c48adcd136cb4f5b92517163508e75bdff917fa396dd0ebf97f60d5be
templates/cloudhost247_legacy/user-profile.tpl,Administrative/internal,2787,1643c0bf4868e13130233e41eddba182c2a26f317527b2fc00a631cdf61f5095
templates/cloudhost247_legacy/user-security.tpl,Administrative/internal,3728,b6fb52b5e0b187635e0867d449bdd5a5fc4ed9774dcb12254006e7a5e5320ee1
templates/cloudhost247_legacy/user-switch-account-forced.tpl,Client Area,747,fa0c9c805c1566ac060ad3d2a465c5e962b4e0e5874c053f7c46a82e7ddd8abe
templates/cloudhost247_legacy/user-switch-account.tpl,Client Area,1373,442a7d6dd567214b947f25e4c2efc8c54024f3a95cb4bd864d9bbacbe7034a6b
templates/cloudhost247_legacy/user-verify-email.tpl,Email,1228,628cb384a612cdfc7a923876cd46a51873f04d73da6885aef5121d07423159cd
templates/cloudhost247_legacy/viewannouncement.tpl,Marketing,2665,22ef541f9ee799176f3b74ca57c16c55110869fad2c384f43b932a69e29b3240
templates/cloudhost247_legacy/viewemail.tpl,Email,1162,96ec250cfbccdd8443a755c2041a306255af74e2020d26458d7c30676e9ae05c
templates/cloudhost247_legacy/viewinvoice.tpl,Checkout,14073,5a69b0deed18ce87047f3181fc10448f5923b89f9714dd05116557883e79e971
templates/cloudhost247_legacy/viewquote.tpl,Checkout,10082,f8f8b0faa8d770bbd3d1ceafe7a90cd83955076656a339567b88bb565184b14e
templates/cloudhost247_legacy/viewticket.tpl,Support,8002,f8e090c9b80f017399e909b5ff9440e3107a5b0f731a25517e5bf05941c9084e
templates/cloudhost247_legacy/webfonts/fa-brands-400.eot,Administrative/internal,116748,1e395c4f60d13ceefb1c3648ff7f3e7725b871620b3833f989752252ccde1b58
templates/cloudhost247_legacy/webfonts/fa-brands-400.svg,Administrative/internal,630145,0ac5cd0bcb2c4e19032adb6d4c56ff647e19715d7a6f03fc8d59df2f1e686f7a
templates/cloudhost247_legacy/webfonts/fa-brands-400.ttf,Administrative/internal,116512,e5f48e3f88c2080b5d7752e0c0a4317ba98938d2a3ef5d79c788ff061a6cf9fa
templates/cloudhost247_legacy/webfonts/fa-brands-400.woff,Administrative/internal,75012,c8df9993b5aa238198a32a61e1ec738fd1778780139d935765bb24abc3a69883
templates/cloudhost247_legacy/webfonts/fa-brands-400.woff2,Administrative/internal,64224,a0923a4c80c1a64629cd6da1298fa57714919564d09aaf25b2c657d0e358368f
templates/cloudhost247_legacy/webfonts/fa-light-300.eot,Administrative/internal,303832,3e3f140d296c160a0e7558ef9d4f4eae5f99f407baa04ae9c7e5a53f64d710dd
templates/cloudhost247_legacy/webfonts/fa-light-300.svg,Administrative/internal,1179812,0329ae31b755fb0189385d4c488f62283ff76fe5730d4d315f6ce517c40435b3
templates/cloudhost247_legacy/webfonts/fa-light-300.ttf,Administrative/internal,303616,8b16145608da03853c043920c595d85b33d136e08b55145cf02d1459539ee693
templates/cloudhost247_legacy/webfonts/fa-light-300.woff,Administrative/internal,139684,ab5c24ff630852cdc608d02457c46ef744e0b94815c5238da38a5b00265c08fb
templates/cloudhost247_legacy/webfonts/fa-light-300.woff2,Administrative/internal,106624,9e178abaada4c85b35e7d012f2d667beb22c83d6b4f42810efcf3731fd632979
templates/cloudhost247_legacy/webfonts/fa-regular-400.eot,Administrative/internal,279556,e0886292cf1c3399f09b58df7d10223a935a623ea10b72d45747d02543e8fa97
templates/cloudhost247_legacy/webfonts/fa-regular-400.svg,Administrative/internal,1064473,f112858dfe99036404af2869ace52476cf938c76f6607f7c30ca211e0c2d71ee
templates/cloudhost247_legacy/webfonts/fa-regular-400.ttf,Administrative/internal,279332,9514464311af0b7308fb94d7dd8f99ce281c5585801c20d16b1b9343a134e867
templates/cloudhost247_legacy/webfonts/fa-regular-400.woff,Administrative/internal,130488,044199942bb6b2027da722bde1150b5d8d637002899b1532f0b45522cdbdd690
templates/cloudhost247_legacy/webfonts/fa-regular-400.woff2,Administrative/internal,99900,7fe6f6d662daf5cff3101520eef81c254b0419ea17cb8c0ae21acd6ab74eb74b
templates/cloudhost247_legacy/webfonts/fa-solid-900.eot,Administrative/internal,239340,94ed3edb28a1e6fc543fd84103b6592e4805497dcc8b1353570eb0c8977c1f51
templates/cloudhost247_legacy/webfonts/fa-solid-900.svg,Administrative/internal,885433,f87c70d56b0c1381119f4a756faa53d0c82de7c357bc766e579c4891c8e6156f
templates/cloudhost247_legacy/webfonts/fa-solid-900.ttf,Administrative/internal,239124,74e591b1a5f44abfcf7114b3f4ce32b8f58547801ebe700ef757a2962dad7052
templates/cloudhost247_legacy/webfonts/fa-solid-900.woff,Administrative/internal,108964,41c692b39798d0ecaf50e52353b7fd5bf90d8f4b4ad9735679611dbb23317c75
templates/cloudhost247_legacy/webfonts/fa-solid-900.woff2,Administrative/internal,83144,a007d9ddd44ab3e1dd643c487884c254d24fb30beeea1260eabe70153d018523
templates/cloudhost247_legacy/webfonts/index.php,Administrative/internal,46,598ddbeae83886c015468daad0a7653e3f7f525f41e0f25522356d7b30e5c9f5
templates/cloudhost247_legacy/websitedesign.tpl,Administrative/internal,225,edcab2ee20fbee8821b554b269d84cc7951437f6f50944cf6bcd9a477fc927be
templates/cloudhost247_legacy/whois.tpl,Domains,9,0aff456dade45089d91c751f371e70995e19024e7ff3a0451c753e9deb11d743
templates/orderforms/cloudhost247/css/custom.css,Checkout,886,a5b224cbf742bbdb7263d4783dfad9b23e847bf5508ff6a92d75068d1020bbe2
templates/orderforms/cloudhost247/theme.yaml,Checkout,224,1f5a46be0fc4946ecbca8ce64ce4f8503af692c770022f5df156d60861ae7047
templates/orderforms/cloudhost247_legacy/adddomain.tpl,Checkout,4169,619799dfe64ad0156912f82f88b73c010f0a74a29c8d1dbd8985bb94f0fcc9bf
templates/orderforms/cloudhost247_legacy/addons.tpl,Checkout,4117,e197039082b2a8fe97e04974538dd98b497771b69942cce3430e4eb085d20da0
templates/orderforms/cloudhost247_legacy/checkout.tpl,Checkout,44261,7ab57007a4a821018d7f061bfd646627f5e1757708ab5c599b630bab0ee9fb10
templates/orderforms/cloudhost247_legacy/common.tpl,Checkout,411,3e495fbf89b7356a1b799502d4b452f65280be4adbbf8385bd11a5d7f036c5b2
templates/orderforms/cloudhost247_legacy/complete.tpl,Checkout,2735,42167398d5a8805388637ed89a0302c0b382b48cf3240a300e5d6db05543565b
templates/orderforms/cloudhost247_legacy/configuredomains.tpl,Checkout,11182,29c4fc4f0a8ef6cdf9569e4d4c1b785806bf444f7f61cd025ce575461bc4da07
templates/orderforms/cloudhost247_legacy/configureproduct.tpl,Checkout,45187,83f9301e07512701e2093278c77bc8d0833ac37384ef8bd7794932efb4e3206b
templates/orderforms/cloudhost247_legacy/configureproduct.tpl_ovh,Checkout,45961,4d6881ae2626b00a0ed11c93095237304d45ff5a84c59f12b81e963c5a652041
templates/orderforms/cloudhost247_legacy/configureproductdomain.tpl,Checkout,23629,e2924f7b09ccdc23f344bb53fae1f02dcd93df0ad2e2eb31d92b911b66c6149f
templates/orderforms/cloudhost247_legacy/css/all.css,Checkout,44957,f6d0b7e8848d8f6e95d5b559a6c79658c1d089fa2318ad80f3f3c2545f7d655c
templates/orderforms/cloudhost247_legacy/css/all.min.css,Checkout,35697,102e81a822cad22855ec49f1b74640ecb41cde77c0672888089438a7da340887
templates/orderforms/cloudhost247_legacy/css/blue.png,Checkout,2185,abff66ea99f7e2b2a51d02feb00d0385f2ac35100fdc65b5d4e4395228fd020b
templates/orderforms/cloudhost247_legacy/css/blue@2x.png,Checkout,4485,c0ce7ecfbd5605a7a0d0239d83b736eda75dbc71ff183472e02c6d6cdfbcc888
templates/orderforms/cloudhost247_legacy/css/custom.css,Checkout,9738,1075979f2d655d1396640047658ecf3d4c351856a3ff6557ad6b6efb60521883
templates/orderforms/cloudhost247_legacy/css/font-awesome.css,Checkout,37473,733ae9bf98f5be23d28b098b56c62e6005438e7f1ca2ac463fcddc5401ab13d9
templates/orderforms/cloudhost247_legacy/css/index.php,Checkout,46,598ddbeae83886c015468daad0a7653e3f7f525f41e0f25522356d7b30e5c9f5
templates/orderforms/cloudhost247_legacy/css/responsive.css,Checkout,14534,86397e09b3d73d28ef461227a803aa3c1189c43a0de4a050728357733f0f79c9
templates/orderforms/cloudhost247_legacy/css/style-design.css,Checkout,5231,6b6a8c110231a7221ef9cd14f00364b2967967c82355a67bb872ba60a0c306c5
templates/orderforms/cloudhost247_legacy/css/style-ovh.css,Checkout,8072,7793723846b02858f80487f20b86000909949990a31a1e509d76de3623c8f6c9
templates/orderforms/cloudhost247_legacy/css/style.css,Checkout,40069,dbc1282dd8baf18b7a4069becafbafdf95fb0dac81d1d007bc323f253d6cd4a2
templates/orderforms/cloudhost247_legacy/domain-renewals.tpl,Checkout,11860,6cc04cc6b788546f3aa07213f9fc69d774c8a38b0b927709a3bda3233ab8105d
templates/orderforms/cloudhost247_legacy/domainoptions.tpl,Checkout,8281,219ff8268f28be66aef3840e84c8de20440bca8717b93b7d239d6d9bfb6083f5
templates/orderforms/cloudhost247_legacy/domainregister.tpl,Authentication,19451,99eecd53d47aa088acce77131f446f82c12c05faeb547e33dd900dad6859f705
templates/orderforms/cloudhost247_legacy/domaintransfer.tpl,Checkout,4686,0c8c21ffc2f67fec760fa25ca5bead337eccd9d5ef034193f4734f69087ee9e0
templates/orderforms/cloudhost247_legacy/error.tpl,Checkout,1080,f74aa0d2065eb243b262a08c763f81e9495d9686fbeaf916d00a93a8786bddc1
templates/orderforms/cloudhost247_legacy/fonts/FontAwesome.otf,Checkout,134808,444dd4366615ffc4a16d012b2fa90137065d3ccb410fa6fd5e4ddd7b5e4ffcd5
templates/orderforms/cloudhost247_legacy/fonts/fa-brands-400.eot,Checkout,133034,811e1577184066108ceca86d5a624a9012303df5206c5cb0b27d5e3fedcba5a3
templates/orderforms/cloudhost247_legacy/fonts/fa-brands-400.svg,Checkout,715890,02340ba1789d09bcc507563c89c4a847ba537bb8132082777a50519cf74bcb5b
templates/orderforms/cloudhost247_legacy/fonts/fa-brands-400.ttf,Checkout,132728,a0c145382acfe59767d1487d6505f349665b685c2885cd91b621d141a292b0f8
templates/orderforms/cloudhost247_legacy/fonts/fa-brands-400.woff,Checkout,89824,e836c5d5dfc13e18170c5bddefb4fdac7c65ac0ad43a4b431acdc4a98865a260
templates/orderforms/cloudhost247_legacy/fonts/fa-brands-400.woff2,Checkout,76612,5d9190292acdd48ba0fc35080f7e7448f3cdf0d79199a4d23f0f49b5341fdf29
templates/orderforms/cloudhost247_legacy/fonts/fa-regular-400.eot,Checkout,34390,01f4416f5db59e2dd6b6fbd9dc32336d99db18f7eb623a49f584d04afd279473
templates/orderforms/cloudhost247_legacy/fonts/fa-regular-400.svg,Checkout,144322,865fd23de13b1920280e182359579e09eff7a09eb24676eceec7552838559f55
templates/orderforms/cloudhost247_legacy/fonts/fa-regular-400.ttf,Checkout,34092,f32b94a29060dfec0c797a1dfe111357eb1d682f1aca4ac4b95cf0f4c3e2bfa9
templates/orderforms/cloudhost247_legacy/fonts/fa-regular-400.woff,Checkout,16800,8e2d96198711b63752e5f2f5987b8ffc536df6156a065bdbe28cb7231cad793d
templates/orderforms/cloudhost247_legacy/fonts/fa-regular-400.woff2,Checkout,13584,6a8c8e9e1e7f692c21af1956de163f3d026778e6449fe93a09a671847ca1ae65
templates/orderforms/cloudhost247_legacy/fonts/fa-solid-900.eot,Checkout,202902,32501727bb23fc77615b1ec76b5f298ec22198c0f3d6a3e7d6fe4ac3cf315db9
templates/orderforms/cloudhost247_legacy/fonts/fa-solid-900.svg,Checkout,897426,e768539808757f7eec20f09c9ee9b36b0e6c5636e90c9ee697995cbbc6ee0555
templates/orderforms/cloudhost247_legacy/fonts/fa-solid-900.ttf,Checkout,202616,231d68cefbc6846fb78cafca8467401a4f371e226418662e8900e3d52adc00ab
templates/orderforms/cloudhost247_legacy/fonts/fa-solid-900.woff,Checkout,103300,352f8ead280419dd953d2bc7843386bb9430e8152c2dbd2c2d2494f6b9567ee7
templates/orderforms/cloudhost247_legacy/fonts/fa-solid-900.woff2,Checkout,79444,7f4d3fd0a705dbf8403298aad91d5de6972e6b5d536068eba8b24954a5a0a8c7
templates/orderforms/cloudhost247_legacy/fonts/fontawesome-webfont.eot,Checkout,165742,7bfcab6db99d5cfbf1705ca0536ddc78585432cc5fa41bbd7ad0f009033b2979
templates/orderforms/cloudhost247_legacy/fonts/fontawesome-webfont.svg,Checkout,444379,ad6157926c1622ba4e1d03d478f1541368524bfc46f51e42fe0d945f7ef323e4
templates/orderforms/cloudhost247_legacy/fonts/fontawesome-webfont.ttf,Checkout,165548,aa58f33f239a0fb02f5c7a6c45c043d7a9ac9a093335806694ecd6d4edc0d6a8
templates/orderforms/cloudhost247_legacy/fonts/fontawesome-webfont.woff,Checkout,98024,ba0c59deb5450f5cb41b3f93609ee2d0d995415877ddfa223e8a8a7533474f07
templates/orderforms/cloudhost247_legacy/fonts/fontawesome-webfont.woff2,Checkout,77160,2adefcbc041e7d18fcf2d417879dc5a09997aa64d675b7a3c4b6ce33da13f3fe
templates/orderforms/cloudhost247_legacy/fonts/index.php,Checkout,46,598ddbeae83886c015468daad0a7653e3f7f525f41e0f25522356d7b30e5c9f5
templates/orderforms/cloudhost247_legacy/fonts/slick.eot,Checkout,2048,06d80cf01250132fd1068701108453feee68854b750d22c344ffc0de395e1dcb
templates/orderforms/cloudhost247_legacy/fonts/slick.svg,Checkout,2152,12459f221a0b787bf1eaebf2e4c48fca2bd9f8493f71256c3043e7a0c7e932f6
templates/orderforms/cloudhost247_legacy/fonts/slick.ttf,Checkout,1892,37bc99cfdbbc046193a26396787374d00e7b10d3a758a36045c07bd8886360d2
templates/orderforms/cloudhost247_legacy/fonts/slick.woff,Checkout,1380,26726bac4060abb1226e6ceebc1336e84930fe7a7af1b3895a109d067f5b5dcc
templates/orderforms/cloudhost247_legacy/fraudcheck.tpl,Checkout,2563,c877012bf15c2cdfbdbcd023386b91d37001743ae100c2ec1c07556e714596a5
templates/orderforms/cloudhost247_legacy/images/Snapshot.png,Checkout,1438,24297711b1a773cfa2fe0b236da05227c3db702396ececeacf7a0b492e1a7991
templates/orderforms/cloudhost247_legacy/images/additional-disk.png,Checkout,1156,4131e1c6f001ddc3d651305eacdce78c9cbdbae90b37bb67dc4ff4a71b93a8cb
templates/orderforms/cloudhost247_legacy/images/australia.jpg,Checkout,2844,9875357857ae6dea78a262d55bb12d7dfdb11a6e07e9ea17ad66c0eace5d05c2
templates/orderforms/cloudhost247_legacy/images/automated-backup.png,Checkout,1269,e92152113badeabe4dcc41465c3344f217b925fa9c653d18798b014468166210
templates/orderforms/cloudhost247_legacy/images/backup_space.png,Checkout,1185,ab6ba351b03239c797e10ade5704325fd18883c4a8fd5ce268f82126e910b56c
templates/orderforms/cloudhost247_legacy/images/control_panel_software.png,Checkout,1315,b499f76a28cfbecf327dafc6ec4d624399e1fe871e673d61a2fcb34a8a8698b1
templates/orderforms/cloudhost247_legacy/images/crt-icon1.png,Checkout,1478,4609dabc85128cf910072c39d06e8c6338290981c04014da2e33a1069153547b
templates/orderforms/cloudhost247_legacy/images/crt-icon2.png,Checkout,1401,06b753b4ff997f6dfc928e5dfd1ee379b0a2eb52dc129923f2826cfeec2f68f8
templates/orderforms/cloudhost247_legacy/images/crt-icon3.png,Checkout,1338,188af73248d2861f6282c96ac59904efddf511564bb221e3346a3d25af646d02
templates/orderforms/cloudhost247_legacy/images/crt-icon4.png,Checkout,1246,a87b7e0cfd881684e5ad35d23f9d488a8f97a28f5cae883a7a3fbf394054f1ee
templates/orderforms/cloudhost247_legacy/images/crt-icon5.png,Checkout,1296,8b24120ade2bcdd957ee2b91571f09a70cd097b0526c1d4398d8e2a0671b268a
templates/orderforms/cloudhost247_legacy/images/crt-icon6.png,Checkout,1547,ae4232037e089979c60da3c0cd6e042cd7361c433b8e1164b891ea239b2cbfd0
templates/orderforms/cloudhost247_legacy/images/crt-icon7.png,Checkout,1599,ad01c38ea8b9079925a781801d8ee971f8ad09d6af483d5e06220fff0a00b2c4
templates/orderforms/cloudhost247_legacy/images/d-arow.png,Checkout,1093,850e529513ffbf7622909ae0b60fc318abf4bd14ff0ef38d6a1c7d91847153a7
templates/orderforms/cloudhost247_legacy/images/europe.jpg,Checkout,2389,247981b61d868de3ed541bce3e32d258f6762417c3f0f0ba9fa8c556b52ad33d
templates/orderforms/cloudhost247_legacy/images/lg-icon1.png,Checkout,1147,01e0f8343e5d53a4ec9203934f6b8cc898fc7c8ee08b08fb38b614b81e8f55f1
templates/orderforms/cloudhost247_legacy/images/lg-icon2.png,Checkout,2290,e4038502b869c4440f37072ec5882f97379285e607a2f0c05f75b198e3b798cf
templates/orderforms/cloudhost247_legacy/images/lg-icon3.png,Checkout,1086,b61a18aab5499845f971c18309266bf2c96f93535eda1d192998f2324975c622
templates/orderforms/cloudhost247_legacy/images/lg-icon4.png,Checkout,1131,9da5099ea11358c0aeb03823429a6c2d2e05a0b50b34523ddac145dc49b2305d
templates/orderforms/cloudhost247_legacy/images/lg-icon5.png,Checkout,1422,e79fdfc80bb8d99b9988d97783b01ad3c407bbd03468c8ecc7e66e4a17123c8e
templates/orderforms/cloudhost247_legacy/images/lic-icon1.png,Checkout,2134,4d739aa6e898eec074131bb5b7dcd8c9d51daa06d4585e34eccf70914123b9b7
templates/orderforms/cloudhost247_legacy/images/lic-icon2.png,Checkout,1293,7d8edf1b5495abfe4651ca6420d796ee4f9c4e726d72bcb1fc6846ab640d8287
templates/orderforms/cloudhost247_legacy/images/lic-icon3.png,Checkout,2582,d3675794599100294508d8f990cd7c4fb5df2861887bf6048a6151f0b9e473d2
templates/orderforms/cloudhost247_legacy/images/lic-icon4.png,Checkout,1943,21856aad291f81e4133ad87a58b91a02c5f4603a5376eeeb110db4d2ad4eb96c
templates/orderforms/cloudhost247_legacy/images/lic-icon5.png,Checkout,1140,e363ce89b28782ef5edf3f43d0a552ca8470bc2965232aa7a5a50bb5d2419026
templates/orderforms/cloudhost247_legacy/images/lic-icon6.png,Checkout,2424,520b38092019ea0af9197f7648a6fa9269b618d24980321ea8a23a14e92c2b13
templates/orderforms/cloudhost247_legacy/images/os-icon1.png,Checkout,1293,53083c3c629e5d4284d92b02a82cc72ba2e8c5dbc053dc32cf5a8fa8abf8aaab
templates/orderforms/cloudhost247_legacy/images/os-icon2.png,Checkout,2067,2bb1cd9949c5927307848c7b387a0990232802e6c356c2f331865056880e0be0
templates/orderforms/cloudhost247_legacy/images/os-icon3.png,Checkout,2659,b70043b8c7bc1a700ed3bedb833a9e3fc1138ef7633c478ea5e396ec22c85ae6
templates/orderforms/cloudhost247_legacy/images/os-icon4.png,Checkout,1914,eb3dcbe18b2816ab4ae7641aa764c63a903cd05e85cdee687c7f7d5818c295ee
templates/orderforms/cloudhost247_legacy/images/os-icon5.png,Checkout,2132,480405994941ed9ee250c3803afee06a7a2ff855c19c28f9ce4a696b178b0041
templates/orderforms/cloudhost247_legacy/images/singapore.jpg,Checkout,1934,84df250af4bc2214d3eab99893254b899ff40fe6b3037205f7a5a100a86c11a7
templates/orderforms/cloudhost247_legacy/images/sydney.jpg,Checkout,3113,ac0967c7ad876891a58dfcb5ab256f2be9bfa5056828928d61a2e518dbba35cc
templates/orderforms/cloudhost247_legacy/images/tick.png,Checkout,2699,191f911416ab6c4bfb9dc7c932162b33dbb6e52e4fe849de53b7083ab5cdabd4
templates/orderforms/cloudhost247_legacy/images/united-kingdom.jpg,Checkout,3278,ccb3a2a099074d9e795fd90f9c731822de0f0980232f1c2606a027b767a23ba7
templates/orderforms/cloudhost247_legacy/images/us.jpg,Checkout,2231,b1ecf95ffbec76f6fd5f26f298a1fdfe235ed5bd9ccde9722f7ee9e206ee06a2
templates/orderforms/cloudhost247_legacy/includes/existing-paymethods.tpl,Checkout,1984,d5303a06e4ddd2bb7fa0faf64d221d24bce95e4ed8cecf864166da177830e68c
templates/orderforms/cloudhost247_legacy/includes/product-recommendations.tpl,Checkout,6817,5253d5a374227012ac1c2ab218a51c25675e035330b917d56eb9ecd815c913db
templates/orderforms/cloudhost247_legacy/index.php,Checkout,45,48565671a71c7e5ea72f780f3e09fbdcc60d5fac8610851a5335a1616219e543
templates/orderforms/cloudhost247_legacy/js/base.js,Checkout,88272,f99b48e14626c32abe213722d53cad175e52d77d2f1bea347f7feae7cf88cf8f
templates/orderforms/cloudhost247_legacy/js/index.php,Checkout,46,598ddbeae83886c015468daad0a7653e3f7f525f41e0f25522356d7b30e5c9f5
templates/orderforms/cloudhost247_legacy/js/scripts.js,Checkout,153925,b99a90fd3c5c5343e90e5a6155c8e0da989873a9e090d121f63a92b3f4614f95
templates/orderforms/cloudhost247_legacy/js/scripts.min.js,Checkout,69753,afe673e2e6150f55cd20f47bb2fd277f06cce43225467c0ac6847615a61ace15
templates/orderforms/cloudhost247_legacy/linkedaccounts.tpl,Checkout,4294,8cfa17ee8fd6fd53731407fe9574ee15e3839c08ead4090e333c044dc2ef69d6
templates/orderforms/cloudhost247_legacy/marketconnect-promo.tpl,Checkout,1766,a92cbb6e34e8fab377ad14695446970bd0123ab03333c065386406582384dc00
templates/orderforms/cloudhost247_legacy/ordersummary.tpl,Checkout,8682,1de7395dabf28a0deb9dc2736c541a321d4e55b93b36c0eb5ee7aba8318265e6
templates/orderforms/cloudhost247_legacy/products.tpl,Checkout,5361,7685919fa06992df17203a4a584e0ed43c03fe531f19c15fdde247522fdf9bd4
templates/orderforms/cloudhost247_legacy/recommendations-modal.tpl,Checkout,2662,01bfe533df2d2a3857a93dc02b0bdfd88aaa1f9243463c79bbfad7d2f64d9f20
templates/orderforms/cloudhost247_legacy/service-renewal-item.tpl,Checkout,3368,459955cc943b2900a7c711a93e37f97c428707cbb67d48189cebe92330430438
templates/orderforms/cloudhost247_legacy/service-renewals.tpl,Checkout,5759,bbed96d41bb122286879226c50deeb3404a54cb3d4c4b3885156357122a6f449
templates/orderforms/cloudhost247_legacy/sidebar-categories-collapsed.tpl,Checkout,1008,85394d4d0f90df76770f4692c21fd57bc8cf677e396758ca220e1f6ca42c86bb
templates/orderforms/cloudhost247_legacy/sidebar-categories-selector.tpl,Checkout,1594,55760cde160aed1d8ee8b15abf66830f525f7febbdd0aba0db969b5a71b09649
templates/orderforms/cloudhost247_legacy/sidebar-categories.tpl,Checkout,2877,64c025e067102b7f823fb234e58082276abdf5ba6e498a17cf663af837f53f2c
templates/orderforms/cloudhost247_legacy/theme.yaml,Checkout,64,bb7e105ea86a332f077adb7061a5760b85c540c2e3bcbe1de928a4fb6cbf5697
templates/orderforms/cloudhost247_legacy/thumbnail.gif,Checkout,81380,6b9f594f0206c499987284e7c59a0527252514cb2520595fad2fb7785b96f9f4
templates/orderforms/cloudhost247_legacy/viewcart.tpl,Checkout,42703,f509b8417cdb49863b00c2943e8b3980fa6a1a87b7011f427a41869c8d1b03a2
templates/orderforms/index.php,Checkout,43,bc26269bf1b84c4eedd9e73c44c8016585d44813ad73aa2e072a53fe440a58c7
templates/orderforms/ovh_cart/common.tpl,Checkout,811,8259be6bd57558c00b8e27105482ced09b28e5e2a6a484be2e35302fc595e3ee
templates/orderforms/ovh_cart/configureproduct.tpl,Checkout,77592,6ecba19bd11b656c6ccd72f19da959d98ddf37422755a49076deae26eda4673b
templates/orderforms/ovh_cart/css/clientx-child.css,Checkout,106,15a910f82fbc46e60ce6fb773a980e1a1987333945a2214604232a74547a6452
templates/orderforms/ovh_cart/css/cloudhost247.css,Checkout,1836,c361a5fdf11823f1ca0718fcd497ef137dbc51cb6a54ad044c0d6c7aca0b08f6
templates/orderforms/ovh_cart/css/cloudx.css,Checkout,1091,9efacd311f48c10b098dae8d8f168181e096d4241d4e6b75fbc626776d571fd1
templates/orderforms/ovh_cart/css/font-awesome.css,Checkout,39815,a56eac80b5850ee36b1da1033da825ada1009455d7ae7007d717b68b7f88adab
templates/orderforms/ovh_cart/css/lagom2.css,Checkout,120,9bd81fbfc2134035ca3f90cb2f4156e5c62aae381d7f97b41d0cff90b3787046
templates/orderforms/ovh_cart/css/six.css,Checkout,296,98e7f3ed9fe7f3ae358b79b8e6cdce1dcd3fabaef3a3429d3d6aac76c4bf235f
templates/orderforms/ovh_cart/css/style-design.css,Checkout,5081,eb4dfcd9d9e434fad2a099119c9649b16e85a73de1446fce35e489f47168a87b
templates/orderforms/ovh_cart/css/style-ovh.css,Checkout,16555,31f309bf7bcec2263b19f50a1d1ce156368b83e0a3831eab4a0466f0c8ec778b
templates/orderforms/ovh_cart/css/twenty-x.css,Checkout,154,e773f5cfafefc6d9de01319f2e6f262c65aad4d7884d375951817cb4ca55db8f
templates/orderforms/ovh_cart/images/AU.svg,Checkout,1197,c6f38efba567e698e6f42bf0e4fef9853ba6c47de0bd1224c1be43131d72b262
templates/orderforms/ovh_cart/images/CA.svg,Checkout,735,17883ea7ebc82c0caedcd66fb2e0128480657843dcce39bc5666f171d9d840af
templates/orderforms/ovh_cart/images/DE.svg,Checkout,736,876efed3c30f5088d49211a84e7cb07039ac7d8f098e8ea72f901d9485a6b498
templates/orderforms/ovh_cart/images/FR.svg,Checkout,736,1a3942e6a33d9f18888f68b0639ab0adb054908df60a916e1d1fc748d17efbf4
templates/orderforms/ovh_cart/images/GB.svg,Checkout,1480,caf21813fd8053c6412f2b58a88860452e3adf4807c4c3df53d8026b69c17f37
templates/orderforms/ovh_cart/images/IN.svg,Checkout,1156,085419b659d0bd5379cadb5c869a62c4f007d418db6aafe80e7a42429685e3f9
templates/orderforms/ovh_cart/images/JP.svg,Checkout,703,1b3fc409591a08ff4e8052196855f0f335acd41feaf9c10f65b69e3b56264750
templates/orderforms/ovh_cart/images/KR.svg,Checkout,1178,3e81d0d4d6c02e0d9fbb52853d4169e8c01f49c51f7e3be2b49535ab68119a67
templates/orderforms/ovh_cart/images/MX.svg,Checkout,1147,b783d3f0e5ae42313a336ea76ca92cada72624cb38519fd07ef1ac6bb23c7250
templates/orderforms/ovh_cart/images/NL.svg,Checkout,736,3d080b342fe5f825bc79985474897d6efe067e8e4d1506110f1d17355af0703a
templates/orderforms/ovh_cart/images/PL.svg,Checkout,769,3bc07daddb50739917d4fadcc9748ebb25a2ba7df2ba166d00af724de906bc64
templates/orderforms/ovh_cart/images/SG.svg,Checkout,954,2b69ab1a5162856fdbea2b1e3590295e65e83410bbf00954f170b07dc82f108f
templates/orderforms/ovh_cart/images/US.svg,Checkout,1142,915ce3a32be1e0c5fecccf4c408df15b84fff8edfcacfecd20d3da23e42a3ca0
templates/orderforms/ovh_cart/images/almalinux.svg,Checkout,26937,52dad0c2e403802ed570ad6f40982b405776dbf0be4de06ef81d8a61ec98e481
templates/orderforms/ovh_cart/images/blue.svg,Checkout,1877,f6e02116db29c51dd5271277b5fc03188c5a4c4aac1a1364425ed6f5fb413d58
templates/orderforms/ovh_cart/images/camera.svg,Checkout,1124,bebbd18b5e5d7e1edac5abb331ea36775d44c14fa950120f60501b9fe8960a19
templates/orderforms/ovh_cart/images/centos.svg,Checkout,1648,6c5a5e585ea37972995f61d8bb49af16911e50794854fbe044dc579324571d67
templates/orderforms/ovh_cart/images/cloudlinux.svg,Checkout,6751,9deef570409159d67034075a62cf269b62e4f74e10149f89a2678d6925eba933
templates/orderforms/ovh_cart/images/control-panels.svg,Checkout,2070,59850852765e86e2a3366fa7be6cfe04659cb5a66176365283f658c4a8fe5d16
templates/orderforms/ovh_cart/images/control_panel_software.png,Checkout,1315,b499f76a28cfbecf327dafc6ec4d624399e1fe871e673d61a2fcb34a8a8698b1
templates/orderforms/ovh_cart/images/cpanel.svg,Checkout,2744,f7842a4a0cc98c36bae787bc5fecbe6b88659277f74a2e258c0b84af28fad444
templates/orderforms/ovh_cart/images/crt-icon2.png,Checkout,1854,b63489d08b6f4eefa52648ac14929c3cb3dd797a41734aba28d3536082c78dab
templates/orderforms/ovh_cart/images/crt-icon5.png,Checkout,1296,8b24120ade2bcdd957ee2b91571f09a70cd097b0526c1d4398d8e2a0671b268a
templates/orderforms/ovh_cart/images/d-arow.png,Checkout,1093,850e529513ffbf7622909ae0b60fc318abf4bd14ff0ef38d6a1c7d91847153a7
templates/orderforms/ovh_cart/images/data-center.svg,Checkout,2933,77db9905f7626890f3965bb00d37a35cd50f1581e6de29d954c67887dd127c66
templates/orderforms/ovh_cart/images/database.svg,Checkout,2351,4f8e4c3f8a25d0dbb0411d66fd455fc47433a90385cbe69375071d0e848b2c3c
templates/orderforms/ovh_cart/images/datacenter-location.svg,Checkout,4478,c9a9b2594bf36ae82ccf07f036d4171a5fd56232056fd31493cbe706a37c4955
templates/orderforms/ovh_cart/images/debian.svg,Checkout,5842,267bddc0e5babb862b4f550688dc7a15d6431d4e69c2a75bf796e3f545d4cdde
templates/orderforms/ovh_cart/images/disk.svg,Checkout,1672,150a2ebd4c3cce70d8cadd788ca4c2403f9c403d3e6d739049507824f11c9540
templates/orderforms/ovh_cart/images/europe.jpg,Checkout,2389,247981b61d868de3ed541bce3e32d258f6762417c3f0f0ba9fa8c556b52ad33d
templates/orderforms/ovh_cart/images/fedora.svg,Checkout,2377,9527de386e28a14428864767c7d6f34b6ef498a14ed38a70e35325aa70c56f8f
templates/orderforms/ovh_cart/images/freebsd-14.3.svg,Checkout,1196,808a4a0289847e3690cadd0e8ed0fd913ab56ccbba755450b2cf5c0ec6d46585
templates/orderforms/ovh_cart/images/ftp-bckup.svg,Checkout,4709,2ca4e20f741f9b7e8d016561a368093c7583d8255c71df496519eccf21ce781f
templates/orderforms/ovh_cart/images/ip.svg,Checkout,3070,36c2200594f1bc5cd9d44deb2b5d4d104e1784974030ae8835b57d99e0194970
templates/orderforms/ovh_cart/images/lg-icon2.png,Checkout,2290,e4038502b869c4440f37072ec5882f97379285e607a2f0c05f75b198e3b798cf
templates/orderforms/ovh_cart/images/lg-icon4.png,Checkout,1131,9da5099ea11358c0aeb03823429a6c2d2e05a0b50b34523ddac145dc49b2305d
templates/orderforms/ovh_cart/images/lic-icon1.png,Checkout,2134,4d739aa6e898eec074131bb5b7dcd8c9d51daa06d4585e34eccf70914123b9b7
templates/orderforms/ovh_cart/images/lic-icon2.png,Checkout,1293,7d8edf1b5495abfe4651ca6420d796ee4f9c4e726d72bcb1fc6846ab640d8287
templates/orderforms/ovh_cart/images/lic-icon3.png,Checkout,2582,d3675794599100294508d8f990cd7c4fb5df2861887bf6048a6151f0b9e473d2
templates/orderforms/ovh_cart/images/lic-icon4.png,Checkout,1943,21856aad291f81e4133ad87a58b91a02c5f4603a5376eeeb110db4d2ad4eb96c
templates/orderforms/ovh_cart/images/lic-icon5.png,Checkout,1140,e363ce89b28782ef5edf3f43d0a552ca8470bc2965232aa7a5a50bb5d2419026
templates/orderforms/ovh_cart/images/lic-icon6.png,Checkout,2424,520b38092019ea0af9197f7648a6fa9269b618d24980321ea8a23a14e92c2b13
templates/orderforms/ovh_cart/images/linux.svg,Checkout,50564,f94a350a7f33d68cc0d9248947fb3550ccdfce7bc5cfe92dc3c7b69210638176
templates/orderforms/ovh_cart/images/memory-card.svg,Checkout,3522,85ba50a45d668f1664dc683e7b5b658b61825d5c600b6c5a4fd891623ec8d320
templates/orderforms/ovh_cart/images/networking.svg,Checkout,3384,f9b710430ad74778774e55989d9419866d3a431e64a755446674c358311f1392
templates/orderforms/ovh_cart/images/no-control-panel.svg,Checkout,2282,b096ea216c7881cb3f3d332fba25779438f5362c47cdb2284a6a4cab37deaecc
templates/orderforms/ovh_cart/images/nutanix.svg,Checkout,31235,e8b5d7efa193505cf2d1a1ccb1beaf0122ad066eb614fbef25a1bf2fa6a7f1e3
templates/orderforms/ovh_cart/images/operating-systems.svg,Checkout,3518,44fa95987d5ba5822d8c966f2b039431902063e67b667f0ef6844d8a74ae2ce3
templates/orderforms/ovh_cart/images/os-icon1.png,Checkout,1293,53083c3c629e5d4284d92b02a82cc72ba2e8c5dbc053dc32cf5a8fa8abf8aaab
templates/orderforms/ovh_cart/images/os-icon2.png,Checkout,2067,2bb1cd9949c5927307848c7b387a0990232802e6c356c2f331865056880e0be0
templates/orderforms/ovh_cart/images/os-icon3.png,Checkout,2659,b70043b8c7bc1a700ed3bedb833a9e3fc1138ef7633c478ea5e396ec22c85ae6
templates/orderforms/ovh_cart/images/os-icon4.png,Checkout,1914,eb3dcbe18b2816ab4ae7641aa764c63a903cd05e85cdee687c7f7d5818c295ee
templates/orderforms/ovh_cart/images/os-icon5.png,Checkout,2132,480405994941ed9ee250c3803afee06a7a2ff855c19c28f9ce4a696b178b0041
templates/orderforms/ovh_cart/images/os.svg,Checkout,5229,9b7caec0a8b599ffe1aa11a687e2a5562d42441574df86c06cb4cd55189398d7
templates/orderforms/ovh_cart/images/os_family.svg,Checkout,4564,92736d0138e287594217a940a4bc999e584784854738e5dd6f969267a7a0e1dd
templates/orderforms/ovh_cart/images/plesk.svg,Checkout,4374,cdd985682467d81e1f6c1dd077b213d5681a75c2035edd7a1632c8f891305aab
templates/orderforms/ovh_cart/images/proxmox.svg,Checkout,2239,372b83d523d61ce9216e7e4dc47618bbca7e8666335c25d739c8c9f6fba63d52
templates/orderforms/ovh_cart/images/rocky.svg,Checkout,615,f5335a335e08b4579f24a14388aa178a4abc2527cbf26a0d5b3bf4f480384fad
templates/orderforms/ovh_cart/images/snapshot.svg,Checkout,3130,5c9908e1a855ee046d2246cffc892b7890ea13fca8beb59ff8c9da7ebc849118
templates/orderforms/ovh_cart/images/sql.svg,Checkout,8596,727c2b749f1cf4de61d236e08e333f5ea75ea5f784cf80726d61db81bbf69b29
templates/orderforms/ovh_cart/images/ubuntu.svg,Checkout,2661,951031f62254b94776dc89730b9d2258e37f01bc6bc3694bec26b502a14a0c0b
templates/orderforms/ovh_cart/images/united-kingdom.jpg,Checkout,3278,ccb3a2a099074d9e795fd90f9c731822de0f0980232f1c2606a027b767a23ba7
templates/orderforms/ovh_cart/images/vmware.svg,Checkout,2685,90b885e39193a602accae49fa14189778425f12d14343b76a20638fcca600bd7
templates/orderforms/ovh_cart/images/windows.svg,Checkout,407,933f85429422e6607c1a769e9b4452b6b509560d147db001b23f360c95aa8f6e
templates/orderforms/ovh_cart/index.php,Checkout,46,af296d1c9abbae688bd44cfe4563616996cb3c45094ff406e3f6a47391db2550
templates/orderforms/ovh_cart/theme.yaml,Checkout,179,89e691683b4c9ee1019649cdd9316b4ef09ae33ba544b47e9e049fe93c2a8863
templates/orderforms/ovh_cart/thumbnail.gif,Checkout,97646,1478614633af649f1b39a9e0564a3bde96607dbd4aa2c97f41f7df27189a15f0
terms-of-service.php,Legal,830,ffac194570c3c29acf03f3d778df8e0b11dea6c829bd068a21b09c86b671b069
tests/broker/fakes.php,Administrative/internal,15830,35a9bc37606759b8f5b09425b28910b1aa4dff03ef5efab720cb5f83b965de44
tests/broker/run.php,Administrative/internal,36892,bbfdf618a87e16406dba8a4cb94ef2bcaac6517a024a01fb0d5e9d225baf9c61
tests/broker/test_static.py,Administrative/internal,23800,4ad43b37dc03cc15ef8edc273add27f9dfb3c8c4a1d6c53395aa783922891fde
tests/builder/fakes.php,Administrative/internal,18723,06ad388b970dc2fb07ee397e05fafa000b617ae4e6f9b05cda1ad558c5263568
tests/builder/run.php,Administrative/internal,81832,09e6170ef8589bc09d56926dbdf11ae15fbc1c6cc31e2cd370fd00182b63831f
tests/builder/test_static.py,Administrative/internal,28939,3bf4cec69fa597144a31d2caaa87157fffc0babb2fbe9ebb01dfdded8ac46fff
tests/cart_recovery/fakes.php,Administrative/internal,22415,d3dea84593f011337ee122415fa212e80a16e5818939a42352057259230ce77e
tests/cart_recovery/run.php,Administrative/internal,41542,539f99e52e968414edb2081114a9b5688315b4e6dbac60433e16f1a73e059284
tests/cart_recovery/test_static.py,Administrative/internal,9697,4ad4ee2b073b7b423ba68b60055b841e57d9955207035cd48ebeefac130fa90b
tests/cloudhost247_email/run.php,Administrative/internal,51856,a4035a54624b89a4b1188792a8b1fa3f8665bcaef42a00e0d3973f60a2be7319
tests/currency/run.php,Administrative/internal,1863,29e7de5a1ca84b0b5f5fcb1b1f8940b0081d6e5698104fe9248d08812baad3a1
tests/currency/test_static.py,Administrative/internal,1602,e7f14f9cfcfbc58dc343e382acbd794978ee08cca64242716acc00d5c51e0b5e
tests/customaffiliate/run.php,Administrative/internal,16367,1fa3d3a1817e56d31f6f573f5feb21a4e019fd8b7312f1229b1a685c661f43eb
tests/digitalproducts/run.py,Administrative/internal,1445,278ada8a70233192e5b129080cb46e775edc4c611d93367e046e8f068fdd1e8a
tests/digitalproducts/test_static.py,Administrative/internal,1895,e68231d8ddb8bf5affc6d345b554c9038cdc577842321686de982d6d2ddd6193
tests/foundation/run.php,Administrative/internal,6380,8bc1397dd891844a64be4afbf7d7ee432893f8e7e5c41abb2cfa53f8e9d177f2
tests/foundation/test_static.py,Administrative/internal,3797,2abff3e3a912577d41151c9a6977e42eee72620746d4eb994108576bb65ad980
tests/integrations/run.php,Administrative/internal,42020,c2d037472a388a3e2f6e12d87ab995cbc3b704268551a3e89b48c39ece99d14c
tests/integrations/test_static.py,Administrative/internal,14742,7a15f08ffa2f9d425efef7d57f2a5e43731b454dca704ab99e25dc5ca69f9b75
tests/marketing/fakes.php,Administrative/internal,13321,2e7e32477db37da00a55a5ab94a1a503aea0da366974be7c812afacb239c059a
tests/marketing/run.php,Administrative/internal,19554,d787ba6b4f5b95d9700965dcf852ad212adbaaa4f6451a4999b9e66587974639
tests/marketing/session10.php,Administrative/internal,27855,f8be15dfc38740b258912d226e98cc5b226a088b43929adc4dce56200987ead6
tests/marketing/session11.php,Administrative/internal,19530,59e235d9400ff78cc4aaa9db37bdb079f9c192dca9bfcf375195b779fa985fec
tests/marketing/session12.php,Administrative/internal,21137,00eaa7b3fc91c03663bb08205aaf34c019ad1457077fb1d3f80b4746f500a8bf
tests/marketing/session2.php,Administrative/internal,26939,c35c20ef8928d69c8b3665d572e0ecf8348e094a03795f5789816f4cbfaaee36
tests/marketing/session3.php,Administrative/internal,24656,9552d8b8c3aa49a50d1fb20f09abffcee4d49db9be2a0dfa71e2df419e403b0e
tests/marketing/session4.php,Administrative/internal,22705,c36cbadc2ea69eebbe40e62ee13f9bf93033b2a45c1ea86e82445adf0fd40e5e
tests/marketing/session5.php,Administrative/internal,26875,bcf3a330a97d6bb7c6fbf44871bd33f95c5d03b67e68a9066101736bc52064bd
tests/marketing/session6.php,Administrative/internal,11230,e7b82df033f0e9c6ac270f5bbb75cc1cb3f89d4160c8ebce58e113e2987c141e
tests/marketing/session7.php,Administrative/internal,25190,d3042b8460e2ec19c1016f8948c0ca0573a3ad07a30ce35a17cc4ff0e6ce14f9
tests/marketing/session8.php,Administrative/internal,24086,f4d60b89222cb094db17efb6eabadf8664175fdc730fbf97ac88125115d2943f
tests/marketing/session9.php,Administrative/internal,13983,21703ce81fcb02c0c6fdf1e0576208c204910b6d467cfb40d59060c188d4760e
tests/marketing/test_static.py,Administrative/internal,20968,acc05dcfb3f61354b056b0be844fb3aa5d9fc55706e466205c77ec729599d4f4
tests/modules/fakes.php,Administrative/internal,13224,d621fa53bc50f4e08d719346c4c1ed8df145e5780484891fa975e1f1b9fb110a
tests/modules/run.php,Administrative/internal,75432,9d5c88b75dc8396b254e0516cae00b9236bf37f38d9825d907c1c6dea837165d
tests/modules/test_static.py,Administrative/internal,19535,164d6f7f188bd9eec3192f37a8d9d0c81dedd43db44ce5cc5b0d4ba3a3b2f443
tests/ovh/fakes.php,Administrative/internal,14570,f01ae64c0d9d494d0eb62b37b39b14036f83445e627186cdc81db37235bee51f
tests/ovh/run.php,Administrative/internal,44626,256146132bd740607daaa9fc2179f59be9151f6ab3217bd9ab3ff69640950bd5
tests/ovh/test_product_services_static.py,Administrative/internal,6538,8c43cf8caf6dc68d56fb7a6af3f3f32493471c43c487d126fcaceb10cb63dbfa
tests/ovh/test_public_catalog_static.py,Administrative/internal,1776,8957504f5ad739d855ce7ccaac5baab1d39a06fee25fac5d696d28b9a4490c56
tests/ovh/test_static.py,Administrative/internal,10872,66dedcda08eac0b54c93077c86a95ae71bccac4b1453047765f1b8cf669a0b1c
tests/passkey/fakes.php,Administrative/internal,21456,5de156458e76c6cf16d5ffd8e00f472f5c41e030c949645c7e8dfd69599c3485
tests/passkey/fixtures/README.md,Administrative/internal,1164,1d044581c7756c3655e8a7d08845f18c0cedbce5944c55a09547e93702206805
tests/passkey/run.php,Administrative/internal,37426,f1e0bce7c8bb9e2f87411153a54059f72e8097743ef13cc45eefa8331c05f3e0
tests/passkey/test_static.py,Administrative/internal,10878,4698f82ee0a35ecf1e04b97ecd8aff1401bb07475613333af3f11c05d0376c5e
tests/payments/run.php,Administrative/internal,8566,5a162e90d6723c1fe8126d3a7edaa7f9922bcca971db48d37f5f2e5b979bbb0b
tests/payments/test_static.py,Administrative/internal,11854,a80a5b7b4c80fa37d12d3b5b1acda347f3df2c679bd744e5de83156680185528
tests/phoneservices/run.php,Administrative/internal,12255,7be4e66376ec14c9c0d3cc62f62a425d63e1b58478db95564a14e00b91e60441
tests/rdp/run.php,Administrative/internal,6328,9496a983496daa6e473b9abdc9511bfea4629f58e4b937112959daf132cb0cdb
tests/rdp/test_static.py,Administrative/internal,8930,88ad9f7b5fa392e8e11967a7421c2caf7c4226ec30378a2ab431deaff4303237
tests/security/test_archive_integration.py,Administrative/internal,8606,c63f3fe23b8eea6822e2247e21b97d8f3ef4ecc27c7d573a4fd6dcf696c57478
tests/security/test_release_gate_static.py,Administrative/internal,21978,7df914a44daf7ac29ca778e7e2c9b1dabe25e58971b848f00b2d3c5d2b30c513
tests/security/test_security.py,Administrative/internal,11003,9b02d8a19f3e88bdcf8c7d9c22f9acc6f78e5cb294e8c823459116be492669fb
tests/smm/fakes.php,Administrative/internal,16458,0a9d9c7fb27e5d20ddc68a12d4785b7a8eec3902f3244140223a6519219f2cbf
tests/smm/fixtures/add.json,Administrative/internal,18,c2406b3e1fef9f25a8c8d4abc445120e4b2bbdf72e4c4ee638fc6c3a87830b0e
tests/smm/fixtures/add_error.json,Administrative/internal,34,6d046c06c44d5a49d35efe2ddd25074957119f5c71715218a7cd4f03dc6b39c0
tests/smm/fixtures/balance.json,Administrative/internal,39,574f3d37170013ccb17a26ee32f2c83d30e9bfa17a8247a92add31685595a6cd
tests/smm/fixtures/balance_error.json,Administrative/internal,31,d13ff89de780fd9642d17c346544eca4a7de7b7ddae76ded805a9ee7efa57927
tests/smm/fixtures/cancel.json,Administrative/internal,3,ca3d163bab055381827226140568f3bef7eaac187cebd76878e0b63e9e442356
tests/smm/fixtures/notjson.txt,Administrative/internal,29,d6698e97f52100810d9f8ab201fb94a77b60504132a1d25b4579b6c7cef6f685
tests/smm/fixtures/refill.json,Administrative/internal,17,8df6f0d89ae25690854c00b605d1fe20ebc924e15e2ff3b174b8f3f05c77be8c
tests/smm/fixtures/refill_status.json,Administrative/internal,26,ea75fc0906eda8349624f8afdec5a6a2a768ad0ec2c25c39c998214e27ade3c7
tests/smm/fixtures/services.json,Administrative/internal,895,7ab2481dd3204ae8c674f9a51e5797d2e0b09b5788fb49b9ccac0b9c8e0e22c7
tests/smm/fixtures/status_completed.json,Administrative/internal,100,bb9864abca9fac4af8891168a6f5d1b7fd6ce16f306a934a1009375cc37db5ba
tests/smm/fixtures/status_inprogress.json,Administrative/internal,104,c9459aa8f761f114dfed90af19e9721e35e895580ef53fbb9b736852e73968e8
tests/smm/fixtures/status_notfound.json,Administrative/internal,32,486c2dc5482ce835cc47918b1cee71556f319183f528cd58476f2c6af1a2156d
tests/smm/fixtures/status_partial.json,Administrative/internal,100,5c3e433094d7f075a07074b2db21d47fc66245ee7d69204ab936362b471b67c0
tests/smm/fixtures/status_processing.json,Administrative/internal,103,da94c72672e2101fa91570a18458cef59d277ec76665e1aaa8362d5136150b04
tests/smm/run.php,Administrative/internal,37271,2df547527e5df140780ad72670dcdf3d1d214049ab7ded4e5b707109c1fc7c46
tests/smm/test_static.py,Administrative/internal,21534,bc1adfe519ac7110b8cb305e80c1ac4daa996ee42c879fb7be65f4e5dbd4fe88
tests/staging/test_staging_tools.py,Administrative/internal,3812,b849537ac25a7b0e3db24c5c147113688fdf3ed867ddb7785ef0f9e94d1bc6df
tests/theme/fakes.php,Administrative/internal,14538,435397e01ce8c9fc98b9249a864a409321f2e94919c7284ae4f2f7c0d63053e2
tests/theme/run.php,Administrative/internal,23346,b22d012719114dff42cfff86b0317ad1039d37783ae747cfcdd0e5d02fe915b8
tests/theme/test_static.py,Administrative/internal,10146,fc86cee86b35925d24b4bc9b1ae777938b5eb97cde6d20ba4b7a04cba146096d
tests/tools/run.php,Administrative/internal,53663,5004ae8994482722ef17d319187e2a86de4b3ac8738b2271432216f85171539d
tests/tools/test_static.py,Administrative/internal,11081,9788715438aa180f36428d8fff09083d228795ba3c6fc93aed6b35b7114da625
tools/build-manifests.py,Developer,58579,2e673c9b4341e1e4b8c66d4d53eada66467a0dd8d71ee145a41c8cf23bce00ff
trademark-policy.php,Legal,13760,38a134231afb1f61c306704dd5555b8e54ae0ff099f11a824c964694d4c9c096
vps-hosting.php,VPS,810,1d1af6c0be94825b526844ee66511e13261b7d5fe461293f164e2a007d9e276e
vps-privatecloud.php,VPS,832,f0b58ab58e965fcc25eea9e83a4e08ab0a2825d92bdf11cd1b0cfd8a1ab42915
vps-publiccloud.php,VPS,680,cfaf9dcfb12b2c90b00902191e99c417fe3926fc26fefc2912cfd18561568373
web-hosting.php,Hosting,810,71d482a61c2590d7378a2dc218c43478679e52f459607df8a1149d7e843c3c5a
website-design.php,Business,822,06cd973ffb9185a749a9acafd67f81495d9fd0411a1bf40aca7ffafd023f6694
windows-hosting.php,Hosting,826,4e3537d8ccfd148cc873d6d51b23b60311617a4de96088c95ea1cfd2858c33d8
wordpress-hosting.php,Applications,834,d34547a1aeb2b9e890bdca4a45d7c20c57b921aeed01990c4b58ccc539e5e0f3
