path,category,bytes
.gitattributes,Administrative/internal,1920
.github/workflows/independent-foundation.yml,Administrative/internal,2297
.github/workflows/node-platform.yml,Administrative/internal,2799
.gitignore,Administrative/internal,760
PHASE_5_CHECKPOINT_REPORT.md,Administrative/internal,64070
README.md,Administrative/internal,18059
aboutus.php,Marketing,397
acceptable-use-policy.php,Legal,382
all-element-cloudhost247.php,Administrative/internal,666
applications.php,Applications,315
assets/images/cloudhost247/README.md,Administrative/internal,2546
assets/images/cloudhost247/applications/application-stack.svg,Applications,4260
assets/images/cloudhost247/blog/insights.svg,Marketing,4165
assets/images/cloudhost247/brand/icon-mark.png,Administrative/internal,3528
assets/images/cloudhost247/brand/icon-mark.svg,Administrative/internal,421
assets/images/cloudhost247/brand/icon-mark.webp,Administrative/internal,1260
assets/images/cloudhost247/brand/logo-compact.png,Administrative/internal,5799
assets/images/cloudhost247/brand/logo-compact.svg,Administrative/internal,481
assets/images/cloudhost247/brand/logo-compact.webp,Administrative/internal,1844
assets/images/cloudhost247/brand/logo-horizontal-dark.png,Administrative/internal,10718
assets/images/cloudhost247/brand/logo-horizontal-dark.svg,Administrative/internal,515
assets/images/cloudhost247/brand/logo-horizontal-dark.webp,Administrative/internal,2832
assets/images/cloudhost247/brand/logo-horizontal-mono.png,Administrative/internal,9632
assets/images/cloudhost247/brand/logo-horizontal-mono.svg,Administrative/internal,515
assets/images/cloudhost247/brand/logo-horizontal-mono.webp,Administrative/internal,2774
assets/images/cloudhost247/brand/logo-horizontal-white.png,Administrative/internal,11956
assets/images/cloudhost247/brand/logo-horizontal-white.svg,Administrative/internal,515
assets/images/cloudhost247/brand/logo-horizontal-white.webp,Administrative/internal,2788
assets/images/cloudhost247/brand/logo-primary-dark.png,Administrative/internal,9209
assets/images/cloudhost247/brand/logo-primary-dark.svg,Administrative/internal,572
assets/images/cloudhost247/brand/logo-primary-dark.webp,Administrative/internal,2468
assets/images/cloudhost247/brand/logo-primary-mono.png,Administrative/internal,8423
assets/images/cloudhost247/brand/logo-primary-mono.svg,Administrative/internal,572
assets/images/cloudhost247/brand/logo-primary-mono.webp,Administrative/internal,2406
assets/images/cloudhost247/brand/logo-primary-white.png,Administrative/internal,10313
assets/images/cloudhost247/brand/logo-primary-white.svg,Administrative/internal,572
assets/images/cloudhost247/brand/logo-primary-white.webp,Administrative/internal,2422
assets/images/cloudhost247/cloud/cloud-hosting.svg,Cloud,4128
assets/images/cloudhost247/cloud/performance.svg,Cloud,4137
assets/images/cloudhost247/cloud/private-cloud.svg,Cloud,4141
assets/images/cloudhost247/cloud/public-cloud.svg,Cloud,4141
assets/images/cloudhost247/cloud/scalability.svg,Cloud,4139
assets/images/cloudhost247/cloud/vps.svg,VPS,4136
assets/images/cloudhost247/deployment/deployment-pipeline.svg,Deployment/PaaS,4150
assets/images/cloudhost247/deployment/developer-hosting.svg,Deployment/PaaS,4149
assets/images/cloudhost247/domains/domain-network.svg,Domains,4176
assets/images/cloudhost247/favicon/apple-touch-icon.png,Administrative/internal,3607
assets/images/cloudhost247/favicon/favicon-16.png,Administrative/internal,528
assets/images/cloudhost247/favicon/favicon-192.png,Administrative/internal,4098
assets/images/cloudhost247/favicon/favicon-32.png,Administrative/internal,875
assets/images/cloudhost247/favicon/favicon-48.png,Administrative/internal,1299
assets/images/cloudhost247/favicon/favicon-512.png,Administrative/internal,11523
assets/images/cloudhost247/favicon/favicon.ico,Administrative/internal,5078
assets/images/cloudhost247/favicon/site.webmanifest,Administrative/internal,350
assets/images/cloudhost247/hero/global-network.svg,Administrative/internal,2875
assets/images/cloudhost247/hero/infrastructure.svg,Cloud,6512
assets/images/cloudhost247/hosting/cpanel-hosting.svg,Hosting,4119
assets/images/cloudhost247/hosting/email-hosting.svg,Email,4094
assets/images/cloudhost247/hosting/plesk-hosting.svg,Hosting,4115
assets/images/cloudhost247/hosting/reseller-hosting.svg,Hosting,4121
assets/images/cloudhost247/hosting/web-hosting.svg,Hosting,4112
assets/images/cloudhost247/hosting/website-design.svg,Hosting,4116
assets/images/cloudhost247/hosting/windows-hosting.svg,Hosting,4119
assets/images/cloudhost247/hosting/wordpress-hosting.svg,Applications,4124
assets/images/cloudhost247/icons/aboutus.svg,Marketing,392
assets/images/cloudhost247/icons/acceptable-use-policy.svg,Legal,380
assets/images/cloudhost247/icons/app.svg,Administrative/internal,399
assets/images/cloudhost247/icons/applications.svg,Applications,461
assets/images/cloudhost247/icons/backup-policy.svg,Legal,372
assets/images/cloudhost247/icons/blog.svg,Marketing,378
assets/images/cloudhost247/icons/cloud.svg,Cloud,326
assets/images/cloudhost247/icons/cloudhost247-hosting.svg,Hosting,393
assets/images/cloudhost247/icons/code.svg,Administrative/internal,278
assets/images/cloudhost247/icons/control.svg,Administrative/internal,451
assets/images/cloudhost247/icons/cookie-policy.svg,Legal,372
assets/images/cloudhost247/icons/cpanel-hosting.svg,Hosting,386
assets/images/cloudhost247/icons/cybercrime-policy.svg,Legal,376
assets/images/cloudhost247/icons/data-deletion.svg,Legal,385
assets/images/cloudhost247/icons/data-privacy-notice-and-consent-form.svg,Legal,395
assets/images/cloudhost247/icons/data-protection-standards.svg,Legal,384
assets/images/cloudhost247/icons/dedicated-server.svg,Dedicated,429
assets/images/cloudhost247/icons/deployments.svg,Deployment/PaaS,346
assets/images/cloudhost247/icons/developer-friendly.svg,Developer,344
assets/images/cloudhost247/icons/domain-agreement.svg,Legal,375
assets/images/cloudhost247/icons/domain-brokerage-terms.svg,Legal,381
assets/images/cloudhost247/icons/domain-renewal-policy.svg,Legal,380
assets/images/cloudhost247/icons/domain.svg,Domains,335
assets/images/cloudhost247/icons/domainregistrationaddendum.svg,Legal,387
assets/images/cloudhost247/icons/email-hosting.svg,Email,363
assets/images/cloudhost247/icons/enterprise-servers.svg,Dedicated,430
assets/images/cloudhost247/icons/fair-usage-policy.svg,Legal,376
assets/images/cloudhost247/icons/faqs.svg,Support,523
assets/images/cloudhost247/icons/game-servers.svg,Dedicated,424
assets/images/cloudhost247/icons/help-center.svg,Support,508
assets/images/cloudhost247/icons/infrastructure.svg,Cloud,388
assets/images/cloudhost247/icons/legal-notice.svg,Legal,371
assets/images/cloudhost247/icons/legal.svg,Legal,384
assets/images/cloudhost247/icons/mail.svg,Email,301
assets/images/cloudhost247/icons/offers.svg,Marketing,380
assets/images/cloudhost247/icons/operating-systems.svg,Operating Systems,466
assets/images/cloudhost247/icons/plesk-hosting.svg,Hosting,385
assets/images/cloudhost247/icons/privacy-policy.svg,Legal,373
assets/images/cloudhost247/icons/refund-and-cancellation-policy.svg,Legal,389
assets/images/cloudhost247/icons/refund-policy.svg,Legal,372
assets/images/cloudhost247/icons/server-management.svg,Server Management,514
assets/images/cloudhost247/icons/server.svg,Administrative/internal,365
assets/images/cloudhost247/icons/shield.svg,Administrative/internal,312
assets/images/cloudhost247/icons/ssl-certificate.svg,Administrative/internal,375
assets/images/cloudhost247/icons/storage.svg,Administrative/internal,322
assets/images/cloudhost247/icons/terms-of-service.svg,Legal,375
assets/images/cloudhost247/icons/trademark-policy.svg,Legal,375
assets/images/cloudhost247/icons/user.svg,Administrative/internal,287
assets/images/cloudhost247/icons/vps-hosting.svg,VPS,385
assets/images/cloudhost247/icons/vps-privatecloud.svg,VPS,387
assets/images/cloudhost247/icons/vps-publiccloud.svg,VPS,386
assets/images/cloudhost247/icons/web-hosting.svg,Hosting,383
assets/images/cloudhost247/icons/web.svg,Administrative/internal,322
assets/images/cloudhost247/icons/website-design.svg,Business,386
assets/images/cloudhost247/icons/windows-hosting.svg,Hosting,387
assets/images/cloudhost247/icons/wordpress-hosting.svg,Applications,389
assets/images/cloudhost247/management/backup.svg,Server Management,4193
assets/images/cloudhost247/management/dns.svg,Domains,4289
assets/images/cloudhost247/management/firewall.svg,Server Management,4299
assets/images/cloudhost247/management/migration.svg,Administrative/internal,4301
assets/images/cloudhost247/management/monitoring.svg,Server Management,4302
assets/images/cloudhost247/management/server-control.svg,Server Management,4316
assets/images/cloudhost247/management/support.svg,Support,4333
assets/images/cloudhost247/operating-systems/os-catalog.svg,Operating Systems,4268
assets/images/cloudhost247/security/reliability.svg,Administrative/internal,4170
assets/images/cloudhost247/security/security.svg,Administrative/internal,4180
assets/images/cloudhost247/security/ssl.svg,Administrative/internal,4179
assets/images/cloudhost247/servers/dedicated-servers.svg,Dedicated,4235
assets/images/cloudhost247/servers/enterprise-servers.svg,Dedicated,4235
assets/images/cloudhost247/servers/game-servers.svg,Dedicated,4224
assets/images/cloudhost247/social/cloudhost247-social.png,Administrative/internal,135762
assets/images/cloudhost247/social/cloudhost247-social.svg,Administrative/internal,7434
assets/images/cloudhost247/social/cloudhost247-social.webp,Administrative/internal,30374
backup-policy.php,Legal,9629
blog.php,Marketing,634
builder-page.php,Marketing,4986
builder-sitemap.php,Administrative/internal,1497
cloudhost247-hosting.php,Hosting,895
cloudhost247-marketing-track.php,Administrative/internal,1890
cloudhost247-node/.env.example,Administrative/internal,6317
cloudhost247-node/.gitignore,Administrative/internal,483
cloudhost247-node/DEPLOYMENT_GUIDE.md,Deployment/PaaS,10262
cloudhost247-node/DEPLOYMENT_SUMMARY.md,Deployment/PaaS,4857
cloudhost247-node/QUICK_START.txt,Administrative/internal,2496
cloudhost247-node/database/db-client.ts,Administrative/internal,2083
cloudhost247-node/database/migrate.ts,Administrative/internal,15640
cloudhost247-node/database/migrations/0001_create_users.sql,Administrative/internal,1206
cloudhost247-node/database/migrations/0002_create_auth_audit_log.sql,Administrative/internal,954
cloudhost247-node/database/migrations/0003_create_revoked_tokens.sql,Administrative/internal,1748
cloudhost247-node/database/migrations/0004_create_catalog_products.sql,Administrative/internal,2936
cloudhost247-node/database/migrations/0005_create_catalog_product_plans.sql,Administrative/internal,1873
cloudhost247-node/database/migrations/0006_create_catalog_plan_pricing.sql,Administrative/internal,2539
cloudhost247-node/database/migrations/0007_create_catalog_plan_features.sql,Administrative/internal,1213
cloudhost247-node/database/migrations/0008_create_customer_services.sql,Administrative/internal,3058
cloudhost247-node/database/migrations/0009_create_customer_domains.sql,Administrative/internal,1845
cloudhost247-node/database/migrations/0010_create_support_tickets.sql,Administrative/internal,1433
cloudhost247-node/database/migrations/0011_create_support_ticket_messages.sql,Administrative/internal,1102
cloudhost247-node/database/migrations/0012_add_password_changed_at_to_users.sql,Administrative/internal,2349
cloudhost247-node/database/migrations/0013_extend_auth_audit_log_event_types.sql,Administrative/internal,1115
cloudhost247-node/database/migrations/0014_create_carts.sql,Administrative/internal,1082
cloudhost247-node/database/migrations/0015_create_cart_items.sql,Administrative/internal,2097
cloudhost247-node/database/migrations/0016_create_orders.sql,Administrative/internal,3617
cloudhost247-node/database/migrations/0017_create_order_items.sql,Administrative/internal,2225
cloudhost247-node/database/migrations/0018_create_invoices.sql,Administrative/internal,3830
cloudhost247-node/database/migrations/0019_create_billing_ledger.sql,Administrative/internal,3644
cloudhost247-node/database/migrations/0020_create_payments.sql,Administrative/internal,3313
cloudhost247-node/database/migrations/0021_add_payment_confirmation_fields.sql,Administrative/internal,1279
cloudhost247-node/database/migrations/0022_extend_auth_audit_log_event_types_for_payments.sql,Administrative/internal,1514
cloudhost247-node/database/migrations/0023_enforce_billing_invariants.sql,Administrative/internal,4917
cloudhost247-node/database/migrations/0024_create_webhook_events.sql,Administrative/internal,2130
cloudhost247-node/database/migrations/0025_extend_auth_audit_log_for_admin_billing.sql,Administrative/internal,1089
cloudhost247-node/database/migrations/0026_create_domain_brokerage.sql,Administrative/internal,6911
cloudhost247-node/database/migrations/0027_create_roles_user_roles.sql,Administrative/internal,3018
cloudhost247-node/database/migrations/0028_create_servers_server_credentials.sql,Administrative/internal,3221
cloudhost247-node/database/migrations/0029_create_application_categories.sql,Administrative/internal,715
cloudhost247-node/database/migrations/0030_create_applications.sql,Administrative/internal,3064
cloudhost247-node/database/migrations/0031_create_application_versions.sql,Administrative/internal,1756
cloudhost247-node/database/migrations/0032_create_application_installations.sql,Administrative/internal,3415
cloudhost247-node/database/migrations/0033_create_deployments.sql,Administrative/internal,4924
cloudhost247-node/database/migrations/0034_extend_domains.sql,Administrative/internal,3249
cloudhost247-node/database/migrations/0035_create_application_environment_volumes.sql,Administrative/internal,1670
cloudhost247-node/database/migrations/0036_create_backups.sql,Administrative/internal,1790
cloudhost247-node/database/migrations/0037_create_subscriptions.sql,Administrative/internal,2588
cloudhost247-node/database/migrations/0038_create_audit_logs.sql,Administrative/internal,1316
cloudhost247-node/database/migrations/0039_create_server_metrics.sql,Administrative/internal,1449
cloudhost247-node/database/migrations/0040_create_platform_settings.sql,Administrative/internal,1350
cloudhost247-node/database/migrations/0041_create_os_catalog_and_server_provisioning.sql,Administrative/internal,25832
cloudhost247-node/database/migrations/0042_expand_infrastructure_providers_and_server_operations.sql,Administrative/internal,2029
cloudhost247-node/database/migrations/0043_create_control_panels_and_plans.sql,Administrative/internal,20669
cloudhost247-node/database/migrations/0044_create_dns_zones_and_records.sql,Administrative/internal,1925
cloudhost247-node/database/migrations/0045_create_ssl_certificates.sql,Administrative/internal,1793
cloudhost247-node/database/migrations/0046_create_firewall_rules.sql,Administrative/internal,1347
cloudhost247-node/database/migrations/0047_infrastructure_adapter_coverage.sql,Administrative/internal,2277
cloudhost247-node/database/migrations/0048_operating_system_logo_assets.sql,Administrative/internal,1327
cloudhost247-node/database/migrations/0049_notification_outbox_delivery_scheduling.sql,Administrative/internal,1410
cloudhost247-node/database/migrations/0050_server_state_reconciliation.sql,Administrative/internal,910
cloudhost247-node/database/migrations/0051_operating_system_logo_assets.sql,Administrative/internal,1339
cloudhost247-node/database/migrations/0052_serialize_server_infrastructure_operations.sql,Administrative/internal,1669
cloudhost247-node/database/migrations/0053_customer_identity_and_support_sessions.sql,Administrative/internal,7640
cloudhost247-node/database/migrations/0054_create_revenue_guardian.sql,Administrative/internal,23271
cloudhost247-node/database/migrations/0055_create_cloudflare.sql,Administrative/internal,13026
cloudhost247-node/database/migrations/0056_extend_platform_services_licenses_backups.sql,Administrative/internal,6214
cloudhost247-node/database/migrations/0057_create_ai_support_operator.sql,Administrative/internal,3640
cloudhost247-node/database/migrations/0058_create_worker_cycle_leases.sql,Administrative/internal,632
cloudhost247-node/database/migrations/0059_create_auth_recovery.sql,Administrative/internal,3910
cloudhost247-node/database/migrations/0060_create_totp_mfa.sql,Administrative/internal,2847
cloudhost247-node/database/migrations/0061_create_webauthn_passkeys.sql,Administrative/internal,2358
cloudhost247-node/database/migrations/0062_create_webauthn_authentication_challenges.sql,Administrative/internal,474
cloudhost247-node/database/migrations/0063_create_domain_services_foundation.sql,Administrative/internal,24202
cloudhost247-node/database/migrations/0064_relax_domain_extensions_shape.sql,Administrative/internal,932
cloudhost247-node/database/migrations/0065_create_domain_availability_watches.sql,Administrative/internal,2220
cloudhost247-node/database/migrations/0066_create_ai_control_plane.sql,Administrative/internal,26910
cloudhost247-node/database/migrations/0067_create_tools_center.sql,Administrative/internal,31916
cloudhost247-node/database/migrations/0068_record_backup_database_dump.sql,Administrative/internal,2104
cloudhost247-node/database/migrations/0069_classify_backup_kind.sql,Administrative/internal,1591
cloudhost247-node/database/migrations/0070_record_backup_includes.sql,Administrative/internal,1793
cloudhost247-node/database/seed/dev-catalog-seed.sql,Administrative/internal,3554
cloudhost247-node/docs/AI_SUPPORT_OPERATOR.md,Support,3346
cloudhost247-node/docs/CUSTOMER_IDENTITY.md,Administrative/internal,13476
cloudhost247-node/docs/DOMAIN_SERVICES_GAP_CLOSURE.md,Domains,9166
cloudhost247-node/docs/MRZ_DEVELOPER_TOOL.md,Developer,903
cloudhost247-node/docs/PLATFORM_CONTROL_PLANE_AUDIT.md,Administrative/internal,7093
cloudhost247-node/docs/REVENUE_GUARDIAN.md,Administrative/internal,7289
cloudhost247-node/docs/SERVER_PROVISIONING.md,Administrative/internal,8717
cloudhost247-node/docs/integrations/cloudflare.md,Cloud,8870
cloudhost247-node/docs/tools/ADMIN_GUIDE.md,Developer,9522
cloudhost247-node/docs/tools/API.md,Developer,7672
cloudhost247-node/docs/tools/OPERATIONS.md,Developer,8621
cloudhost247-node/docs/tools/README.md,Developer,8372
cloudhost247-node/docs/tools/SECURITY.md,Developer,6831
cloudhost247-node/docs/tools/TOOLS_CATALOG.md,Developer,12238
cloudhost247-node/frontend/index.html,Administrative/internal,1111
cloudhost247-node/frontend/public/favicon.svg,Administrative/internal,433
cloudhost247-node/frontend/public/os-logos/almalinux.svg,Administrative/internal,26937
cloudhost247-node/frontend/public/os-logos/alpine.svg,Administrative/internal,413
cloudhost247-node/frontend/public/os-logos/arch.svg,Administrative/internal,542
cloudhost247-node/frontend/public/os-logos/centos.svg,Administrative/internal,1648
cloudhost247-node/frontend/public/os-logos/cloudlinux.svg,Cloud,6751
cloudhost247-node/frontend/public/os-logos/debian.svg,Administrative/internal,5842
cloudhost247-node/frontend/public/os-logos/fedora.svg,Administrative/internal,2377
cloudhost247-node/frontend/public/os-logos/kali.svg,Administrative/internal,442
cloudhost247-node/frontend/public/os-logos/nixos.svg,Administrative/internal,1541
cloudhost247-node/frontend/public/os-logos/opensuse.svg,Administrative/internal,569
cloudhost247-node/frontend/public/os-logos/rocky.svg,Administrative/internal,615
cloudhost247-node/frontend/public/os-logos/ubuntu.svg,Administrative/internal,2661
cloudhost247-node/frontend/public/panel-logos/aapanel.svg,Administrative/internal,659
cloudhost247-node/frontend/public/panel-logos/adminbolt.svg,Administrative/internal,659
cloudhost247-node/frontend/public/panel-logos/cloudpanel.svg,Cloud,659
cloudhost247-node/frontend/public/panel-logos/cloudron.svg,Cloud,659
cloudhost247-node/frontend/public/panel-logos/coolify.svg,Administrative/internal,659
cloudhost247-node/frontend/public/panel-logos/cosmos.svg,Administrative/internal,659
cloudhost247-node/frontend/public/panel-logos/cpanel.svg,Hosting,659
cloudhost247-node/frontend/public/panel-logos/cyberpanel.svg,Administrative/internal,659
cloudhost247-node/frontend/public/panel-logos/directadmin.svg,Administrative/internal,659
cloudhost247-node/frontend/public/panel-logos/dokploy.svg,Administrative/internal,659
cloudhost247-node/frontend/public/panel-logos/easypanel.svg,Administrative/internal,659
cloudhost247-node/frontend/public/panel-logos/fastpanel.svg,Administrative/internal,659
cloudhost247-node/frontend/public/panel-logos/hestiacp.svg,Administrative/internal,659
cloudhost247-node/frontend/public/panel-logos/kusanagi.svg,Administrative/internal,659
cloudhost247-node/frontend/public/panel-logos/plesk.svg,Hosting,659
cloudhost247-node/frontend/public/panel-logos/tinycp.svg,Administrative/internal,659
cloudhost247-node/frontend/public/panel-logos/webmin.svg,Administrative/internal,659
cloudhost247-node/frontend/public/panel-logos/webuzo.svg,Administrative/internal,659
cloudhost247-node/frontend/public/robots.txt,Administrative/internal,620
cloudhost247-node/frontend/src/App.tsx,Administrative/internal,27521
cloudhost247-node/frontend/src/ai-support.css,Support,3731
cloudhost247-node/frontend/src/components/AdminBrokerageSection.tsx,Administrative/internal,24751
cloudhost247-node/frontend/src/components/AdminCustomerIdentityPanel.tsx,Administrative/internal,5987
cloudhost247-node/frontend/src/components/AdminDomainActivitySection.tsx,Domains,8198
cloudhost247-node/frontend/src/components/AdminRefundModal.tsx,Administrative/internal,6524
cloudhost247-node/frontend/src/components/AiSupportWidget.tsx,Support,10580
cloudhost247-node/frontend/src/components/AppTile.tsx,Administrative/internal,2736
cloudhost247-node/frontend/src/components/CatalogStateBanner.tsx,Administrative/internal,850
cloudhost247-node/frontend/src/components/InfrastructureNav.tsx,Cloud,1708
cloudhost247-node/frontend/src/components/OperatingSystemSelector.tsx,Administrative/internal,4595
cloudhost247-node/frontend/src/components/OsLifecycleNotice.tsx,Administrative/internal,2351
cloudhost247-node/frontend/src/components/PaymentModal.tsx,Checkout,6859
cloudhost247-node/frontend/src/components/ProductPlansSection.tsx,Administrative/internal,3321
cloudhost247-node/frontend/src/components/ProviderConfigurationPanel.tsx,Administrative/internal,4051
cloudhost247-node/frontend/src/components/RequireAuth.tsx,Authentication,1290
cloudhost247-node/frontend/src/components/RequireRole.tsx,Administrative/internal,1256
cloudhost247-node/frontend/src/components/StatusBadge.tsx,Support,1030
cloudhost247-node/frontend/src/components/SupportModeBanner.tsx,Support,3051
cloudhost247-node/frontend/src/components/TicketThread.tsx,Support,1173
cloudhost247-node/frontend/src/components/domain-services/ui.tsx,Domains,3370
cloudhost247-node/frontend/src/components/revenue-guardian/RGLayout.tsx,Administrative/internal,5885
cloudhost247-node/frontend/src/components/revenue-guardian/rg-widgets.tsx,Administrative/internal,5986
cloudhost247-node/frontend/src/infrastructure.css,Cloud,16796
cloudhost247-node/frontend/src/layout/Footer.tsx,Administrative/internal,1017
cloudhost247-node/frontend/src/layout/Header.tsx,Administrative/internal,6039
cloudhost247-node/frontend/src/layout/Layout.tsx,Administrative/internal,1366
cloudhost247-node/frontend/src/layout/useAuthState.ts,Authentication,642
cloudhost247-node/frontend/src/lib/account-api.ts,Administrative/internal,9553
cloudhost247-node/frontend/src/lib/account-types.ts,Administrative/internal,4222
cloudhost247-node/frontend/src/lib/admin-billing-api.ts,Administrative/internal,3170
cloudhost247-node/frontend/src/lib/ai-os-api.ts,Administrative/internal,11739
cloudhost247-node/frontend/src/lib/api.ts,Administrative/internal,2470
cloudhost247-node/frontend/src/lib/auth.ts,Administrative/internal,2924
cloudhost247-node/frontend/src/lib/billing-api.ts,Administrative/internal,2408
cloudhost247-node/frontend/src/lib/catalog-types.ts,Administrative/internal,2368
cloudhost247-node/frontend/src/lib/cloudflare-api.ts,Administrative/internal,2721
cloudhost247-node/frontend/src/lib/control-panels-api.ts,Administrative/internal,2654
cloudhost247-node/frontend/src/lib/dns-api.ts,Administrative/internal,1600
cloudhost247-node/frontend/src/lib/domain-services-api.ts,Administrative/internal,6955
cloudhost247-node/frontend/src/lib/infrastructure-api.ts,Administrative/internal,8695
cloudhost247-node/frontend/src/lib/marketplace-api.ts,Administrative/internal,7671
cloudhost247-node/frontend/src/lib/mrz-engine.ts,Administrative/internal,47560
cloudhost247-node/frontend/src/lib/revenue-guardian-api.ts,Administrative/internal,4834
cloudhost247-node/frontend/src/lib/ssl-firewall-api.ts,Administrative/internal,2211
cloudhost247-node/frontend/src/lib/tools-api.ts,Administrative/internal,32191
cloudhost247-node/frontend/src/lib/useApiResource.ts,Administrative/internal,1696
cloudhost247-node/frontend/src/lib/usePageMeta.ts,Administrative/internal,1885
cloudhost247-node/frontend/src/main.tsx,Administrative/internal,502
cloudhost247-node/frontend/src/pages/AboutPage.tsx,Marketing,1885
cloudhost247-node/frontend/src/pages/AccountPage.tsx,Client Area,33143
cloudhost247-node/frontend/src/pages/AdminAiSupportPage.tsx,Support,12875
cloudhost247-node/frontend/src/pages/AdminAppDetailPage.tsx,Administrative/internal,7226
cloudhost247-node/frontend/src/pages/AdminAppsPage.tsx,Administrative/internal,6406
cloudhost247-node/frontend/src/pages/AdminAuditPage.tsx,Administrative/internal,4756
cloudhost247-node/frontend/src/pages/AdminAvailabilityPage.tsx,Administrative/internal,11422
cloudhost247-node/frontend/src/pages/AdminCloudflarePage.tsx,Cloud,19645
cloudhost247-node/frontend/src/pages/AdminControlPanelsPage.tsx,Administrative/internal,14978
cloudhost247-node/frontend/src/pages/AdminCustomerDetailPage.tsx,Administrative/internal,14868
cloudhost247-node/frontend/src/pages/AdminDeploymentsPage.tsx,Deployment/PaaS,5980
cloudhost247-node/frontend/src/pages/AdminDomainServicesPage.tsx,Domains,42960
cloudhost247-node/frontend/src/pages/AdminInfrastructureLogsPage.tsx,Cloud,11810
cloudhost247-node/frontend/src/pages/AdminInvoiceDetailPage.tsx,Checkout,14830
cloudhost247-node/frontend/src/pages/AdminInvoicesPage.tsx,Checkout,10087
cloudhost247-node/frontend/src/pages/AdminLedgerPage.tsx,Administrative/internal,8818
cloudhost247-node/frontend/src/pages/AdminLicensesPage.tsx,Administrative/internal,7061
cloudhost247-node/frontend/src/pages/AdminMonitoringPage.tsx,Server Management,6927
cloudhost247-node/frontend/src/pages/AdminMrzSettingsPage.tsx,Administrative/internal,9665
cloudhost247-node/frontend/src/pages/AdminOperatingSystemsPage.tsx,Administrative/internal,10043
cloudhost247-node/frontend/src/pages/AdminOsImagesPage.tsx,Administrative/internal,10974
cloudhost247-node/frontend/src/pages/AdminOsVersionsPage.tsx,Administrative/internal,6683
cloudhost247-node/frontend/src/pages/AdminPage.tsx,Administrative/internal,6234
cloudhost247-node/frontend/src/pages/AdminProvidersPage.tsx,Administrative/internal,11556
cloudhost247-node/frontend/src/pages/AdminProvisioningPage.tsx,Administrative/internal,9376
cloudhost247-node/frontend/src/pages/AdminServersPage.tsx,Administrative/internal,14199
cloudhost247-node/frontend/src/pages/AdminSettingsPage.tsx,Administrative/internal,4559
cloudhost247-node/frontend/src/pages/AdminTicketDetailPage.tsx,Support,5317
cloudhost247-node/frontend/src/pages/AdminTicketsPage.tsx,Support,4137
cloudhost247-node/frontend/src/pages/AdminToolsPage.tsx,Developer,18068
cloudhost247-node/frontend/src/pages/AppDetailPage.tsx,Administrative/internal,17890
cloudhost247-node/frontend/src/pages/AppInstancePage.tsx,Administrative/internal,21248
cloudhost247-node/frontend/src/pages/BillingPage.tsx,Administrative/internal,7123
cloudhost247-node/frontend/src/pages/ContactPage.tsx,Support,3045
cloudhost247-node/frontend/src/pages/ControlPanelDetailPage.tsx,Administrative/internal,9011
cloudhost247-node/frontend/src/pages/ControlPanelsPage.tsx,Administrative/internal,8959
cloudhost247-node/frontend/src/pages/DashboardDomainsPage.tsx,Domains,34306
cloudhost247-node/frontend/src/pages/DashboardPage.tsx,Administrative/internal,7633
cloudhost247-node/frontend/src/pages/DashboardServersPage.tsx,Administrative/internal,3881
cloudhost247-node/frontend/src/pages/DeploymentDetailPage.tsx,Deployment/PaaS,4676
cloudhost247-node/frontend/src/pages/DnsManagementPage.tsx,Domains,13191
cloudhost247-node/frontend/src/pages/DomainBrokeragePage.tsx,Domains,2881
cloudhost247-node/frontend/src/pages/DomainHealthPage.tsx,Domains,6497
cloudhost247-node/frontend/src/pages/DomainsMarketingPage.tsx,Domains,10687
cloudhost247-node/frontend/src/pages/DomainsPage.tsx,Domains,2642
cloudhost247-node/frontend/src/pages/FaqPage.tsx,Support,6306
cloudhost247-node/frontend/src/pages/ForgotPasswordPage.tsx,Authentication,2426
cloudhost247-node/frontend/src/pages/HomePage.tsx,Marketing,2401
cloudhost247-node/frontend/src/pages/HostingApplicationHostingPage.tsx,Applications,3714
cloudhost247-node/frontend/src/pages/HostingCpanelPage.tsx,Hosting,2887
cloudhost247-node/frontend/src/pages/HostingDedicatedPage.tsx,Dedicated,2398
cloudhost247-node/frontend/src/pages/HostingPage.tsx,Hosting,5113
cloudhost247-node/frontend/src/pages/HostingVpsPage.tsx,VPS,3007
cloudhost247-node/frontend/src/pages/InvoiceDetailPage.tsx,Checkout,9536
cloudhost247-node/frontend/src/pages/InvoicesPage.tsx,Checkout,7676
cloudhost247-node/frontend/src/pages/LegalIndexPage.tsx,Legal,4807
cloudhost247-node/frontend/src/pages/LegalPage.tsx,Legal,1515
cloudhost247-node/frontend/src/pages/LoginPage.tsx,Authentication,6171
cloudhost247-node/frontend/src/pages/MarketplacePage.tsx,Administrative/internal,4839
cloudhost247-node/frontend/src/pages/MyAppsPage.tsx,Administrative/internal,4229
cloudhost247-node/frontend/src/pages/NewServerPage.tsx,Administrative/internal,12928
cloudhost247-node/frontend/src/pages/NotFoundPage.tsx,Marketing,326
cloudhost247-node/frontend/src/pages/NotificationsPage.tsx,Administrative/internal,4564
cloudhost247-node/frontend/src/pages/PrivacyPolicyPage.tsx,Legal,245
cloudhost247-node/frontend/src/pages/RegisterPage.tsx,Authentication,2603
cloudhost247-node/frontend/src/pages/ResetPasswordPage.tsx,Authentication,2984
cloudhost247-node/frontend/src/pages/ServerDetailPage.tsx,Administrative/internal,37851
cloudhost247-node/frontend/src/pages/ServerLogsPage.tsx,Administrative/internal,2036
cloudhost247-node/frontend/src/pages/ServicesPage.tsx,Administrative/internal,7089
cloudhost247-node/frontend/src/pages/SslManagementPage.tsx,Administrative/internal,8096
cloudhost247-node/frontend/src/pages/SupportPage.tsx,Support,4881
cloudhost247-node/frontend/src/pages/SupportTicketPage.tsx,Support,4517
cloudhost247-node/frontend/src/pages/ToolPage.tsx,Administrative/internal,15829
cloudhost247-node/frontend/src/pages/ToolsCenterPage.tsx,Developer,9703
cloudhost247-node/frontend/src/pages/ToolsFavoritesPage.tsx,Developer,2518
cloudhost247-node/frontend/src/pages/ToolsHistoryPage.tsx,Developer,4104
cloudhost247-node/frontend/src/pages/ToolsMonitorsPage.tsx,Server Management,9809
cloudhost247-node/frontend/src/pages/ToolsReportsPage.tsx,Developer,5220
cloudhost247-node/frontend/src/pages/VerifyEmailPage.tsx,Email,2281
cloudhost247-node/frontend/src/pages/ai-os/AdminAiCommandPage.tsx,Administrative/internal,56715
cloudhost247-node/frontend/src/pages/ai-os/AiAssistantPage.tsx,Administrative/internal,7971
cloudhost247-node/frontend/src/pages/cloudflare/CloudflareServicePage.tsx,Cloud,28930
cloudhost247-node/frontend/src/pages/cloudflare/CloudflareServicesPage.tsx,Cloud,5946
cloudhost247-node/frontend/src/pages/domains/AppraisalPage.tsx,Domains,7377
cloudhost247-node/frontend/src/pages/domains/AuctionDetailPage.tsx,Domains,10020
cloudhost247-node/frontend/src/pages/domains/AuctionsPage.tsx,Domains,5514
cloudhost247-node/frontend/src/pages/domains/BrokerPage.tsx,Domains,16185
cloudhost247-node/frontend/src/pages/domains/BulkSearchPage.tsx,Domains,8451
cloudhost247-node/frontend/src/pages/domains/ClubPage.tsx,Domains,7650
cloudhost247-node/frontend/src/pages/domains/ExtensionsPage.tsx,Domains,5560
cloudhost247-node/frontend/src/pages/domains/SearchPage.tsx,Domains,18361
cloudhost247-node/frontend/src/pages/domains/TransferPage.tsx,Domains,11571
cloudhost247-node/frontend/src/pages/domains/WhoisPage.tsx,Domains,5788
cloudhost247-node/frontend/src/pages/revenue-guardian/AssignmentsPage.tsx,Administrative/internal,9052
cloudhost247-node/frontend/src/pages/revenue-guardian/AutomationPages.tsx,Administrative/internal,5734
cloudhost247-node/frontend/src/pages/revenue-guardian/CaseDetailPage.tsx,Administrative/internal,8574
cloudhost247-node/frontend/src/pages/revenue-guardian/CustomerProfilePage.tsx,Administrative/internal,10671
cloudhost247-node/frontend/src/pages/revenue-guardian/DashboardPage.tsx,Administrative/internal,5399
cloudhost247-node/frontend/src/pages/revenue-guardian/FollowUpsPage.tsx,Administrative/internal,7922
cloudhost247-node/frontend/src/pages/revenue-guardian/InsightPages.tsx,Administrative/internal,8769
cloudhost247-node/frontend/src/pages/revenue-guardian/KanbanPage.tsx,Administrative/internal,3515
cloudhost247-node/frontend/src/pages/revenue-guardian/LogsPages.tsx,Administrative/internal,5438
cloudhost247-node/frontend/src/pages/revenue-guardian/MonitorPages.tsx,Server Management,9247
cloudhost247-node/frontend/src/pages/revenue-guardian/PromisesPage.tsx,Administrative/internal,6268
cloudhost247-node/frontend/src/pages/revenue-guardian/RecoveryQueuePage.tsx,Administrative/internal,4571
cloudhost247-node/frontend/src/pages/revenue-guardian/ReportsPage.tsx,Administrative/internal,4263
cloudhost247-node/frontend/src/pages/revenue-guardian/SettingsPages.tsx,Administrative/internal,13661
cloudhost247-node/frontend/src/pages/revenue-guardian/WorkPages.tsx,Administrative/internal,7108
cloudhost247-node/frontend/src/pages/tools/MrzToolPage.tsx,Developer,46614
cloudhost247-node/frontend/src/pages/tools/ToolsHubPage.tsx,Developer,3623
cloudhost247-node/frontend/src/styles.css,Administrative/internal,29274
cloudhost247-node/frontend/src/tools-center.css,Developer,10563
cloudhost247-node/frontend/src/vite-env.d.ts,Administrative/internal,38
cloudhost247-node/frontend/tests/unit/Header.test.tsx,Administrative/internal,3085
cloudhost247-node/frontend/tests/unit/RequireAuth.test.tsx,Administrative/internal,1919
cloudhost247-node/frontend/tests/unit/account-identity-page.test.tsx,Administrative/internal,6251
cloudhost247-node/frontend/tests/unit/account-page.test.tsx,Administrative/internal,4842
cloudhost247-node/frontend/tests/unit/admin-invoice-detail-page.test.tsx,Administrative/internal,3884
cloudhost247-node/frontend/tests/unit/admin-invoices-page.test.tsx,Administrative/internal,2496
cloudhost247-node/frontend/tests/unit/admin-ledger-page.test.tsx,Administrative/internal,2748
cloudhost247-node/frontend/tests/unit/admin-rbac.test.tsx,Administrative/internal,3060
cloudhost247-node/frontend/tests/unit/admin-refund-modal.test.tsx,Administrative/internal,2875
cloudhost247-node/frontend/tests/unit/api-session-invalidation.test.ts,Administrative/internal,2548
cloudhost247-node/frontend/tests/unit/app-instance-backup-contents.test.tsx,Administrative/internal,7143
cloudhost247-node/frontend/tests/unit/auth-recovery-pages.test.tsx,Administrative/internal,2224
cloudhost247-node/frontend/tests/unit/billing-page.test.tsx,Administrative/internal,2740
cloudhost247-node/frontend/tests/unit/dashboard-protected.test.tsx,Administrative/internal,4443
cloudhost247-node/frontend/tests/unit/domain-services-pages.test.tsx,Administrative/internal,23578
cloudhost247-node/frontend/tests/unit/domains-marketing-page.test.tsx,Administrative/internal,5714
cloudhost247-node/frontend/tests/unit/hosting-catalog-page.test.tsx,Administrative/internal,3133
cloudhost247-node/frontend/tests/unit/hosting-cpanel-page.test.tsx,Administrative/internal,3888
cloudhost247-node/frontend/tests/unit/hosting-vps-page.test.tsx,Administrative/internal,2292
cloudhost247-node/frontend/tests/unit/invoice-detail-page.test.tsx,Administrative/internal,4072
cloudhost247-node/frontend/tests/unit/invoices-page.test.tsx,Administrative/internal,3605
cloudhost247-node/frontend/tests/unit/mfa-login.test.tsx,Administrative/internal,2254
cloudhost247-node/frontend/tests/unit/mrz-tools-pages.test.tsx,Administrative/internal,6760
cloudhost247-node/frontend/tests/unit/operating-system-selector.test.tsx,Administrative/internal,2500
cloudhost247-node/frontend/tests/unit/os-lifecycle-and-provider-config.test.tsx,Administrative/internal,4522
cloudhost247-node/frontend/tests/unit/payment-modal.test.tsx,Administrative/internal,4261
cloudhost247-node/frontend/tests/unit/server-detail-page.test.tsx,Administrative/internal,11910
cloudhost247-node/frontend/tests/unit/services-domains-pages.test.tsx,Administrative/internal,4175
cloudhost247-node/frontend/tests/unit/support-pages.test.tsx,Administrative/internal,4561
cloudhost247-node/frontend/tests/unit/tools-center-page.test.tsx,Administrative/internal,5352
cloudhost247-node/frontend/tsconfig.json,Administrative/internal,377
cloudhost247-node/frontend/vite.config.ts,Administrative/internal,946
cloudhost247-node/manifests/adguard-home/manifest.yaml,Administrative/internal,1044
cloudhost247-node/manifests/adminer/manifest.yaml,Administrative/internal,940
cloudhost247-node/manifests/akaunting/manifest.yaml,Administrative/internal,1089
cloudhost247-node/manifests/bookstack/manifest.yaml,Administrative/internal,1165
cloudhost247-node/manifests/code-server/manifest.yaml,Administrative/internal,1087
cloudhost247-node/manifests/docker-registry/manifest.yaml,Applications,1067
cloudhost247-node/manifests/dockge/manifest.yaml,Administrative/internal,950
cloudhost247-node/manifests/espocrm/manifest.yaml,Administrative/internal,1092
cloudhost247-node/manifests/filebrowser/manifest.yaml,Administrative/internal,991
cloudhost247-node/manifests/firefly-iii/manifest.yaml,Administrative/internal,1277
cloudhost247-node/manifests/focalboard/manifest.yaml,Administrative/internal,975
cloudhost247-node/manifests/ghost/manifest.yaml,Administrative/internal,1068
cloudhost247-node/manifests/gitea/manifest.yaml,Administrative/internal,1215
cloudhost247-node/manifests/grafana/manifest.yaml,Administrative/internal,1193
cloudhost247-node/manifests/home-assistant/manifest.yaml,Administrative/internal,1275
cloudhost247-node/manifests/immich/manifest.yaml,Administrative/internal,1759
cloudhost247-node/manifests/jellyfin/manifest.yaml,Administrative/internal,961
cloudhost247-node/manifests/keycloak/manifest.yaml,Administrative/internal,1364
cloudhost247-node/manifests/mariadb/manifest.yaml,Administrative/internal,970
cloudhost247-node/manifests/matomo/manifest.yaml,Administrative/internal,1153
cloudhost247-node/manifests/minio/manifest.yaml,Administrative/internal,1153
cloudhost247-node/manifests/mongodb/manifest.yaml,Administrative/internal,978
cloudhost247-node/manifests/moodle/manifest.yaml,Administrative/internal,1153
cloudhost247-node/manifests/mysql/manifest.yaml,Administrative/internal,968
cloudhost247-node/manifests/n8n/manifest.yaml,Administrative/internal,1641
cloudhost247-node/manifests/navidrome/manifest.yaml,Administrative/internal,996
cloudhost247-node/manifests/netdata/manifest.yaml,Administrative/internal,1009
cloudhost247-node/manifests/nextcloud/manifest.yaml,Cloud,1597
cloudhost247-node/manifests/node-red/manifest.yaml,Administrative/internal,959
cloudhost247-node/manifests/odoo/manifest.yaml,Administrative/internal,1148
cloudhost247-node/manifests/ollama/manifest.yaml,Administrative/internal,1305
cloudhost247-node/manifests/open-webui/manifest.yaml,Administrative/internal,1125
cloudhost247-node/manifests/openproject/manifest.yaml,Administrative/internal,1139
cloudhost247-node/manifests/paperless-ngx/manifest.yaml,Administrative/internal,1432
cloudhost247-node/manifests/photoprism/manifest.yaml,Administrative/internal,1186
cloudhost247-node/manifests/phpmyadmin/manifest.yaml,Administrative/internal,986
cloudhost247-node/manifests/pi-hole/manifest.yaml,Administrative/internal,1071
cloudhost247-node/manifests/plausible/manifest.yaml,Administrative/internal,1564
cloudhost247-node/manifests/portainer/manifest.yaml,Administrative/internal,947
cloudhost247-node/manifests/postgresql/manifest.yaml,Administrative/internal,1388
cloudhost247-node/manifests/prestashop/manifest.yaml,Administrative/internal,1123
cloudhost247-node/manifests/prometheus/manifest.yaml,Administrative/internal,987
cloudhost247-node/manifests/redis/manifest.yaml,Administrative/internal,967
cloudhost247-node/manifests/rocketchat/manifest.yaml,Administrative/internal,1144
cloudhost247-node/manifests/roundcube/manifest.yaml,Administrative/internal,1123
cloudhost247-node/manifests/traefik/manifest.yaml,Administrative/internal,1389
cloudhost247-node/manifests/umami/manifest.yaml,Administrative/internal,1216
cloudhost247-node/manifests/uptime-kuma/manifest.yaml,Administrative/internal,1002
cloudhost247-node/manifests/vaultwarden/manifest.yaml,Administrative/internal,1522
cloudhost247-node/manifests/vikunja/manifest.yaml,Administrative/internal,1272
cloudhost247-node/manifests/wireguard-easy/manifest.yaml,Administrative/internal,1057
cloudhost247-node/manifests/wordpress/manifest.yaml,Applications,1743
cloudhost247-node/package-lock.json,Administrative/internal,222652
cloudhost247-node/package.json,Administrative/internal,3100
cloudhost247-node/release/cloudhost247-cpanel-b7a2af3.zip,Hosting,2399761
cloudhost247-node/scripts/domain-services-demo-preview.ts,Administrative/internal,16296
cloudhost247-node/scripts/generate-tools-catalog-doc.ts,Administrative/internal,2883
cloudhost247-node/scripts/import-catalog.ts,Administrative/internal,1699
cloudhost247-node/scripts/package-cpanel.sh,Administrative/internal,1644
cloudhost247-node/scripts/revenue-guardian-demo-preview.ts,Administrative/internal,16239
cloudhost247-node/scripts/smoke-demo-preview.py,Administrative/internal,10646
cloudhost247-node/scripts/tools-preview-server.ts,Administrative/internal,4983
cloudhost247-node/scripts/validate-catalog.ts,Administrative/internal,741
cloudhost247-node/server.js,Administrative/internal,1140
cloudhost247-node/src/ai-os/agents/handlers.ts,Administrative/internal,67433
cloudhost247-node/src/ai-os/board/board-service.ts,Administrative/internal,8479
cloudhost247-node/src/ai-os/board/departments.ts,Administrative/internal,17566
cloudhost247-node/src/ai-os/controllers/routes.ts,Administrative/internal,33197
cloudhost247-node/src/ai-os/copilot/intents.ts,Administrative/internal,25874
cloudhost247-node/src/ai-os/jobs/sweep.ts,Administrative/internal,9240
cloudhost247-node/src/ai-os/models/router.ts,Administrative/internal,2827
cloudhost247-node/src/ai-os/permissions.ts,Administrative/internal,4640
cloudhost247-node/src/ai-os/registry/agent-catalog.ts,Administrative/internal,30684
cloudhost247-node/src/ai-os/registry/seed.ts,Administrative/internal,9807
cloudhost247-node/src/ai-os/registry/tool-catalog.ts,Administrative/internal,21862
cloudhost247-node/src/ai-os/repositories/approvals-repo.ts,Administrative/internal,4505
cloudhost247-node/src/ai-os/repositories/audit-repo.ts,Administrative/internal,12204
cloudhost247-node/src/ai-os/repositories/events-repo.ts,Administrative/internal,5062
cloudhost247-node/src/ai-os/repositories/findings-repo.ts,Administrative/internal,7422
cloudhost247-node/src/ai-os/repositories/memory-knowledge-repo.ts,Support,7183
cloudhost247-node/src/ai-os/repositories/registry-repo.ts,Administrative/internal,4416
cloudhost247-node/src/ai-os/repositories/tasks-repo.ts,Administrative/internal,8538
cloudhost247-node/src/ai-os/runtime/executor.ts,Administrative/internal,22466
cloudhost247-node/src/ai-os/runtime/types.ts,Administrative/internal,2447
cloudhost247-node/src/ai-os/tools/implementations.ts,Developer,54560
cloudhost247-node/src/ai-os/types.ts,Administrative/internal,7388
cloudhost247-node/src/ai-os/workflows/engine.ts,Administrative/internal,4962
cloudhost247-node/src/ai/knowledge.ts,Support,11179
cloudhost247-node/src/app.ts,Administrative/internal,12322
cloudhost247-node/src/config/billing.ts,Administrative/internal,1423
cloudhost247-node/src/config/check-env.ts,Administrative/internal,1062
cloudhost247-node/src/config/env.ts,Administrative/internal,13056
cloudhost247-node/src/control-panels/adapters/aapanel.ts,Administrative/internal,1820
cloudhost247-node/src/control-panels/adapters/adminbolt.ts,Administrative/internal,2350
cloudhost247-node/src/control-panels/adapters/base.ts,Administrative/internal,9851
cloudhost247-node/src/control-panels/adapters/cloudpanel.ts,Cloud,1694
cloudhost247-node/src/control-panels/adapters/cloudron.ts,Cloud,1778
cloudhost247-node/src/control-panels/adapters/coolify.ts,Administrative/internal,1711
cloudhost247-node/src/control-panels/adapters/cosmos.ts,Administrative/internal,1830
cloudhost247-node/src/control-panels/adapters/cpanel.ts,Hosting,2452
cloudhost247-node/src/control-panels/adapters/cyberpanel.ts,Administrative/internal,2192
cloudhost247-node/src/control-panels/adapters/directadmin.ts,Administrative/internal,2205
cloudhost247-node/src/control-panels/adapters/dokploy.ts,Administrative/internal,1815
cloudhost247-node/src/control-panels/adapters/easypanel.ts,Administrative/internal,1563
cloudhost247-node/src/control-panels/adapters/fastpanel.ts,Administrative/internal,1873
cloudhost247-node/src/control-panels/adapters/hestiacp.ts,Administrative/internal,2330
cloudhost247-node/src/control-panels/adapters/kusanagi.ts,Administrative/internal,1748
cloudhost247-node/src/control-panels/adapters/plesk.ts,Hosting,2300
cloudhost247-node/src/control-panels/adapters/tinycp.ts,Administrative/internal,1686
cloudhost247-node/src/control-panels/adapters/webmin.ts,Administrative/internal,1767
cloudhost247-node/src/control-panels/adapters/webuzo.ts,Administrative/internal,2034
cloudhost247-node/src/control-panels/registry.ts,Administrative/internal,5082
cloudhost247-node/src/control-panels/types.ts,Administrative/internal,5409
cloudhost247-node/src/db/application-categories.ts,Applications,2562
cloudhost247-node/src/db/application-config.ts,Applications,4433
cloudhost247-node/src/db/application-installations.ts,Applications,10751
cloudhost247-node/src/db/applications.ts,Applications,11982
cloudhost247-node/src/db/backup-jobs.ts,Server Management,4885
cloudhost247-node/src/db/billing-ledger.ts,Administrative/internal,7081
cloudhost247-node/src/db/carts.ts,Checkout,8004
cloudhost247-node/src/db/catalog-features.ts,Administrative/internal,2861
cloudhost247-node/src/db/catalog-plans.ts,Administrative/internal,3497
cloudhost247-node/src/db/catalog-pricing.ts,Administrative/internal,3171
cloudhost247-node/src/db/catalog-products.ts,Administrative/internal,4629
cloudhost247-node/src/db/cloudflare.ts,Cloud,26758
cloudhost247-node/src/db/control-panels.ts,Administrative/internal,12127
cloudhost247-node/src/db/customer-domains.ts,Domains,8214
cloudhost247-node/src/db/customer-services.ts,Administrative/internal,10972
cloudhost247-node/src/db/deployments.ts,Deployment/PaaS,14420
cloudhost247-node/src/db/dns.ts,Domains,4990
cloudhost247-node/src/db/domain-services.ts,Domains,10959
cloudhost247-node/src/db/firewall.ts,Server Management,3820
cloudhost247-node/src/db/infrastructure-providers.ts,Cloud,13781
cloudhost247-node/src/db/invoices.ts,Checkout,8372
cloudhost247-node/src/db/licenses.ts,Administrative/internal,5762
cloudhost247-node/src/db/operating-system-logos.ts,Operating Systems,3622
cloudhost247-node/src/db/operating-systems.ts,Operating Systems,16365
cloudhost247-node/src/db/ops-tables.ts,Administrative/internal,13531
cloudhost247-node/src/db/orders.ts,Administrative/internal,5714
cloudhost247-node/src/db/payments.ts,Checkout,8439
cloudhost247-node/src/db/pool.ts,Administrative/internal,2097
cloudhost247-node/src/db/profile-images.ts,Administrative/internal,3387
cloudhost247-node/src/db/revoked-tokens.ts,Administrative/internal,849
cloudhost247-node/src/db/server-provisioning.ts,Administrative/internal,19238
cloudhost247-node/src/db/servers.ts,Administrative/internal,10642
cloudhost247-node/src/db/ssl.ts,Administrative/internal,4009
cloudhost247-node/src/db/support-sessions.ts,Support,4232
cloudhost247-node/src/db/support-tickets.ts,Support,5535
cloudhost247-node/src/db/transaction.ts,Administrative/internal,2782
cloudhost247-node/src/db/types.ts,Administrative/internal,835
cloudhost247-node/src/db/users.ts,Administrative/internal,14060
cloudhost247-node/src/db/webhook-events.ts,Administrative/internal,4085
cloudhost247-node/src/deployments/adapters/cpanel-adapter.ts,Deployment/PaaS,23104
cloudhost247-node/src/deployments/adapters/cpanel-client.ts,Deployment/PaaS,11443
cloudhost247-node/src/deployments/adapters/docker-adapter.ts,Deployment/PaaS,12535
cloudhost247-node/src/deployments/adapters/kubernetes-adapter.ts,Deployment/PaaS,28130
cloudhost247-node/src/deployments/adapters/types.ts,Deployment/PaaS,6914
cloudhost247-node/src/deployments/agent-client.ts,Deployment/PaaS,7636
cloudhost247-node/src/deployments/agent-protocol.ts,Deployment/PaaS,6418
cloudhost247-node/src/deployments/compose-generator.ts,Deployment/PaaS,8856
cloudhost247-node/src/deployments/engine.ts,Deployment/PaaS,53486
cloudhost247-node/src/dns/propagation.ts,Domains,8729
cloudhost247-node/src/dns/providers.ts,Domains,18682
cloudhost247-node/src/dns/types.ts,Domains,2284
cloudhost247-node/src/domain-brokerage/provider.ts,Domains,1269
cloudhost247-node/src/domain-services/appraisal-service.ts,Domains,13705
cloudhost247-node/src/domain-services/auction-service.ts,Domains,29275
cloudhost247-node/src/domain-services/availability-watch-service.ts,Domains,9003
cloudhost247-node/src/domain-services/club-service.ts,Domains,20539
cloudhost247-node/src/domain-services/config.ts,Domains,1765
cloudhost247-node/src/domain-services/domain-name.ts,Domains,5128
cloudhost247-node/src/domain-services/extensions-service.ts,Domains,9912
cloudhost247-node/src/domain-services/provider-service.ts,Domains,5092
cloudhost247-node/src/domain-services/providers/godaddy-adapter.ts,Domains,15223
cloudhost247-node/src/domain-services/providers/govalue-appraisal-adapter.ts,Domains,7034
cloudhost247-node/src/domain-services/providers/namecheap-adapter.ts,Domains,15999
cloudhost247-node/src/domain-services/providers/provider-http.ts,Domains,3872
cloudhost247-node/src/domain-services/providers/rdap-adapter.ts,Domains,12526
cloudhost247-node/src/domain-services/providers/register-builtins.ts,Authentication,1296
cloudhost247-node/src/domain-services/providers/registry.ts,Domains,1927
cloudhost247-node/src/domain-services/providers/types.ts,Domains,7522
cloudhost247-node/src/domain-services/providers/xml.ts,Domains,7722
cloudhost247-node/src/domain-services/registration-service.ts,Domains,26210
cloudhost247-node/src/domain-services/search-service.ts,Domains,18120
cloudhost247-node/src/domain-services/transactions.ts,Domains,3798
cloudhost247-node/src/domain-services/transfer-service.ts,Domains,24590
cloudhost247-node/src/domain-services/whois-service.ts,Domains,5951
cloudhost247-node/src/dto/account.ts,Client Area,9003
cloudhost247-node/src/dto/billing.ts,Administrative/internal,3894
cloudhost247-node/src/dto/catalog.ts,Administrative/internal,6837
cloudhost247-node/src/dto/commerce.ts,Administrative/internal,3945
cloudhost247-node/src/dto/marketplace.ts,Administrative/internal,5830
cloudhost247-node/src/dto/payments.ts,Checkout,1734
cloudhost247-node/src/infrastructure/providers/aws-adapter.ts,Cloud,27937
cloudhost247-node/src/infrastructure/providers/aws-replacement.ts,Cloud,5988
cloudhost247-node/src/infrastructure/providers/aws-serial-console.ts,Cloud,3884
cloudhost247-node/src/infrastructure/providers/common.ts,Cloud,6002
cloudhost247-node/src/infrastructure/providers/configuration.ts,Cloud,24609
cloudhost247-node/src/infrastructure/providers/contabo-adapter.ts,Cloud,22137
cloudhost247-node/src/infrastructure/providers/digitalocean-adapter.ts,Cloud,19737
cloudhost247-node/src/infrastructure/providers/error-mapping.ts,Cloud,2595
cloudhost247-node/src/infrastructure/providers/generic-http-adapter.ts,Cloud,9000
cloudhost247-node/src/infrastructure/providers/hetzner-adapter.ts,Cloud,13520
cloudhost247-node/src/infrastructure/providers/http.ts,Cloud,2642
cloudhost247-node/src/infrastructure/providers/mock-adapter.ts,Cloud,9688
cloudhost247-node/src/infrastructure/providers/openstack-adapter.ts,Cloud,15103
cloudhost247-node/src/infrastructure/providers/openstack-client.ts,Cloud,6051
cloudhost247-node/src/infrastructure/providers/ovh-adapter.ts,Cloud,14058
cloudhost247-node/src/infrastructure/providers/ovh-client.ts,Cloud,3428
cloudhost247-node/src/infrastructure/providers/proxmox-adapter.ts,Cloud,21886
cloudhost247-node/src/infrastructure/providers/proxmox-client.ts,Cloud,3993
cloudhost247-node/src/infrastructure/providers/registry.ts,Cloud,6528
cloudhost247-node/src/infrastructure/providers/sanitize-provider-response.ts,Cloud,2243
cloudhost247-node/src/infrastructure/providers/solusvm-adapter.ts,Cloud,15863
cloudhost247-node/src/infrastructure/providers/types.ts,Cloud,5491
cloudhost247-node/src/infrastructure/providers/virtualizor-adapter.ts,Cloud,15008
cloudhost247-node/src/infrastructure/providers/vultr-adapter.ts,Cloud,17894
cloudhost247-node/src/infrastructure/services/health-checker.ts,Cloud,5345
cloudhost247-node/src/infrastructure/services/image-resolver.ts,Cloud,4877
cloudhost247-node/src/infrastructure/services/server-configurator.ts,Cloud,3845
cloudhost247-node/src/infrastructure/services/server-provisioner.ts,Cloud,25012
cloudhost247-node/src/integrations/cloudflare/analytics.ts,Cloud,3966
cloudhost247-node/src/integrations/cloudflare/client.ts,Cloud,6288
cloudhost247-node/src/integrations/cloudflare/config.ts,Cloud,6285
cloudhost247-node/src/integrations/cloudflare/dns.ts,Domains,2991
cloudhost247-node/src/integrations/cloudflare/errors.ts,Cloud,4659
cloudhost247-node/src/integrations/cloudflare/features.ts,Cloud,6123
cloudhost247-node/src/integrations/cloudflare/index.ts,Cloud,306
cloudhost247-node/src/integrations/cloudflare/sync.ts,Cloud,3040
cloudhost247-node/src/integrations/cloudflare/types.ts,Cloud,3987
cloudhost247-node/src/integrations/cloudflare/zones.ts,Cloud,2318
cloudhost247-node/src/lib/audit.ts,Administrative/internal,2961
cloudhost247-node/src/lib/crypto.ts,Administrative/internal,6498
cloudhost247-node/src/lib/errors.ts,Administrative/internal,1267
cloudhost247-node/src/lib/image-upload.ts,Administrative/internal,4883
cloudhost247-node/src/lib/jwt.ts,Administrative/internal,2259
cloudhost247-node/src/lib/keyring.ts,Administrative/internal,1144
cloudhost247-node/src/lib/logger.ts,Administrative/internal,1362
cloudhost247-node/src/lib/money.ts,Administrative/internal,5717
cloudhost247-node/src/lib/password.ts,Administrative/internal,707
cloudhost247-node/src/lib/require-auth.ts,Administrative/internal,7503
cloudhost247-node/src/lib/require-role.ts,Administrative/internal,2104
cloudhost247-node/src/lib/support-mode.ts,Administrative/internal,2435
cloudhost247-node/src/marketplace/categories.ts,Administrative/internal,3499
cloudhost247-node/src/marketplace/import-service.ts,Administrative/internal,6963
cloudhost247-node/src/marketplace/manifest-loader.ts,Administrative/internal,3745
cloudhost247-node/src/marketplace/manifest-schema.ts,Administrative/internal,11016
cloudhost247-node/src/payments/gateway-registry.ts,Checkout,1726
cloudhost247-node/src/payments/manual-gateway.ts,Checkout,1530
cloudhost247-node/src/payments/paypal-gateway.ts,Checkout,10737
cloudhost247-node/src/payments/paystack-gateway.ts,Checkout,2986
cloudhost247-node/src/payments/sandbox-gateway.ts,Checkout,4990
cloudhost247-node/src/payments/stripe-gateway.ts,Checkout,3949
cloudhost247-node/src/payments/types.ts,Checkout,2164
cloudhost247-node/src/payments/webhook-signing.ts,Checkout,2104
cloudhost247-node/src/plugins/security.ts,Administrative/internal,1371
cloudhost247-node/src/revenue-guardian/controllers/routes.ts,Administrative/internal,42520
cloudhost247-node/src/revenue-guardian/jobs/definitions.ts,Administrative/internal,18599
cloudhost247-node/src/revenue-guardian/jobs/runner.ts,Administrative/internal,2855
cloudhost247-node/src/revenue-guardian/jobs/scheduler.ts,Administrative/internal,1772
cloudhost247-node/src/revenue-guardian/notifications/email.ts,Email,8575
cloudhost247-node/src/revenue-guardian/notifications/whatsapp.ts,Administrative/internal,7849
cloudhost247-node/src/revenue-guardian/permissions.ts,Administrative/internal,3663
cloudhost247-node/src/revenue-guardian/reports/report-service.ts,Administrative/internal,9098
cloudhost247-node/src/revenue-guardian/repositories/assignments-repo.ts,Administrative/internal,4591
cloudhost247-node/src/revenue-guardian/repositories/automation-repo.ts,Administrative/internal,17548
cloudhost247-node/src/revenue-guardian/repositories/billing-facts.ts,Administrative/internal,9721
cloudhost247-node/src/revenue-guardian/repositories/cases-repo.ts,Administrative/internal,10688
cloudhost247-node/src/revenue-guardian/repositories/customer-profile-repo.ts,Administrative/internal,8163
cloudhost247-node/src/revenue-guardian/repositories/follow-ups-repo.ts,Administrative/internal,6687
cloudhost247-node/src/revenue-guardian/repositories/insights-repo.ts,Administrative/internal,40563
cloudhost247-node/src/revenue-guardian/repositories/promises-repo.ts,Administrative/internal,6653
cloudhost247-node/src/revenue-guardian/rules/escalation.ts,Administrative/internal,1096
cloudhost247-node/src/revenue-guardian/rules/risk.ts,Administrative/internal,4122
cloudhost247-node/src/revenue-guardian/rules/rule-schemas.ts,Administrative/internal,4346
cloudhost247-node/src/revenue-guardian/rules/transitions.ts,Administrative/internal,2663
cloudhost247-node/src/revenue-guardian/services/assignment-service.ts,Administrative/internal,7477
cloudhost247-node/src/revenue-guardian/services/case-service.ts,Administrative/internal,14616
cloudhost247-node/src/revenue-guardian/services/follow-up-service.ts,Administrative/internal,4069
cloudhost247-node/src/revenue-guardian/services/health-service.ts,Administrative/internal,3841
cloudhost247-node/src/revenue-guardian/services/promise-service.ts,Administrative/internal,7188
cloudhost247-node/src/revenue-guardian/types/index.ts,Administrative/internal,6199
cloudhost247-node/src/revenue-guardian/utils/dates.ts,Administrative/internal,553
cloudhost247-node/src/revenue-guardian/utils/settings.ts,Administrative/internal,4474
cloudhost247-node/src/routes/account-identity.ts,Client Area,15526
cloudhost247-node/src/routes/account.ts,Client Area,9105
cloudhost247-node/src/routes/admin-billing.ts,Administrative/internal,5771
cloudhost247-node/src/routes/admin-cloudflare.ts,Cloud,16234
cloudhost247-node/src/routes/admin-customers.ts,Administrative/internal,14792
cloudhost247-node/src/routes/admin-domain-services.ts,Domains,27083
cloudhost247-node/src/routes/admin-platform.ts,Administrative/internal,15294
cloudhost247-node/src/routes/admin-tools.ts,Developer,19945
cloudhost247-node/src/routes/admin-users.ts,Administrative/internal,21533
cloudhost247-node/src/routes/agent.ts,Administrative/internal,7289
cloudhost247-node/src/routes/ai-support.ts,Support,28035
cloudhost247-node/src/routes/app-installations.ts,Administrative/internal,14925
cloudhost247-node/src/routes/audit.ts,Administrative/internal,3185
cloudhost247-node/src/routes/auth.ts,Authentication,28196
cloudhost247-node/src/routes/billing.ts,Administrative/internal,2503
cloudhost247-node/src/routes/catalog-admin.ts,Administrative/internal,12850
cloudhost247-node/src/routes/catalog-public.ts,Administrative/internal,2776
cloudhost247-node/src/routes/cloudflare.ts,Cloud,30468
cloudhost247-node/src/routes/commerce.ts,Administrative/internal,4647
cloudhost247-node/src/routes/control-panels.ts,Administrative/internal,14064
cloudhost247-node/src/routes/deployments.ts,Deployment/PaaS,9709
cloudhost247-node/src/routes/dns.ts,Domains,13102
cloudhost247-node/src/routes/domain-brokerage.ts,Domains,29342
cloudhost247-node/src/routes/domain-services.ts,Domains,23940
cloudhost247-node/src/routes/domains.ts,Domains,7969
cloudhost247-node/src/routes/firewall.ts,Server Management,2417
cloudhost247-node/src/routes/health.ts,Administrative/internal,997
cloudhost247-node/src/routes/infrastructure.ts,Cloud,60563
cloudhost247-node/src/routes/licenses.ts,Administrative/internal,7145
cloudhost247-node/src/routes/marketplace-admin.ts,Administrative/internal,16461
cloudhost247-node/src/routes/marketplace.ts,Administrative/internal,2749
cloudhost247-node/src/routes/monitoring.ts,Server Management,7866
cloudhost247-node/src/routes/mrz-tools.ts,Developer,25740
cloudhost247-node/src/routes/payments.ts,Checkout,2820
cloudhost247-node/src/routes/provisioning.ts,Administrative/internal,4983
cloudhost247-node/src/routes/servers.ts,Administrative/internal,44705
cloudhost247-node/src/routes/services.ts,Administrative/internal,11195
cloudhost247-node/src/routes/ssl.ts,Administrative/internal,5965
cloudhost247-node/src/routes/webhooks.ts,Administrative/internal,1730
cloudhost247-node/src/server.ts,Administrative/internal,1863
cloudhost247-node/src/services/ai-support-operator.ts,Support,10112
cloudhost247-node/src/services/auth-recovery-service.ts,Authentication,15973
cloudhost247-node/src/services/billing-service.ts,Administrative/internal,10337
cloudhost247-node/src/services/catalog-service.ts,Administrative/internal,2987
cloudhost247-node/src/services/cloudflare-service.ts,Cloud,26695
cloudhost247-node/src/services/commerce-service.ts,Administrative/internal,10585
cloudhost247-node/src/services/customer-identity-service.ts,Administrative/internal,5271
cloudhost247-node/src/services/infrastructure-reconciliation-service.ts,Cloud,10616
cloudhost247-node/src/services/installation-service.ts,Administrative/internal,17257
cloudhost247-node/src/services/instance-operations.ts,Administrative/internal,2619
cloudhost247-node/src/services/marketplace-service.ts,Administrative/internal,4841
cloudhost247-node/src/services/notification-outbox-service.ts,Administrative/internal,8932
cloudhost247-node/src/services/notification-service.ts,Administrative/internal,5273
cloudhost247-node/src/services/os-image-revalidation-service.ts,Operating Systems,8280
cloudhost247-node/src/services/os-lifecycle-service.ts,Administrative/internal,6852
cloudhost247-node/src/services/passkey-authentication-service.ts,Authentication,3291
cloudhost247-node/src/services/passkey-service.ts,Authentication,5538
cloudhost247-node/src/services/payment-service.ts,Checkout,9757
cloudhost247-node/src/services/provisioning-service.ts,Administrative/internal,16391
cloudhost247-node/src/services/reconciliation-service.ts,Administrative/internal,8541
cloudhost247-node/src/services/security-number-service.ts,Administrative/internal,11134
cloudhost247-node/src/services/server-order-service.ts,Administrative/internal,8586
cloudhost247-node/src/services/server-resize-order-service.ts,Administrative/internal,15080
cloudhost247-node/src/services/server-termination-service.ts,Administrative/internal,11660
cloudhost247-node/src/services/totp-mfa-service.ts,Administrative/internal,12663
cloudhost247-node/src/services/webhook-service.ts,Administrative/internal,10670
cloudhost247-node/src/tools/catalog.ts,Developer,55966
cloudhost247-node/src/tools/core/cache.ts,Developer,3568
cloudhost247-node/src/tools/core/capabilities.ts,Developer,7497
cloudhost247-node/src/tools/core/dns-client.ts,Domains,10166
cloudhost247-node/src/tools/core/dns-wire.ts,Domains,17872
cloudhost247-node/src/tools/core/errors.ts,Developer,5054
cloudhost247-node/src/tools/core/executor.ts,Developer,10990
cloudhost247-node/src/tools/core/explain.ts,Developer,10654
cloudhost247-node/src/tools/core/history.ts,Developer,9624
cloudhost247-node/src/tools/core/providers.ts,Developer,18473
cloudhost247-node/src/tools/core/rate-limit.ts,Developer,10270
cloudhost247-node/src/tools/core/redact.ts,Developer,4573
cloudhost247-node/src/tools/core/registry.ts,Developer,15395
cloudhost247-node/src/tools/core/resolvers.ts,Developer,10581
cloudhost247-node/src/tools/core/ssrf.ts,Developer,24497
cloudhost247-node/src/tools/core/validation.ts,Developer,18506
cloudhost247-node/src/tools/developer/email-header.ts,Email,16683
cloudhost247-node/src/tools/developer/encoding.ts,Developer,13162
cloudhost247-node/src/tools/developer/http.ts,Developer,15988
cloudhost247-node/src/tools/developer/json-tools.ts,Developer,16844
cloudhost247-node/src/tools/developer/smtp.ts,Email,17453
cloudhost247-node/src/tools/developer/url-tools.ts,Developer,10959
cloudhost247-node/src/tools/developer/user-agent.ts,Developer,11059
cloudhost247-node/src/tools/diagnostics/library.ts,Developer,9023
cloudhost247-node/src/tools/diagnostics/monitors.ts,Server Management,13357
cloudhost247-node/src/tools/dns/common.ts,Domains,8658
cloudhost247-node/src/tools/dns/dnssec.ts,Domains,10352
cloudhost247-node/src/tools/dns/email-auth.ts,Authentication,19078
cloudhost247-node/src/tools/dns/health.ts,Domains,23396
cloudhost247-node/src/tools/dns/lookup.ts,Domains,17027
cloudhost247-node/src/tools/dns/propagation.ts,Domains,16858
cloudhost247-node/src/tools/dns/records.ts,Domains,31755
cloudhost247-node/src/tools/domain/availability.ts,Domains,12287
cloudhost247-node/src/tools/domain/health.ts,Domains,14757
cloudhost247-node/src/tools/domain/punycode.ts,Domains,11316
cloudhost247-node/src/tools/handlers/developer-webmaster.ts,Developer,11737
cloudhost247-node/src/tools/handlers/dns.ts,Domains,7951
cloudhost247-node/src/tools/handlers/index.ts,Developer,2372
cloudhost247-node/src/tools/handlers/ip-network.ts,Developer,9790
cloudhost247-node/src/tools/handlers/kit.ts,Developer,6793
cloudhost247-node/src/tools/handlers/productivity.ts,Developer,9882
cloudhost247-node/src/tools/handlers/security-domain.ts,Domains,6612
cloudhost247-node/src/tools/ip/blacklist.ts,Developer,13587
cloudhost247-node/src/tools/ip/ip-service.ts,Developer,19334
cloudhost247-node/src/tools/ip/ip-utils.ts,Developer,19967
cloudhost247-node/src/tools/ip/reverse-ip.ts,Developer,9464
cloudhost247-node/src/tools/ip/whois.ts,Domains,8958
cloudhost247-node/src/tools/mrz/mrz-engine.ts,Developer,47560
cloudhost247-node/src/tools/network/mac.ts,Developer,10521
cloudhost247-node/src/tools/network/ports.ts,Developer,7525
cloudhost247-node/src/tools/network/reachability.ts,Developer,12480
cloudhost247-node/src/tools/network/speed-test.ts,Developer,7511
cloudhost247-node/src/tools/productivity/color.ts,Developer,19675
cloudhost247-node/src/tools/productivity/image.ts,Developer,18232
cloudhost247-node/src/tools/productivity/qr.ts,Developer,14684
cloudhost247-node/src/tools/productivity/text.ts,Developer,31283
cloudhost247-node/src/tools/productivity/time-card.ts,Developer,13868
cloudhost247-node/src/tools/routes.ts,Developer,29764
cloudhost247-node/src/tools/security/bin.ts,Developer,6780
cloudhost247-node/src/tools/security/password.ts,Authentication,18709
cloudhost247-node/src/tools/security/ssl.ts,Developer,20700
cloudhost247-node/src/tools/webmaster/links.ts,Developer,14510
cloudhost247-node/src/tools/webmaster/robots.ts,Developer,14979
cloudhost247-node/src/tools/webmaster/serp.ts,Developer,12208
cloudhost247-node/src/tools/webmaster/social.ts,Developer,14727
cloudhost247-node/src/tools/worker/sweep.ts,Developer,6105
cloudhost247-node/src/worker/cloudflare-sweep.ts,Cloud,5515
cloudhost247-node/src/worker/domain-services-sweep.ts,Domains,2891
cloudhost247-node/src/worker/handlers.ts,Administrative/internal,5501
cloudhost247-node/src/worker/main.ts,Administrative/internal,17159
cloudhost247-node/src/worker/runtime.ts,Administrative/internal,2081
cloudhost247-node/src/worker/sweeps.ts,Administrative/internal,6580
cloudhost247-node/src/worker/worker-db.ts,Administrative/internal,2296
cloudhost247-node/src/worker/worker-lease.ts,Administrative/internal,4712
cloudhost247-node/tests/helpers/mock-cloudflare.ts,Administrative/internal,11219
cloudhost247-node/tests/helpers/mock-registrar.ts,Administrative/internal,11818
cloudhost247-node/tests/helpers/ssh-public-key.ts,Administrative/internal,1095
cloudhost247-node/tests/integration/account-api.test.ts,Administrative/internal,11461
cloudhost247-node/tests/integration/admin-billing-api.test.ts,Administrative/internal,14555
cloudhost247-node/tests/integration/admin-customers-api.test.ts,Administrative/internal,13585
cloudhost247-node/tests/integration/agent-deployments-api.test.ts,Administrative/internal,13625
cloudhost247-node/tests/integration/agent-protocol-conformance.test.ts,Administrative/internal,15735
cloudhost247-node/tests/integration/ai-control-plane.test.ts,Administrative/internal,35507
cloudhost247-node/tests/integration/ai-registry-seed.test.ts,Administrative/internal,8732
cloudhost247-node/tests/integration/auth-flow.test.ts,Administrative/internal,7193
cloudhost247-node/tests/integration/auth-recovery.test.ts,Administrative/internal,7065
cloudhost247-node/tests/integration/backup-contents.test.ts,Administrative/internal,13014
cloudhost247-node/tests/integration/billing-api.test.ts,Administrative/internal,9031
cloudhost247-node/tests/integration/billing-lifecycle-e2e.test.ts,Administrative/internal,13592
cloudhost247-node/tests/integration/billing-schema.test.ts,Administrative/internal,37274
cloudhost247-node/tests/integration/catalog-admin-api.test.ts,Administrative/internal,15815
cloudhost247-node/tests/integration/catalog-public-api.test.ts,Administrative/internal,8767
cloudhost247-node/tests/integration/catalog-schema.test.ts,Administrative/internal,8562
cloudhost247-node/tests/integration/cloudflare-api.test.ts,Administrative/internal,30165
cloudhost247-node/tests/integration/commerce-api.test.ts,Administrative/internal,24596
cloudhost247-node/tests/integration/commerce-schema.test.ts,Administrative/internal,13552
cloudhost247-node/tests/integration/control-panels-api.test.ts,Administrative/internal,8393
cloudhost247-node/tests/integration/customer-app-schema.test.ts,Administrative/internal,11968
cloudhost247-node/tests/integration/customer-identity-api.test.ts,Administrative/internal,27281
cloudhost247-node/tests/integration/dev-catalog-seed.test.ts,Administrative/internal,1651
cloudhost247-node/tests/integration/dns-api.test.ts,Administrative/internal,6309
cloudhost247-node/tests/integration/dns-propagation.test.ts,Administrative/internal,12178
cloudhost247-node/tests/integration/domain-services-api.test.ts,Administrative/internal,38749
cloudhost247-node/tests/integration/domain-services-notifications.test.ts,Administrative/internal,34649
cloudhost247-node/tests/integration/domains-servers-admin.test.ts,Administrative/internal,13932
cloudhost247-node/tests/integration/financial-invariant-sweep.test.ts,Administrative/internal,6429
cloudhost247-node/tests/integration/infrastructure-admin-operations.test.ts,Administrative/internal,14833
cloudhost247-node/tests/integration/marketplace-installations.test.ts,Administrative/internal,18284
cloudhost247-node/tests/integration/migrate.test.ts,Administrative/internal,11991
cloudhost247-node/tests/integration/migration-0023.test.ts,Administrative/internal,9840
cloudhost247-node/tests/integration/migration-0024.test.ts,Administrative/internal,6065
cloudhost247-node/tests/integration/migration-0025.test.ts,Administrative/internal,2332
cloudhost247-node/tests/integration/migration-quarantine.test.ts,Administrative/internal,6708
cloudhost247-node/tests/integration/mrz-tools-api.test.ts,Administrative/internal,11609
cloudhost247-node/tests/integration/notification-outbox.test.ts,Administrative/internal,9774
cloudhost247-node/tests/integration/notifications-center.test.ts,Administrative/internal,4306
cloudhost247-node/tests/integration/os-image-revalidation.test.ts,Administrative/internal,11167
cloudhost247-node/tests/integration/os-lifecycle.test.ts,Administrative/internal,9992
cloudhost247-node/tests/integration/passkeys.test.ts,Administrative/internal,2281
cloudhost247-node/tests/integration/payment-authorization-matrix.test.ts,Administrative/internal,2351
cloudhost247-node/tests/integration/payments-api.test.ts,Administrative/internal,36431
cloudhost247-node/tests/integration/payments-schema.test.ts,Administrative/internal,15003
cloudhost247-node/tests/integration/provisioning-health-and-images.test.ts,Administrative/internal,12171
cloudhost247-node/tests/integration/provisioning-lifecycle.test.ts,Administrative/internal,16758
cloudhost247-node/tests/integration/public-os-availability.test.ts,Administrative/internal,5680
cloudhost247-node/tests/integration/revenue-guardian-api.test.ts,Administrative/internal,28541
cloudhost247-node/tests/integration/server-console.test.ts,Administrative/internal,11424
cloudhost247-node/tests/integration/server-infrastructure.test.ts,Administrative/internal,23757
cloudhost247-node/tests/integration/server-reconciliation.test.ts,Administrative/internal,10392
cloudhost247-node/tests/integration/server-reinstall-acceptance.test.ts,Administrative/internal,16292
cloudhost247-node/tests/integration/server-rescue.test.ts,Administrative/internal,13424
cloudhost247-node/tests/integration/server-resize-order.test.ts,Administrative/internal,8658
cloudhost247-node/tests/integration/server-termination.test.ts,Administrative/internal,16879
cloudhost247-node/tests/integration/ssl-firewall-api.test.ts,Administrative/internal,4770
cloudhost247-node/tests/integration/tools-api.test.ts,Administrative/internal,22397
cloudhost247-node/tests/integration/totp-mfa.test.ts,Administrative/internal,7228
cloudhost247-node/tests/integration/webhooks-api.test.ts,Administrative/internal,56561
cloudhost247-node/tests/integration/worker-deployments.test.ts,Administrative/internal,35516
cloudhost247-node/tests/integration/worker-lease.test.ts,Administrative/internal,1635
cloudhost247-node/tests/unit/adapter-capability-matrix.test.ts,Administrative/internal,17683
cloudhost247-node/tests/unit/ai-control-plane.test.ts,Administrative/internal,12947
cloudhost247-node/tests/unit/ai-registry-boot.test.ts,Administrative/internal,8850
cloudhost247-node/tests/unit/ai-support-operator.test.ts,Administrative/internal,1686
cloudhost247-node/tests/unit/aws-adapter.test.ts,Administrative/internal,12628
cloudhost247-node/tests/unit/aws-replacement.test.ts,Administrative/internal,10133
cloudhost247-node/tests/unit/aws-serial-console.test.ts,Administrative/internal,3127
cloudhost247-node/tests/unit/cloudflare-client.test.ts,Administrative/internal,6377
cloudhost247-node/tests/unit/contabo-adapter.test.ts,Administrative/internal,6981
cloudhost247-node/tests/unit/control-panel-adapters.test.ts,Administrative/internal,4336
cloudhost247-node/tests/unit/customer-identity.test.ts,Administrative/internal,4476
cloudhost247-node/tests/unit/deployment-adapter-operations.test.ts,Administrative/internal,29565
cloudhost247-node/tests/unit/dns-providers.test.ts,Administrative/internal,16821
cloudhost247-node/tests/unit/domain-name-grammar.test.ts,Administrative/internal,2825
cloudhost247-node/tests/unit/domain-provider-architecture.test.ts,Administrative/internal,3100
cloudhost247-node/tests/unit/env.test.ts,Administrative/internal,1809
cloudhost247-node/tests/unit/health.test.ts,Administrative/internal,2217
cloudhost247-node/tests/unit/infrastructure-provider-registry.test.ts,Administrative/internal,3963
cloudhost247-node/tests/unit/jwt.test.ts,Administrative/internal,1996
cloudhost247-node/tests/unit/manifest-catalog.test.ts,Administrative/internal,4373
cloudhost247-node/tests/unit/money.test.ts,Administrative/internal,5347
cloudhost247-node/tests/unit/mrz-engine.test.ts,Administrative/internal,14551
cloudhost247-node/tests/unit/password.test.ts,Administrative/internal,884
cloudhost247-node/tests/unit/provider-capability-truth.test.ts,Administrative/internal,11073
cloudhost247-node/tests/unit/provider-configuration.test.ts,Administrative/internal,9909
cloudhost247-node/tests/unit/provider-console-metrics-truth.test.ts,Administrative/internal,20809
cloudhost247-node/tests/unit/provider-error-mapping.test.ts,Administrative/internal,2270
cloudhost247-node/tests/unit/provider-rescue.test.ts,Administrative/internal,19224
cloudhost247-node/tests/unit/provider-response-sanitization.test.ts,Administrative/internal,1662
cloudhost247-node/tests/unit/rate-limit.test.ts,Administrative/internal,1834
cloudhost247-node/tests/unit/revenue-guardian-rules.test.ts,Administrative/internal,7350
cloudhost247-node/tests/unit/spa-routing.test.ts,Administrative/internal,3742
cloudhost247-node/tests/unit/spa-security-headers.test.ts,Administrative/internal,2848
cloudhost247-node/tests/unit/tools-dns-wire.test.ts,Administrative/internal,7073
cloudhost247-node/tests/unit/undeclared-adapter-fail-closed.test.ts,Administrative/internal,6524
cloudhost247-node/tests/unit/webhook-secret-fail-closed.test.ts,Administrative/internal,4632
cloudhost247-node/tests/unit/worker-runtime.test.ts,Administrative/internal,2025
cloudhost247-node/tools/verify-financial-invariants.ts,Developer,26766
cloudhost247-node/tools/verify-payment-authorization.ts,Authentication,19309
cloudhost247-node/tsconfig.json,Administrative/internal,559
cloudhost247-node/vitest.config.ts,Administrative/internal,843
cloudhost247-page.php,Marketing,1270
cloudhost247-sample.php,Administrative/internal,678
cloudhost247-sitemap.php,Administrative/internal,1315
cloudhost247-vps-sample.php,Administrative/internal,806
comingsoon.php,Marketing,662
cookie-policy.php,Legal,365
cpanel-hosting.php,Hosting,822
crons/cloudhost247_builder.php,Administrative/internal,2110
crons/cloudhost247_currency.php,Administrative/internal,572
crons/cloudhost247_integrations.php,Administrative/internal,1987
crons/cloudhost247_marketing.php,Administrative/internal,2053
crons/cloudhost247_ovh.php,Administrative/internal,739
crons/cloudhost247_passkey.php,Administrative/internal,893
crons/cloudhost247_smm.php,Administrative/internal,1567
crons/emailSend.php,Administrative/internal,46794
crons/getIpStatus.php,Administrative/internal,9665
crons/getServer.php,Administrative/internal,12853
crons/priceSync.php,Administrative/internal,9746
cybercrime-policy.php,Legal,14055
data-deletion.php,Legal,653
data-privacy-notice-and-consent-form.php,Legal,523
data-protection-standards.php,Legal,866
dedeicated-server.php,Dedicated,267
dedicated-server.php,Dedicated,684
deployments.php,Deployment/PaaS,328
developer-friendly.php,Developer,690
docs/API_BILLING.md,Developer,11085
docs/API_CATALOG.md,Developer,13155
docs/API_COMMERCE.md,Developer,11835
docs/API_CUSTOMER_APP.md,Developer,15449
docs/API_PAYMENTS.md,Checkout,13443
docs/BRANDING-COMPATIBILITY.md,Administrative/internal,15332
docs/CPANEL_DEPLOYMENT.md,Deployment/PaaS,37744
docs/DOMAIN_BROKERAGE.md,Domains,2989
docs/DOMAIN_SERVICES_ARCHITECTURE.md,Domains,15361
docs/MRZ_DEVELOPER_TOOL.md,Developer,12947
docs/NODE_PLATFORM_STATUS.md,Support,170655
docs/PASSKEY.md,Authentication,11153
docs/PHASE_6_MARKETPLACE_DEPLOYMENTS.md,Deployment/PaaS,10217
docs/PROPOSED_SCOPE_PHASE_5E_BILLING_PORTAL.md,Administrative/internal,10454
docs/PROPOSED_SCOPE_PHASE_5F_ADMIN_BILLING.md,Administrative/internal,10643
docs/PROPOSED_SCOPE_PHASE_5G_RECONCILIATION.md,Administrative/internal,6581
docs/PROPOSED_SCOPE_WEBHOOK_PIPELINE.md,Deployment/PaaS,28199
docs/README.md,Administrative/internal,2513
docs/RESTRUCTURING.md,Administrative/internal,15971
docs/SERVER_AGENT.md,Administrative/internal,11445
docs/SERVER_PROVISIONING.md,Administrative/internal,55826
docs/UNFINISHED-BUILD-CODE-NAMES.md,Administrative/internal,31203
docs/UNFINISHED-MODULES.md,Administrative/internal,116261
docs/VULTR_CONSOLE_BACKFILL_RUNBOOK.md,Administrative/internal,4914
docs/WEBHOOK_PIPELINE_UNFREEZE_RUNBOOK.md,Deployment/PaaS,9943
docs/WEBSITE-INVENTORY.md,Administrative/internal,7158
docs/announcement-bar/ANNOUNCEMENT-BAR.pdf,Marketing,630346
docs/announcement-bar/BUILD.txt,Marketing,1026
docs/announcement-bar/announcementbar-examples.tpl,Marketing,7618
docs/announcement-bar/announcementbar-header-integration.tpl,Marketing,2882
docs/announcement-bar/cloudhost247-theme/preview.html,Marketing,3291
docs/announcement-bar/cloudhost247-variant/templates/css/announcementbar.css,Marketing,3602
docs/announcement-bar/cloudhost247-variant/templates/includes/announcementbar-examples.tpl,Marketing,7618
docs/announcement-bar/cloudhost247-variant/templates/includes/announcementbar-header-integration.tpl,Marketing,2881
docs/announcement-bar/cloudhost247-variant/templates/includes/announcementbar.tpl,Marketing,4923
docs/build-notes/cloudhost247-domain-lookup/BUILD.txt,Domains,1899
docs/build-notes/cloudhost247-domain-lookup/INSTALLATION.txt,Domains,525
docs/build-notes/cloudhost247-email/BUILD.txt,Email,2727
docs/build-notes/cloudhost247-email/INSTALL.txt,Email,1487
docs/build-notes/cloudhost247-smm/CAPABILITIES.txt,Administrative/internal,7123
docs/build-notes/cloudhost247-smm/INSTALLATION.txt,Administrative/internal,7738
docs/build-notes/cloudhost247-tools-platform/BUILD.txt,Developer,3607
docs/build-notes/cloudhost247-tools-platform/INSTALLATION.txt,Developer,963
docs/build-notes/customaffiliate/BUILD.txt,Business,2239
docs/build-notes/customaffiliate/INSTALL.txt,Business,13596
docs/build-notes/digitalproducts/BUILD.txt,Administrative/internal,2078
docs/build-notes/dnschecker/BUILD.txt,Domains,1651
docs/build-notes/phoneservices/BUILD.txt,Administrative/internal,3206
docs/build-notes/phoneservices/PHONESERVICES.pdf,Administrative/internal,619031
docs/build-notes/smm/BUILD.txt,Administrative/internal,2268
docs/build-notes/smm/INSTALLATION.txt,Administrative/internal,8383
docs/independent-rebuild/API-INTEGRATIONS.md,Developer,55856
docs/independent-rebuild/API-INVENTORY-AUDIT.md,Developer,11536
docs/independent-rebuild/AUDIT-AND-PARITY-MATRIX.md,Administrative/internal,32190
docs/independent-rebuild/BRAND-RENAME.md,Administrative/internal,13672
docs/independent-rebuild/CURRENCY-SYSTEM.md,Administrative/internal,8084
docs/independent-rebuild/DOMAIN-BROKER.md,Domains,15512
docs/independent-rebuild/EMAIL-MARKETING-AUDIT.md,Email,25057
docs/independent-rebuild/EMAIL-MARKETING.md,Email,36246
docs/independent-rebuild/INSTALLATION-AND-UPGRADE.md,Administrative/internal,22845
docs/independent-rebuild/MODULE-MANAGER-COMPLIANCE.md,Administrative/internal,22283
docs/independent-rebuild/MODULE-MANAGER.md,Administrative/internal,19224
docs/independent-rebuild/OVH-INTEGRATION.md,Administrative/internal,27997
docs/independent-rebuild/PAGES-ARCHIVE-INTEGRATION-REVIEW.md,Administrative/internal,4688
docs/independent-rebuild/PHASE-1-REPORT.md,Administrative/internal,1914
docs/independent-rebuild/PHASE-2-LEGACY-PARITY.md,Administrative/internal,7909
docs/independent-rebuild/PRE-STAGING-REPORT.md,Administrative/internal,12632
docs/independent-rebuild/RDP-SECURE-REBUILD-WORK-ITEM.md,Administrative/internal,12220
docs/independent-rebuild/SECURITY-REVIEW.md,Administrative/internal,36582
docs/independent-rebuild/STAGING-DEPLOYMENT.md,Deployment/PaaS,14843
docs/independent-rebuild/STAGING-TEST-MATRIX.md,Administrative/internal,19558
docs/independent-rebuild/WEBSITE-BUILDER.md,Administrative/internal,19615
docs/independent-rebuild/branding-exceptions.list,Administrative/internal,1695
docs/independent-rebuild/original-file-manifest.sha256,Administrative/internal,281401
docs/independent-rebuild/staging-runtime-evidence.template.json,Administrative/internal,537
docs/policies/Backup Policy.pdf,Legal,300313
docs/policies/Cookie Policy.pdf,Legal,406478
docs/policies/Cybercrime Detection Policy.pdf,Legal,287427
docs/policies/Data Deletion Instructions.pdf,Administrative/internal,402995
docs/policies/Data Privacy Notice and Consent Form.pdf,Legal,395299
docs/policies/Data Protection Standards.pdf,Administrative/internal,411597
docs/policies/Domain Name Auto-Renewal and Deletion Policy.pdf,Legal,188197
docs/policies/Domain Name Registration Agreement.pdf,Legal,311432
docs/policies/Domain Registration Addendum.pdf,Legal,248569
docs/policies/Fair Usage Policy.pdf,Legal,372705
docs/policies/Frequently Asked Questions (FAQs).pdf,Support,408318
docs/policies/Help Center.pdf,Support,414642
docs/policies/INSTALLATION.txt,Administrative/internal,280
docs/policies/Legal & Policy Center.pdf,Legal,370981
docs/policies/Legal Notice.pdf,Legal,403521
docs/policies/Privacy Policy.pdf,Legal,420017
docs/policies/Refund Policy.pdf,Legal,403589
docs/policies/Terms & Conditions.pdf,Legal,417412
docs/policies/Trademark & Copyright Infringement Policy.pdf,Legal,281783
docs/pre-restructuring-audit.md,Administrative/internal,10805
docs/staging/STAGING_ACCEPTANCE_REPORT.md,Administrative/internal,27979
domain-agreement.php,Legal,625
domain-brokerage-terms.php,Legal,9650
domain-renewal-policy.php,Legal,658
domain.php,Domains,644
domainregistrationaddendum.php,Legal,417
email-hosting.php,Email,2929
enterprise-servers.php,Dedicated,690
errors/403.html,Administrative/internal,1297
errors/404.html,Administrative/internal,1324
errors/500.html,Administrative/internal,1309
errors/503.html,Administrative/internal,1298
errors/maintenance.html,Administrative/internal,1321
fair-usage-policy.php,Legal,462
faqs.php,Support,4711
future-element.php,Administrative/internal,674
game-servers.php,Dedicated,666
help-center.php,Support,662
infrastructure.php,Cloud,327
infrastructure/backups/README.md,Server Management,866
infrastructure/docker/.env.example,Cloud,1089
infrastructure/docker/Dockerfile.app,Cloud,993
infrastructure/docker/docker-compose.dev.yml,Cloud,1315
infrastructure/docker/docker-compose.yml,Cloud,7657
infrastructure/litespeed/webroot-hardening.htaccess,Cloud,2131
infrastructure/traefik/DYNAMIC-ROUTING.md,Cloud,1047
infrastructure/traefik/traefik.yml,Cloud,1018
lang/overrides/arabic.php,Administrative/internal,61444
lang/overrides/azerbaijani.php,Administrative/internal,54795
lang/overrides/catalan.php,Administrative/internal,52146
lang/overrides/chinese.php,Administrative/internal,44961
lang/overrides/croatian.php,Administrative/internal,49861
lang/overrides/czech.php,Administrative/internal,50618
lang/overrides/danish.php,Administrative/internal,48676
lang/overrides/dutch.php,Administrative/internal,49606
lang/overrides/english.php,Administrative/internal,52883
lang/overrides/estonian.php,Administrative/internal,47966
lang/overrides/farsi.php,Administrative/internal,65257
lang/overrides/french.php,Administrative/internal,53022
lang/overrides/german.php,Administrative/internal,51865
lang/overrides/hebrew.php,Administrative/internal,63539
lang/overrides/hungarian.php,Administrative/internal,51969
lang/overrides/italian.php,Administrative/internal,50978
lang/overrides/korean.php,Administrative/internal,54210
lang/overrides/macedonian.php,Administrative/internal,73221
lang/overrides/norwegian.php,Administrative/internal,48148
lang/overrides/portuguese-br.php,Administrative/internal,51571
lang/overrides/portuguese-pt.php,Administrative/internal,51570
lang/overrides/romanian.php,Administrative/internal,53970
lang/overrides/russian.php,Administrative/internal,82887
lang/overrides/spanish.php,Administrative/internal,52439
lang/overrides/swedish.php,Administrative/internal,51019
lang/overrides/turkish.php,Administrative/internal,58998
lang/overrides/ukranian.php,Administrative/internal,80381
legal-notice.php,Legal,666
legal.php,Legal,3974
modules/addons/cloudhost247_broker/bootstrap.php,Administrative/internal,1102
modules/addons/cloudhost247_broker/cloudhost247_broker.php,Administrative/internal,4296
modules/addons/cloudhost247_broker/hooks.php,Administrative/internal,1351
modules/addons/cloudhost247_broker/lib/Domain/CaseStatus.php,Administrative/internal,4547
modules/addons/cloudhost247_broker/lib/Domain/DomainState.php,Administrative/internal,1922
modules/addons/cloudhost247_broker/lib/Domain/DomainStatusResolver.php,Administrative/internal,6265
modules/addons/cloudhost247_broker/lib/Domain/LegacyLookupBridge.php,Administrative/internal,2615
modules/addons/cloudhost247_broker/lib/Domain/LookupBridgeInterface.php,Administrative/internal,692
modules/addons/cloudhost247_broker/lib/Domain/PaymentStatus.php,Administrative/internal,921
modules/addons/cloudhost247_broker/lib/Domain/TransferStatus.php,Administrative/internal,1823
modules/addons/cloudhost247_broker/lib/Http/AdminController.php,Administrative/internal,22247
modules/addons/cloudhost247_broker/lib/Http/AdminView.php,Administrative/internal,33614
modules/addons/cloudhost247_broker/lib/Http/ClientAreaController.php,Administrative/internal,12814
modules/addons/cloudhost247_broker/lib/Providers/AbstractIntegrationAdapter.php,Administrative/internal,4306
modules/addons/cloudhost247_broker/lib/Providers/AdapterRegistry.php,Administrative/internal,2714
modules/addons/cloudhost247_broker/lib/Providers/AfternicAdapter.php,Administrative/internal,1207
modules/addons/cloudhost247_broker/lib/Providers/Capability.php,Administrative/internal,2535
modules/addons/cloudhost247_broker/lib/Providers/ConnectionState.php,Administrative/internal,2180
modules/addons/cloudhost247_broker/lib/Providers/DomainAgentsAdapter.php,Administrative/internal,1369
modules/addons/cloudhost247_broker/lib/Providers/GoDaddyAdapter.php,Administrative/internal,6205
modules/addons/cloudhost247_broker/lib/Providers/ManualBrokerAdapter.php,Administrative/internal,2427
modules/addons/cloudhost247_broker/lib/Providers/ProviderAdapter.php,Administrative/internal,2214
modules/addons/cloudhost247_broker/lib/Providers/SedoAdapter.php,Administrative/internal,1389
modules/addons/cloudhost247_broker/lib/Repositories/AssignmentRepository.php,Administrative/internal,913
modules/addons/cloudhost247_broker/lib/Repositories/CaseRepository.php,Administrative/internal,8402
modules/addons/cloudhost247_broker/lib/Repositories/DocumentRepository.php,Administrative/internal,809
modules/addons/cloudhost247_broker/lib/Repositories/EventRepository.php,Administrative/internal,821
modules/addons/cloudhost247_broker/lib/Repositories/FeeRepository.php,Administrative/internal,1137
modules/addons/cloudhost247_broker/lib/Repositories/MessageRepository.php,Administrative/internal,1049
modules/addons/cloudhost247_broker/lib/Repositories/OfferRepository.php,Administrative/internal,1202
modules/addons/cloudhost247_broker/lib/Repositories/PaymentRepository.php,Administrative/internal,1215
modules/addons/cloudhost247_broker/lib/Repositories/ProviderCallRepository.php,Administrative/internal,2112
modules/addons/cloudhost247_broker/lib/Repositories/ProviderConfigRepository.php,Administrative/internal,1867
modules/addons/cloudhost247_broker/lib/Repositories/SettingsRepository.php,Administrative/internal,1948
modules/addons/cloudhost247_broker/lib/Repositories/TransferRepository.php,Administrative/internal,1058
modules/addons/cloudhost247_broker/lib/Routing/AcquisitionRouter.php,Administrative/internal,3440
modules/addons/cloudhost247_broker/lib/Security/CaseGuard.php,Administrative/internal,1666
modules/addons/cloudhost247_broker/lib/Security/ClientGuard.php,Administrative/internal,1393
modules/addons/cloudhost247_broker/lib/Security/InputValidator.php,Administrative/internal,2657
modules/addons/cloudhost247_broker/lib/Services/BrokerageService.php,Administrative/internal,15207
modules/addons/cloudhost247_broker/lib/Services/CaseNumberGenerator.php,Administrative/internal,974
modules/addons/cloudhost247_broker/lib/Services/DomainDeliveryService.php,Administrative/internal,12753
modules/addons/cloudhost247_broker/lib/Services/FeeCalculator.php,Administrative/internal,2740
modules/addons/cloudhost247_broker/lib/Services/NegotiationService.php,Administrative/internal,10579
modules/addons/cloudhost247_broker/lib/Services/NotificationService.php,Administrative/internal,7309
modules/addons/cloudhost247_broker/lib/Services/PaymentService.php,Administrative/internal,8418
modules/addons/cloudhost247_broker/lib/Services/TransferService.php,Administrative/internal,9596
modules/addons/cloudhost247_broker/migrations/V100.php,Administrative/internal,13998
modules/addons/cloudhost247_broker/migrations/V110.php,Administrative/internal,2090
modules/addons/cloudhost247_broker/templates/detail.tpl,Administrative/internal,7905
modules/addons/cloudhost247_broker/templates/list.tpl,Administrative/internal,2007
modules/addons/cloudhost247_broker/templates/new.tpl,Administrative/internal,3431
modules/addons/cloudhost247_builder/README.md,Administrative/internal,5086
modules/addons/cloudhost247_builder/assets/css/admin.css,Administrative/internal,7460
modules/addons/cloudhost247_builder/assets/css/editor.css,Administrative/internal,8247
modules/addons/cloudhost247_builder/assets/css/runtime.css,Administrative/internal,16545
modules/addons/cloudhost247_builder/assets/js/editor.js,Administrative/internal,58451
modules/addons/cloudhost247_builder/assets/js/runtime.js,Administrative/internal,6737
modules/addons/cloudhost247_builder/bootstrap.php,Administrative/internal,900
modules/addons/cloudhost247_builder/cloudhost247_builder.php,Administrative/internal,4757
modules/addons/cloudhost247_builder/hooks.php,Administrative/internal,2833
modules/addons/cloudhost247_builder/lib/Admin/AdminController.php,Administrative/internal,51224
modules/addons/cloudhost247_builder/lib/Admin/AdminView.php,Administrative/internal,69894
modules/addons/cloudhost247_builder/lib/Admin/EditorContext.php,Administrative/internal,1322
modules/addons/cloudhost247_builder/lib/Catalog/CartLinks.php,Administrative/internal,2226
modules/addons/cloudhost247_builder/lib/Catalog/Money.php,Administrative/internal,1179
modules/addons/cloudhost247_builder/lib/Catalog/WhmcsDataSource.php,Administrative/internal,18308
modules/addons/cloudhost247_builder/lib/Contracts/LiveDataSource.php,Administrative/internal,3608
modules/addons/cloudhost247_builder/lib/Render/Icons.php,Administrative/internal,4554
modules/addons/cloudhost247_builder/lib/Render/RenderContext.php,Administrative/internal,3700
modules/addons/cloudhost247_builder/lib/Render/Renderer.php,Administrative/internal,7616
modules/addons/cloudhost247_builder/lib/Render/StyleCompiler.php,Administrative/internal,5734
modules/addons/cloudhost247_builder/lib/Render/WidgetRenderer.php,Administrative/internal,60520
modules/addons/cloudhost247_builder/lib/Repositories/EventRepository.php,Administrative/internal,5703
modules/addons/cloudhost247_builder/lib/Repositories/FormRepository.php,Administrative/internal,6209
modules/addons/cloudhost247_builder/lib/Repositories/LibraryRepository.php,Administrative/internal,14175
modules/addons/cloudhost247_builder/lib/Repositories/MediaRepository.php,Administrative/internal,4169
modules/addons/cloudhost247_builder/lib/Repositories/PageRepository.php,Administrative/internal,17901
modules/addons/cloudhost247_builder/lib/Schema/Document.php,Administrative/internal,5721
modules/addons/cloudhost247_builder/lib/Schema/DocumentMigrator.php,Administrative/internal,2559
modules/addons/cloudhost247_builder/lib/Schema/Node.php,Administrative/internal,8142
modules/addons/cloudhost247_builder/lib/Schema/SchemaValidator.php,Administrative/internal,10175
modules/addons/cloudhost247_builder/lib/Schema/StyleSchema.php,Administrative/internal,17233
modules/addons/cloudhost247_builder/lib/Security/CapabilityPolicy.php,Administrative/internal,6704
modules/addons/cloudhost247_builder/lib/Services/DisplayConditions.php,Administrative/internal,6239
modules/addons/cloudhost247_builder/lib/Services/FormService.php,Administrative/internal,19300
modules/addons/cloudhost247_builder/lib/Services/MediaService.php,Administrative/internal,15080
modules/addons/cloudhost247_builder/lib/Services/MenuService.php,Administrative/internal,3965
modules/addons/cloudhost247_builder/lib/Services/PageService.php,Administrative/internal,19410
modules/addons/cloudhost247_builder/lib/Services/Settings.php,Administrative/internal,7052
modules/addons/cloudhost247_builder/lib/Services/SitemapService.php,Administrative/internal,3015
modules/addons/cloudhost247_builder/lib/Services/Starters.php,Administrative/internal,15349
modules/addons/cloudhost247_builder/lib/Services/TemplateService.php,Administrative/internal,11355
modules/addons/cloudhost247_builder/lib/Services/ThemeService.php,Administrative/internal,6228
modules/addons/cloudhost247_builder/lib/Site/PageResolver.php,Administrative/internal,11497
modules/addons/cloudhost247_builder/lib/Site/SocialMeta.php,Administrative/internal,2976
modules/addons/cloudhost247_builder/lib/Support/BuilderException.php,Administrative/internal,3414
modules/addons/cloudhost247_builder/lib/Support/CssSanitizer.php,Administrative/internal,3253
modules/addons/cloudhost247_builder/lib/Support/HtmlSanitizer.php,Administrative/internal,10211
modules/addons/cloudhost247_builder/lib/Support/Ids.php,Administrative/internal,1405
modules/addons/cloudhost247_builder/lib/Support/Paths.php,Administrative/internal,7148
modules/addons/cloudhost247_builder/lib/Support/Slug.php,Administrative/internal,3101
modules/addons/cloudhost247_builder/lib/Support/UrlPolicy.php,Administrative/internal,3543
modules/addons/cloudhost247_builder/lib/Widgets/WidgetCatalog.php,Administrative/internal,41486
modules/addons/cloudhost247_builder/lib/Widgets/WidgetDefinition.php,Administrative/internal,3903
modules/addons/cloudhost247_builder/migrations/V100.php,Administrative/internal,12057
modules/addons/cloudhost247_cart_recovery/README.md,Checkout,15493
modules/addons/cloudhost247_cart_recovery/bootstrap.php,Administrative/internal,965
modules/addons/cloudhost247_cart_recovery/cloudhost247_cart_recovery.php,Checkout,3630
modules/addons/cloudhost247_cart_recovery/cron.php,Checkout,2247
modules/addons/cloudhost247_cart_recovery/hooks.php,Checkout,9183
modules/addons/cloudhost247_cart_recovery/lib/AdminController.php,Administrative/internal,10387
modules/addons/cloudhost247_cart_recovery/lib/Analytics.php,Administrative/internal,4734
modules/addons/cloudhost247_cart_recovery/lib/CartSnapshot.php,Administrative/internal,11474
modules/addons/cloudhost247_cart_recovery/lib/EmailService.php,Administrative/internal,11437
modules/addons/cloudhost247_cart_recovery/lib/Lock.php,Administrative/internal,2759
modules/addons/cloudhost247_cart_recovery/lib/Log.php,Administrative/internal,3104
modules/addons/cloudhost247_cart_recovery/lib/MigrationRunner.php,Administrative/internal,3025
modules/addons/cloudhost247_cart_recovery/lib/OrderRevenue.php,Administrative/internal,2932
modules/addons/cloudhost247_cart_recovery/lib/RecoveryService.php,Administrative/internal,21156
modules/addons/cloudhost247_cart_recovery/lib/ReminderService.php,Administrative/internal,13312
modules/addons/cloudhost247_cart_recovery/lib/Schema.php,Administrative/internal,1709
modules/addons/cloudhost247_cart_recovery/lib/SettingsRepository.php,Administrative/internal,5646
modules/addons/cloudhost247_cart_recovery/lib/TokenService.php,Administrative/internal,2233
modules/addons/cloudhost247_cart_recovery/migrations/V100.php,Administrative/internal,5932
modules/addons/cloudhost247_cart_recovery/migrations/V101.php,Administrative/internal,1931
modules/addons/cloudhost247_cart_recovery/recover.php,Checkout,5115
modules/addons/cloudhost247_cart_recovery/templates/admin/index.tpl,Administrative/internal,16234
modules/addons/cloudhost247_core/bootstrap.php,Administrative/internal,467
modules/addons/cloudhost247_core/cloudhost247_core.php,Administrative/internal,8367
modules/addons/cloudhost247_core/hooks.php,Administrative/internal,146
modules/addons/cloudhost247_core/lib/Contracts/Migration.php,Administrative/internal,168
modules/addons/cloudhost247_core/lib/Database/CoreAuditMigration.php,Administrative/internal,894
modules/addons/cloudhost247_core/lib/Database/MigrationRunner.php,Administrative/internal,2409
modules/addons/cloudhost247_core/lib/Security/AdminGuard.php,Administrative/internal,2527
modules/addons/cloudhost247_core/lib/Security/SecretPolicy.php,Administrative/internal,1100
modules/addons/cloudhost247_core/lib/Support/AuditLogger.php,Administrative/internal,1130
modules/addons/cloudhost247_core/lib/Support/AuditRepository.php,Administrative/internal,1756
modules/addons/cloudhost247_core/lib/Support/HealthCheck.php,Administrative/internal,610
modules/addons/cloudhost247_core/lib/Support/Logger.php,Administrative/internal,1360
modules/addons/cloudhost247_core/lib/Support/SafeError.php,Administrative/internal,520
modules/addons/cloudhost247_currency/bootstrap.php,Administrative/internal,369
modules/addons/cloudhost247_currency/cloudhost247_currency.php,Administrative/internal,6448
modules/addons/cloudhost247_currency/hooks.php,Administrative/internal,1080
modules/addons/cloudhost247_currency/lib/Contracts/RateProvider.php,Administrative/internal,153
modules/addons/cloudhost247_currency/lib/Providers/EcbProvider.php,Administrative/internal,1176
modules/addons/cloudhost247_currency/lib/Providers/FrankfurterProvider.php,Administrative/internal,1256
modules/addons/cloudhost247_currency/lib/Providers/ProviderFactory.php,Administrative/internal,378
modules/addons/cloudhost247_currency/lib/Services/AdminController.php,Administrative/internal,2938
modules/addons/cloudhost247_currency/lib/Services/CurrencyRepository.php,Administrative/internal,4639
modules/addons/cloudhost247_currency/lib/Services/ExecutionLock.php,Administrative/internal,904
modules/addons/cloudhost247_currency/lib/Services/UpdateEngine.php,Administrative/internal,3032
modules/addons/cloudhost247_currency/lib/Support/EndpointResolver.php,Administrative/internal,1466
modules/addons/cloudhost247_currency/lib/Support/HttpClient.php,Administrative/internal,1045
modules/addons/cloudhost247_currency/lib/Support/RateMath.php,Administrative/internal,1326
modules/addons/cloudhost247_currency/migrations/V100.php,Administrative/internal,1752
modules/addons/cloudhost247_currency/migrations/V110.php,Administrative/internal,2126
modules/addons/cloudhost247_domain_lookup/README.md,Domains,7800
modules/addons/cloudhost247_domain_lookup/api/IPWhoApi.php,Domains,5891
modules/addons/cloudhost247_domain_lookup/api/IPinfoApi.php,Domains,9198
modules/addons/cloudhost247_domain_lookup/api/NativeWhois.php,Domains,13338
modules/addons/cloudhost247_domain_lookup/api/WhatIsMyIPApi.php,Domains,10606
modules/addons/cloudhost247_domain_lookup/assets/css/cloudhost247-tools.css,Domains,11284
modules/addons/cloudhost247_domain_lookup/assets/js/cloudhost247-tools.js,Domains,21907
modules/addons/cloudhost247_domain_lookup/cloudhost247_domain_lookup.php,Domains,18352
modules/addons/cloudhost247_domain_lookup/hooks.php,Domains,4888
modules/addons/cloudhost247_domain_lookup/includes/AjaxHandler.php,Domains,8474
modules/addons/cloudhost247_domain_lookup/includes/Autoloader.php,Domains,1755
modules/addons/cloudhost247_domain_lookup/includes/CacheManager.php,Domains,8992
modules/addons/cloudhost247_domain_lookup/includes/DnsTool.php,Domains,8527
modules/addons/cloudhost247_domain_lookup/includes/DomainAvailability.php,Domains,6695
modules/addons/cloudhost247_domain_lookup/includes/IpTool.php,Domains,3446
modules/addons/cloudhost247_domain_lookup/includes/SecurityManager.php,Domains,8969
modules/addons/cloudhost247_domain_lookup/includes/WhoisTool.php,Domains,3557
modules/addons/cloudhost247_domain_lookup/templates/admin/dashboard.tpl,Administrative/internal,7315
modules/addons/cloudhost247_domain_lookup/templates/admin/logs.tpl,Administrative/internal,3705
modules/addons/cloudhost247_domain_lookup/templates/client/tool.tpl,Domains,18897
modules/addons/cloudhost247_domain_lookup/templates/client/tools.tpl,Domains,1503
modules/addons/cloudhost247_integrations/README.md,Administrative/internal,4679
modules/addons/cloudhost247_integrations/bootstrap.php,Administrative/internal,528
modules/addons/cloudhost247_integrations/cloudhost247_integrations.php,Administrative/internal,2697
modules/addons/cloudhost247_integrations/lib/Api/CurlTransport.php,Administrative/internal,3320
modules/addons/cloudhost247_integrations/lib/Api/IntegrationClient.php,Administrative/internal,15787
modules/addons/cloudhost247_integrations/lib/Api/Signers/AwsV4Signer.php,Administrative/internal,4530
modules/addons/cloudhost247_integrations/lib/Api/Signers/OvhSigner.php,Administrative/internal,1277
modules/addons/cloudhost247_integrations/lib/Api/SmtpClient.php,Administrative/internal,19182
modules/addons/cloudhost247_integrations/lib/Api/SmtpProbe.php,Administrative/internal,7943
modules/addons/cloudhost247_integrations/lib/Api/Transport.php,Administrative/internal,629
modules/addons/cloudhost247_integrations/lib/Api/TransportException.php,Administrative/internal,684
modules/addons/cloudhost247_integrations/lib/Registry/FieldDefinition.php,Administrative/internal,4378
modules/addons/cloudhost247_integrations/lib/Registry/ProviderCatalog.php,Administrative/internal,60065
modules/addons/cloudhost247_integrations/lib/Registry/ProviderDefinition.php,Administrative/internal,7838
modules/addons/cloudhost247_integrations/lib/Registry/ProviderRegistry.php,Administrative/internal,4333
modules/addons/cloudhost247_integrations/lib/Security/MasterKey.php,Administrative/internal,3645
modules/addons/cloudhost247_integrations/lib/Security/SecretVault.php,Administrative/internal,4231
modules/addons/cloudhost247_integrations/lib/Security/UrlGuard.php,Administrative/internal,5523
modules/addons/cloudhost247_integrations/lib/Services/AdminController.php,Administrative/internal,14235
modules/addons/cloudhost247_integrations/lib/Services/AdminView.php,Administrative/internal,32168
modules/addons/cloudhost247_integrations/lib/Services/ConnectionTester.php,Administrative/internal,7863
modules/addons/cloudhost247_integrations/lib/Services/IntegrationManager.php,Administrative/internal,15758
modules/addons/cloudhost247_integrations/lib/Services/IntegrationRepository.php,Administrative/internal,21084
modules/addons/cloudhost247_integrations/lib/Support/Environment.php,Administrative/internal,2911
modules/addons/cloudhost247_integrations/lib/Support/IntegrationException.php,Administrative/internal,1282
modules/addons/cloudhost247_integrations/lib/Support/Redactor.php,Administrative/internal,4252
modules/addons/cloudhost247_integrations/lib/Support/ResultCode.php,Administrative/internal,3212
modules/addons/cloudhost247_integrations/migrations/V100.php,Administrative/internal,4367
modules/addons/cloudhost247_marketing/bootstrap.php,Administrative/internal,1117
modules/addons/cloudhost247_marketing/cloudhost247_marketing.php,Administrative/internal,4176
modules/addons/cloudhost247_marketing/hooks.php,Administrative/internal,2308
modules/addons/cloudhost247_marketing/lib/Domain/AutomationRunStatus.php,Administrative/internal,1137
modules/addons/cloudhost247_marketing/lib/Domain/AutomationStatus.php,Administrative/internal,952
modules/addons/cloudhost247_marketing/lib/Domain/AutomationStepType.php,Administrative/internal,881
modules/addons/cloudhost247_marketing/lib/Domain/AutomationTrigger.php,Administrative/internal,1099
modules/addons/cloudhost247_marketing/lib/Domain/CampaignAudience.php,Administrative/internal,1377
modules/addons/cloudhost247_marketing/lib/Domain/CampaignStatus.php,Administrative/internal,1835
modules/addons/cloudhost247_marketing/lib/Domain/ConsentStatus.php,Administrative/internal,1062
modules/addons/cloudhost247_marketing/lib/Domain/EventType.php,Administrative/internal,1427
modules/addons/cloudhost247_marketing/lib/Domain/QueueStatus.php,Administrative/internal,1142
modules/addons/cloudhost247_marketing/lib/Domain/ResultKind.php,Administrative/internal,1266
modules/addons/cloudhost247_marketing/lib/Domain/SegmentField.php,Administrative/internal,7386
modules/addons/cloudhost247_marketing/lib/Domain/SegmentOperator.php,Administrative/internal,5359
modules/addons/cloudhost247_marketing/lib/Domain/SubscriberSource.php,Administrative/internal,913
modules/addons/cloudhost247_marketing/lib/Domain/SubscriberStatus.php,Administrative/internal,1064
modules/addons/cloudhost247_marketing/lib/Domain/SuppressionReason.php,Administrative/internal,1013
modules/addons/cloudhost247_marketing/lib/Domain/TemplateBlock.php,Administrative/internal,6683
modules/addons/cloudhost247_marketing/lib/Http/AdminController.php,Administrative/internal,72658
modules/addons/cloudhost247_marketing/lib/Http/AdminView.php,Administrative/internal,108675
modules/addons/cloudhost247_marketing/lib/Http/TrackController.php,Administrative/internal,8409
modules/addons/cloudhost247_marketing/lib/Repositories/AutomationRepository.php,Administrative/internal,10920
modules/addons/cloudhost247_marketing/lib/Repositories/CampaignRepository.php,Administrative/internal,10402
modules/addons/cloudhost247_marketing/lib/Repositories/ClientDirectoryRepository.php,Administrative/internal,5980
modules/addons/cloudhost247_marketing/lib/Repositories/EventRepository.php,Administrative/internal,4552
modules/addons/cloudhost247_marketing/lib/Repositories/ListRepository.php,Administrative/internal,5038
modules/addons/cloudhost247_marketing/lib/Repositories/QueueRepository.php,Administrative/internal,11766
modules/addons/cloudhost247_marketing/lib/Repositories/RecipientRepository.php,Administrative/internal,4445
modules/addons/cloudhost247_marketing/lib/Repositories/SegmentRepository.php,Administrative/internal,4952
modules/addons/cloudhost247_marketing/lib/Repositories/SettingsRepository.php,Administrative/internal,3168
modules/addons/cloudhost247_marketing/lib/Repositories/SubscriberRepository.php,Administrative/internal,13947
modules/addons/cloudhost247_marketing/lib/Repositories/SuppressionRepository.php,Administrative/internal,5772
modules/addons/cloudhost247_marketing/lib/Repositories/TagRepository.php,Administrative/internal,4157
modules/addons/cloudhost247_marketing/lib/Repositories/TemplateRepository.php,Administrative/internal,4972
modules/addons/cloudhost247_marketing/lib/Security/HtmlSanitizer.php,Administrative/internal,5891
modules/addons/cloudhost247_marketing/lib/Security/InputValidator.php,Administrative/internal,3336
modules/addons/cloudhost247_marketing/lib/Services/AnalyticsService.php,Administrative/internal,12435
modules/addons/cloudhost247_marketing/lib/Services/AutomationService.php,Administrative/internal,35053
modules/addons/cloudhost247_marketing/lib/Services/BounceParser.php,Administrative/internal,4976
modules/addons/cloudhost247_marketing/lib/Services/CampaignService.php,Administrative/internal,29403
modules/addons/cloudhost247_marketing/lib/Services/ExportService.php,Administrative/internal,4809
modules/addons/cloudhost247_marketing/lib/Services/ImportService.php,Administrative/internal,13181
modules/addons/cloudhost247_marketing/lib/Services/MessageTransport.php,Administrative/internal,1186
modules/addons/cloudhost247_marketing/lib/Services/QueueService.php,Administrative/internal,26427
modules/addons/cloudhost247_marketing/lib/Services/SegmentService.php,Administrative/internal,25778
modules/addons/cloudhost247_marketing/lib/Services/SenderPolicy.php,Administrative/internal,642
modules/addons/cloudhost247_marketing/lib/Services/SmtpTransport.php,Administrative/internal,10522
modules/addons/cloudhost247_marketing/lib/Services/SubscriptionService.php,Administrative/internal,14663
modules/addons/cloudhost247_marketing/lib/Services/TemplateService.php,Administrative/internal,23102
modules/addons/cloudhost247_marketing/lib/Services/TrackingService.php,Administrative/internal,21369
modules/addons/cloudhost247_marketing/lib/Services/UnavailableTransport.php,Administrative/internal,1041
modules/addons/cloudhost247_marketing/migrations/V100.php,Administrative/internal,13183
modules/addons/cloudhost247_marketing/migrations/V110.php,Administrative/internal,1825
modules/addons/cloudhost247_marketing/migrations/V120.php,Administrative/internal,1335
modules/addons/cloudhost247_marketing/migrations/V130.php,Administrative/internal,6116
modules/addons/cloudhost247_modules/README.md,Administrative/internal,5703
modules/addons/cloudhost247_modules/bootstrap.php,Administrative/internal,825
modules/addons/cloudhost247_modules/cloudhost247_modules.php,Administrative/internal,3619
modules/addons/cloudhost247_modules/lib/Install/InstallationPlan.php,Administrative/internal,3943
modules/addons/cloudhost247_modules/lib/Install/InstallationTransaction.php,Administrative/internal,5445
modules/addons/cloudhost247_modules/lib/Install/Installer.php,Administrative/internal,23540
modules/addons/cloudhost247_modules/lib/Manifest/Manifest.php,Administrative/internal,22126
modules/addons/cloudhost247_modules/lib/Package/ArchiveInspector.php,Administrative/internal,16454
modules/addons/cloudhost247_modules/lib/Package/PackageInspection.php,Administrative/internal,1958
modules/addons/cloudhost247_modules/lib/Package/PackageStorage.php,Administrative/internal,7449
modules/addons/cloudhost247_modules/lib/Package/SecureExtractor.php,Administrative/internal,6058
modules/addons/cloudhost247_modules/lib/Package/UploadReceiver.php,Administrative/internal,5853
modules/addons/cloudhost247_modules/lib/Registry/CompatibilityChecker.php,Administrative/internal,5635
modules/addons/cloudhost247_modules/lib/Registry/DependencyResolver.php,Administrative/internal,5507
modules/addons/cloudhost247_modules/lib/Registry/ModuleRegistry.php,Administrative/internal,1682
modules/addons/cloudhost247_modules/lib/Registry/ModuleRepository.php,Administrative/internal,13228
modules/addons/cloudhost247_modules/lib/Registry/ModuleSettings.php,Administrative/internal,5018
modules/addons/cloudhost247_modules/lib/Registry/UsageCensus.php,Administrative/internal,7519
modules/addons/cloudhost247_modules/lib/Security/CapabilityPolicy.php,Administrative/internal,6992
modules/addons/cloudhost247_modules/lib/Services/AdminController.php,Administrative/internal,27602
modules/addons/cloudhost247_modules/lib/Services/AdminView.php,Administrative/internal,50941
modules/addons/cloudhost247_modules/lib/Services/ModuleManager.php,Administrative/internal,11648
modules/addons/cloudhost247_modules/lib/Support/Checksum.php,Administrative/internal,1309
modules/addons/cloudhost247_modules/lib/Support/ModuleException.php,Administrative/internal,1598
modules/addons/cloudhost247_modules/lib/Support/ModuleType.php,Administrative/internal,2388
modules/addons/cloudhost247_modules/lib/Support/Paths.php,Administrative/internal,6647
modules/addons/cloudhost247_modules/lib/Support/Version.php,Administrative/internal,3024
modules/addons/cloudhost247_modules/migrations/V100.php,Administrative/internal,5318
modules/addons/cloudhost247_modules/migrations/V110.php,Administrative/internal,1465
modules/addons/cloudhost247_ovh/bootstrap.php,Administrative/internal,319
modules/addons/cloudhost247_ovh/cloudhost247_ovh.php,Administrative/internal,36840
modules/addons/cloudhost247_ovh/hooks.php,Administrative/internal,241
modules/addons/cloudhost247_ovh/lib/Api/ApiException.php,Administrative/internal,369
modules/addons/cloudhost247_ovh/lib/Api/Client.php,Administrative/internal,2536
modules/addons/cloudhost247_ovh/lib/Api/Credentials.php,Administrative/internal,682
modules/addons/cloudhost247_ovh/lib/Api/CurlTransport.php,Administrative/internal,1427
modules/addons/cloudhost247_ovh/lib/Api/Endpoint.php,Administrative/internal,632
modules/addons/cloudhost247_ovh/lib/Api/Transport.php,Administrative/internal,151
modules/addons/cloudhost247_ovh/lib/Catalog/CatalogService.php,Administrative/internal,2486
modules/addons/cloudhost247_ovh/lib/Catalog/ConfigurableOptionMapper.php,Administrative/internal,6967
modules/addons/cloudhost247_ovh/lib/Catalog/DiscoveredOptionMatcher.php,Administrative/internal,7237
modules/addons/cloudhost247_ovh/lib/Normalization/CatalogNormalizer.php,Administrative/internal,3058
modules/addons/cloudhost247_ovh/lib/Normalization/IpNormalizer.php,Administrative/internal,475
modules/addons/cloudhost247_ovh/lib/Normalization/OptionValueExtractor.php,Administrative/internal,6382
modules/addons/cloudhost247_ovh/lib/Normalization/ProductSpecifications.php,Administrative/internal,4621
modules/addons/cloudhost247_ovh/lib/Operations/OperationsDashboard.php,Administrative/internal,3692
modules/addons/cloudhost247_ovh/lib/Pricing/PriceCalculator.php,Administrative/internal,800
modules/addons/cloudhost247_ovh/lib/Pricing/PricingService.php,Administrative/internal,4591
modules/addons/cloudhost247_ovh/lib/Pricing/SourcePriceExtractor.php,Administrative/internal,2231
modules/addons/cloudhost247_ovh/lib/Products/HostingProductManager.php,Administrative/internal,22532
modules/addons/cloudhost247_ovh/lib/Products/PublicCatalog.php,Administrative/internal,2163
modules/addons/cloudhost247_ovh/lib/Reconciliation/ExistingServiceLinker.php,Administrative/internal,13137
modules/addons/cloudhost247_ovh/lib/Reconciliation/OrderDiscovery.php,Administrative/internal,1990
modules/addons/cloudhost247_ovh/lib/Reconciliation/OrderPoller.php,Administrative/internal,2526
modules/addons/cloudhost247_ovh/lib/Reconciliation/OrderResourceResolver.php,Administrative/internal,612
modules/addons/cloudhost247_ovh/lib/Reconciliation/ProvisioningDecision.php,Administrative/internal,535
modules/addons/cloudhost247_ovh/lib/Reconciliation/ServiceMatcher.php,Administrative/internal,1186
modules/addons/cloudhost247_ovh/lib/Services/AdminController.php,Administrative/internal,11691
modules/addons/cloudhost247_ovh/lib/Services/AdvancedOperations.php,Administrative/internal,20251
modules/addons/cloudhost247_ovh/lib/Services/ClientServiceView.php,Administrative/internal,1911
modules/addons/cloudhost247_ovh/lib/Services/ConnectionResolver.php,Administrative/internal,3891
modules/addons/cloudhost247_ovh/lib/Services/ExecutionLock.php,Administrative/internal,781
modules/addons/cloudhost247_ovh/lib/Services/MappingRepository.php,Administrative/internal,1474
modules/addons/cloudhost247_ovh/lib/Services/Provisioner.php,Administrative/internal,6572
modules/addons/cloudhost247_ovh/lib/Services/ProvisioningStatePresenter.php,Administrative/internal,1177
modules/addons/cloudhost247_ovh/lib/Services/ReverseDnsManager.php,Administrative/internal,1115
modules/addons/cloudhost247_ovh/lib/Services/ServiceManager.php,Administrative/internal,6897
modules/addons/cloudhost247_ovh/lib/Services/Synchronizer.php,Administrative/internal,2173
modules/addons/cloudhost247_ovh/migrations/V100.php,Administrative/internal,1708
modules/addons/cloudhost247_ovh/migrations/V110.php,Administrative/internal,3313
modules/addons/cloudhost247_ovh/migrations/V120.php,Administrative/internal,1848
modules/addons/cloudhost247_ovh/migrations/V130.php,Administrative/internal,1097
modules/addons/cloudhost247_ovh/migrations/V140.php,Administrative/internal,1277
modules/addons/cloudhost247_ovh/migrations/V150.php,Administrative/internal,1288
modules/addons/cloudhost247_ovh/migrations/V160.php,Administrative/internal,1432
modules/addons/cloudhost247_ovh/migrations/V170.php,Administrative/internal,1257
modules/addons/cloudhost247_ovh/migrations/V180.php,Administrative/internal,1147
modules/addons/cloudhost247_passkey/README.md,Authentication,5733
modules/addons/cloudhost247_passkey/api.php,Authentication,14041
modules/addons/cloudhost247_passkey/assets/passkey.css,Authentication,2324
modules/addons/cloudhost247_passkey/assets/passkey.js,Authentication,13229
modules/addons/cloudhost247_passkey/bootstrap.php,Administrative/internal,1400
modules/addons/cloudhost247_passkey/cloudhost247_passkey.php,Authentication,4750
modules/addons/cloudhost247_passkey/hooks.php,Authentication,7491
modules/addons/cloudhost247_passkey/lib/ActionConfirmationService.php,Administrative/internal,7489
modules/addons/cloudhost247_passkey/lib/AdminController.php,Administrative/internal,13260
modules/addons/cloudhost247_passkey/lib/AuthenticationService.php,Administrative/internal,7588
modules/addons/cloudhost247_passkey/lib/Base64Url.php,Administrative/internal,1153
modules/addons/cloudhost247_passkey/lib/Cbor.php,Administrative/internal,7213
modules/addons/cloudhost247_passkey/lib/ChallengeRepository.php,Administrative/internal,5780
modules/addons/cloudhost247_passkey/lib/Config.php,Administrative/internal,8241
modules/addons/cloudhost247_passkey/lib/ConfigurationException.php,Administrative/internal,561
modules/addons/cloudhost247_passkey/lib/Cose.php,Administrative/internal,6158
modules/addons/cloudhost247_passkey/lib/CredentialRepository.php,Administrative/internal,7556
modules/addons/cloudhost247_passkey/lib/CredentialVerifier.php,Administrative/internal,11349
modules/addons/cloudhost247_passkey/lib/Crypto.php,Administrative/internal,3178
modules/addons/cloudhost247_passkey/lib/DeviceNamer.php,Administrative/internal,1026
modules/addons/cloudhost247_passkey/lib/EntraIdService.php,Administrative/internal,11848
modules/addons/cloudhost247_passkey/lib/EventLog.php,Administrative/internal,6214
modules/addons/cloudhost247_passkey/lib/Log.php,Administrative/internal,3353
modules/addons/cloudhost247_passkey/lib/MigrationRunner.php,Administrative/internal,2970
modules/addons/cloudhost247_passkey/lib/NotificationService.php,Administrative/internal,3192
modules/addons/cloudhost247_passkey/lib/PasskeyException.php,Administrative/internal,686
modules/addons/cloudhost247_passkey/lib/PasswordResetService.php,Administrative/internal,9674
modules/addons/cloudhost247_passkey/lib/PolicyService.php,Administrative/internal,6564
modules/addons/cloudhost247_passkey/lib/RateLimiter.php,Administrative/internal,3415
modules/addons/cloudhost247_passkey/lib/RegistrationService.php,Administrative/internal,8578
modules/addons/cloudhost247_passkey/lib/Schema.php,Administrative/internal,3120
modules/addons/cloudhost247_passkey/lib/SessionManager.php,Administrative/internal,3458
modules/addons/cloudhost247_passkey/lib/SettingsRepository.php,Administrative/internal,10473
modules/addons/cloudhost247_passkey/lib/UserDirectory.php,Administrative/internal,4288
modules/addons/cloudhost247_passkey/migrations/V100.php,Administrative/internal,9202
modules/addons/cloudhost247_passkey/templates/admin/index.tpl,Administrative/internal,21203
modules/addons/cloudhost247_passkey/templates/client/login.tpl,Authentication,1174
modules/addons/cloudhost247_passkey/templates/client/security.tpl,Authentication,3564
modules/addons/cloudhost247_payments/README.md,Checkout,4033
modules/addons/cloudhost247_payments/bootstrap.php,Administrative/internal,514
modules/addons/cloudhost247_payments/cloudhost247_payments.php,Checkout,3847
modules/addons/cloudhost247_payments/lib/Services/AdminController.php,Administrative/internal,22043
modules/addons/cloudhost247_payments/lib/Services/TransactionsView.php,Administrative/internal,10234
modules/addons/cloudhost247_payments/lib/Support/StatusMapper.php,Administrative/internal,3293
modules/addons/cloudhost247_smm/README.md,Administrative/internal,5121
modules/addons/cloudhost247_smm/bootstrap.php,Administrative/internal,422
modules/addons/cloudhost247_smm/cloudhost247_smm.php,Administrative/internal,3992
modules/addons/cloudhost247_smm/hooks.php,Administrative/internal,1906
modules/addons/cloudhost247_smm/lib/Adapters/AdapterFactory.php,Administrative/internal,2201
modules/addons/cloudhost247_smm/lib/Adapters/GenericSmmAdapter.php,Administrative/internal,11245
modules/addons/cloudhost247_smm/lib/Adapters/ProviderAdapter.php,Administrative/internal,2135
modules/addons/cloudhost247_smm/lib/Contracts/ApiRecorder.php,Administrative/internal,784
modules/addons/cloudhost247_smm/lib/Contracts/OrderStore.php,Administrative/internal,2696
modules/addons/cloudhost247_smm/lib/Contracts/ProviderFinder.php,Administrative/internal,925
modules/addons/cloudhost247_smm/lib/Repositories/LogRepository.php,Administrative/internal,3965
modules/addons/cloudhost247_smm/lib/Repositories/OrderRepository.php,Administrative/internal,11856
modules/addons/cloudhost247_smm/lib/Repositories/ProviderRepository.php,Administrative/internal,9094
modules/addons/cloudhost247_smm/lib/Services/AdminController.php,Administrative/internal,16279
modules/addons/cloudhost247_smm/lib/Services/AdminView.php,Administrative/internal,37581
modules/addons/cloudhost247_smm/lib/Services/Automation.php,Administrative/internal,7737
modules/addons/cloudhost247_smm/lib/Services/CatalogSync.php,Administrative/internal,3380
modules/addons/cloudhost247_smm/lib/Services/ClientAreaService.php,Administrative/internal,12706
modules/addons/cloudhost247_smm/lib/Services/ExecutionLock.php,Administrative/internal,2702
modules/addons/cloudhost247_smm/lib/Services/MappingService.php,Administrative/internal,8285
modules/addons/cloudhost247_smm/lib/Services/OrderService.php,Administrative/internal,20586
modules/addons/cloudhost247_smm/lib/Services/ProviderService.php,Administrative/internal,9774
modules/addons/cloudhost247_smm/lib/Services/ReconciliationService.php,Administrative/internal,5083
modules/addons/cloudhost247_smm/lib/Services/Settings.php,Administrative/internal,3221
modules/addons/cloudhost247_smm/lib/Services/StatusSyncService.php,Administrative/internal,8649
modules/addons/cloudhost247_smm/lib/Services/SyncService.php,Administrative/internal,6257
modules/addons/cloudhost247_smm/lib/Support/AdapterException.php,Administrative/internal,179
modules/addons/cloudhost247_smm/lib/Support/Crypto.php,Administrative/internal,2304
modules/addons/cloudhost247_smm/lib/Support/CurlTransport.php,Administrative/internal,2388
modules/addons/cloudhost247_smm/lib/Support/HttpTransport.php,Administrative/internal,903
modules/addons/cloudhost247_smm/lib/Support/ModuleException.php,Administrative/internal,616
modules/addons/cloudhost247_smm/lib/Support/Redactor.php,Administrative/internal,1997
modules/addons/cloudhost247_smm/lib/Support/StatusMap.php,Administrative/internal,5318
modules/addons/cloudhost247_smm/lib/Support/TransportException.php,Administrative/internal,190
modules/addons/cloudhost247_smm/lib/Support/UrlPolicy.php,Administrative/internal,6578
modules/addons/cloudhost247_smm/lib/Support/Validator.php,Administrative/internal,2533
modules/addons/cloudhost247_smm/migrations/V100.php,Administrative/internal,11512
modules/addons/cloudhost247_smm/templates/orders.tpl,Administrative/internal,1614
modules/addons/cloudhost247_theme/cloudhost247_theme.php,Administrative/internal,13228
modules/addons/cloudhost247_theme/hooks.php,Administrative/internal,5686
modules/addons/cloudhost247_theme/landing-bootstrap.php,Administrative/internal,1785
modules/addons/cloudhost247_theme/lib/AdminController.php,Administrative/internal,5687
modules/addons/cloudhost247_theme/lib/Content/ProductComponents.php,Administrative/internal,6522
modules/addons/cloudhost247_theme/lib/PublicDiscovery.php,Administrative/internal,3483
modules/addons/cloudhost247_theme/lib/PublicPage.php,Administrative/internal,7526
modules/addons/cloudhost247_theme/lib/Site.php,Administrative/internal,6348
modules/addons/cloudhost247_theme/lib/ThemeRepository.php,Administrative/internal,29016
modules/addons/cloudhost247_theme/lib/View/AdminPanels.php,Administrative/internal,5107
modules/addons/cloudhost247_theme/lib/View/PreviewRenderer.php,Administrative/internal,9171
modules/addons/cloudhost247_theme/migrations/V100.php,Administrative/internal,1240
modules/addons/cloudhost247_theme/migrations/V110.php,Administrative/internal,969
modules/addons/cloudhost247_theme/migrations/V120.php,Administrative/internal,2539
modules/addons/cloudhost247_theme/resources/site.json,Administrative/internal,44228
modules/addons/cloudhost247_tools/README.md,Developer,5272
modules/addons/cloudhost247_tools/api/index.php,Developer,2559
modules/addons/cloudhost247_tools/assets/css/cloudhost247-tools.css,Developer,10277
modules/addons/cloudhost247_tools/assets/js/cloudhost247-tools.js,Developer,85394
modules/addons/cloudhost247_tools/bootstrap.php,Administrative/internal,328
modules/addons/cloudhost247_tools/cloudhost247_tools.php,Developer,17741
modules/addons/cloudhost247_tools/hooks.php,Developer,1342
modules/addons/cloudhost247_tools/includes/api.php,Developer,10735
modules/addons/cloudhost247_tools/includes/classes.php,Developer,20253
modules/addons/cloudhost247_tools/includes/dns_client.php,Domains,13109
modules/addons/cloudhost247_tools/includes/functions.php,Developer,16211
modules/addons/cloudhost247_tools/includes/tools/designer_tools.php,Developer,6586
modules/addons/cloudhost247_tools/includes/tools/developer_tools.php,Developer,12513
modules/addons/cloudhost247_tools/includes/tools/dns_tools.php,Domains,16319
modules/addons/cloudhost247_tools/includes/tools/gaming_tools.php,Developer,3368
modules/addons/cloudhost247_tools/includes/tools/ip_tools.php,Developer,14623
modules/addons/cloudhost247_tools/includes/tools/network_tools.php,Developer,13638
modules/addons/cloudhost247_tools/includes/tools/productivity_tools.php,Developer,16773
modules/addons/cloudhost247_tools/includes/tools/security_tools.php,Developer,6933
modules/addons/cloudhost247_tools/includes/tools/webmaster_tools.php,Developer,6705
modules/addons/cloudhost247_tools/migrations/V227.php,Administrative/internal,3395
modules/addons/cloudhost247_tools/templates/client/category.tpl,Developer,2035
modules/addons/cloudhost247_tools/templates/client/dashboard.tpl,Developer,4261
modules/addons/cloudhost247_tools/templates/client/tool.tpl,Developer,5087
modules/addons/customaffiliate/README.md,Business,17314
modules/addons/customaffiliate/bootstrap.php,Administrative/internal,1025
modules/addons/customaffiliate/customaffiliate.php,Business,4645
modules/addons/customaffiliate/hooks.php,Business,8092
modules/addons/customaffiliate/install/migrations/2.0.0_commission_engine.sql,Administrative/internal,1436
modules/addons/customaffiliate/install/schema.sql,Business,7074
modules/addons/customaffiliate/lib/Admin.php,Administrative/internal,12954
modules/addons/customaffiliate/lib/Affiliates.php,Administrative/internal,7301
modules/addons/customaffiliate/lib/Catalog.php,Administrative/internal,6475
modules/addons/customaffiliate/lib/CommissionEngine.php,Administrative/internal,18777
modules/addons/customaffiliate/lib/Installer.php,Administrative/internal,11166
modules/addons/customaffiliate/lib/Ledger.php,Administrative/internal,10690
modules/addons/customaffiliate/lib/Logger.php,Administrative/internal,5534
modules/addons/customaffiliate/lib/Rules.php,Administrative/internal,7869
modules/addons/customaffiliate/lib/ServiceChange.php,Administrative/internal,4536
modules/addons/customaffiliate/lib/Settings.php,Administrative/internal,10620
modules/addons/customaffiliate/templates/admin/_helpers.php,Administrative/internal,816
modules/addons/customaffiliate/templates/admin/commissions.tpl,Administrative/internal,7142
modules/addons/customaffiliate/templates/admin/dashboard.tpl,Administrative/internal,8024
modules/addons/customaffiliate/templates/admin/ledger.tpl,Administrative/internal,5478
modules/addons/customaffiliate/templates/admin/logs.tpl,Administrative/internal,2440
modules/addons/customaffiliate/templates/admin/settings.tpl,Administrative/internal,9671
modules/addons/customaffiliate/utilities.php,Business,12522
modules/addons/digitalproducts/API.md,Developer,2927
modules/addons/digitalproducts/AUDIT.md,Administrative/internal,2707
modules/addons/digitalproducts/DATABASE.md,Administrative/internal,3703
modules/addons/digitalproducts/INSTALL.md,Administrative/internal,2023
modules/addons/digitalproducts/README.md,Administrative/internal,4325
modules/addons/digitalproducts/SECURITY.md,Administrative/internal,3167
modules/addons/digitalproducts/TESTING.md,Administrative/internal,1812
modules/addons/digitalproducts/UPGRADE.md,Administrative/internal,1947
modules/addons/digitalproducts/api.php,Developer,10007
modules/addons/digitalproducts/bootstrap.php,Administrative/internal,631
modules/addons/digitalproducts/digitalproducts.php,Administrative/internal,7549
modules/addons/digitalproducts/digitalproducts_clientarea.php,Client Area,827
modules/addons/digitalproducts/download.php,Administrative/internal,7844
modules/addons/digitalproducts/hooks.php,Administrative/internal,8590
modules/addons/digitalproducts/lib/Admin.php,Administrative/internal,39492
modules/addons/digitalproducts/lib/Client.php,Administrative/internal,8282
modules/addons/digitalproducts/lib/Core.php,Administrative/internal,26302
modules/addons/digitalproducts/lib/License.php,Administrative/internal,11713
modules/addons/digitalproducts/lib/Security/CapabilityPolicy.php,Administrative/internal,5663
modules/addons/digitalproducts/lib/Security/DownloadAuthorizer.php,Administrative/internal,7339
modules/addons/digitalproducts/lib/Security/RateLimiter.php,Administrative/internal,1696
modules/addons/digitalproducts/lib/Security/TokenService.php,Administrative/internal,2248
modules/addons/digitalproducts/lib/Security/UploadValidator.php,Administrative/internal,9483
modules/addons/digitalproducts/lib/Services/EmailService.php,Administrative/internal,5959
modules/addons/digitalproducts/lib/Services/EntitlementService.php,Administrative/internal,14440
modules/addons/digitalproducts/lib/Storage/LocalPrivateStorage.php,Administrative/internal,5329
modules/addons/digitalproducts/lib/Storage/StorageInterface.php,Administrative/internal,389
modules/addons/digitalproducts/lib/Support/Audit.php,Administrative/internal,1002
modules/addons/digitalproducts/migrations/V100.php,Administrative/internal,27430
modules/addons/digitalproducts/templates/client/downloads.tpl,Administrative/internal,1801
modules/addons/dnschecker/README.txt,Domains,6093
modules/addons/dnschecker/dnschecker.php,Domains,15509
modules/addons/dnschecker/hooks.php,Domains,966
modules/addons/dnschecker/templates/clientarea.tpl,Client Area,9341
modules/addons/phoneservices/README.md,Administrative/internal,21308
modules/addons/phoneservices/api/bootstrap.php,Administrative/internal,3755
modules/addons/phoneservices/api/rest.php,Developer,1764
modules/addons/phoneservices/api/webhooks/sendgrid.php,Developer,2232
modules/addons/phoneservices/api/webhooks/twilio.php,Developer,4461
modules/addons/phoneservices/api/webhooks/vonage.php,Developer,4611
modules/addons/phoneservices/api/webhooks/whatsapp.php,Developer,2945
modules/addons/phoneservices/assets/css/admin.css,Administrative/internal,2517
modules/addons/phoneservices/assets/css/client.css,Administrative/internal,3688
modules/addons/phoneservices/assets/js/admin/app.js,Administrative/internal,1063
modules/addons/phoneservices/assets/js/client/app.js,Administrative/internal,28439
modules/addons/phoneservices/bootstrap.php,Administrative/internal,1112
modules/addons/phoneservices/composer.json,Administrative/internal,954
modules/addons/phoneservices/cron/run.php,Administrative/internal,1698
modules/addons/phoneservices/hooks.php,Administrative/internal,7379
modules/addons/phoneservices/install/migrations/1.1.0_platform_hardening.sql,Administrative/internal,3617
modules/addons/phoneservices/install/schema.sql,Administrative/internal,14127
modules/addons/phoneservices/lang/english.php,Administrative/internal,1627
modules/addons/phoneservices/lib/API/Controllers/BaseController.php,Administrative/internal,3024
modules/addons/phoneservices/lib/API/Controllers/EsimController.php,Administrative/internal,4022
modules/addons/phoneservices/lib/API/Controllers/NumbersController.php,Administrative/internal,5520
modules/addons/phoneservices/lib/API/Controllers/SmsController.php,Administrative/internal,4860
modules/addons/phoneservices/lib/API/Controllers/UsageController.php,Administrative/internal,2811
modules/addons/phoneservices/lib/API/Controllers/VoipController.php,Administrative/internal,2418
modules/addons/phoneservices/lib/API/Middleware/AuthMiddleware.php,Administrative/internal,10177
modules/addons/phoneservices/lib/Core/Config.php,Administrative/internal,7770
modules/addons/phoneservices/lib/Core/Crypto.php,Administrative/internal,5572
modules/addons/phoneservices/lib/Core/Database.php,Administrative/internal,7378
modules/addons/phoneservices/lib/Core/HttpClient.php,Administrative/internal,6665
modules/addons/phoneservices/lib/Core/Installer.php,Administrative/internal,8720
modules/addons/phoneservices/lib/Core/Logger.php,Administrative/internal,5463
modules/addons/phoneservices/lib/Core/Module.php,Administrative/internal,21518
modules/addons/phoneservices/lib/Core/Provisioning.php,Administrative/internal,14834
modules/addons/phoneservices/lib/Core/Router.php,Administrative/internal,8070
modules/addons/phoneservices/lib/Core/Security.php,Administrative/internal,5644
modules/addons/phoneservices/lib/Interfaces/ChatProviderInterface.php,Administrative/internal,1315
modules/addons/phoneservices/lib/Interfaces/EmailProviderInterface.php,Administrative/internal,762
modules/addons/phoneservices/lib/Interfaces/EsimProviderInterface.php,Administrative/internal,855
modules/addons/phoneservices/lib/Interfaces/NumberProviderInterface.php,Administrative/internal,987
modules/addons/phoneservices/lib/Interfaces/SmsProviderInterface.php,Administrative/internal,744
modules/addons/phoneservices/lib/Interfaces/TelecomProviderInterface.php,Administrative/internal,679
modules/addons/phoneservices/lib/Interfaces/VoiceProviderInterface.php,Administrative/internal,844
modules/addons/phoneservices/lib/Providers/AbstractProvider.php,Administrative/internal,8263
modules/addons/phoneservices/lib/Providers/AiraloProvider.php,Administrative/internal,13465
modules/addons/phoneservices/lib/Providers/ProviderFactory.php,Administrative/internal,5701
modules/addons/phoneservices/lib/Providers/ProviderRegistry.php,Administrative/internal,8658
modules/addons/phoneservices/lib/Providers/SendgridProvider.php,Administrative/internal,5155
modules/addons/phoneservices/lib/Providers/TruphoneProvider.php,Administrative/internal,9118
modules/addons/phoneservices/lib/Providers/TwilioProvider.php,Administrative/internal,27235
modules/addons/phoneservices/lib/Providers/VonageProvider.php,Administrative/internal,24619
modules/addons/phoneservices/lib/Providers/WhatsAppProvider.php,Administrative/internal,9811
modules/addons/phoneservices/lib/Services/Cron.php,Administrative/internal,7073
modules/addons/phoneservices/lib/Services/EsimService.php,Administrative/internal,12745
modules/addons/phoneservices/lib/Services/NumberService.php,Administrative/internal,10629
modules/addons/phoneservices/lib/Services/PricingService.php,Administrative/internal,5940
modules/addons/phoneservices/lib/Services/SmsService.php,Administrative/internal,16882
modules/addons/phoneservices/lib/Services/UsageService.php,Administrative/internal,14293
modules/addons/phoneservices/lib/Services/VoipService.php,Administrative/internal,15303
modules/addons/phoneservices/phoneservices.php,Administrative/internal,8867
modules/addons/phoneservices/templates/admin/api_config.tpl,Administrative/internal,12479
modules/addons/phoneservices/templates/admin/dashboard.tpl,Administrative/internal,8794
modules/addons/phoneservices/templates/admin/esim.tpl,Administrative/internal,3382
modules/addons/phoneservices/templates/admin/logs.tpl,Administrative/internal,2951
modules/addons/phoneservices/templates/admin/numbers.tpl,Administrative/internal,6056
modules/addons/phoneservices/templates/admin/pricing.tpl,Administrative/internal,4215
modules/addons/phoneservices/templates/admin/providers.tpl,Administrative/internal,3848
modules/addons/phoneservices/templates/admin/sms.tpl,Administrative/internal,4184
modules/addons/phoneservices/templates/admin/transactions.tpl,Administrative/internal,6163
modules/addons/phoneservices/templates/admin/usage.tpl,Administrative/internal,3300
modules/addons/phoneservices/templates/admin/users.tpl,Administrative/internal,5461
modules/addons/phoneservices/templates/admin/voip.tpl,Administrative/internal,4036
modules/addons/phoneservices/templates/client/_helpers.php,Support,1857
modules/addons/phoneservices/templates/client/dashboard.tpl,Administrative/internal,3511
modules/addons/phoneservices/templates/client/esim.tpl,Administrative/internal,6051
modules/addons/phoneservices/templates/client/numbers.tpl,Administrative/internal,5539
modules/addons/phoneservices/templates/client/sms.tpl,Administrative/internal,5675
modules/addons/phoneservices/templates/client/usage.tpl,Administrative/internal,4182
modules/addons/phoneservices/templates/client/voip.tpl,Administrative/internal,5007
modules/addons/phoneservices/templates/clientarea.tpl,Client Area,2198
modules/addons/smmaddon/README.md,Administrative/internal,8041
modules/addons/smmaddon/example_api.php,Developer,4825
modules/addons/smmaddon/hooks.php,Administrative/internal,13324
modules/addons/smmaddon/lib/AdminDispatcher.php,Administrative/internal,16050
modules/addons/smmaddon/lib/ApiClient.php,Administrative/internal,4238
modules/addons/smmaddon/lib/Helper.php,Administrative/internal,7425
modules/addons/smmaddon/schema.sql,Administrative/internal,3842
modules/addons/smmaddon/smmaddon.php,Administrative/internal,8411
modules/addons/smmaddon/templates/admin/dashboard.php,Administrative/internal,4259
modules/addons/smmaddon/templates/admin/logs.php,Administrative/internal,3286
modules/addons/smmaddon/templates/admin/orders.php,Administrative/internal,4184
modules/addons/smmaddon/templates/admin/services.php,Administrative/internal,7817
modules/addons/smmaddon/templates/admin/settings.php,Administrative/internal,3276
modules/addons/soyoustart/classes/ApiCall.php,Developer,40197
modules/addons/soyoustart/classes/Configuration.php,Administrative/internal,5537
modules/addons/soyoustart/classes/ConsumerSetting.php,Administrative/internal,21243
modules/addons/soyoustart/classes/ConsumerSetting.php__,Administrative/internal,20772
modules/addons/soyoustart/classes/CustomDatabase.php,Administrative/internal,21008
modules/addons/soyoustart/classes/EmailTemplates.php,Email,12690
modules/addons/soyoustart/classes/ExistingServer.php,Administrative/internal,16762
modules/addons/soyoustart/classes/OrderManage.php,Administrative/internal,2798
modules/addons/soyoustart/classes/ProductSetting.php,Administrative/internal,65219
modules/addons/soyoustart/classes/ServerStatus.php,Support,2981
modules/addons/soyoustart/classes/index.php,Administrative/internal,53
modules/addons/soyoustart/classes/upgrade.php,Administrative/internal,5195
modules/addons/soyoustart/config.json,Administrative/internal,7387
modules/addons/soyoustart/hooks.php,Administrative/internal,25715
modules/addons/soyoustart/index.php,Administrative/internal,50
modules/addons/soyoustart/lang/dutch.php,Administrative/internal,16673
modules/addons/soyoustart/lang/english.php,Administrative/internal,17317
modules/addons/soyoustart/lang/french.php,Administrative/internal,17562
modules/addons/soyoustart/lang/index.php,Administrative/internal,53
modules/addons/soyoustart/lang/spanish.php,Administrative/internal,17972
modules/addons/soyoustart/lang/turkish.php,Administrative/internal,16999
modules/addons/soyoustart/lib/Admin/AdminDispatcher.php,Administrative/internal,543
modules/addons/soyoustart/lib/Admin/apicall.php,Administrative/internal,2336
modules/addons/soyoustart/lib/Admin/controller.php,Administrative/internal,82881
modules/addons/soyoustart/lib/Admin/index.php,Administrative/internal,55
modules/addons/soyoustart/lib/Helper.php,Administrative/internal,76099
modules/addons/soyoustart/lib/index.php,Administrative/internal,53
modules/addons/soyoustart/soyoustart.php,Administrative/internal,2529
modules/addons/soyoustart/templates/admin/addimap.tpl,Administrative/internal,11915
modules/addons/soyoustart/templates/admin/consumersetting.tpl,Administrative/internal,36136
modules/addons/soyoustart/templates/admin/dasboard.tpl,Administrative/internal,2643
modules/addons/soyoustart/templates/admin/existingserver.tpl,Administrative/internal,12088
modules/addons/soyoustart/templates/admin/footer.tpl,Administrative/internal,693
modules/addons/soyoustart/templates/admin/header.tpl,Administrative/internal,5185
modules/addons/soyoustart/templates/admin/imapsetting.tpl,Administrative/internal,8444
modules/addons/soyoustart/templates/admin/index.php,Administrative/internal,50
modules/addons/soyoustart/templates/admin/logs.tpl,Administrative/internal,4490
modules/addons/soyoustart/templates/admin/manageemailtemplates.tpl,Administrative/internal,8117
modules/addons/soyoustart/templates/admin/ordermanagement.tpl,Administrative/internal,3321
modules/addons/soyoustart/templates/admin/productpricesetting.tpl,Administrative/internal,5249
modules/addons/soyoustart/templates/admin/productsetting.tpl,Administrative/internal,16190
modules/addons/soyoustart/templates/admin/serversstatus.tpl,Administrative/internal,5122
modules/addons/soyoustart/templates/admin/settings.tpl,Administrative/internal,3481
modules/addons/soyoustart/templates/assets/css/index.php,Administrative/internal,55
modules/addons/soyoustart/templates/assets/css/style.css,Administrative/internal,36246
modules/addons/soyoustart/templates/assets/images/delivery-status.svg,Support,9282
modules/addons/soyoustart/templates/assets/images/disable.png,Administrative/internal,350
modules/addons/soyoustart/templates/assets/images/edit.png,Administrative/internal,413
modules/addons/soyoustart/templates/assets/images/enable.png,Administrative/internal,359
modules/addons/soyoustart/templates/assets/images/envelope.png,Administrative/internal,19541
modules/addons/soyoustart/templates/assets/images/google-login-button-asif18.png,Authentication,8581
modules/addons/soyoustart/templates/assets/images/icon_1.svg,Administrative/internal,2961
modules/addons/soyoustart/templates/assets/images/icon_11.svg,Administrative/internal,2663
modules/addons/soyoustart/templates/assets/images/icon_12.svg,Administrative/internal,1850
modules/addons/soyoustart/templates/assets/images/icon_2.svg,Administrative/internal,1075
modules/addons/soyoustart/templates/assets/images/icon_3.svg,Administrative/internal,844
modules/addons/soyoustart/templates/assets/images/icon_4.svg,Administrative/internal,1234
modules/addons/soyoustart/templates/assets/images/icon_5.svg,Administrative/internal,4300
modules/addons/soyoustart/templates/assets/images/icon_6.svg,Administrative/internal,1922
modules/addons/soyoustart/templates/assets/images/icon_7.svg,Administrative/internal,998
modules/addons/soyoustart/templates/assets/images/icon_doc.svg,Administrative/internal,1427
modules/addons/soyoustart/templates/assets/images/icon_existing.svg,Administrative/internal,3335
modules/addons/soyoustart/templates/assets/images/icon_price.svg,Administrative/internal,1215
modules/addons/soyoustart/templates/assets/images/imap.svg,Administrative/internal,17698
modules/addons/soyoustart/templates/assets/images/imap.svg_bkp,Administrative/internal,7144
modules/addons/soyoustart/templates/assets/images/index.php,Administrative/internal,55
modules/addons/soyoustart/templates/assets/images/loading.gif,Administrative/internal,1849
modules/addons/soyoustart/templates/assets/images/logo.png,Administrative/internal,2232
modules/addons/soyoustart/templates/assets/images/logo.svg__,Administrative/internal,46464
modules/addons/soyoustart/templates/assets/images/ovh_logo.svg,Administrative/internal,2733
modules/addons/soyoustart/templates/assets/images/preview.png,Administrative/internal,271826
modules/addons/soyoustart/templates/assets/index.php,Administrative/internal,54
modules/addons/soyoustart/templates/assets/js/index.php,Administrative/internal,55
modules/addons/soyoustart/templates/assets/js/script.js,Administrative/internal,71783
modules/addons/soyoustart/templates/assets/tinymce/changelog.txt,Administrative/internal,92798
modules/addons/soyoustart/templates/assets/tinymce/license.txt,Administrative/internal,26945
modules/addons/soyoustart/templates/assets/tinymce/plugins/advlist/index.js,Administrative/internal,211
modules/addons/soyoustart/templates/assets/tinymce/plugins/advlist/plugin.js,Administrative/internal,5703
modules/addons/soyoustart/templates/assets/tinymce/plugins/advlist/plugin.min.js,Administrative/internal,2226
modules/addons/soyoustart/templates/assets/tinymce/plugins/anchor/index.js,Administrative/internal,208
modules/addons/soyoustart/templates/assets/tinymce/plugins/anchor/plugin.js,Administrative/internal,3433
modules/addons/soyoustart/templates/assets/tinymce/plugins/anchor/plugin.min.js,Administrative/internal,1426
modules/addons/soyoustart/templates/assets/tinymce/plugins/autolink/index.js,Administrative/internal,214
modules/addons/soyoustart/templates/assets/tinymce/plugins/autolink/plugin.js,Administrative/internal,5798
modules/addons/soyoustart/templates/assets/tinymce/plugins/autolink/plugin.min.js,Administrative/internal,2127
modules/addons/soyoustart/templates/assets/tinymce/plugins/autoresize/index.js,Administrative/internal,220
modules/addons/soyoustart/templates/assets/tinymce/plugins/autoresize/plugin.js,Administrative/internal,5699
modules/addons/soyoustart/templates/assets/tinymce/plugins/autoresize/plugin.min.js,Administrative/internal,2074
modules/addons/soyoustart/templates/assets/tinymce/plugins/autosave/index.js,Administrative/internal,214
modules/addons/soyoustart/templates/assets/tinymce/plugins/autosave/plugin.js,Administrative/internal,7526
modules/addons/soyoustart/templates/assets/tinymce/plugins/autosave/plugin.min.js,Administrative/internal,3083
modules/addons/soyoustart/templates/assets/tinymce/plugins/bbcode/index.js,Administrative/internal,208
modules/addons/soyoustart/templates/assets/tinymce/plugins/bbcode/plugin.js,Administrative/internal,4004
modules/addons/soyoustart/templates/assets/tinymce/plugins/bbcode/plugin.min.js,Administrative/internal,2850
modules/addons/soyoustart/templates/assets/tinymce/plugins/charmap/index.js,Administrative/internal,211
modules/addons/soyoustart/templates/assets/tinymce/plugins/charmap/plugin.js,Administrative/internal,22205
modules/addons/soyoustart/templates/assets/tinymce/plugins/charmap/plugin.min.js,Administrative/internal,8601
modules/addons/soyoustart/templates/assets/tinymce/plugins/code/index.js,Administrative/internal,202
modules/addons/soyoustart/templates/assets/tinymce/plugins/code/plugin.js,Administrative/internal,2547
modules/addons/soyoustart/templates/assets/tinymce/plugins/code/plugin.min.js,Administrative/internal,1024
modules/addons/soyoustart/templates/assets/tinymce/plugins/codesample/css/prism.css,Administrative/internal,2472
modules/addons/soyoustart/templates/assets/tinymce/plugins/codesample/index.js,Administrative/internal,220
modules/addons/soyoustart/templates/assets/tinymce/plugins/codesample/plugin.js,Administrative/internal,34851
modules/addons/soyoustart/templates/assets/tinymce/plugins/codesample/plugin.min.js,Administrative/internal,19415
modules/addons/soyoustart/templates/assets/tinymce/plugins/colorpicker/index.js,Administrative/internal,223
modules/addons/soyoustart/templates/assets/tinymce/plugins/colorpicker/plugin.js,Administrative/internal,3479
modules/addons/soyoustart/templates/assets/tinymce/plugins/colorpicker/plugin.min.js,Administrative/internal,1349
modules/addons/soyoustart/templates/assets/tinymce/plugins/contextmenu/index.js,Administrative/internal,223
modules/addons/soyoustart/templates/assets/tinymce/plugins/contextmenu/plugin.js,Administrative/internal,4914
modules/addons/soyoustart/templates/assets/tinymce/plugins/contextmenu/plugin.min.js,Administrative/internal,1824
modules/addons/soyoustart/templates/assets/tinymce/plugins/directionality/index.js,Administrative/internal,232
modules/addons/soyoustart/templates/assets/tinymce/plugins/directionality/plugin.js,Administrative/internal,1917
modules/addons/soyoustart/templates/assets/tinymce/plugins/directionality/plugin.min.js,Administrative/internal,857
modules/addons/soyoustart/templates/assets/tinymce/plugins/emoticons/img/smiley-cool.gif,Administrative/internal,354
modules/addons/soyoustart/templates/assets/tinymce/plugins/emoticons/img/smiley-cry.gif,Administrative/internal,329
modules/addons/soyoustart/templates/assets/tinymce/plugins/emoticons/img/smiley-embarassed.gif,Administrative/internal,331
modules/addons/soyoustart/templates/assets/tinymce/plugins/emoticons/img/smiley-foot-in-mouth.gif,Administrative/internal,342
modules/addons/soyoustart/templates/assets/tinymce/plugins/emoticons/img/smiley-frown.gif,Administrative/internal,340
modules/addons/soyoustart/templates/assets/tinymce/plugins/emoticons/img/smiley-innocent.gif,Administrative/internal,336
modules/addons/soyoustart/templates/assets/tinymce/plugins/emoticons/img/smiley-kiss.gif,Administrative/internal,338
modules/addons/soyoustart/templates/assets/tinymce/plugins/emoticons/img/smiley-laughing.gif,Administrative/internal,343
modules/addons/soyoustart/templates/assets/tinymce/plugins/emoticons/img/smiley-money-mouth.gif,Administrative/internal,321
modules/addons/soyoustart/templates/assets/tinymce/plugins/emoticons/img/smiley-sealed.gif,Administrative/internal,323
modules/addons/soyoustart/templates/assets/tinymce/plugins/emoticons/img/smiley-smile.gif,Administrative/internal,344
modules/addons/soyoustart/templates/assets/tinymce/plugins/emoticons/img/smiley-surprised.gif,Administrative/internal,338
modules/addons/soyoustart/templates/assets/tinymce/plugins/emoticons/img/smiley-tongue-out.gif,Administrative/internal,328
modules/addons/soyoustart/templates/assets/tinymce/plugins/emoticons/img/smiley-undecided.gif,Administrative/internal,337
modules/addons/soyoustart/templates/assets/tinymce/plugins/emoticons/img/smiley-wink.gif,Administrative/internal,350
modules/addons/soyoustart/templates/assets/tinymce/plugins/emoticons/img/smiley-yell.gif,Administrative/internal,336
modules/addons/soyoustart/templates/assets/tinymce/plugins/emoticons/index.js,Administrative/internal,217
modules/addons/soyoustart/templates/assets/tinymce/plugins/emoticons/plugin.js,Administrative/internal,2339
modules/addons/soyoustart/templates/assets/tinymce/plugins/emoticons/plugin.min.js,Administrative/internal,1071
modules/addons/soyoustart/templates/assets/tinymce/plugins/fullpage/index.js,Administrative/internal,214
modules/addons/soyoustart/templates/assets/tinymce/plugins/fullpage/plugin.js,Administrative/internal,16864
modules/addons/soyoustart/templates/assets/tinymce/plugins/fullpage/plugin.min.js,Administrative/internal,7168
modules/addons/soyoustart/templates/assets/tinymce/plugins/fullscreen/index.js,Administrative/internal,220
modules/addons/soyoustart/templates/assets/tinymce/plugins/fullscreen/plugin.js,Administrative/internal,5487
modules/addons/soyoustart/templates/assets/tinymce/plugins/fullscreen/plugin.min.js,Administrative/internal,2161
modules/addons/soyoustart/templates/assets/tinymce/plugins/help/img/logo.png,Support,13208
modules/addons/soyoustart/templates/assets/tinymce/plugins/help/index.js,Support,202
modules/addons/soyoustart/templates/assets/tinymce/plugins/help/plugin.js,Support,27998
modules/addons/soyoustart/templates/assets/tinymce/plugins/help/plugin.min.js,Support,9992
modules/addons/soyoustart/templates/assets/tinymce/plugins/hr/index.js,Administrative/internal,196
modules/addons/soyoustart/templates/assets/tinymce/plugins/hr/plugin.js,Administrative/internal,942
modules/addons/soyoustart/templates/assets/tinymce/plugins/hr/plugin.min.js,Administrative/internal,428
modules/addons/soyoustart/templates/assets/tinymce/plugins/image/index.js,Administrative/internal,205
modules/addons/soyoustart/templates/assets/tinymce/plugins/image/plugin.js,Administrative/internal,42899
modules/addons/soyoustart/templates/assets/tinymce/plugins/image/plugin.min.js,Administrative/internal,18255
modules/addons/soyoustart/templates/assets/tinymce/plugins/imagetools/index.js,Developer,220
modules/addons/soyoustart/templates/assets/tinymce/plugins/imagetools/plugin.js,Developer,98362
modules/addons/soyoustart/templates/assets/tinymce/plugins/imagetools/plugin.min.js,Developer,36525
modules/addons/soyoustart/templates/assets/tinymce/plugins/importcss/index.js,Administrative/internal,217
modules/addons/soyoustart/templates/assets/tinymce/plugins/importcss/plugin.js,Administrative/internal,9383
modules/addons/soyoustart/templates/assets/tinymce/plugins/importcss/plugin.min.js,Administrative/internal,3167
modules/addons/soyoustart/templates/assets/tinymce/plugins/insertdatetime/index.js,Administrative/internal,232
modules/addons/soyoustart/templates/assets/tinymce/plugins/insertdatetime/plugin.js,Administrative/internal,6196
modules/addons/soyoustart/templates/assets/tinymce/plugins/insertdatetime/plugin.min.js,Administrative/internal,2633
modules/addons/soyoustart/templates/assets/tinymce/plugins/legacyoutput/index.js,Administrative/internal,226
modules/addons/soyoustart/templates/assets/tinymce/plugins/legacyoutput/plugin.js,Administrative/internal,6810
modules/addons/soyoustart/templates/assets/tinymce/plugins/legacyoutput/plugin.min.js,Administrative/internal,3402
modules/addons/soyoustart/templates/assets/tinymce/plugins/link/index.js,Administrative/internal,202
modules/addons/soyoustart/templates/assets/tinymce/plugins/link/plugin.js,Administrative/internal,23865
modules/addons/soyoustart/templates/assets/tinymce/plugins/link/plugin.min.js,Administrative/internal,8919
modules/addons/soyoustart/templates/assets/tinymce/plugins/lists/index.js,Administrative/internal,205
modules/addons/soyoustart/templates/assets/tinymce/plugins/lists/plugin.js,Administrative/internal,39778
modules/addons/soyoustart/templates/assets/tinymce/plugins/lists/plugin.min.js,Administrative/internal,14256
modules/addons/soyoustart/templates/assets/tinymce/plugins/media/index.js,Administrative/internal,205
modules/addons/soyoustart/templates/assets/tinymce/plugins/media/plugin.js,Administrative/internal,37495
modules/addons/soyoustart/templates/assets/tinymce/plugins/media/plugin.min.js,Administrative/internal,15064
modules/addons/soyoustart/templates/assets/tinymce/plugins/nonbreaking/index.js,Administrative/internal,223
modules/addons/soyoustart/templates/assets/tinymce/plugins/nonbreaking/plugin.js,Administrative/internal,2533
modules/addons/soyoustart/templates/assets/tinymce/plugins/nonbreaking/plugin.min.js,Administrative/internal,1012
modules/addons/soyoustart/templates/assets/tinymce/plugins/noneditable/index.js,Administrative/internal,223
modules/addons/soyoustart/templates/assets/tinymce/plugins/noneditable/plugin.js,Administrative/internal,4265
modules/addons/soyoustart/templates/assets/tinymce/plugins/noneditable/plugin.min.js,Administrative/internal,1540
modules/addons/soyoustart/templates/assets/tinymce/plugins/pagebreak/index.js,Administrative/internal,217
modules/addons/soyoustart/templates/assets/tinymce/plugins/pagebreak/plugin.js,Administrative/internal,3536
modules/addons/soyoustart/templates/assets/tinymce/plugins/pagebreak/plugin.min.js,Administrative/internal,1436
modules/addons/soyoustart/templates/assets/tinymce/plugins/paste/index.js,Administrative/internal,205
modules/addons/soyoustart/templates/assets/tinymce/plugins/paste/plugin.js,Administrative/internal,55180
modules/addons/soyoustart/templates/assets/tinymce/plugins/paste/plugin.min.js,Administrative/internal,21601
modules/addons/soyoustart/templates/assets/tinymce/plugins/preview/index.js,Administrative/internal,211
modules/addons/soyoustart/templates/assets/tinymce/plugins/preview/plugin.js,Administrative/internal,4557
modules/addons/soyoustart/templates/assets/tinymce/plugins/preview/plugin.min.js,Administrative/internal,2044
modules/addons/soyoustart/templates/assets/tinymce/plugins/print/index.js,Administrative/internal,205
modules/addons/soyoustart/templates/assets/tinymce/plugins/print/plugin.js,Administrative/internal,871
modules/addons/soyoustart/templates/assets/tinymce/plugins/print/plugin.min.js,Administrative/internal,366
modules/addons/soyoustart/templates/assets/tinymce/plugins/save/index.js,Administrative/internal,202
modules/addons/soyoustart/templates/assets/tinymce/plugins/save/plugin.js,Administrative/internal,3409
modules/addons/soyoustart/templates/assets/tinymce/plugins/save/plugin.min.js,Administrative/internal,1426
modules/addons/soyoustart/templates/assets/tinymce/plugins/searchreplace/index.js,Marketing,229
modules/addons/soyoustart/templates/assets/tinymce/plugins/searchreplace/plugin.js,Marketing,20330
modules/addons/soyoustart/templates/assets/tinymce/plugins/searchreplace/plugin.min.js,Marketing,7358
modules/addons/soyoustart/templates/assets/tinymce/plugins/spellchecker/index.js,Administrative/internal,226
modules/addons/soyoustart/templates/assets/tinymce/plugins/spellchecker/plugin.js,Administrative/internal,27429
modules/addons/soyoustart/templates/assets/tinymce/plugins/spellchecker/plugin.min.js,Administrative/internal,10184
modules/addons/soyoustart/templates/assets/tinymce/plugins/tabfocus/index.js,Administrative/internal,214
modules/addons/soyoustart/templates/assets/tinymce/plugins/tabfocus/plugin.js,Administrative/internal,3643
modules/addons/soyoustart/templates/assets/tinymce/plugins/tabfocus/plugin.min.js,Administrative/internal,1631
modules/addons/soyoustart/templates/assets/tinymce/plugins/table/index.js,Administrative/internal,205
modules/addons/soyoustart/templates/assets/tinymce/plugins/table/plugin.js,Administrative/internal,368068
modules/addons/soyoustart/templates/assets/tinymce/plugins/table/plugin.min.js,Administrative/internal,135387
modules/addons/soyoustart/templates/assets/tinymce/plugins/template/index.js,Administrative/internal,214
modules/addons/soyoustart/templates/assets/tinymce/plugins/template/plugin.js,Administrative/internal,13969
modules/addons/soyoustart/templates/assets/tinymce/plugins/template/plugin.min.js,Administrative/internal,5414
modules/addons/soyoustart/templates/assets/tinymce/plugins/textcolor/index.js,Administrative/internal,217
modules/addons/soyoustart/templates/assets/tinymce/plugins/textcolor/plugin.js,Administrative/internal,11183
modules/addons/soyoustart/templates/assets/tinymce/plugins/textcolor/plugin.min.js,Administrative/internal,4924
modules/addons/soyoustart/templates/assets/tinymce/plugins/textpattern/index.js,Administrative/internal,223
modules/addons/soyoustart/templates/assets/tinymce/plugins/textpattern/plugin.js,Administrative/internal,11683
modules/addons/soyoustart/templates/assets/tinymce/plugins/textpattern/plugin.min.js,Administrative/internal,4412
modules/addons/soyoustart/templates/assets/tinymce/plugins/toc/index.js,Administrative/internal,199
modules/addons/soyoustart/templates/assets/tinymce/plugins/toc/plugin.js,Administrative/internal,7228
modules/addons/soyoustart/templates/assets/tinymce/plugins/toc/plugin.min.js,Administrative/internal,2941
modules/addons/soyoustart/templates/assets/tinymce/plugins/visualblocks/css/visualblocks.css,Administrative/internal,5627
modules/addons/soyoustart/templates/assets/tinymce/plugins/visualblocks/index.js,Administrative/internal,226
modules/addons/soyoustart/templates/assets/tinymce/plugins/visualblocks/plugin.js,Administrative/internal,4315
modules/addons/soyoustart/templates/assets/tinymce/plugins/visualblocks/plugin.min.js,Administrative/internal,1691
modules/addons/soyoustart/templates/assets/tinymce/plugins/visualchars/index.js,Administrative/internal,223
modules/addons/soyoustart/templates/assets/tinymce/plugins/visualchars/plugin.js,Administrative/internal,20237
modules/addons/soyoustart/templates/assets/tinymce/plugins/visualchars/plugin.min.js,Administrative/internal,6294
modules/addons/soyoustart/templates/assets/tinymce/plugins/wordcount/index.js,Administrative/internal,217
modules/addons/soyoustart/templates/assets/tinymce/plugins/wordcount/plugin.js,Administrative/internal,16721
modules/addons/soyoustart/templates/assets/tinymce/plugins/wordcount/plugin.min.js,Administrative/internal,10937
modules/addons/soyoustart/templates/assets/tinymce/readme.md,Administrative/internal,3624
modules/addons/soyoustart/templates/assets/tinymce/skins/lightgray/content.inline.min.css,Administrative/internal,3375
modules/addons/soyoustart/templates/assets/tinymce/skins/lightgray/content.min.css,Administrative/internal,3781
modules/addons/soyoustart/templates/assets/tinymce/skins/lightgray/content.mobile.min.css,Administrative/internal,234
modules/addons/soyoustart/templates/assets/tinymce/skins/lightgray/fonts/tinymce-mobile.woff,Administrative/internal,4624
modules/addons/soyoustart/templates/assets/tinymce/skins/lightgray/fonts/tinymce-small.eot,Administrative/internal,9492
modules/addons/soyoustart/templates/assets/tinymce/skins/lightgray/fonts/tinymce-small.svg,Administrative/internal,24789
modules/addons/soyoustart/templates/assets/tinymce/skins/lightgray/fonts/tinymce-small.ttf,Administrative/internal,9304
modules/addons/soyoustart/templates/assets/tinymce/skins/lightgray/fonts/tinymce-small.woff,Administrative/internal,9380
modules/addons/soyoustart/templates/assets/tinymce/skins/lightgray/fonts/tinymce.eot,Administrative/internal,18808
modules/addons/soyoustart/templates/assets/tinymce/skins/lightgray/fonts/tinymce.svg,Administrative/internal,46119
modules/addons/soyoustart/templates/assets/tinymce/skins/lightgray/fonts/tinymce.ttf,Administrative/internal,18644
modules/addons/soyoustart/templates/assets/tinymce/skins/lightgray/fonts/tinymce.woff,Administrative/internal,18720
modules/addons/soyoustart/templates/assets/tinymce/skins/lightgray/img/anchor.gif,Administrative/internal,53
modules/addons/soyoustart/templates/assets/tinymce/skins/lightgray/img/loader.gif,Administrative/internal,2608
modules/addons/soyoustart/templates/assets/tinymce/skins/lightgray/img/object.gif,Administrative/internal,152
modules/addons/soyoustart/templates/assets/tinymce/skins/lightgray/img/trans.gif,Administrative/internal,43
modules/addons/soyoustart/templates/assets/tinymce/skins/lightgray/skin.min.css,Administrative/internal,43950
modules/addons/soyoustart/templates/assets/tinymce/skins/lightgray/skin.mobile.min.css,Administrative/internal,28006
modules/addons/soyoustart/templates/assets/tinymce/themes/inlite/index.js,Administrative/internal,204
modules/addons/soyoustart/templates/assets/tinymce/themes/inlite/theme.js,Administrative/internal,339115
modules/addons/soyoustart/templates/assets/tinymce/themes/inlite/theme.min.js,Administrative/internal,137124
modules/addons/soyoustart/templates/assets/tinymce/themes/mobile/index.js,Administrative/internal,204
modules/addons/soyoustart/templates/assets/tinymce/themes/mobile/theme.js,Administrative/internal,468704
modules/addons/soyoustart/templates/assets/tinymce/themes/mobile/theme.min.js,Administrative/internal,174158
modules/addons/soyoustart/templates/assets/tinymce/themes/modern/index.js,Administrative/internal,204
modules/addons/soyoustart/templates/assets/tinymce/themes/modern/theme.js,Administrative/internal,332992
modules/addons/soyoustart/templates/assets/tinymce/themes/modern/theme.min.js,Administrative/internal,135904
modules/addons/soyoustart/templates/assets/tinymce/tinymce.min.js,Administrative/internal,350402
modules/addons/soyoustart/templates/index.php,Administrative/internal,53
modules/addons/tools_center/API.md,Developer,12399
modules/addons/tools_center/INSTALL.md,Developer,8414
modules/addons/tools_center/README.md,Developer,2420
modules/addons/tools_center/clientarea.php,Client Area,13141
modules/addons/tools_center/css/tools-center.css,Developer,13561
modules/addons/tools_center/external-api/api.php,Developer,4096
modules/addons/tools_center/external-api/auth.php,Authentication,3776
modules/addons/tools_center/external-api/cache.php,Developer,3666
modules/addons/tools_center/external-api/config.php,Developer,1719
modules/addons/tools_center/external-api/rate-limit.php,Developer,4114
modules/addons/tools_center/external-api/tools/designer.php,Developer,12938
modules/addons/tools_center/external-api/tools/developer.php,Developer,27932
modules/addons/tools_center/external-api/tools/dns.php,Domains,29259
modules/addons/tools_center/external-api/tools/gaming.php,Developer,6377
modules/addons/tools_center/external-api/tools/ip.php,Developer,44104
modules/addons/tools_center/external-api/tools/network.php,Developer,18676
modules/addons/tools_center/external-api/tools/productivity.php,Developer,29624
modules/addons/tools_center/external-api/tools/search.php,Developer,4479
modules/addons/tools_center/external-api/tools/security.php,Developer,16518
modules/addons/tools_center/external-api/tools/webmaster.php,Developer,18113
modules/addons/tools_center/hooks.php,Developer,7707
modules/addons/tools_center/install.sql,Developer,4871
modules/addons/tools_center/js/tools-center.js,Developer,19485
modules/addons/tools_center/templates/tools/category.tpl,Developer,1909
modules/addons/tools_center/templates/tools/dashboard.tpl,Developer,3972
modules/addons/tools_center/templates/tools/tool.tpl,Developer,25442
modules/addons/tools_center/tools_center.php,Developer,10694
modules/addons/xtreme_currency_rates/api.php,Developer,78141
modules/addons/xtreme_currency_rates/css/style.css,Administrative/internal,62403
modules/addons/xtreme_currency_rates/hooks.php,Administrative/internal,2972
modules/addons/xtreme_currency_rates/hooks/AdminCssInject.php,Administrative/internal,2231
modules/addons/xtreme_currency_rates/hooks/AdminDashboardWidget.php,Administrative/internal,12986
modules/addons/xtreme_currency_rates/hooks/AfterCronJob.php,Administrative/internal,17894
modules/addons/xtreme_currency_rates/hooks/FetchCurrencyExchangeRates.php,Administrative/internal,6198
modules/addons/xtreme_currency_rates/languages/english.php,Administrative/internal,2190
modules/addons/xtreme_currency_rates/pages/dashboard.php,Administrative/internal,31965
modules/addons/xtreme_currency_rates/pages/documentation.php,Administrative/internal,17837
modules/addons/xtreme_currency_rates/pages/license_verify.php,Administrative/internal,13987
modules/addons/xtreme_currency_rates/pages/module_settings.php,Administrative/internal,63053
modules/addons/xtreme_currency_rates/pages/other_modules.php,Administrative/internal,3767
modules/addons/xtreme_currency_rates/pages/partials/support_sidebar.php,Support,4026
modules/addons/xtreme_currency_rates/pages/rate_history.php,Administrative/internal,39251
modules/addons/xtreme_currency_rates/pages/update_module.php,Administrative/internal,12857
modules/addons/xtreme_currency_rates/security/guard.php,Administrative/internal,12131
modules/addons/xtreme_currency_rates/security/ioncube_callback.php,Administrative/internal,8083
modules/addons/xtreme_currency_rates/xtreme_currency_rates.php,Administrative/internal,32281
modules/gateways/blockonomics.php,Administrative/internal,18059
modules/gateways/blockonomics/assets/css/order.css,Administrative/internal,7543
modules/gateways/blockonomics/assets/fonts/blockonomics-icons.woff,Administrative/internal,3068
modules/gateways/blockonomics/assets/fonts/cryptos.woff,Administrative/internal,2284
modules/gateways/blockonomics/assets/img/bch.png,Administrative/internal,1395
modules/gateways/blockonomics/assets/img/btc.png,Administrative/internal,989
modules/gateways/blockonomics/assets/img/usdt.png,Administrative/internal,5990
modules/gateways/blockonomics/assets/js/checkout.js,Checkout,13412
modules/gateways/blockonomics/assets/js/vendors/ethers.min.js,Administrative/internal,733070
modules/gateways/blockonomics/assets/js/vendors/qrious.min.js,Administrative/internal,17579
modules/gateways/blockonomics/assets/js/vendors/reconnecting-websocket.min.js,Administrative/internal,3136
modules/gateways/blockonomics/assets/js/web3_checkout.js,Checkout,8660
modules/gateways/blockonomics/assets/templates/checkout.tpl,Checkout,4698
modules/gateways/blockonomics/assets/templates/crypto_options.tpl,Administrative/internal,772
modules/gateways/blockonomics/assets/templates/no_crypto_selected.tpl,Administrative/internal,268
modules/gateways/blockonomics/assets/templates/web3_checkout.tpl,Checkout,5662
modules/gateways/blockonomics/blockonomics.php,Administrative/internal,39647
modules/gateways/blockonomics/lang/english.php,Administrative/internal,5682
modules/gateways/blockonomics/lib/GatewaySettings.php,Administrative/internal,11820
modules/gateways/blockonomics/lib/Keccak256.php,Administrative/internal,7878
modules/gateways/blockonomics/logo.png,Administrative/internal,18348
modules/gateways/blockonomics/payment.php,Checkout,4425
modules/gateways/blockonomics/pollTransactionStatus.php,Support,5586
modules/gateways/blockonomics/testsetup.php,Administrative/internal,258
modules/gateways/blockonomics/upgrade.php,Administrative/internal,3126
modules/gateways/blockonomics/whmcs.json,Administrative/internal,740
modules/gateways/callback/blockonomics.php,Administrative/internal,7251
modules/servers/RDP/RDP.php,Administrative/internal,11570
modules/servers/RDP/assets/css/admin-style.css,Administrative/internal,542
modules/servers/RDP/assets/css/client-style.css,Administrative/internal,1670
modules/servers/RDP/assets/css/client.css,Administrative/internal,832
modules/servers/RDP/assets/css/index.php,Administrative/internal,51
modules/servers/RDP/assets/images/netlink.webp,Administrative/internal,4458
modules/servers/RDP/assets/index.php,Administrative/internal,51
modules/servers/RDP/assets/js/admin-script.js,Administrative/internal,961
modules/servers/RDP/assets/js/client-script.js,Administrative/internal,875
modules/servers/RDP/assets/js/index.php,Administrative/internal,51
modules/servers/RDP/bootstrap.php,Administrative/internal,348
modules/servers/RDP/hooks.php,Administrative/internal,1075
modules/servers/RDP/lib/Api/ConfigResolver.php,Administrative/internal,2392
modules/servers/RDP/lib/Api/ProviderClient.php,Administrative/internal,5406
modules/servers/RDP/lib/Api/ProviderException.php,Administrative/internal,365
modules/servers/RDP/lib/Contracts/Ledger.php,Administrative/internal,427
modules/servers/RDP/lib/Contracts/Provider.php,Administrative/internal,342
modules/servers/RDP/lib/Helper.php,Administrative/internal,11024
modules/servers/RDP/lib/Operations/DatabaseLedger.php,Administrative/internal,3025
modules/servers/RDP/lib/Operations/LifecycleService.php,Administrative/internal,4700
modules/servers/RDP/lib/index.php,Administrative/internal,51
modules/servers/RDP/migrations/V100.php,Administrative/internal,1422
modules/servers/RDP/templates/error.tpl,Administrative/internal,1969
modules/servers/RDP/templates/overview.tpl,Administrative/internal,2114
modules/servers/Smtphosting/Actions/CreateSSL.php,Email,2039
modules/servers/Smtphosting/App/Config/Packages/Provisioning.php,Email,358
modules/servers/Smtphosting/App/Config/Packages/WhmcsService.php,Email,1359
modules/servers/Smtphosting/App/Config/configuration.yml,Email,392
modules/servers/Smtphosting/App/Config/cron.yml,Email,6
modules/servers/Smtphosting/App/Config/di/buildWithDefaultMethod.yml,Email,11
modules/servers/Smtphosting/App/Config/di/interface.yml,Email,15
modules/servers/Smtphosting/App/Config/di/register.yml,Authentication,10
modules/servers/Smtphosting/App/Config/di/rewrite.yml,Email,1767
modules/servers/Smtphosting/App/Config/di/services.yml,Email,0
modules/servers/Smtphosting/App/Config/events.php,Email,18
modules/servers/Smtphosting/App/Config/hooks.yml,Email,106
modules/servers/Smtphosting/App/Config/menu/admin.yml,Email,279
modules/servers/Smtphosting/App/Config/menu/client.yml,Email,312
modules/servers/Smtphosting/App/Config/sidebars.yml,Email,107
modules/servers/Smtphosting/App/Config/ui/admin/home/index.yml,Administrative/internal,1
modules/servers/Smtphosting/App/Helpers/ClientAreaSidebar.php,Client Area,4235
modules/servers/Smtphosting/App/Helpers/PageController.php,Email,3189
modules/servers/Smtphosting/App/Helpers/ResellerModuleChecker.php,Email,1657
modules/servers/Smtphosting/App/Hooks/AdminProductConfigFieldsSave.php,Email,572
modules/servers/Smtphosting/App/Hooks/ClientAreaPrimarySidebar.php,Client Area,1174
modules/servers/Smtphosting/App/Http/Actions/AbstractAction.php,Email,145
modules/servers/Smtphosting/App/Http/Actions/AdminServicesTabFields.php,Email,763
modules/servers/Smtphosting/App/Http/Actions/ChangePackage.php,Email,1539
modules/servers/Smtphosting/App/Http/Actions/ChangePassword.php,Authentication,977
modules/servers/Smtphosting/App/Http/Actions/ClientArea.php,Client Area,2890
modules/servers/Smtphosting/App/Http/Actions/ClientAreaCustomButtonArray.php,Client Area,2037
modules/servers/Smtphosting/App/Http/Actions/ConfigOptions.php,Email,1725
modules/servers/Smtphosting/App/Http/Actions/CreateAccount.php,Client Area,4028
modules/servers/Smtphosting/App/Http/Actions/MetaData.php,Email,470
modules/servers/Smtphosting/App/Http/Actions/Renew.php,Email,832
modules/servers/Smtphosting/App/Http/Actions/SuspendAccount.php,Client Area,906
modules/servers/Smtphosting/App/Http/Actions/Synchronize.php,Email,2615
modules/servers/Smtphosting/App/Http/Actions/TerminateAccount.php,Client Area,1363
modules/servers/Smtphosting/App/Http/Actions/TestConnection.php,Email,1067
modules/servers/Smtphosting/App/Http/Actions/UnsuspendAccount.php,Client Area,903
modules/servers/Smtphosting/App/Http/Admin/ProductConfig.php,Administrative/internal,1546
modules/servers/Smtphosting/App/Traits/HostingComponent.php,Email,477
modules/servers/Smtphosting/App/UI/Admin/CustomFields/Buttons/AddCustomField.php,Administrative/internal,774
modules/servers/Smtphosting/App/UI/Admin/CustomFields/Buttons/AddCustomFields.php,Administrative/internal,825
modules/servers/Smtphosting/App/UI/Admin/CustomFields/Buttons/OptionDetails.php,Administrative/internal,824
modules/servers/Smtphosting/App/UI/Admin/CustomFields/CustomFieldsWidget.php,Administrative/internal,988
modules/servers/Smtphosting/App/UI/Admin/CustomFields/Forms/AddCustomFields.php,Administrative/internal,1790
modules/servers/Smtphosting/App/UI/Admin/CustomFields/Modals/AddCustomFields.php,Administrative/internal,737
modules/servers/Smtphosting/App/UI/Admin/CustomFields/OptionsTable.php,Administrative/internal,2914
modules/servers/Smtphosting/App/UI/Admin/CustomFields/Providers/CustomFields.php,Administrative/internal,2211
modules/servers/Smtphosting/App/UI/Admin/Home/Pages/HomePage.php,Administrative/internal,400
modules/servers/Smtphosting/App/UI/Admin/LoggerManager/Buttons/DeleteAllLoggersButton.php,Administrative/internal,940
modules/servers/Smtphosting/App/UI/Admin/LoggerManager/Buttons/DeleteLoggerModalButton.php,Administrative/internal,898
modules/servers/Smtphosting/App/UI/Admin/LoggerManager/Buttons/MassDeleteLoggerButton.php,Administrative/internal,896
modules/servers/Smtphosting/App/UI/Admin/LoggerManager/Forms/DeleteAllLoggerForm.php,Administrative/internal,1273
modules/servers/Smtphosting/App/UI/Admin/LoggerManager/Forms/DeleteLoggerForm.php,Administrative/internal,1234
modules/servers/Smtphosting/App/UI/Admin/LoggerManager/Modals/DeleteAllLoggersModal.php,Administrative/internal,801
modules/servers/Smtphosting/App/UI/Admin/LoggerManager/Modals/DeleteLoggerModal.php,Administrative/internal,901
modules/servers/Smtphosting/App/UI/Admin/LoggerManager/Modals/MassDeleteLoggerModal.php,Administrative/internal,869
modules/servers/Smtphosting/App/UI/Admin/LoggerManager/Pages/LoggerPage.php,Administrative/internal,3597
modules/servers/Smtphosting/App/UI/Admin/LoggerManager/Providers/LoggerDataProvider.php,Administrative/internal,1521
modules/servers/Smtphosting/App/UI/Admin/ProductConfig/Fields/Blueprint.php,Administrative/internal,3038
modules/servers/Smtphosting/App/UI/Admin/ProductConfig/Fields/Bundles.php,Administrative/internal,3602
modules/servers/Smtphosting/App/UI/Admin/ProductConfig/Fields/EmailTemplates.php,Administrative/internal,2265
modules/servers/Smtphosting/App/UI/Admin/ProductConfig/Fields/Platform.php,Administrative/internal,1490
modules/servers/Smtphosting/App/UI/Admin/ProductConfig/Fields/Region.php,Administrative/internal,1994
modules/servers/Smtphosting/App/UI/Admin/ProductConfig/Fields/Zone.php,Administrative/internal,2409
modules/servers/Smtphosting/App/UI/Admin/ProductConfig/Pages/ConfigForm.php,Administrative/internal,1419
modules/servers/Smtphosting/App/UI/Admin/ProductConfig/Pages/ConfigurableOptions.php,Administrative/internal,372
modules/servers/Smtphosting/App/UI/Admin/ProductConfig/Pages/CronInfo.php,Administrative/internal,753
modules/servers/Smtphosting/App/UI/Admin/ProductConfig/Providers/Config.php,Administrative/internal,7751
modules/servers/Smtphosting/App/UI/Admin/ProductConfig/Sections/ClientAreaFeatures.php,Administrative/internal,3439
modules/servers/Smtphosting/App/UI/Admin/ProductConfig/Sections/CustomFieldsWidget.php,Administrative/internal,1313
modules/servers/Smtphosting/App/UI/Admin/ProductConfig/Sections/First.php,Administrative/internal,1607
modules/servers/Smtphosting/App/UI/Admin/ProductConfig/Sections/ResellerProductConfig.php,Administrative/internal,2178
modules/servers/Smtphosting/App/UI/Admin/Templates/assets/css/integration.css,Administrative/internal,654
modules/servers/Smtphosting/App/UI/Admin/Templates/assets/css/module_styles.css,Administrative/internal,90
modules/servers/Smtphosting/App/UI/Admin/Templates/assets/css/productConfig/index.css,Administrative/internal,137
modules/servers/Smtphosting/App/UI/Admin/Templates/assets/img/firewall.png,Administrative/internal,239241
modules/servers/Smtphosting/App/UI/Admin/Templates/assets/img/graphs.png,Administrative/internal,226601
modules/servers/Smtphosting/App/UI/Admin/Templates/assets/img/password.png,Administrative/internal,2357
modules/servers/Smtphosting/App/UI/Admin/Templates/assets/img/powerOffButton.png,Administrative/internal,226446
modules/servers/Smtphosting/App/UI/Admin/Templates/assets/img/powerOnButton.png,Administrative/internal,226388
modules/servers/Smtphosting/App/UI/Admin/Templates/assets/img/reboot.png,Administrative/internal,1716
modules/servers/Smtphosting/App/UI/Admin/Templates/assets/img/snapshots.png,Administrative/internal,237945
modules/servers/Smtphosting/App/UI/Admin/Templates/assets/js/productConfig/index.js,Administrative/internal,8355
modules/servers/Smtphosting/App/UI/Admin/Templates/assets/js/serverPage.js,Administrative/internal,426
modules/servers/Smtphosting/App/UI/Admin/Templates/assets/js/servicePageIntegration/index.js,Administrative/internal,277
modules/servers/Smtphosting/App/UI/Admin/Templates/home/pages/homePage.tpl,Administrative/internal,1371
modules/servers/Smtphosting/App/UI/Admin/Templates/loggerManager/buttons/deleteAllLoggersButton.tpl,Administrative/internal,1253
modules/servers/Smtphosting/App/UI/ConfigOptionsSection.php,Email,2100
modules/servers/Smtphosting/App/UI/CustomFieldsSection.php,Email,2235
modules/servers/Smtphosting/App/menu/admin.yml,Email,288
modules/servers/Smtphosting/App/menu/client.yml,Email,382
modules/servers/Smtphosting/Calls/CustomFieldsValuesRequest.php,Email,494
modules/servers/Smtphosting/Calls/GetInfo.php,Email,256
modules/servers/Smtphosting/Calls/ProductOrderRequest.php,Email,484
modules/servers/Smtphosting/Calls/ProductsListRequest.php,Email,318
modules/servers/Smtphosting/Calls/ReissueLicense.php,Email,326
modules/servers/Smtphosting/Calls/ServiceBootRequest.php,Email,326
modules/servers/Smtphosting/Calls/ServiceChangePasswordRequest.php,Authentication,347
modules/servers/Smtphosting/Calls/ServiceDetailsRequest.php,Email,480
modules/servers/Smtphosting/Calls/ServiceGetTemplatesRequest.php,Email,338
modules/servers/Smtphosting/Calls/ServiceGraphsRequest.php,Email,331
modules/servers/Smtphosting/Calls/ServicePowerOffRequest.php,Email,334
modules/servers/Smtphosting/Calls/ServiceRebootRequest.php,Email,331
modules/servers/Smtphosting/Calls/ServiceReinstallRequest.php,Email,336
modules/servers/Smtphosting/Calls/ServiceRenewRequest.php,Email,329
modules/servers/Smtphosting/Calls/ServiceSSORequest.php,Email,331
modules/servers/Smtphosting/Calls/ServiceShutdownRequest.php,Email,334
modules/servers/Smtphosting/Calls/ServiceSpiceConsoleRequest.php,Email,341
modules/servers/Smtphosting/Calls/ServiceStartRequest.php,Email,328
modules/servers/Smtphosting/Calls/ServiceStopRequest.php,Email,327
modules/servers/Smtphosting/Calls/ServiceSuspendRequest.php,Email,333
modules/servers/Smtphosting/Calls/ServiceTerminateRequest.php,Email,337
modules/servers/Smtphosting/Calls/ServiceUnsuspendRequest.php,Email,337
modules/servers/Smtphosting/Calls/ServiceUpgradeRequest.php,Email,333
modules/servers/Smtphosting/Calls/ServiceVncConsoleRequest.php,Email,339
modules/servers/Smtphosting/Calls/ServiceXTermConsoleRequest.php,Email,341
modules/servers/Smtphosting/Calls/StepOne.php,Email,260
modules/servers/Smtphosting/Calls/StepThree.php,Email,264
modules/servers/Smtphosting/Calls/StepTwo.php,Email,260
modules/servers/Smtphosting/Calls/TestConnectionRequest.php,Email,326
modules/servers/Smtphosting/Core/Api/AbstractApi.php,Email,563
modules/servers/Smtphosting/Core/Api/AbstractApi/Curl.php,Email,4071
modules/servers/Smtphosting/Core/Api/AbstractApi/Curl/Request.php,Email,4470
modules/servers/Smtphosting/Core/Api/AbstractApi/Curl/Response.php,Email,1444
modules/servers/Smtphosting/Core/Api/AbstractApi/Parser.php,Email,457
modules/servers/Smtphosting/Core/Api/Http.php,Email,4908
modules/servers/Smtphosting/Core/Api/Whmcs.php,Email,2449
modules/servers/Smtphosting/Core/App/AppContext.php,Email,4262
modules/servers/Smtphosting/Core/App/AppParamsContainer.php,Email,1263
modules/servers/Smtphosting/Core/App/Application.php,Email,2828
modules/servers/Smtphosting/Core/App/Controllers/AppController.php,Email,505
modules/servers/Smtphosting/Core/App/Controllers/AppControllers/Addon.php,Email,1372
modules/servers/Smtphosting/Core/App/Controllers/AppControllers/Api.php,Email,625
modules/servers/Smtphosting/Core/App/Controllers/AppControllers/Cron.php,Email,645
modules/servers/Smtphosting/Core/App/Controllers/AppControllers/Hooks.php,Email,653
modules/servers/Smtphosting/Core/App/Controllers/AppControllers/Http.php,Email,1204
modules/servers/Smtphosting/Core/App/Controllers/Instances/Addon/Activate.php,Email,2920
modules/servers/Smtphosting/Core/App/Controllers/Instances/Addon/Config.php,Email,3813
modules/servers/Smtphosting/Core/App/Controllers/Instances/Addon/ConfigOptions.php,Email,11097
modules/servers/Smtphosting/Core/App/Controllers/Instances/Addon/Deactivate.php,Email,1504
modules/servers/Smtphosting/Core/App/Controllers/Instances/Addon/Upgrade.php,Email,1770
modules/servers/Smtphosting/Core/App/Controllers/Instances/AddonController.php,Email,4217
modules/servers/Smtphosting/Core/App/Controllers/Instances/Api/ApiController.php,Email,694
modules/servers/Smtphosting/Core/App/Controllers/Instances/Http/AddonIntegration.php,Email,1331
modules/servers/Smtphosting/Core/App/Controllers/Instances/Http/AdminPageController.php,Email,381
modules/servers/Smtphosting/Core/App/Controllers/Instances/Http/AdminServicesTabFieldsIntegration.php,Email,1262
modules/servers/Smtphosting/Core/App/Controllers/Instances/Http/ClientPageController.php,Email,859
modules/servers/Smtphosting/Core/App/Controllers/Instances/Http/ConfigOptionsIntegration.php,Email,1445
modules/servers/Smtphosting/Core/App/Controllers/Instances/Http/ErrorPage.php,Email,2651
modules/servers/Smtphosting/Core/App/Controllers/Instances/Http/Integration.php,Email,1238
modules/servers/Smtphosting/Core/App/Controllers/Instances/Http/PageNotFound.php,Email,1096
modules/servers/Smtphosting/Core/App/Controllers/Instances/HttpController.php,Email,5688
modules/servers/Smtphosting/Core/App/Controllers/Interfaces/AddonController.php,Email,174
modules/servers/Smtphosting/Core/App/Controllers/Interfaces/AdminArea.php,Email,126
modules/servers/Smtphosting/Core/App/Controllers/Interfaces/AppController.php,Email,199
modules/servers/Smtphosting/Core/App/Controllers/Interfaces/ClientArea.php,Client Area,127
modules/servers/Smtphosting/Core/App/Controllers/Interfaces/DefaultController.php,Email,234
modules/servers/Smtphosting/Core/App/Controllers/ResponseResolver.php,Email,3623
modules/servers/Smtphosting/Core/App/Controllers/Router.php,Email,2571
modules/servers/Smtphosting/Core/App/ErrorHandler.php,Email,1213
modules/servers/Smtphosting/Core/App/Installer/DatabaseInstaller.php,Email,2574
modules/servers/Smtphosting/Core/App/Installer/ModuleInstaller.php,Email,2463
modules/servers/Smtphosting/Core/App/LowLevelLog.php,Email,2460
modules/servers/Smtphosting/Core/App/Packages/AppPackageConfiguration.php,Email,537
modules/servers/Smtphosting/Core/App/Packages/BasePackageConfiguration.php,Email,3956
modules/servers/Smtphosting/Core/App/Packages/PackageConfigurationConst.php,Email,199
modules/servers/Smtphosting/Core/App/Packages/PackageManager.php,Email,2849
modules/servers/Smtphosting/Core/App/Requirements/Checker.php,Email,3057
modules/servers/Smtphosting/Core/App/Requirements/Handler.php,Email,927
modules/servers/Smtphosting/Core/App/Requirements/HandlerInterface.php,Email,235
modules/servers/Smtphosting/Core/App/Requirements/Handlers/Classes.php,Email,1328
modules/servers/Smtphosting/Core/App/Requirements/Handlers/Files.php,Email,3538
modules/servers/Smtphosting/Core/App/Requirements/Handlers/PhpExtensions.php,Email,1393
modules/servers/Smtphosting/Core/App/Requirements/Instances/Classes.php,Email,637
modules/servers/Smtphosting/Core/App/Requirements/Instances/Files.php,Email,872
modules/servers/Smtphosting/Core/App/Requirements/Instances/PhpExtensions.php,Email,663
modules/servers/Smtphosting/Core/App/Requirements/RequirementInterface.php,Email,198
modules/servers/Smtphosting/Core/App/Requirements/RequirementsList.php,Email,496
modules/servers/Smtphosting/Core/App/TemplateDisplayWrapper.php,Email,1562
modules/servers/Smtphosting/Core/Bootstrap.php,Administrative/internal,1356
modules/servers/Smtphosting/Core/Cache/CacheManager.php,Email,5203
modules/servers/Smtphosting/Core/Cache/Services/DatabaseCache.php,Email,2325
modules/servers/Smtphosting/Core/Call.php,Email,5205
modules/servers/Smtphosting/Core/CommandLine/AbstractCommand.php,Email,2588
modules/servers/Smtphosting/Core/CommandLine/AbstractCronController.php,Email,775
modules/servers/Smtphosting/Core/CommandLine/AbstractCronControllerWithoutThread.php,Email,5561
modules/servers/Smtphosting/Core/CommandLine/Application.php,Email,1365
modules/servers/Smtphosting/Core/CommandLine/Command.php,Email,1366
modules/servers/Smtphosting/Core/CommandLine/CommandLoop.php,Email,1747
modules/servers/Smtphosting/Core/CommandLine/CommandManager.php,Email,131
modules/servers/Smtphosting/Core/CommandLine/CronManager.php,Email,157
modules/servers/Smtphosting/Core/CommandLine/Hypervisor.php,Email,5089
modules/servers/Smtphosting/Core/CommandLine/Job.php,Email,100
modules/servers/Smtphosting/Core/CommandLine/JobsLoop.php,Email,1704
modules/servers/Smtphosting/Core/CommandLine/ReaderCronTask.php,Email,1268
modules/servers/Smtphosting/Core/CommandLine/Tick.php,Email,1324
modules/servers/Smtphosting/Core/Config/configuration.yml,Email,380
modules/servers/Smtphosting/Core/Config/cron.yml,Email,7
modules/servers/Smtphosting/Core/Config/di/buildWithDefaultMethod.yml,Email,637
modules/servers/Smtphosting/Core/Config/di/interface.yml,Email,15
modules/servers/Smtphosting/Core/Config/di/register.yml,Authentication,4997
modules/servers/Smtphosting/Core/Config/di/services.php,Email,389
modules/servers/Smtphosting/Core/Config/di/services.yml,Email,413
modules/servers/Smtphosting/Core/Configuration.php,Email,4254
modules/servers/Smtphosting/Core/Configuration/Addon/AbstractAfter.php,Email,332
modules/servers/Smtphosting/Core/Configuration/Addon/AbstractBefore.php,Email,276
modules/servers/Smtphosting/Core/Configuration/Addon/Activate/After.php,Email,492
modules/servers/Smtphosting/Core/Configuration/Addon/Activate/Before.php,Email,1097
modules/servers/Smtphosting/Core/Configuration/Addon/Config/After.php,Email,495
modules/servers/Smtphosting/Core/Configuration/Addon/Config/Before.php,Email,498
modules/servers/Smtphosting/Core/Configuration/Addon/Deactivate/After.php,Email,489
modules/servers/Smtphosting/Core/Configuration/Addon/Deactivate/Before.php,Email,493
modules/servers/Smtphosting/Core/Configuration/Addon/Update/After.php,Email,488
modules/servers/Smtphosting/Core/Configuration/Addon/Update/Before.php,Email,447
modules/servers/Smtphosting/Core/Configuration/Addon/Update/Patch/AbstractPatch.php,Email,1706
modules/servers/Smtphosting/Core/Configuration/Addon/Update/PatchManager.php,Email,3106
modules/servers/Smtphosting/Core/Configuration/Data.php,Email,3558
modules/servers/Smtphosting/Core/Configuration/Data/Version.php,Email,229
modules/servers/Smtphosting/Core/Configuration/Requirements/Files.php,Email,825
modules/servers/Smtphosting/Core/Database/data.sql,Email,0
modules/servers/Smtphosting/Core/Database/schema.sql,Email,758
modules/servers/Smtphosting/Core/DependencyInjection.php,Email,315
modules/servers/Smtphosting/Core/DependencyInjection/Builder.php,Email,1793
modules/servers/Smtphosting/Core/DependencyInjection/Container.php,Email,6366
modules/servers/Smtphosting/Core/DependencyInjection/DependencyInjection.php,Email,1433
modules/servers/Smtphosting/Core/DependencyInjection/Services.php,Email,1594
modules/servers/Smtphosting/Core/Enum/Enum.php,Email,339
modules/servers/Smtphosting/Core/Enum/Level.php,Email,282
modules/servers/Smtphosting/Core/Enum/Status.php,Email,358
modules/servers/Smtphosting/Core/Enum/StatusColor.php,Email,735
modules/servers/Smtphosting/Core/Events/Dispatcher.php,Email,2204
modules/servers/Smtphosting/Core/Events/Event.php,Email,98
modules/servers/Smtphosting/Core/Events/Listener.php,Email,101
modules/servers/Smtphosting/Core/Facades/Cache.php,Email,255
modules/servers/Smtphosting/Core/Facades/Facade.php,Email,321
modules/servers/Smtphosting/Core/FileReader/Directory.php,Email,1001
modules/servers/Smtphosting/Core/FileReader/File.php,Email,1944
modules/servers/Smtphosting/Core/FileReader/PathValidator.php,Email,2142
modules/servers/Smtphosting/Core/FileReader/Reader.php,Email,2800
modules/servers/Smtphosting/Core/FileReader/Reader/AbstractType.php,Email,1028
modules/servers/Smtphosting/Core/FileReader/Reader/Css.php,Email,917
modules/servers/Smtphosting/Core/FileReader/Reader/Html.php,Email,918
modules/servers/Smtphosting/Core/FileReader/Reader/Ini.php,Email,852
modules/servers/Smtphosting/Core/FileReader/Reader/Js.php,Email,916
modules/servers/Smtphosting/Core/FileReader/Reader/Json.php,Email,810
modules/servers/Smtphosting/Core/FileReader/Reader/Php.php,Email,917
modules/servers/Smtphosting/Core/FileReader/Reader/Sql.php,Email,2347
modules/servers/Smtphosting/Core/FileReader/Reader/Xml.php,Email,579
modules/servers/Smtphosting/Core/FileReader/Reader/Yml.php,Email,1195
modules/servers/Smtphosting/Core/HandlerError/ErrorCodes/ErrorCode.php,Email,2262
modules/servers/Smtphosting/Core/HandlerError/ErrorCodes/ErrorCodes.php,Email,1764
modules/servers/Smtphosting/Core/HandlerError/ErrorCodes/ErrorCodesLib.php,Email,3126
modules/servers/Smtphosting/Core/HandlerError/ErrorManager.php,Email,7318
modules/servers/Smtphosting/Core/HandlerError/Exceptions/Exception.php,Email,7815
modules/servers/Smtphosting/Core/HandlerError/Logger.php,Email,6437
modules/servers/Smtphosting/Core/HandlerError/Model/AbstractModel.php,Email,1925
modules/servers/Smtphosting/Core/HandlerError/Model/Error.php,Email,223
modules/servers/Smtphosting/Core/HandlerError/Model/Warning.php,Email,227
modules/servers/Smtphosting/Core/HandlerError/WhmcsErrorManagerWrapper.php,Email,464
modules/servers/Smtphosting/Core/HandlerError/WhmcsLogsHandler.php,Email,3900
modules/servers/Smtphosting/Core/Helper/BuildUrl.php,Email,4121
modules/servers/Smtphosting/Core/Helper/Converter/Json.php,Email,1032
modules/servers/Smtphosting/Core/Helper/Country.php,Email,2815
modules/servers/Smtphosting/Core/Helper/DatabaseCache.php,Email,5091
modules/servers/Smtphosting/Core/Helper/DatabaseHelper.php,Email,1640
modules/servers/Smtphosting/Core/Helper/DomainHelper.php,Domains,4472
modules/servers/Smtphosting/Core/Helper/Functions.php,Email,12602
modules/servers/Smtphosting/Core/Helper/RandomStringGenerator.php,Email,2586
modules/servers/Smtphosting/Core/Helper/WhmcsParams.php,Email,654
modules/servers/Smtphosting/Core/Helper/WhmcsVersionComparator.php,Email,725
modules/servers/Smtphosting/Core/Hook/AbstractHookIntegrationController.php,Email,6429
modules/servers/Smtphosting/Core/Hook/Config.php,Email,835
modules/servers/Smtphosting/Core/Hook/HookIntegrationsWrapper.php,Email,1854
modules/servers/Smtphosting/Core/Hook/HookIntegrator.php,Email,8583
modules/servers/Smtphosting/Core/Hook/HookIntegratorView.php,Email,2019
modules/servers/Smtphosting/Core/Hook/HookManager.php,Email,4312
modules/servers/Smtphosting/Core/Hook/Interfaces/InternalHook.php,Email,191
modules/servers/Smtphosting/Core/Hook/InternalHooksWrapper.php,Email,1539
modules/servers/Smtphosting/Core/HostingCustomField.php,Email,2075
modules/servers/Smtphosting/Core/Http/AbstractClientController.php,Email,252
modules/servers/Smtphosting/Core/Http/AbstractController.php,Email,553
modules/servers/Smtphosting/Core/Http/Admin/PageNotFound.php,Administrative/internal,425
modules/servers/Smtphosting/Core/Http/JsonResponse.php,Email,2657
modules/servers/Smtphosting/Core/Http/RedirectResponse.php,Email,1185
modules/servers/Smtphosting/Core/Http/Request.php,Email,2344
modules/servers/Smtphosting/Core/Http/Response.php,Email,9768
modules/servers/Smtphosting/Core/Http/UI/FormResponse.php,Email,229
modules/servers/Smtphosting/Core/Http/UI/WidgetResponse.php,Email,257
modules/servers/Smtphosting/Core/Http/View/Breadcrumb.php,Email,1748
modules/servers/Smtphosting/Core/Http/View/MainMenu.php,Email,2502
modules/servers/Smtphosting/Core/Http/View/Smarty.php,Email,4456
modules/servers/Smtphosting/Core/Interfaces/BuilderInterface.php,Email,901
modules/servers/Smtphosting/Core/Interfaces/CacheManagerInterface.php,Email,1490
modules/servers/Smtphosting/Core/Interfaces/CurlParser.php,Email,330
modules/servers/Smtphosting/Core/Interfaces/LoggerInterface.php,Email,1423
modules/servers/Smtphosting/Core/Lang/Lang.php,Email,11537
modules/servers/Smtphosting/Core/Lang/Langold.php,Email,11834
modules/servers/Smtphosting/Core/Loader.php,Email,1038
modules/servers/Smtphosting/Core/Logger/Collection.php,Email,944
modules/servers/Smtphosting/Core/Logger/Entity.php,Email,10502
modules/servers/Smtphosting/Core/Models/Breadcrumb.php,Email,1177
modules/servers/Smtphosting/Core/Models/Commands.php,Email,2941
modules/servers/Smtphosting/Core/Models/CronTabs.php,Email,2701
modules/servers/Smtphosting/Core/Models/ExtendedEloquentModel.php,Email,559
modules/servers/Smtphosting/Core/Models/Logger/Model.php,Email,1423
modules/servers/Smtphosting/Core/Models/ModuleSettings/Model.php,Email,1009
modules/servers/Smtphosting/Core/Models/ProductSettings/Model.php,Email,1008
modules/servers/Smtphosting/Core/Models/ProductSettings/Repository.php,Email,1452
modules/servers/Smtphosting/Core/Models/Tasks/Task.php,Email,1789
modules/servers/Smtphosting/Core/Models/Whmcs/Addon.php,Email,1405
modules/servers/Smtphosting/Core/Models/Whmcs/AddonModule.php,Email,1016
modules/servers/Smtphosting/Core/Models/Whmcs/Admins.php,Email,1970
modules/servers/Smtphosting/Core/Models/Whmcs/CancelRequest.php,Email,1219
modules/servers/Smtphosting/Core/Models/Whmcs/Client.php,Email,4644
modules/servers/Smtphosting/Core/Models/Whmcs/ClientGroup.php,Email,1439
modules/servers/Smtphosting/Core/Models/Whmcs/Configuration.php,Email,1017
modules/servers/Smtphosting/Core/Models/Whmcs/Constants/InvoiceItem.php,Checkout,545
modules/servers/Smtphosting/Core/Models/Whmcs/Contact.php,Email,1605
modules/servers/Smtphosting/Core/Models/Whmcs/Credit.php,Email,954
modules/servers/Smtphosting/Core/Models/Whmcs/Currency.php,Email,1396
modules/servers/Smtphosting/Core/Models/Whmcs/CustomField.php,Email,1638
modules/servers/Smtphosting/Core/Models/Whmcs/CustomFieldValue.php,Email,1080
modules/servers/Smtphosting/Core/Models/Whmcs/CustomFields.php,Email,1313
modules/servers/Smtphosting/Core/Models/Whmcs/CustomFieldsValues.php,Email,934
modules/servers/Smtphosting/Core/Models/Whmcs/Domain.php,Domains,2224
modules/servers/Smtphosting/Core/Models/Whmcs/DomainPricing.php,Domains,1714
modules/servers/Smtphosting/Core/Models/Whmcs/Email.php,Email,1271
modules/servers/Smtphosting/Core/Models/Whmcs/EmailTemplate.php,Email,1509
modules/servers/Smtphosting/Core/Models/Whmcs/Errors/Register.php,Authentication,1513
modules/servers/Smtphosting/Core/Models/Whmcs/Hosting.php,Email,1638
modules/servers/Smtphosting/Core/Models/Whmcs/HostingAddon.php,Email,1811
modules/servers/Smtphosting/Core/Models/Whmcs/HostingConfigOption.php,Email,1371
modules/servers/Smtphosting/Core/Models/Whmcs/Invoice.php,Checkout,2126
modules/servers/Smtphosting/Core/Models/Whmcs/InvoiceItem.php,Checkout,2109
modules/servers/Smtphosting/Core/Models/Whmcs/Order.php,Email,2255
modules/servers/Smtphosting/Core/Models/Whmcs/OrderStatus.php,Email,1184
modules/servers/Smtphosting/Core/Models/Whmcs/PaymentGateway.php,Checkout,1195
modules/servers/Smtphosting/Core/Models/Whmcs/Pricing.php,Email,1617
modules/servers/Smtphosting/Core/Models/Whmcs/Product.php,Email,2396
modules/servers/Smtphosting/Core/Models/Whmcs/ProductConfigOption.php,Email,1268
modules/servers/Smtphosting/Core/Models/Whmcs/ProductConfigOptionSub.php,Email,1242
modules/servers/Smtphosting/Core/Models/Whmcs/ProductCustomField.php,Email,3330
modules/servers/Smtphosting/Core/Models/Whmcs/ProductGroup.php,Email,1467
modules/servers/Smtphosting/Core/Models/Whmcs/ProductUpgrade.php,Email,1439
modules/servers/Smtphosting/Core/Models/Whmcs/Promotion.php,Email,987
modules/servers/Smtphosting/Core/Models/Whmcs/Registrars.php,Email,1311
modules/servers/Smtphosting/Core/Models/Whmcs/Server.php,Email,1215
modules/servers/Smtphosting/Core/Models/Whmcs/Servers.php,Email,1346
modules/servers/Smtphosting/Core/Models/Whmcs/ServersGroups.php,Email,603
modules/servers/Smtphosting/Core/Models/Whmcs/ServersRelations.php,Email,808
modules/servers/Smtphosting/Core/Models/Whmcs/SslOrders.php,Email,782
modules/servers/Smtphosting/Core/Models/Whmcs/Tax.php,Email,1018
modules/servers/Smtphosting/Core/Models/Whmcs/Ticket.php,Email,2096
modules/servers/Smtphosting/Core/Models/Whmcs/TicketDepartment.php,Email,1158
modules/servers/Smtphosting/Core/Models/Whmcs/TicketReply.php,Email,1332
modules/servers/Smtphosting/Core/Models/Whmcs/Tld.php,Email,974
modules/servers/Smtphosting/Core/Models/Whmcs/TldCategory.php,Email,1035
modules/servers/Smtphosting/Core/Models/Whmcs/TldCategoryPivot.php,Email,1352
modules/servers/Smtphosting/Core/Models/Whmcs/Transaction.php,Email,1116
modules/servers/Smtphosting/Core/Models/Whmcs/TransientData.php,Email,1023
modules/servers/Smtphosting/Core/Models/Whmcs/Upgrade.php,Email,2032
modules/servers/Smtphosting/Core/ModuleConstants.php,Email,6706
modules/servers/Smtphosting/Core/Modules/Queue/Config/config.php,Email,63
modules/servers/Smtphosting/Core/ProductCustomField.php,Email,3781
modules/servers/Smtphosting/Core/Queue/DatabaseQueue.php,Email,3209
modules/servers/Smtphosting/Core/Queue/Job.php,Email,896
modules/servers/Smtphosting/Core/Queue/Job/ChildrenTrait.php,Email,663
modules/servers/Smtphosting/Core/Queue/Manager.php,Email,2115
modules/servers/Smtphosting/Core/Queue/Models/Job.php,Email,2996
modules/servers/Smtphosting/Core/Queue/Models/JobLog.php,Email,645
modules/servers/Smtphosting/Core/Queue/Queue.php,Email,2163
modules/servers/Smtphosting/Core/Queue/QueueInterface.php,Email,652
modules/servers/Smtphosting/Core/Queue/Services/Log.php,Email,1654
modules/servers/Smtphosting/Core/RegisterManager/Entity.php,Authentication,576
modules/servers/Smtphosting/Core/RegisterManager/Register.php,Authentication,2043
modules/servers/Smtphosting/Core/SL/AbstractReaderYml.php,Email,809
modules/servers/Smtphosting/Core/SL/Configuration.php,Email,2133
modules/servers/Smtphosting/Core/SL/Data/DataSL.php,Email,6577
modules/servers/Smtphosting/Core/SL/InterfaceConfig.php,Email,2489
modules/servers/Smtphosting/Core/SL/Register.php,Authentication,2076
modules/servers/Smtphosting/Core/SL/Rewrite.php,Email,1286
modules/servers/Smtphosting/Core/ServiceLocator.php,Email,475
modules/servers/Smtphosting/Core/Tasks/Job.php,Email,823
modules/servers/Smtphosting/Core/Tasks/Manager.php,Email,495
modules/servers/Smtphosting/Core/Traits/AppParams.php,Email,989
modules/servers/Smtphosting/Core/Traits/ErrorCodesLibrary.php,Email,1248
modules/servers/Smtphosting/Core/Traits/IsAdmin.php,Email,514
modules/servers/Smtphosting/Core/Traits/IsDebugOn.php,Email,640
modules/servers/Smtphosting/Core/Traits/Lang.php,Email,452
modules/servers/Smtphosting/Core/Traits/OutputBuffer.php,Email,549
modules/servers/Smtphosting/Core/Traits/Params.php,Email,742
modules/servers/Smtphosting/Core/Traits/Smarty.php,Email,983
modules/servers/Smtphosting/Core/Traits/Template.php,Email,763
modules/servers/Smtphosting/Core/UI/Builder/BaseContainer.php,Email,788
modules/servers/Smtphosting/Core/UI/Builder/Context.php,Email,7164
modules/servers/Smtphosting/Core/UI/Container.php,Email,321
modules/servers/Smtphosting/Core/UI/DatatableTabsContainer.php,Email,1795
modules/servers/Smtphosting/Core/UI/Helpers/AlertTypesConstants.php,Email,928
modules/servers/Smtphosting/Core/UI/Helpers/AppLayoutConstants.php,Email,449
modules/servers/Smtphosting/Core/UI/Helpers/Breadcrumb.php,Email,1828
modules/servers/Smtphosting/Core/UI/Helpers/BreadcrumbsHandler.php,Email,3325
modules/servers/Smtphosting/Core/UI/Helpers/ContainerElementsConstants.php,Email,337
modules/servers/Smtphosting/Core/UI/Helpers/TemplateConstants.php,Email,387
modules/servers/Smtphosting/Core/UI/HiddenSearchable.php,Email,409
modules/servers/Smtphosting/Core/UI/Interfaces/AdminArea.php,Email,152
modules/servers/Smtphosting/Core/UI/Interfaces/AjaxElementInterface.php,Email,253
modules/servers/Smtphosting/Core/UI/Interfaces/BaseValidatorInterface.php,Email,319
modules/servers/Smtphosting/Core/UI/Interfaces/ClientArea.php,Client Area,154
modules/servers/Smtphosting/Core/UI/Interfaces/DataSetInterface.php,Email,320
modules/servers/Smtphosting/Core/UI/Interfaces/DatatableInterface.php,Email,215
modules/servers/Smtphosting/Core/UI/Interfaces/DropdownItemInterface.php,Email,164
modules/servers/Smtphosting/Core/UI/Interfaces/FormDataProviderInterface.php,Email,401
modules/servers/Smtphosting/Core/UI/Interfaces/FormInterface.php,Email,285
modules/servers/Smtphosting/Core/UI/Interfaces/ResponseInterface.php,Email,198
modules/servers/Smtphosting/Core/UI/MainContainer.php,Email,6203
modules/servers/Smtphosting/Core/UI/MainContainerAjax.php,Email,5353
modules/servers/Smtphosting/Core/UI/MainContainerIntegrationAddon.php,Email,403
modules/servers/Smtphosting/Core/UI/ResponseTemplates/DataJsonResponse.php,Email,332
modules/servers/Smtphosting/Core/UI/ResponseTemplates/HtmlDataJsonResponse.php,Email,340
modules/servers/Smtphosting/Core/UI/ResponseTemplates/RawDataJsonResponse.php,Email,341
modules/servers/Smtphosting/Core/UI/ResponseTemplates/Response.php,Email,2977
modules/servers/Smtphosting/Core/UI/Searchable.php,Email,468
modules/servers/Smtphosting/Core/UI/Traits/ACL.php,Email,1200
modules/servers/Smtphosting/Core/UI/Traits/AjaxComponent.php,Email,391
modules/servers/Smtphosting/Core/UI/Traits/Alerts.php,Email,2190
modules/servers/Smtphosting/Core/UI/Traits/AppLayouts.php,Email,1487
modules/servers/Smtphosting/Core/UI/Traits/Buttons.php,Email,794
modules/servers/Smtphosting/Core/UI/Traits/CallBackFunction.php,Administrative/internal,516
modules/servers/Smtphosting/Core/UI/Traits/ContainerElements.php,Email,8105
modules/servers/Smtphosting/Core/UI/Traits/CustomJsCode.php,Email,4270
modules/servers/Smtphosting/Core/UI/Traits/Datatable/Filters.php,Email,1583
modules/servers/Smtphosting/Core/UI/Traits/DatatableActionButtons.php,Email,1368
modules/servers/Smtphosting/Core/UI/Traits/DatatableMassActionButtons.php,Email,1419
modules/servers/Smtphosting/Core/UI/Traits/Description.php,Email,1015
modules/servers/Smtphosting/Core/UI/Traits/DisableButtonByColumnValue.php,Email,1358
modules/servers/Smtphosting/Core/UI/Traits/Field.php,Email,5288
modules/servers/Smtphosting/Core/UI/Traits/Fields.php,Email,2588
modules/servers/Smtphosting/Core/UI/Traits/Form.php,Email,4387
modules/servers/Smtphosting/Core/UI/Traits/FormDataProvider.php,Email,1434
modules/servers/Smtphosting/Core/UI/Traits/Forms.php,Email,1203
modules/servers/Smtphosting/Core/UI/Traits/HideByDefaultIfNoData.php,Email,624
modules/servers/Smtphosting/Core/UI/Traits/HtmlAttributes.php,Email,1448
modules/servers/Smtphosting/Core/UI/Traits/HtmlElements.php,Email,4070
modules/servers/Smtphosting/Core/UI/Traits/Icon.php,Email,479
modules/servers/Smtphosting/Core/UI/Traits/MainContainerElements.php,Email,1443
modules/servers/Smtphosting/Core/UI/Traits/Modal.php,Email,1859
modules/servers/Smtphosting/Core/UI/Traits/ModalActionButtons.php,Email,3724
modules/servers/Smtphosting/Core/UI/Traits/RefreshAction.php,Email,495
modules/servers/Smtphosting/Core/UI/Traits/RequestFormDataHandler.php,Email,1619
modules/servers/Smtphosting/Core/UI/Traits/RequestObjectHandler.php,Email,1069
modules/servers/Smtphosting/Core/UI/Traits/Searchable.php,Email,1175
modules/servers/Smtphosting/Core/UI/Traits/Section.php,Email,531
modules/servers/Smtphosting/Core/UI/Traits/Sections.php,Email,1387
modules/servers/Smtphosting/Core/UI/Traits/SubmitButton.php,Email,410
modules/servers/Smtphosting/Core/UI/Traits/TableLength.php,Email,1309
modules/servers/Smtphosting/Core/UI/Traits/TableRowCol.php,Email,632
modules/servers/Smtphosting/Core/UI/Traits/Template.php,Email,5685
modules/servers/Smtphosting/Core/UI/Traits/Title.php,Email,1233
modules/servers/Smtphosting/Core/UI/Traits/TitleButtons.php,Email,1506
modules/servers/Smtphosting/Core/UI/Traits/VSortable.php,Email,486
modules/servers/Smtphosting/Core/UI/Traits/ViewBreadcrumb.php,Email,1049
modules/servers/Smtphosting/Core/UI/Traits/VueComponent.php,Email,3069
modules/servers/Smtphosting/Core/UI/Traits/WhmcsParams.php,Email,1067
modules/servers/Smtphosting/Core/UI/Traits/WidgetView.php,Email,1281
modules/servers/Smtphosting/Core/UI/View.php,Email,3910
modules/servers/Smtphosting/Core/UI/ViewAjax.php,Email,1383
modules/servers/Smtphosting/Core/UI/ViewIntegrationAddon.php,Email,650
modules/servers/Smtphosting/Core/UI/Widget/Buttons/ButtonAjaxCustomAction.php,Email,2299
modules/servers/Smtphosting/Core/UI/Widget/Buttons/ButtonBase.php,Email,704
modules/servers/Smtphosting/Core/UI/Widget/Buttons/ButtonCreate.php,Email,501
modules/servers/Smtphosting/Core/UI/Widget/Buttons/ButtonCustomAction.php,Email,2163
modules/servers/Smtphosting/Core/UI/Widget/Buttons/ButtonDataTableModalAction.php,Email,1200
modules/servers/Smtphosting/Core/UI/Widget/Buttons/ButtonDatatableModalContextLang.php,Email,855
modules/servers/Smtphosting/Core/UI/Widget/Buttons/ButtonDatatableShowModal.php,Email,788
modules/servers/Smtphosting/Core/UI/Widget/Buttons/ButtonMassAction.php,Email,963
modules/servers/Smtphosting/Core/UI/Widget/Buttons/ButtonMassActionContextLang.php,Email,358
modules/servers/Smtphosting/Core/UI/Widget/Buttons/ButtonModal.php,Email,2196
modules/servers/Smtphosting/Core/UI/Widget/Buttons/ButtonRedirect.php,Email,2840
modules/servers/Smtphosting/Core/UI/Widget/Buttons/ButtonSubmitForm.php,Email,887
modules/servers/Smtphosting/Core/UI/Widget/Buttons/ButtonSwitchAjax.php,Email,4034
modules/servers/Smtphosting/Core/UI/Widget/Buttons/DropdawnButtonWrappers/ButtonDropdown.php,Email,832
modules/servers/Smtphosting/Core/UI/Widget/Buttons/DropdawnButtonWrappers/ButtonDropdownItem.php,Email,716
modules/servers/Smtphosting/Core/UI/Widget/Buttons/ModalActionButtons/BaseAcceptButton.php,Email,620
modules/servers/Smtphosting/Core/UI/Widget/Buttons/ModalActionButtons/BaseCancelButton.php,Email,634
modules/servers/Smtphosting/Core/UI/Widget/CategoryMenu/CategoryMenuDynamicContent.php,Email,1361
modules/servers/Smtphosting/Core/UI/Widget/CategoryMenu/ItemContent.php,Email,1309
modules/servers/Smtphosting/Core/UI/Widget/CategoryMenu/ListItemContent.php,Email,1087
modules/servers/Smtphosting/Core/UI/Widget/Container.php,Email,328
modules/servers/Smtphosting/Core/UI/Widget/DataTable/Column.php,Email,3625
modules/servers/Smtphosting/Core/UI/Widget/DataTable/DataProviders/DataProvider.php,Email,9947
modules/servers/Smtphosting/Core/UI/Widget/DataTable/DataProviders/DataQuery.php,Email,4572
modules/servers/Smtphosting/Core/UI/Widget/DataTable/DataProviders/DataSet.php,Email,651
modules/servers/Smtphosting/Core/UI/Widget/DataTable/DataProviders/Providers/ArrayDataProvider.php,Email,381
modules/servers/Smtphosting/Core/UI/Widget/DataTable/DataProviders/Providers/JsonDataProvider.php,Email,414
modules/servers/Smtphosting/Core/UI/Widget/DataTable/DataProviders/Providers/QueryDataProvider.php,Email,2143
modules/servers/Smtphosting/Core/UI/Widget/DataTable/DataProviders/RawDataQuery.php,Email,3613
modules/servers/Smtphosting/Core/UI/Widget/DataTable/DataTable.php,Email,8377
modules/servers/Smtphosting/Core/UI/Widget/DataTable/Filters.php,Email,922
modules/servers/Smtphosting/Core/UI/Widget/DataTable/Filters/Date.php,Email,712
modules/servers/Smtphosting/Core/UI/Widget/DataTable/Filters/Helpers/Filter.php,Email,371
modules/servers/Smtphosting/Core/UI/Widget/DataTable/Filters/Helpers/FilterInterface.php,Email,187
modules/servers/Smtphosting/Core/UI/Widget/DataTable/Filters/Rage.php,Email,1021
modules/servers/Smtphosting/Core/UI/Widget/DataTable/Filters/RageDate.php,Email,900
modules/servers/Smtphosting/Core/UI/Widget/DataTable/Filters/Select.php,Email,1145
modules/servers/Smtphosting/Core/UI/Widget/DataTable/Filters/Text.php,Email,1585
modules/servers/Smtphosting/Core/UI/Widget/DataTable/Filters/YesNo.php,Email,649
modules/servers/Smtphosting/Core/UI/Widget/DataTable/Filters_old/Date.php,Email,712
modules/servers/Smtphosting/Core/UI/Widget/DataTable/Filters_old/Rage.php,Email,1021
modules/servers/Smtphosting/Core/UI/Widget/DataTable/Filters_old/RageDate.php,Email,900
modules/servers/Smtphosting/Core/UI/Widget/DataTable/Filters_old/Select.php,Email,702
modules/servers/Smtphosting/Core/UI/Widget/DataTable/Filters_old/Text.php,Email,719
modules/servers/Smtphosting/Core/UI/Widget/DataTable/Filters_old/YesNo.php,Email,649
modules/servers/Smtphosting/Core/UI/Widget/Forms/AjaxFields/Select.php,Email,2617
modules/servers/Smtphosting/Core/UI/Widget/Forms/AjaxFields/SelectRemoteSearch.php,Email,1328
modules/servers/Smtphosting/Core/UI/Widget/Forms/BaseAutoSaveFormExtSections.php,Email,585
modules/servers/Smtphosting/Core/UI/Widget/Forms/BaseForm.php,Email,5840
modules/servers/Smtphosting/Core/UI/Widget/Forms/BaseStandaloneForm.php,Email,1737
modules/servers/Smtphosting/Core/UI/Widget/Forms/BaseStandaloneFormExtSections.php,Email,555
modules/servers/Smtphosting/Core/UI/Widget/Forms/BaseTabsForm.php,Email,298
modules/servers/Smtphosting/Core/UI/Widget/Forms/DataProviders/BaseDataProvider.php,Email,2988
modules/servers/Smtphosting/Core/UI/Widget/Forms/DataProviders/BaseModelDataProvider.php,Email,2200
modules/servers/Smtphosting/Core/UI/Widget/Forms/Fields/AutoSaveFields/Select2vueByValueOnly.php,Email,444
modules/servers/Smtphosting/Core/UI/Widget/Forms/Fields/AutoSaveFields/Switcher.php,Email,417
modules/servers/Smtphosting/Core/UI/Widget/Forms/Fields/BaseField.php,Email,619
modules/servers/Smtphosting/Core/UI/Widget/Forms/Fields/Checkbox.php,Email,330
modules/servers/Smtphosting/Core/UI/Widget/Forms/Fields/ColorPicker.php,Email,298
modules/servers/Smtphosting/Core/UI/Widget/Forms/Fields/DatePicker.php,Email,301
modules/servers/Smtphosting/Core/UI/Widget/Forms/Fields/Hidden.php,Email,289
modules/servers/Smtphosting/Core/UI/Widget/Forms/Fields/InputGroupElements/InputAddon.php,Email,414
modules/servers/Smtphosting/Core/UI/Widget/Forms/Fields/InputGroupElements/Select.php,Email,399
modules/servers/Smtphosting/Core/UI/Widget/Forms/Fields/InputGroupElements/Text.php,Email,389
modules/servers/Smtphosting/Core/UI/Widget/Forms/Fields/Number.php,Email,786
modules/servers/Smtphosting/Core/UI/Widget/Forms/Fields/Password.php,Authentication,295
modules/servers/Smtphosting/Core/UI/Widget/Forms/Fields/PasswordGenerate.php,Authentication,317
modules/servers/Smtphosting/Core/UI/Widget/Forms/Fields/PricingField.php,Email,676
modules/servers/Smtphosting/Core/UI/Widget/Forms/Fields/Select.php,Email,1131
modules/servers/Smtphosting/Core/UI/Widget/Forms/Fields/Select2vue.php,Email,305
modules/servers/Smtphosting/Core/UI/Widget/Forms/Fields/Select2vueByValueOnly.php,Email,338
modules/servers/Smtphosting/Core/UI/Widget/Forms/Fields/SelectGlobalLang.php,Email,319
modules/servers/Smtphosting/Core/UI/Widget/Forms/Fields/SelectLang.php,Email,301
modules/servers/Smtphosting/Core/UI/Widget/Forms/Fields/Switcher.php,Email,340
modules/servers/Smtphosting/Core/UI/Widget/Forms/Fields/Tagger.php,Email,286
modules/servers/Smtphosting/Core/UI/Widget/Forms/Fields/Text.php,Email,283
modules/servers/Smtphosting/Core/UI/Widget/Forms/Fields/Textarea.php,Email,908
modules/servers/Smtphosting/Core/UI/Widget/Forms/FormConstants.php,Email,383
modules/servers/Smtphosting/Core/UI/Widget/Forms/FormInTab.php,Email,300
modules/servers/Smtphosting/Core/UI/Widget/Forms/FormIntegration.php,Email,992
modules/servers/Smtphosting/Core/UI/Widget/Forms/FormTabsWidget.php,Email,355
modules/servers/Smtphosting/Core/UI/Widget/Forms/FormWidgetStandalone.php,Email,629
modules/servers/Smtphosting/Core/UI/Widget/Forms/Sections/BaseSection.php,Email,1809
modules/servers/Smtphosting/Core/UI/Widget/Forms/Sections/BoxSection.php,Email,313
modules/servers/Smtphosting/Core/UI/Widget/Forms/Sections/HalfPageSection.php,Email,328
modules/servers/Smtphosting/Core/UI/Widget/Forms/Sections/HiddenPricingSection.php,Email,343
modules/servers/Smtphosting/Core/UI/Widget/Forms/Sections/InputGroup.php,Email,1894
modules/servers/Smtphosting/Core/UI/Widget/Forms/Sections/RawSection.php,Email,355
modules/servers/Smtphosting/Core/UI/Widget/Forms/Sections/SectionLuRow.php,Email,319
modules/servers/Smtphosting/Core/UI/Widget/Forms/Sections/TabSection.php,Email,313
modules/servers/Smtphosting/Core/UI/Widget/Forms/Validators/BaseValidator.php,Email,2066
modules/servers/Smtphosting/Core/UI/Widget/Forms/Validators/Decimal.php,Email,1225
modules/servers/Smtphosting/Core/UI/Widget/Forms/Validators/IsIntNumberBetween.php,Email,1142
modules/servers/Smtphosting/Core/UI/Widget/Forms/Validators/NotEmpty.php,Email,626
modules/servers/Smtphosting/Core/UI/Widget/Forms/Validators/PricingMinAndDisabled.php,Email,1093
modules/servers/Smtphosting/Core/UI/Widget/Graphs/Bar.php,Email,360
modules/servers/Smtphosting/Core/UI/Widget/Graphs/Bubble.php,Email,372
modules/servers/Smtphosting/Core/UI/Widget/Graphs/Doughnut.php,Email,380
modules/servers/Smtphosting/Core/UI/Widget/Graphs/EmptyGraph.php,Email,21546
modules/servers/Smtphosting/Core/UI/Widget/Graphs/Line.php,Email,1702
modules/servers/Smtphosting/Core/UI/Widget/Graphs/Models/Data.php,Email,1198
modules/servers/Smtphosting/Core/UI/Widget/Graphs/Models/DataSet.php,Email,7027
modules/servers/Smtphosting/Core/UI/Widget/Graphs/Pie.php,Email,360
modules/servers/Smtphosting/Core/UI/Widget/Graphs/PolarArea.php,Email,384
modules/servers/Smtphosting/Core/UI/Widget/Graphs/Radar.php,Email,368
modules/servers/Smtphosting/Core/UI/Widget/Graphs/Settings/SettingButton.php,Email,1241
modules/servers/Smtphosting/Core/UI/Widget/Graphs/Settings/SettingDataProvider.php,Email,1831
modules/servers/Smtphosting/Core/UI/Widget/Graphs/Settings/SettingForm.php,Email,4112
modules/servers/Smtphosting/Core/UI/Widget/Graphs/Settings/SettingModal.php,Email,791
modules/servers/Smtphosting/Core/UI/Widget/HookAdapter.php,Email,377
modules/servers/Smtphosting/Core/UI/Widget/Modals/BaseEditModal.php,Email,486
modules/servers/Smtphosting/Core/UI/Widget/Modals/BaseModal.php,Email,856
modules/servers/Smtphosting/Core/UI/Widget/Modals/ExampleModal.php,Email,343
modules/servers/Smtphosting/Core/UI/Widget/Modals/ModalConfirmDanger.php,Email,698
modules/servers/Smtphosting/Core/UI/Widget/Modals/ModalConfirmSuccess.php,Email,393
modules/servers/Smtphosting/Core/UI/Widget/Modals/ModalTabsEdit.php,Email,353
modules/servers/Smtphosting/Core/UI/Widget/Others/AjaxFieldForDataTable.php,Email,1622
modules/servers/Smtphosting/Core/UI/Widget/Others/ConfigurableOptionsWidget.php,Email,294
modules/servers/Smtphosting/Core/UI/Widget/Others/CopyKeyForDataTable.php,Email,865
modules/servers/Smtphosting/Core/UI/Widget/Others/CustomFieldsWidget.php,Email,287
modules/servers/Smtphosting/Core/UI/Widget/Others/DetailsWidget.php,Email,1505
modules/servers/Smtphosting/Core/UI/Widget/Others/InfoWidget.php,Email,889
modules/servers/Smtphosting/Core/UI/Widget/Others/Label.php,Email,1688
modules/servers/Smtphosting/Core/UI/Widget/Others/ModuleDescription.php,Email,569
modules/servers/Smtphosting/Core/UI/Widget/Others/PasswordToggleButton.php,Authentication,1227
modules/servers/Smtphosting/Core/UI/Widget/RawDataTable/RawDataTable.php,Email,270
modules/servers/Smtphosting/Core/UI/Widget/Sidebar/Sidebar.php,Email,1057
modules/servers/Smtphosting/Core/UI/Widget/Sidebar/SidebarAjax.php,Email,2945
modules/servers/Smtphosting/Core/UI/Widget/Sidebar/SidebarItem.php,Email,1152
modules/servers/Smtphosting/Core/UI/Widget/Sidebar/SidebarService.php,Email,1878
modules/servers/Smtphosting/Core/UI/Widget/Sidebar/SidebarTrait.php,Email,2209
modules/servers/Smtphosting/Core/UI/Widget/Tab.php,Email,361
modules/servers/Smtphosting/Core/UI/Widget/TabContainerLeft.php,Email,455
modules/servers/Smtphosting/Core/UI/Widget/TabContainerRight.php,Email,458
modules/servers/Smtphosting/Core/UI/Widget/TabsWidget/TabsWidget.php,Email,407
modules/servers/Smtphosting/Core/Validators/PathValidator.php,Email,2142
modules/servers/Smtphosting/Core/WhmcsErrorIntegration.php,Email,370
modules/servers/Smtphosting/Helpers/ActionsFileGenerator.php,Email,976
modules/servers/Smtphosting/Helpers/CustomFieldValueSynchronizer.php,Email,4299
modules/servers/Smtphosting/Helpers/DataSingleton.php,Email,1693
modules/servers/Smtphosting/Helpers/Dispatcher.php,Email,1124
modules/servers/Smtphosting/Helpers/SSLSubmoduleChecker.php,Email,1073
modules/servers/Smtphosting/Helpers/Smarty.php,Email,479
modules/servers/Smtphosting/Helpers/Synchronizer.php,Email,1757
modules/servers/Smtphosting/Loader.php,Email,3219
modules/servers/Smtphosting/Packages/Provisioning/Config/PackageConfiguration.php,Email,541
modules/servers/Smtphosting/Packages/Provisioning/Database/data.sql,Email,0
modules/servers/Smtphosting/Packages/Provisioning/Database/schema.sql,Email,629
modules/servers/Smtphosting/Packages/WhmcsService/Config/Enum.php,Email,3377
modules/servers/Smtphosting/Packages/WhmcsService/Config/PackageConfiguration.php,Email,675
modules/servers/Smtphosting/Packages/WhmcsService/Helpers/AdminAreaServicePage.php,Email,942
modules/servers/Smtphosting/Packages/WhmcsService/Product.php,Email,10460
modules/servers/Smtphosting/Packages/WhmcsService/Service.php,Email,4110
modules/servers/Smtphosting/Packages/WhmcsService/Traits/AdminAreaServicePageHelper.php,Email,680
modules/servers/Smtphosting/Packages/WhmcsService/Traits/ConfigurableOptionsConfig.php,Email,1634
modules/servers/Smtphosting/Packages/WhmcsService/Traits/CustomFieldsConfig.php,Email,5930
modules/servers/Smtphosting/Packages/WhmcsService/UI/ConfigurableOption/Buttons/AddOption.php,Email,900
modules/servers/Smtphosting/Packages/WhmcsService/UI/ConfigurableOption/Buttons/AddOptions.php,Email,826
modules/servers/Smtphosting/Packages/WhmcsService/UI/ConfigurableOption/Buttons/OptionDetails.php,Email,842
modules/servers/Smtphosting/Packages/WhmcsService/UI/ConfigurableOption/Forms/AddOptions.php,Email,2661
modules/servers/Smtphosting/Packages/WhmcsService/UI/ConfigurableOption/Modals/AddOptions.php,Email,738
modules/servers/Smtphosting/Packages/WhmcsService/UI/ConfigurableOption/OptionsTable.php,Email,2932
modules/servers/Smtphosting/Packages/WhmcsService/UI/ConfigurableOption/OptionsWidget.php,Email,1775
modules/servers/Smtphosting/Packages/WhmcsService/UI/ConfigurableOption/Providers/Options.php,Email,1371
modules/servers/Smtphosting/Packages/WhmcsService/UI/VmActionsPanel/Buttons/ActionButton.php,Email,142
modules/servers/Smtphosting/Packages/WhmcsService/UI/VmActionsPanel/Pages/Panel.php,Email,127
modules/servers/Smtphosting/Smtphosting.php,Email,9084
modules/servers/Smtphosting/Submodules/Cpanel/Cpanel.php,Email,311
modules/servers/Smtphosting/Submodules/Cpanel/app/Hooks/ClientAreaPrimarySidebar.php,Client Area,4023
modules/servers/Smtphosting/Submodules/CpanelExtended/CpanelExtended.php,Email,347
modules/servers/Smtphosting/Submodules/CpanelExtended/app/Hooks/ClientAreaPrimarySidebar.php,Client Area,4075
modules/servers/Smtphosting/Submodules/DefaultSSLSubmodule.php,Email,5052
modules/servers/Smtphosting/Submodules/DefaultSubmodule.php,Email,3197
modules/servers/Smtphosting/Submodules/Directadmin/Directadmin.php,Email,1758
modules/servers/Smtphosting/Submodules/Directadmin/app/Hooks/ClientAreaPrimarySidebar.php,Client Area,3661
modules/servers/Smtphosting/Submodules/DirectadminExtended/DirectadminExtended.php,Email,242
modules/servers/Smtphosting/Submodules/DirectadminExtended/app/Hooks/ClientAreaPrimarySidebar.php,Client Area,3669
modules/servers/Smtphosting/Submodules/EasyDCIM/EasyDCIM.php,Email,6498
modules/servers/Smtphosting/Submodules/EasyDCIM/app/Hooks/ClientAreaPrimarySidebar.php,Client Area,1511
modules/servers/Smtphosting/Submodules/GoDaddySSL/GoDaddySSL.php,Email,3201
modules/servers/Smtphosting/Submodules/GoDaddySSL/app/Hooks/ClientAreaPrimarySidebar.php,Client Area,620
modules/servers/Smtphosting/Submodules/Licensing/Licensing.php,Email,4190
modules/servers/Smtphosting/Submodules/Licensing/app/Hooks/ClientAreaPrimarySidebar.php,Client Area,1504
modules/servers/Smtphosting/Submodules/OpenstackProjects/OpenstackProjects.php,Email,1966
modules/servers/Smtphosting/Submodules/OpenstackProjects/app/Hooks/ClientAreaPrimarySidebar.php,Client Area,1755
modules/servers/Smtphosting/Submodules/PleskKeyAdministrator/PleskKeyAdministrator.php,Email,1766
modules/servers/Smtphosting/Submodules/PleskKeyAdministrator/app/Hooks/ClientAreaPrimarySidebar.php,Client Area,620
modules/servers/Smtphosting/Submodules/ProxmoxVPS/ProxmoxVPS.php,Email,16996
modules/servers/Smtphosting/Submodules/ProxmoxVPS/app/Hooks/ClientAreaPrimarySidebar.php,Client Area,2832
modules/servers/Smtphosting/Submodules/ProxmoxVPS/app/Hooks/ConsoleHook.php,Email,248
modules/servers/Smtphosting/Submodules/RTCustomServer/RTCustomServer.php,Email,373
modules/servers/Smtphosting/Submodules/RTCustomServer/RTCustomServer.php-extend,Email,1675
modules/servers/Smtphosting/Submodules/RTCustomServer/app/Hooks/ClientAreaPrimarySidebar.php,Client Area,2323
modules/servers/Smtphosting/Submodules/SSLCENTERWHMCS/Libs/GenerateCSR.php,Email,2852
modules/servers/Smtphosting/Submodules/SSLCENTERWHMCS/SSLCENTERWHMCS.php,Email,10975
modules/servers/Smtphosting/Submodules/SSLCENTERWHMCS/app/Hooks/ClientAreaHeadOutput.php,Client Area,2643
modules/servers/Smtphosting/Submodules/SSLCENTERWHMCS/app/Hooks/ClientAreaPrimarySidebar.php,Client Area,1023
modules/servers/Smtphosting/Submodules/SSLSubmodule.php,Email,310
modules/servers/Smtphosting/Submodules/Submodule.php,Email,272
modules/servers/Smtphosting/Submodules/SubmoduleController.php,Email,1152
modules/servers/Smtphosting/Submodules/Virtualizor/Virtualizor.php,Email,10591
modules/servers/Smtphosting/Submodules/Virtualizor/app/Hooks/ClientAreaPrimarySidebar.php,Client Area,1359
modules/servers/Smtphosting/autoload.php,Email,104
modules/servers/Smtphosting/branding-sh.css,Email,383
modules/servers/Smtphosting/commands/commands.php,Email,491
modules/servers/Smtphosting/composer.json,Email,996
modules/servers/Smtphosting/composer.lock,Email,16791
modules/servers/Smtphosting/hooks.php,Email,496
modules/servers/Smtphosting/langs/english.php,Email,41051
modules/servers/Smtphosting/smtp-api.php,Email,2681
modules/servers/Smtphosting/storage/app/GeneratedFunctions.php,Email,289
modules/servers/Smtphosting/storage/app/index.php,Email,19
modules/servers/Smtphosting/storage/crons/index.php,Administrative/internal,19
modules/servers/Smtphosting/storage/logs/index.php,Email,19
modules/servers/Smtphosting/templates/admin/assets/css/layers-ui.css,Administrative/internal,486300
modules/servers/Smtphosting/templates/admin/assets/css/mg_styles.css,Administrative/internal,8649
modules/servers/Smtphosting/templates/admin/assets/fonts/icons/Material-Design-Iconic-Font.eot,Administrative/internal,42495
modules/servers/Smtphosting/templates/admin/assets/fonts/icons/Material-Design-Iconic-Font.svg,Administrative/internal,246978
modules/servers/Smtphosting/templates/admin/assets/fonts/icons/Material-Design-Iconic-Font.ttf,Administrative/internal,99212
modules/servers/Smtphosting/templates/admin/assets/fonts/icons/Material-Design-Iconic-Font.woff,Administrative/internal,50312
modules/servers/Smtphosting/templates/admin/assets/fonts/icons/Material-Design-Iconic-Font.woff2,Administrative/internal,38384
modules/servers/Smtphosting/templates/admin/assets/fonts/icons/Pe-icon-7-stroke.eot,Administrative/internal,58680
modules/servers/Smtphosting/templates/admin/assets/fonts/icons/Pe-icon-7-stroke.svg,Administrative/internal,167540
modules/servers/Smtphosting/templates/admin/assets/fonts/icons/Pe-icon-7-stroke.ttf,Administrative/internal,58480
modules/servers/Smtphosting/templates/admin/assets/fonts/icons/Pe-icon-7-stroke.woff,Administrative/internal,58556
modules/servers/Smtphosting/templates/admin/assets/img/logo.png,Administrative/internal,4845
modules/servers/Smtphosting/templates/admin/assets/img/logos/logo-blue.svg,Administrative/internal,1738
modules/servers/Smtphosting/templates/admin/assets/img/logos/logo-icon.svg,Administrative/internal,1146
modules/servers/Smtphosting/templates/admin/assets/img/logos/logo-small.svg,Administrative/internal,2881
modules/servers/Smtphosting/templates/admin/assets/img/logos/logo.svg,Administrative/internal,2814
modules/servers/Smtphosting/templates/admin/assets/img/products/client_area_designer.svg,Administrative/internal,1496
modules/servers/Smtphosting/templates/admin/assets/img/products/client_profile_viewer.svg,Administrative/internal,813
modules/servers/Smtphosting/templates/admin/assets/img/products/clientarea_popup.svg,Administrative/internal,778
modules/servers/Smtphosting/templates/admin/assets/img/products/cpanel_extended.svg,Administrative/internal,1971
modules/servers/Smtphosting/templates/admin/assets/img/products/cpanel_manage2.svg,Administrative/internal,1759
modules/servers/Smtphosting/templates/admin/assets/img/products/crm.svg,Administrative/internal,2002
modules/servers/Smtphosting/templates/admin/assets/img/products/crystal_theme.svg,Administrative/internal,1206
modules/servers/Smtphosting/templates/admin/assets/img/products/directadmin_extended.svg,Administrative/internal,814
modules/servers/Smtphosting/templates/admin/assets/img/products/directadmin_licences.svg,Administrative/internal,734
modules/servers/Smtphosting/templates/admin/assets/img/products/discount_center.svg,Administrative/internal,5585
modules/servers/Smtphosting/templates/admin/assets/img/products/dmca_com.svg,Administrative/internal,748
modules/servers/Smtphosting/templates/admin/assets/img/products/dns_manager.svg,Administrative/internal,1484
modules/servers/Smtphosting/templates/admin/assets/img/products/domain_orders_extended.svg,Administrative/internal,3251
modules/servers/Smtphosting/templates/admin/assets/img/products/domains-reseller.svg,Administrative/internal,2500
modules/servers/Smtphosting/templates/admin/assets/img/products/doman_email_forwarding.svg,Administrative/internal,2090
modules/servers/Smtphosting/templates/admin/assets/img/products/echecknet_payments.svg,Administrative/internal,1146
modules/servers/Smtphosting/templates/admin/assets/img/products/enom_email.svg,Administrative/internal,986
modules/servers/Smtphosting/templates/admin/assets/img/products/eurid_registrar.svg,Administrative/internal,1683
modules/servers/Smtphosting/templates/admin/assets/img/products/geolocation_hook.svg,Administrative/internal,1417
modules/servers/Smtphosting/templates/admin/assets/img/products/godaddy_domain_registrar.svg,Administrative/internal,4242
modules/servers/Smtphosting/templates/admin/assets/img/products/google_apps.svg,Administrative/internal,4099
modules/servers/Smtphosting/templates/admin/assets/img/products/gpn_data.svg,Administrative/internal,2714
modules/servers/Smtphosting/templates/admin/assets/img/products/hosting_quota_notifications.svg,Administrative/internal,1041
modules/servers/Smtphosting/templates/admin/assets/img/products/hosting_renewals.svg,Administrative/internal,761
modules/servers/Smtphosting/templates/admin/assets/img/products/interspire_email_marketer.svg,Administrative/internal,815
modules/servers/Smtphosting/templates/admin/assets/img/products/interworx_extended.svg,Administrative/internal,828
modules/servers/Smtphosting/templates/admin/assets/img/products/ip_manager.svg,Administrative/internal,1944
modules/servers/Smtphosting/templates/admin/assets/img/products/liquid_web_storm_servers.svg,Administrative/internal,1363
modules/servers/Smtphosting/templates/admin/assets/img/products/minimo_responsive_theme.svg,Administrative/internal,578
modules/servers/Smtphosting/templates/admin/assets/img/products/modulesgarden_base.svg,Administrative/internal,3103
modules/servers/Smtphosting/templates/admin/assets/img/products/modulesgarden_widget.svg,Administrative/internal,3018
modules/servers/Smtphosting/templates/admin/assets/img/products/mspcontrol_extended.svg,Administrative/internal,1807
modules/servers/Smtphosting/templates/admin/assets/img/products/multibrand.svg,Administrative/internal,669
modules/servers/Smtphosting/templates/admin/assets/img/products/mx_registrar.svg,Administrative/internal,1878
modules/servers/Smtphosting/templates/admin/assets/img/products/namcom_registrar.svg,Administrative/internal,1542
modules/servers/Smtphosting/templates/admin/assets/img/products/namecom_registrar.svg,Administrative/internal,1546
modules/servers/Smtphosting/templates/admin/assets/img/products/nicit_registrar.svg,Administrative/internal,1484
modules/servers/Smtphosting/templates/admin/assets/img/products/odion_key_administrator.svg,Administrative/internal,722
modules/servers/Smtphosting/templates/admin/assets/img/products/openstack_vps.svg,Administrative/internal,761
modules/servers/Smtphosting/templates/admin/assets/img/products/ovh_public_cloud.svg,Administrative/internal,1717
modules/servers/Smtphosting/templates/admin/assets/img/products/ovh_vps_dedicated.svg,Administrative/internal,831
modules/servers/Smtphosting/templates/admin/assets/img/products/password_manager.svg,Administrative/internal,1672
modules/servers/Smtphosting/templates/admin/assets/img/products/payment_gateway_allocator.svg,Administrative/internal,3569
modules/servers/Smtphosting/templates/admin/assets/img/products/payment_gateway_charges.svg,Administrative/internal,1965
modules/servers/Smtphosting/templates/admin/assets/img/products/plesk_extended.svg,Administrative/internal,2949
modules/servers/Smtphosting/templates/admin/assets/img/products/premium_support_tickets.svg,Administrative/internal,1886
modules/servers/Smtphosting/templates/admin/assets/img/products/product_auto_upgrade.svg,Administrative/internal,1128
modules/servers/Smtphosting/templates/admin/assets/img/products/product_linker.svg,Administrative/internal,1295
modules/servers/Smtphosting/templates/admin/assets/img/products/proxmox_cloud.svg,Administrative/internal,1857
modules/servers/Smtphosting/templates/admin/assets/img/products/proxmox_vps.svg,Administrative/internal,824
modules/servers/Smtphosting/templates/admin/assets/img/products/proxomx_cloud_autoscaling.svg,Administrative/internal,24109
modules/servers/Smtphosting/templates/admin/assets/img/products/quickbooks_desktop.svg,Administrative/internal,952
modules/servers/Smtphosting/templates/admin/assets/img/products/quickbooks_online.svg,Administrative/internal,926
modules/servers/Smtphosting/templates/admin/assets/img/products/quotes-automation.svg,Administrative/internal,1526
modules/servers/Smtphosting/templates/admin/assets/img/products/quotes_automation.svg,Administrative/internal,1526
modules/servers/Smtphosting/templates/admin/assets/img/products/r1soft_backups.svg,Administrative/internal,1889
modules/servers/Smtphosting/templates/admin/assets/img/products/rackspace_cloud_openstack.svg,Administrative/internal,2665
modules/servers/Smtphosting/templates/admin/assets/img/products/rackspace_email_extended.svg,Administrative/internal,1395
modules/servers/Smtphosting/templates/admin/assets/img/products/rackspace_public_cloud.svg,Administrative/internal,2191
modules/servers/Smtphosting/templates/admin/assets/img/products/rage4.svg,Administrative/internal,1389
modules/servers/Smtphosting/templates/admin/assets/img/products/recurring_billing_extended.svg,Administrative/internal,803
modules/servers/Smtphosting/templates/admin/assets/img/products/report_generator.svg,Administrative/internal,1072
modules/servers/Smtphosting/templates/admin/assets/img/products/resellers_center.svg,Administrative/internal,1660
modules/servers/Smtphosting/templates/admin/assets/img/products/rushfiles.svg,Administrative/internal,4080
modules/servers/Smtphosting/templates/admin/assets/img/products/sapphire_admin_theme.svg,Administrative/internal,645
modules/servers/Smtphosting/templates/admin/assets/img/products/server_allocator.svg,Administrative/internal,865
modules/servers/Smtphosting/templates/admin/assets/img/products/servertastic_ssl.svg,Administrative/internal,1071
modules/servers/Smtphosting/templates/admin/assets/img/products/wordpress_manager.svg,Administrative/internal,1770
modules/servers/Smtphosting/templates/admin/assets/js/chart.min.js,Administrative/internal,403789
modules/servers/Smtphosting/templates/admin/assets/js/defaultComponents/__base.js,Administrative/internal,1819
modules/servers/Smtphosting/templates/admin/assets/js/defaultComponents/__components_handler.js,Administrative/internal,4673
modules/servers/Smtphosting/templates/admin/assets/js/defaultComponents/__event_handler.js,Administrative/internal,3036
modules/servers/Smtphosting/templates/admin/assets/js/defaultComponents/__page_controler.js,Administrative/internal,7853
modules/servers/Smtphosting/templates/admin/assets/js/defaultComponents/__vhook_integration.js,Administrative/internal,5388
modules/servers/Smtphosting/templates/admin/assets/js/defaultComponents/__vue_app_modal_object.js,Administrative/internal,26498
modules/servers/Smtphosting/templates/admin/assets/js/defaultComponents/__vue_app_object.js,Administrative/internal,27014
modules/servers/Smtphosting/templates/admin/assets/js/defaultComponents/ajaxFieldForDataTable.js,Administrative/internal,3829
modules/servers/Smtphosting/templates/admin/assets/js/defaultComponents/ajaxSelect.js,Administrative/internal,6023
modules/servers/Smtphosting/templates/admin/assets/js/defaultComponents/ajaxSelectRemoteSearch.js,Administrative/internal,5789
modules/servers/Smtphosting/templates/admin/assets/js/defaultComponents/categoryMenuDynamicContent.js,Administrative/internal,8359
modules/servers/Smtphosting/templates/admin/assets/js/defaultComponents/copyKeyForDataTable.js,Administrative/internal,1056
modules/servers/Smtphosting/templates/admin/assets/js/defaultComponents/dataTable.js,Administrative/internal,13313
modules/servers/Smtphosting/templates/admin/assets/js/defaultComponents/dataTableSelectFilter.js,Administrative/internal,1523
modules/servers/Smtphosting/templates/admin/assets/js/defaultComponents/dataTableTextFilter.js,Administrative/internal,2416
modules/servers/Smtphosting/templates/admin/assets/js/defaultComponents/detailsWidget.js,Administrative/internal,1288
modules/servers/Smtphosting/templates/admin/assets/js/defaultComponents/dropdawnButtonWrapper.js,Administrative/internal,1793
modules/servers/Smtphosting/templates/admin/assets/js/defaultComponents/graph.js,Administrative/internal,9820
modules/servers/Smtphosting/templates/admin/assets/js/defaultComponents/passwordGenerateButton.js,Administrative/internal,583
modules/servers/Smtphosting/templates/admin/assets/js/defaultComponents/passwordToogleButton.js,Administrative/internal,649
modules/servers/Smtphosting/templates/admin/assets/js/defaultComponents/sidebarAjax.js,Administrative/internal,2508
modules/servers/Smtphosting/templates/admin/assets/js/documentation.js,Administrative/internal,57737
modules/servers/Smtphosting/templates/admin/assets/js/jscolor.min.js,Administrative/internal,29140
modules/servers/Smtphosting/templates/admin/assets/js/layers-ui-table.js,Administrative/internal,833000
modules/servers/Smtphosting/templates/admin/assets/js/layers-ui.js,Administrative/internal,1065937
modules/servers/Smtphosting/templates/admin/assets/js/mgComponents.js,Administrative/internal,17098
modules/servers/Smtphosting/templates/admin/assets/js/moment.js,Administrative/internal,154567
modules/servers/Smtphosting/templates/admin/assets/js/vue.min.js,Administrative/internal,93675
modules/servers/Smtphosting/templates/admin/assets/js/vuex.min.js,Administrative/internal,9758
modules/servers/Smtphosting/templates/admin/controlers/addonIntegration.tpl,Administrative/internal,476
modules/servers/Smtphosting/templates/admin/controlers/adminServicesTabFieldsIntegration.tpl,Administrative/internal,2820
modules/servers/Smtphosting/templates/admin/controlers/assets/css_assets.tpl,Administrative/internal,325
modules/servers/Smtphosting/templates/admin/controlers/assets/js_assets.tpl,Administrative/internal,795
modules/servers/Smtphosting/templates/admin/controlers/configOptionsIntegration.tpl,Administrative/internal,1586
modules/servers/Smtphosting/templates/admin/controlers/errorPage.tpl,Administrative/internal,9578
modules/servers/Smtphosting/templates/admin/controlers/integration.tpl,Administrative/internal,200
modules/servers/Smtphosting/templates/admin/controlers/integrationsWrapper.tpl,Administrative/internal,642
modules/servers/Smtphosting/templates/admin/controlers/main.tpl,Administrative/internal,11276
modules/servers/Smtphosting/templates/admin/controlers/pageNotFound.tpl,Administrative/internal,8168
modules/servers/Smtphosting/templates/admin/pages/home/home.tpl,Administrative/internal,0
modules/servers/Smtphosting/templates/admin/ui/core/default/appLayouts/navbarLeft.tpl,Administrative/internal,8813
modules/servers/Smtphosting/templates/admin/ui/core/default/appLayouts/navbarLeftThin.tpl,Administrative/internal,8813
modules/servers/Smtphosting/templates/admin/ui/core/default/appLayouts/navbarRight.tpl,Administrative/internal,8813
modules/servers/Smtphosting/templates/admin/ui/core/default/appLayouts/navbarRightThin.tpl,Administrative/internal,8813
modules/servers/Smtphosting/templates/admin/ui/core/default/appLayouts/navbarTop.tpl,Administrative/internal,789
modules/servers/Smtphosting/templates/admin/ui/core/default/builder/container.tpl,Administrative/internal,1280
modules/servers/Smtphosting/templates/admin/ui/core/default/hiddenSearchable.tpl,Administrative/internal,1551
modules/servers/Smtphosting/templates/admin/ui/core/default/mainContainer.tpl,Administrative/internal,1486
modules/servers/Smtphosting/templates/admin/ui/core/default/mainContainerIntegrationAddon.tpl,Administrative/internal,1633
modules/servers/Smtphosting/templates/admin/ui/core/default/searchable.tpl,Administrative/internal,1244
modules/servers/Smtphosting/templates/admin/ui/core/default/widget/buttons/buttonBase.tpl,Administrative/internal,1132
modules/servers/Smtphosting/templates/admin/ui/core/default/widget/buttons/buttonCreate.tpl,Administrative/internal,1203
modules/servers/Smtphosting/templates/admin/ui/core/default/widget/buttons/buttonCustomAction.tpl,Administrative/internal,1142
modules/servers/Smtphosting/templates/admin/ui/core/default/widget/buttons/buttonDataTableModalAction.tpl,Administrative/internal,1500
modules/servers/Smtphosting/templates/admin/ui/core/default/widget/buttons/buttonDatatableModalContextLang.tpl,Administrative/internal,1149
modules/servers/Smtphosting/templates/admin/ui/core/default/widget/buttons/buttonDatatableShowModal.tpl,Administrative/internal,1133
modules/servers/Smtphosting/templates/admin/ui/core/default/widget/buttons/buttonMassAction.tpl,Administrative/internal,1220
modules/servers/Smtphosting/templates/admin/ui/core/default/widget/buttons/buttonMassActionContextLang.tpl,Administrative/internal,1178
modules/servers/Smtphosting/templates/admin/ui/core/default/widget/buttons/buttonModal.tpl,Administrative/internal,1384
modules/servers/Smtphosting/templates/admin/ui/core/default/widget/buttons/buttonRedirect.tpl,Administrative/internal,1341
modules/servers/Smtphosting/templates/admin/ui/core/default/widget/buttons/buttonSubmitForm.tpl,Administrative/internal,1117
modules/servers/Smtphosting/templates/admin/ui/core/default/widget/buttons/buttonSwitchAjax.tpl,Administrative/internal,1480
modules/servers/Smtphosting/templates/admin/ui/core/default/widget/buttons/dropdawnButtonWrappers/buttonDropdown.tpl,Administrative/internal,1008
modules/servers/Smtphosting/templates/admin/ui/core/default/widget/buttons/dropdawnButtonWrappers/buttonDropdownItem.tpl,Administrative/internal,1342
modules/servers/Smtphosting/templates/admin/ui/core/default/widget/buttons/dropdawnButtonWrappers/buttonDropdown_components.tpl,Administrative/internal,2472
modules/servers/Smtphosting/templates/admin/ui/core/default/widget/buttons/modalActionButtons/baseAcceptButton.tpl,Administrative/internal,954
modules/servers/Smtphosting/templates/admin/ui/core/default/widget/buttons/modalActionButtons/baseCancelButton.tpl,Administrative/internal,954
modules/servers/Smtphosting/templates/admin/ui/core/default/widget/categoryMenu/categoryMenuDynamicContent.tpl,Administrative/internal,6243
modules/servers/Smtphosting/templates/admin/ui/core/default/widget/categoryMenu/categoryMenuDynamicContent_components.tpl,Administrative/internal,1466
modules/servers/Smtphosting/templates/admin/ui/core/default/widget/categoryMenu/itemContent.tpl,Administrative/internal,912
modules/servers/Smtphosting/templates/admin/ui/core/default/widget/container.tpl,Administrative/internal,1281
modules/servers/Smtphosting/templates/admin/ui/core/default/widget/dataTable/dataTable.tpl,Administrative/internal,1285
modules/servers/Smtphosting/templates/admin/ui/core/default/widget/dataTable/dataTable_components.tpl,Administrative/internal,13372
modules/servers/Smtphosting/templates/admin/ui/core/default/widget/dataTable/datatableCategorisedTabsContainer.tpl,Administrative/internal,2849
modules/servers/Smtphosting/templates/admin/ui/core/default/widget/dataTable/datatableTabsContainer.tpl,Administrative/internal,2626
modules/servers/Smtphosting/templates/admin/ui/core/default/widget/dataTable/filters/select.tpl,Administrative/internal,1611
modules/servers/Smtphosting/templates/admin/ui/core/default/widget/dataTable/filters/select_components.tpl,Administrative/internal,1946
modules/servers/Smtphosting/templates/admin/ui/core/default/widget/dataTable/filters/text.tpl,Administrative/internal,1739
modules/servers/Smtphosting/templates/admin/ui/core/default/widget/dataTable/filters/text_components.tpl,Administrative/internal,1475
modules/servers/Smtphosting/templates/admin/ui/core/default/widget/forms/ajaxFields/select.tpl,Administrative/internal,1817
modules/servers/Smtphosting/templates/admin/ui/core/default/widget/forms/ajaxFields/selectRemoteSearch.tpl,Administrative/internal,2005
modules/servers/Smtphosting/templates/admin/ui/core/default/widget/forms/ajaxFields/selectRemoteSearch_components.tpl,Administrative/internal,1629
modules/servers/Smtphosting/templates/admin/ui/core/default/widget/forms/ajaxFields/select_components.tpl,Administrative/internal,1487
modules/servers/Smtphosting/templates/admin/ui/core/default/widget/forms/baseAutoSaveFormExtSections.tpl,Administrative/internal,1274
modules/servers/Smtphosting/templates/admin/ui/core/default/widget/forms/baseForm.tpl,Administrative/internal,2170
modules/servers/Smtphosting/templates/admin/ui/core/default/widget/forms/baseStandaloneForm.tpl,Administrative/internal,2252
modules/servers/Smtphosting/templates/admin/ui/core/default/widget/forms/baseStandaloneFormExtSections.tpl,Administrative/internal,1362
modules/servers/Smtphosting/templates/admin/ui/core/default/widget/forms/fields/autoSaveFields/select2vueByValueOnly.tpl,Administrative/internal,2308
modules/servers/Smtphosting/templates/admin/ui/core/default/widget/forms/fields/autoSaveFields/switcher.tpl,Administrative/internal,1693
modules/servers/Smtphosting/templates/admin/ui/core/default/widget/forms/fields/checkbox.tpl,Administrative/internal,2423
modules/servers/Smtphosting/templates/admin/ui/core/default/widget/forms/fields/colorPicker.tpl,Administrative/internal,1456
modules/servers/Smtphosting/templates/admin/ui/core/default/widget/forms/fields/date.tpl,Administrative/internal,1698
modules/servers/Smtphosting/templates/admin/ui/core/default/widget/forms/fields/datePicker.tpl,Administrative/internal,1834
modules/servers/Smtphosting/templates/admin/ui/core/default/widget/forms/fields/hidden.tpl,Administrative/internal,161
modules/servers/Smtphosting/templates/admin/ui/core/default/widget/forms/fields/inputGroupElements/inputAddon.tpl,Administrative/internal,964
modules/servers/Smtphosting/templates/admin/ui/core/default/widget/forms/fields/inputGroupElements/select.tpl,Administrative/internal,1724
modules/servers/Smtphosting/templates/admin/ui/core/default/widget/forms/fields/inputGroupElements/text.tpl,Administrative/internal,1084
modules/servers/Smtphosting/templates/admin/ui/core/default/widget/forms/fields/number.tpl,Administrative/internal,1622
modules/servers/Smtphosting/templates/admin/ui/core/default/widget/forms/fields/password.tpl,Administrative/internal,1625
modules/servers/Smtphosting/templates/admin/ui/core/default/widget/forms/fields/passwordGenerate.tpl,Administrative/internal,1618
modules/servers/Smtphosting/templates/admin/ui/core/default/widget/forms/fields/passwordGenerate_components.tpl,Administrative/internal,1386
modules/servers/Smtphosting/templates/admin/ui/core/default/widget/forms/fields/pricingField.tpl,Administrative/internal,1483
modules/servers/Smtphosting/templates/admin/ui/core/default/widget/forms/fields/select.tpl,Administrative/internal,2215
modules/servers/Smtphosting/templates/admin/ui/core/default/widget/forms/fields/select2vue.tpl,Administrative/internal,2682
modules/servers/Smtphosting/templates/admin/ui/core/default/widget/forms/fields/select2vueByValueOnly.tpl,Administrative/internal,2199
modules/servers/Smtphosting/templates/admin/ui/core/default/widget/forms/fields/selectGlobalLang.tpl,Administrative/internal,1716
modules/servers/Smtphosting/templates/admin/ui/core/default/widget/forms/fields/selectLang.tpl,Administrative/internal,2420
modules/servers/Smtphosting/templates/admin/ui/core/default/widget/forms/fields/switcher.tpl,Administrative/internal,1799
modules/servers/Smtphosting/templates/admin/ui/core/default/widget/forms/fields/tagger.tpl,Administrative/internal,1630
modules/servers/Smtphosting/templates/admin/ui/core/default/widget/forms/fields/text.tpl,Administrative/internal,1620
modules/servers/Smtphosting/templates/admin/ui/core/default/widget/forms/fields/textarea.tpl,Administrative/internal,981
modules/servers/Smtphosting/templates/admin/ui/core/default/widget/forms/formInTab.tpl,Administrative/internal,2470
modules/servers/Smtphosting/templates/admin/ui/core/default/widget/forms/formIntegration.tpl,Administrative/internal,967
modules/servers/Smtphosting/templates/admin/ui/core/default/widget/forms/formTabsWidget.tpl,Administrative/internal,3682
modules/servers/Smtphosting/templates/admin/ui/core/default/widget/forms/formWidgetStandalone.tpl,Administrative/internal,2388
modules/servers/Smtphosting/templates/admin/ui/core/default/widget/forms/sections/baseSection.tpl,Administrative/internal,1043
modules/servers/Smtphosting/templates/admin/ui/core/default/widget/forms/sections/boxSection.tpl,Administrative/internal,2188
modules/servers/Smtphosting/templates/admin/ui/core/default/widget/forms/sections/halfPageSection.tpl,Administrative/internal,1081
modules/servers/Smtphosting/templates/admin/ui/core/default/widget/forms/sections/hiddenPricingSection.tpl,Administrative/internal,1466
modules/servers/Smtphosting/templates/admin/ui/core/default/widget/forms/sections/inputGroup.tpl,Administrative/internal,1473
modules/servers/Smtphosting/templates/admin/ui/core/default/widget/forms/sections/rawSection.tpl,Administrative/internal,1658
modules/servers/Smtphosting/templates/admin/ui/core/default/widget/forms/sections/sectionLuRow.tpl,Administrative/internal,1085
modules/servers/Smtphosting/templates/admin/ui/core/default/widget/forms/sections/tabSection.tpl,Administrative/internal,895
modules/servers/Smtphosting/templates/admin/ui/core/default/widget/graph.tpl,Administrative/internal,1
modules/servers/Smtphosting/templates/admin/ui/core/default/widget/graphs/bar.tpl,Administrative/internal,1134
modules/servers/Smtphosting/templates/admin/ui/core/default/widget/graphs/bar_components.tpl,Administrative/internal,2878
modules/servers/Smtphosting/templates/admin/ui/core/default/widget/graphs/bubble.tpl,Administrative/internal,3790
modules/servers/Smtphosting/templates/admin/ui/core/default/widget/graphs/doughnut.tpl,Administrative/internal,3790
modules/servers/Smtphosting/templates/admin/ui/core/default/widget/graphs/emptyGraph.tpl,Administrative/internal,3787
modules/servers/Smtphosting/templates/admin/ui/core/default/widget/graphs/line.tpl,Administrative/internal,1201
modules/servers/Smtphosting/templates/admin/ui/core/default/widget/graphs/line_components.tpl,Administrative/internal,2915
modules/servers/Smtphosting/templates/admin/ui/core/default/widget/graphs/pie.tpl,Administrative/internal,3790
modules/servers/Smtphosting/templates/admin/ui/core/default/widget/graphs/polarArea.tpl,Administrative/internal,3790
modules/servers/Smtphosting/templates/admin/ui/core/default/widget/graphs/radar.tpl,Administrative/internal,3787
modules/servers/Smtphosting/templates/admin/ui/core/default/widget/grid.tpl,Administrative/internal,1
modules/servers/Smtphosting/templates/admin/ui/core/default/widget/modals/baseEditModal.tpl,Administrative/internal,2933
modules/servers/Smtphosting/templates/admin/ui/core/default/widget/modals/baseModal.tpl,Administrative/internal,2848
modules/servers/Smtphosting/templates/admin/ui/core/default/widget/modals/modalTabsEdit.tpl,Administrative/internal,5571
modules/servers/Smtphosting/templates/admin/ui/core/default/widget/others/ajaxFieldForDataTable.tpl,Administrative/internal,318
modules/servers/Smtphosting/templates/admin/ui/core/default/widget/others/ajaxFieldForDataTable_components.tpl,Administrative/internal,219
modules/servers/Smtphosting/templates/admin/ui/core/default/widget/others/configurableOptionsWidget.tpl,Administrative/internal,2080
modules/servers/Smtphosting/templates/admin/ui/core/default/widget/others/copyKeyForDataTable.tpl,Administrative/internal,324
modules/servers/Smtphosting/templates/admin/ui/core/default/widget/others/copyKeyForDataTable_components.tpl,Administrative/internal,493
modules/servers/Smtphosting/templates/admin/ui/core/default/widget/others/customFieldsWidget.tpl,Administrative/internal,2118
modules/servers/Smtphosting/templates/admin/ui/core/default/widget/others/detailsWidget.tpl,Administrative/internal,999
modules/servers/Smtphosting/templates/admin/ui/core/default/widget/others/detailsWidget_components.tpl,Administrative/internal,2470
modules/servers/Smtphosting/templates/admin/ui/core/default/widget/others/infoWidget.tpl,Administrative/internal,1982
modules/servers/Smtphosting/templates/admin/ui/core/default/widget/others/label.tpl,Administrative/internal,428
modules/servers/Smtphosting/templates/admin/ui/core/default/widget/others/moduleDescription.tpl,Administrative/internal,351
modules/servers/Smtphosting/templates/admin/ui/core/default/widget/others/passwordToggleButton.tpl,Administrative/internal,997
modules/servers/Smtphosting/templates/admin/ui/core/default/widget/others/passwordToggleButton_components.tpl,Administrative/internal,1678
modules/servers/Smtphosting/templates/admin/ui/core/default/widget/rawDataTable/rawDataTable.tpl,Administrative/internal,1303
modules/servers/Smtphosting/templates/admin/ui/core/default/widget/rawDataTable/rawDataTable_components.tpl,Administrative/internal,12491
modules/servers/Smtphosting/templates/admin/ui/core/default/widget/sidebar/sidebar.tpl,Administrative/internal,862
modules/servers/Smtphosting/templates/admin/ui/core/default/widget/sidebar/sidebarAjax.tpl,Administrative/internal,1008
modules/servers/Smtphosting/templates/admin/ui/core/default/widget/sidebar/sidebarAjax_components.tpl,Administrative/internal,3065
modules/servers/Smtphosting/templates/admin/ui/core/default/widget/sidebar/sidebarItem.tpl,Administrative/internal,362
modules/servers/Smtphosting/templates/admin/ui/core/default/widget/tab.tpl,Administrative/internal,984
modules/servers/Smtphosting/templates/admin/ui/core/default/widget/tabContainer.tpl,Administrative/internal,2768
modules/servers/Smtphosting/templates/admin/ui/core/default/widget/tabContainerLeft.tpl,Administrative/internal,2662
modules/servers/Smtphosting/templates/admin/ui/core/default/widget/tabContainerRight.tpl,Administrative/internal,2777
modules/servers/Smtphosting/templates/admin/ui/core/default/widget/tabs.tpl,Administrative/internal,1
modules/servers/Smtphosting/templates/admin/ui/core/default/widget/tabs/tab.tpl,Administrative/internal,1
modules/servers/Smtphosting/templates/admin/ui/core/default/widget/tabsWidget/tabsWidget.tpl,Administrative/internal,1978
modules/servers/Smtphosting/templates/admin/ui/view.tpl,Administrative/internal,1151
modules/servers/Smtphosting/templates/assets/css/bootstrap-datepicker.css,Administrative/internal,23986
modules/servers/Smtphosting/templates/assets/css/mg_styles.css,Email,16510
modules/servers/Smtphosting/templates/assets/css/sh.css,Email,12914
modules/servers/Smtphosting/templates/assets/css/toast.css,Email,7008
modules/servers/Smtphosting/templates/assets/img/OpenstackProjects/icon-panelLogin.png,Authentication,856
modules/servers/Smtphosting/templates/assets/js/bootstrap-datepicker.js,Administrative/internal,33694
modules/servers/Smtphosting/templates/assets/js/toast.js,Email,13965
modules/servers/Smtphosting/templates/assets/tpl/DefaultSSLSubmodule/clientarea.tpl,Client Area,1196
modules/servers/Smtphosting/templates/assets/tpl/DefaultSubmodule/clientarea.tpl,Client Area,31751
modules/servers/Smtphosting/templates/assets/tpl/EasyDCIM/details.tpl,Email,1303
modules/servers/Smtphosting/templates/assets/tpl/EasyDCIM/graphs.tpl,Email,4034
modules/servers/Smtphosting/templates/assets/tpl/EasyDCIM/home.tpl,Email,0
modules/servers/Smtphosting/templates/assets/tpl/GoDaddySSL/home.tpl,Email,4250
modules/servers/Smtphosting/templates/assets/tpl/Licensing/details.tpl,Email,1531
modules/servers/Smtphosting/templates/assets/tpl/OpenstackProjects/clientarea.tpl,Client Area,2229
modules/servers/Smtphosting/templates/assets/tpl/PleskKeyAdministrator/details.tpl,Email,1937
modules/servers/Smtphosting/templates/assets/tpl/ProxmoxVPS/console-hook.html,Email,582
modules/servers/Smtphosting/templates/assets/tpl/ProxmoxVPS/details.tpl,Email,1523
modules/servers/Smtphosting/templates/assets/tpl/ProxmoxVPS/graphs.tpl,Email,6867
modules/servers/Smtphosting/templates/assets/tpl/ProxmoxVPS/home.tpl,Email,1090
modules/servers/Smtphosting/templates/assets/tpl/ProxmoxVPS/novnc.tpl,Email,5614
modules/servers/Smtphosting/templates/assets/tpl/ProxmoxVPS/novnc/AUTHORS,Authentication,358
modules/servers/Smtphosting/templates/assets/tpl/ProxmoxVPS/novnc/AUTHORS_Zone.Identifier,Authentication,75
modules/servers/Smtphosting/templates/assets/tpl/ProxmoxVPS/novnc/LICENSE.txt,Email,2318
modules/servers/Smtphosting/templates/assets/tpl/ProxmoxVPS/novnc/LICENSE.txt_Zone.Identifier,Email,75
modules/servers/Smtphosting/templates/assets/tpl/ProxmoxVPS/novnc/README.md_Zone.Identifier,Email,75
modules/servers/Smtphosting/templates/assets/tpl/ProxmoxVPS/novnc/VERSION,Email,6
modules/servers/Smtphosting/templates/assets/tpl/ProxmoxVPS/novnc/VERSION_Zone.Identifier,Email,75
modules/servers/Smtphosting/templates/assets/tpl/ProxmoxVPS/novnc/core/base64.js,Email,4189
modules/servers/Smtphosting/templates/assets/tpl/ProxmoxVPS/novnc/core/base64.js_Zone.Identifier,Email,75
modules/servers/Smtphosting/templates/assets/tpl/ProxmoxVPS/novnc/core/decoders/copyrect.js,Email,628
modules/servers/Smtphosting/templates/assets/tpl/ProxmoxVPS/novnc/core/decoders/copyrect.js_Zone.Identifier,Email,75
modules/servers/Smtphosting/templates/assets/tpl/ProxmoxVPS/novnc/core/decoders/hextile.js,Email,4814
modules/servers/Smtphosting/templates/assets/tpl/ProxmoxVPS/novnc/core/decoders/hextile.js_Zone.Identifier,Email,75
modules/servers/Smtphosting/templates/assets/tpl/ProxmoxVPS/novnc/core/decoders/raw.js,Email,1739
modules/servers/Smtphosting/templates/assets/tpl/ProxmoxVPS/novnc/core/decoders/raw.js_Zone.Identifier,Email,75
modules/servers/Smtphosting/templates/assets/tpl/ProxmoxVPS/novnc/core/decoders/rre.js,Email,1210
modules/servers/Smtphosting/templates/assets/tpl/ProxmoxVPS/novnc/core/decoders/rre.js_Zone.Identifier,Email,75
modules/servers/Smtphosting/templates/assets/tpl/ProxmoxVPS/novnc/core/decoders/tight.js,Email,9662
modules/servers/Smtphosting/templates/assets/tpl/ProxmoxVPS/novnc/core/decoders/tight.js_Zone.Identifier,Email,75
modules/servers/Smtphosting/templates/assets/tpl/ProxmoxVPS/novnc/core/decoders/tightpng.js,Email,768
modules/servers/Smtphosting/templates/assets/tpl/ProxmoxVPS/novnc/core/decoders/tightpng.js_Zone.Identifier,Email,75
modules/servers/Smtphosting/templates/assets/tpl/ProxmoxVPS/novnc/core/des.js,Email,11241
modules/servers/Smtphosting/templates/assets/tpl/ProxmoxVPS/novnc/core/des.js_Zone.Identifier,Email,75
modules/servers/Smtphosting/templates/assets/tpl/ProxmoxVPS/novnc/core/display.js,Email,20765
modules/servers/Smtphosting/templates/assets/tpl/ProxmoxVPS/novnc/core/display.js_Zone.Identifier,Email,75
modules/servers/Smtphosting/templates/assets/tpl/ProxmoxVPS/novnc/core/encodings.js,Email,1294
modules/servers/Smtphosting/templates/assets/tpl/ProxmoxVPS/novnc/core/encodings.js_Zone.Identifier,Email,75
modules/servers/Smtphosting/templates/assets/tpl/ProxmoxVPS/novnc/core/inflator.js,Email,1170
modules/servers/Smtphosting/templates/assets/tpl/ProxmoxVPS/novnc/core/inflator.js_Zone.Identifier,Email,75
modules/servers/Smtphosting/templates/assets/tpl/ProxmoxVPS/novnc/core/input/domkeytable.js,Email,11438
modules/servers/Smtphosting/templates/assets/tpl/ProxmoxVPS/novnc/core/input/domkeytable.js_Zone.Identifier,Email,75
modules/servers/Smtphosting/templates/assets/tpl/ProxmoxVPS/novnc/core/input/fixedkeys.js,Email,3804
modules/servers/Smtphosting/templates/assets/tpl/ProxmoxVPS/novnc/core/input/fixedkeys.js_Zone.Identifier,Email,75
modules/servers/Smtphosting/templates/assets/tpl/ProxmoxVPS/novnc/core/input/keyboard.js,Email,12954
modules/servers/Smtphosting/templates/assets/tpl/ProxmoxVPS/novnc/core/input/keyboard.js_Zone.Identifier,Email,75
modules/servers/Smtphosting/templates/assets/tpl/ProxmoxVPS/novnc/core/input/keysym.js,Email,34609
modules/servers/Smtphosting/templates/assets/tpl/ProxmoxVPS/novnc/core/input/keysym.js_Zone.Identifier,Email,75
modules/servers/Smtphosting/templates/assets/tpl/ProxmoxVPS/novnc/core/input/keysymdef.js,Email,25374
modules/servers/Smtphosting/templates/assets/tpl/ProxmoxVPS/novnc/core/input/keysymdef.js_Zone.Identifier,Email,75
modules/servers/Smtphosting/templates/assets/tpl/ProxmoxVPS/novnc/core/input/mouse.js,Email,9995
modules/servers/Smtphosting/templates/assets/tpl/ProxmoxVPS/novnc/core/input/mouse.js_Zone.Identifier,Email,75
modules/servers/Smtphosting/templates/assets/tpl/ProxmoxVPS/novnc/core/input/util.js,Email,5283
modules/servers/Smtphosting/templates/assets/tpl/ProxmoxVPS/novnc/core/input/util.js_Zone.Identifier,Email,75
modules/servers/Smtphosting/templates/assets/tpl/ProxmoxVPS/novnc/core/input/vkeys.js,Email,2580
modules/servers/Smtphosting/templates/assets/tpl/ProxmoxVPS/novnc/core/input/vkeys.js_Zone.Identifier,Email,75
modules/servers/Smtphosting/templates/assets/tpl/ProxmoxVPS/novnc/core/input/xtscancodes.js,Email,14256
modules/servers/Smtphosting/templates/assets/tpl/ProxmoxVPS/novnc/core/input/xtscancodes.js_Zone.Identifier,Email,75
modules/servers/Smtphosting/templates/assets/tpl/ProxmoxVPS/novnc/core/rfb.js,Email,68888
modules/servers/Smtphosting/templates/assets/tpl/ProxmoxVPS/novnc/core/rfb.js_Zone.Identifier,Email,75
modules/servers/Smtphosting/templates/assets/tpl/ProxmoxVPS/novnc/core/util/browser.js,Email,3134
modules/servers/Smtphosting/templates/assets/tpl/ProxmoxVPS/novnc/core/util/browser.js_Zone.Identifier,Email,75
modules/servers/Smtphosting/templates/assets/tpl/ProxmoxVPS/novnc/core/util/cursor.js,Email,7556
modules/servers/Smtphosting/templates/assets/tpl/ProxmoxVPS/novnc/core/util/cursor.js_Zone.Identifier,Email,75
modules/servers/Smtphosting/templates/assets/tpl/ProxmoxVPS/novnc/core/util/events.js,Email,4221
modules/servers/Smtphosting/templates/assets/tpl/ProxmoxVPS/novnc/core/util/events.js_Zone.Identifier,Email,75
modules/servers/Smtphosting/templates/assets/tpl/ProxmoxVPS/novnc/core/util/eventtarget.js,Email,896
modules/servers/Smtphosting/templates/assets/tpl/ProxmoxVPS/novnc/core/util/eventtarget.js_Zone.Identifier,Email,75
modules/servers/Smtphosting/templates/assets/tpl/ProxmoxVPS/novnc/core/util/logging.js,Email,1358
modules/servers/Smtphosting/templates/assets/tpl/ProxmoxVPS/novnc/core/util/logging.js_Zone.Identifier,Email,75
modules/servers/Smtphosting/templates/assets/tpl/ProxmoxVPS/novnc/core/util/polyfill.js,Email,1866
modules/servers/Smtphosting/templates/assets/tpl/ProxmoxVPS/novnc/core/util/polyfill.js_Zone.Identifier,Email,75
modules/servers/Smtphosting/templates/assets/tpl/ProxmoxVPS/novnc/core/util/strings.js,Email,301
modules/servers/Smtphosting/templates/assets/tpl/ProxmoxVPS/novnc/core/util/strings.js_Zone.Identifier,Email,75
modules/servers/Smtphosting/templates/assets/tpl/ProxmoxVPS/novnc/core/websock.js,Email,8676
modules/servers/Smtphosting/templates/assets/tpl/ProxmoxVPS/novnc/core/websock.js_Zone.Identifier,Email,75
modules/servers/Smtphosting/templates/assets/tpl/ProxmoxVPS/novnc/vendor/browser-es-module-loader/README.md_Zone.Identifier,Administrative/internal,75
modules/servers/Smtphosting/templates/assets/tpl/ProxmoxVPS/novnc/vendor/browser-es-module-loader/dist/babel-worker.js,Administrative/internal,1699375
modules/servers/Smtphosting/templates/assets/tpl/ProxmoxVPS/novnc/vendor/browser-es-module-loader/dist/babel-worker.js_Zone.Identifier,Administrative/internal,75
modules/servers/Smtphosting/templates/assets/tpl/ProxmoxVPS/novnc/vendor/browser-es-module-loader/dist/browser-es-module-loader.js,Administrative/internal,45496
modules/servers/Smtphosting/templates/assets/tpl/ProxmoxVPS/novnc/vendor/browser-es-module-loader/dist/browser-es-module-loader.js.map,Administrative/internal,88084
modules/servers/Smtphosting/templates/assets/tpl/ProxmoxVPS/novnc/vendor/browser-es-module-loader/dist/browser-es-module-loader.js.map_Zone.Identifier,Administrative/internal,75
modules/servers/Smtphosting/templates/assets/tpl/ProxmoxVPS/novnc/vendor/browser-es-module-loader/dist/browser-es-module-loader.js_Zone.Identifier,Administrative/internal,75
modules/servers/Smtphosting/templates/assets/tpl/ProxmoxVPS/novnc/vendor/browser-es-module-loader/rollup.config.js,Administrative/internal,359
modules/servers/Smtphosting/templates/assets/tpl/ProxmoxVPS/novnc/vendor/browser-es-module-loader/rollup.config.js_Zone.Identifier,Administrative/internal,75
modules/servers/Smtphosting/templates/assets/tpl/ProxmoxVPS/novnc/vendor/browser-es-module-loader/src/babel-worker.js,Administrative/internal,1113
modules/servers/Smtphosting/templates/assets/tpl/ProxmoxVPS/novnc/vendor/browser-es-module-loader/src/babel-worker.js_Zone.Identifier,Administrative/internal,75
modules/servers/Smtphosting/templates/assets/tpl/ProxmoxVPS/novnc/vendor/browser-es-module-loader/src/browser-es-module-loader.js,Administrative/internal,8601
modules/servers/Smtphosting/templates/assets/tpl/ProxmoxVPS/novnc/vendor/browser-es-module-loader/src/browser-es-module-loader.js_Zone.Identifier,Administrative/internal,75
modules/servers/Smtphosting/templates/assets/tpl/ProxmoxVPS/novnc/vendor/pako/LICENSE,Administrative/internal,1084
modules/servers/Smtphosting/templates/assets/tpl/ProxmoxVPS/novnc/vendor/pako/LICENSE_Zone.Identifier,Administrative/internal,75
modules/servers/Smtphosting/templates/assets/tpl/ProxmoxVPS/novnc/vendor/pako/README.md_Zone.Identifier,Administrative/internal,75
modules/servers/Smtphosting/templates/assets/tpl/ProxmoxVPS/novnc/vendor/pako/lib/utils/common.js,Administrative/internal,1062
modules/servers/Smtphosting/templates/assets/tpl/ProxmoxVPS/novnc/vendor/pako/lib/utils/common.js_Zone.Identifier,Administrative/internal,75
modules/servers/Smtphosting/templates/assets/tpl/ProxmoxVPS/novnc/vendor/pako/lib/zlib/adler32.js,Administrative/internal,666
modules/servers/Smtphosting/templates/assets/tpl/ProxmoxVPS/novnc/vendor/pako/lib/zlib/adler32.js_Zone.Identifier,Administrative/internal,75
modules/servers/Smtphosting/templates/assets/tpl/ProxmoxVPS/novnc/vendor/pako/lib/zlib/constants.js,Administrative/internal,1334
modules/servers/Smtphosting/templates/assets/tpl/ProxmoxVPS/novnc/vendor/pako/lib/zlib/constants.js_Zone.Identifier,Administrative/internal,75
modules/servers/Smtphosting/templates/assets/tpl/ProxmoxVPS/novnc/vendor/pako/lib/zlib/crc32.js,Administrative/internal,764
modules/servers/Smtphosting/templates/assets/tpl/ProxmoxVPS/novnc/vendor/pako/lib/zlib/crc32.js_Zone.Identifier,Administrative/internal,75
modules/servers/Smtphosting/templates/assets/tpl/ProxmoxVPS/novnc/vendor/pako/lib/zlib/deflate.js,Administrative/internal,60016
modules/servers/Smtphosting/templates/assets/tpl/ProxmoxVPS/novnc/vendor/pako/lib/zlib/deflate.js_Zone.Identifier,Administrative/internal,75
modules/servers/Smtphosting/templates/assets/tpl/ProxmoxVPS/novnc/vendor/pako/lib/zlib/gzheader.js,Administrative/internal,1251
modules/servers/Smtphosting/templates/assets/tpl/ProxmoxVPS/novnc/vendor/pako/lib/zlib/gzheader.js_Zone.Identifier,Administrative/internal,75
modules/servers/Smtphosting/templates/assets/tpl/ProxmoxVPS/novnc/vendor/pako/lib/zlib/inffast.js,Administrative/internal,11690
modules/servers/Smtphosting/templates/assets/tpl/ProxmoxVPS/novnc/vendor/pako/lib/zlib/inffast.js_Zone.Identifier,Administrative/internal,75
modules/servers/Smtphosting/templates/assets/tpl/ProxmoxVPS/novnc/vendor/pako/lib/zlib/inflate.js,Administrative/internal,47128
modules/servers/Smtphosting/templates/assets/tpl/ProxmoxVPS/novnc/vendor/pako/lib/zlib/inflate.js_Zone.Identifier,Administrative/internal,75
modules/servers/Smtphosting/templates/assets/tpl/ProxmoxVPS/novnc/vendor/pako/lib/zlib/inftrees.js,Administrative/internal,11527
modules/servers/Smtphosting/templates/assets/tpl/ProxmoxVPS/novnc/vendor/pako/lib/zlib/inftrees.js_Zone.Identifier,Administrative/internal,75
modules/servers/Smtphosting/templates/assets/tpl/ProxmoxVPS/novnc/vendor/pako/lib/zlib/messages.js,Administrative/internal,560
modules/servers/Smtphosting/templates/assets/tpl/ProxmoxVPS/novnc/vendor/pako/lib/zlib/messages.js_Zone.Identifier,Administrative/internal,75
modules/servers/Smtphosting/templates/assets/tpl/ProxmoxVPS/novnc/vendor/pako/lib/zlib/trees.js,Administrative/internal,38767
modules/servers/Smtphosting/templates/assets/tpl/ProxmoxVPS/novnc/vendor/pako/lib/zlib/trees.js_Zone.Identifier,Administrative/internal,75
modules/servers/Smtphosting/templates/assets/tpl/ProxmoxVPS/novnc/vendor/pako/lib/zlib/zstream.js,Administrative/internal,823
modules/servers/Smtphosting/templates/assets/tpl/ProxmoxVPS/novnc/vendor/pako/lib/zlib/zstream.js_Zone.Identifier,Administrative/internal,75
modules/servers/Smtphosting/templates/assets/tpl/ProxmoxVPS/novnc/vendor/promise.js,Administrative/internal,7388
modules/servers/Smtphosting/templates/assets/tpl/ProxmoxVPS/novnc/vendor/promise.js_Zone.Identifier,Administrative/internal,75
modules/servers/Smtphosting/templates/assets/tpl/ProxmoxVPS/reinstall.tpl,Email,5654
modules/servers/Smtphosting/templates/assets/tpl/ProxmoxVPS/xterm-addon-fit/LICENSE,Email,1103
modules/servers/Smtphosting/templates/assets/tpl/ProxmoxVPS/xterm-addon-fit/lib/xterm-addon-fit.js,Administrative/internal,1716
modules/servers/Smtphosting/templates/assets/tpl/ProxmoxVPS/xterm-addon-fit/lib/xterm-addon-fit.js.map,Administrative/internal,6321
modules/servers/Smtphosting/templates/assets/tpl/ProxmoxVPS/xterm-addon-fit/out-test/FitAddon.api.js.map,Email,4848
modules/servers/Smtphosting/templates/assets/tpl/ProxmoxVPS/xterm-addon-fit/out/FitAddon.js,Email,2644
modules/servers/Smtphosting/templates/assets/tpl/ProxmoxVPS/xterm-addon-fit/out/FitAddon.js.map,Email,2351
modules/servers/Smtphosting/templates/assets/tpl/ProxmoxVPS/xterm-addon-fit/package.json,Email,1743
modules/servers/Smtphosting/templates/assets/tpl/ProxmoxVPS/xterm-addon-fit/src/FitAddon.ts,Email,2759
modules/servers/Smtphosting/templates/assets/tpl/ProxmoxVPS/xterm-addon-fit/typings/xterm-addon-fit.d.ts,Email,1164
modules/servers/Smtphosting/templates/assets/tpl/ProxmoxVPS/xterm/LICENSE,Email,1261
modules/servers/Smtphosting/templates/assets/tpl/ProxmoxVPS/xterm/css/style.css,Email,1643
modules/servers/Smtphosting/templates/assets/tpl/ProxmoxVPS/xterm/css/xterm.css,Email,4029
modules/servers/Smtphosting/templates/assets/tpl/ProxmoxVPS/xterm/lib/util.js,Administrative/internal,619
modules/servers/Smtphosting/templates/assets/tpl/ProxmoxVPS/xterm/lib/xterm.js,Administrative/internal,310325
modules/servers/Smtphosting/templates/assets/tpl/ProxmoxVPS/xterm/lib/xterm.js.map,Administrative/internal,1058567
modules/servers/Smtphosting/templates/assets/tpl/ProxmoxVPS/xterm/package.json,Email,3628
modules/servers/Smtphosting/templates/assets/tpl/ProxmoxVPS/xterm/src/browser/AccessibilityManager.ts,Email,11457
modules/servers/Smtphosting/templates/assets/tpl/ProxmoxVPS/xterm/src/browser/Clipboard.ts,Email,3482
modules/servers/Smtphosting/templates/assets/tpl/ProxmoxVPS/xterm/src/browser/Color.ts,Email,7640
modules/servers/Smtphosting/templates/assets/tpl/ProxmoxVPS/xterm/src/browser/ColorContrastCache.ts,Email,1102
modules/servers/Smtphosting/templates/assets/tpl/ProxmoxVPS/xterm/src/browser/ColorManager.ts,Email,8411
modules/servers/Smtphosting/templates/assets/tpl/ProxmoxVPS/xterm/src/browser/Dom.ts,Email,254
modules/servers/Smtphosting/templates/assets/tpl/ProxmoxVPS/xterm/src/browser/Lifecycle.ts,Email,730
modules/servers/Smtphosting/templates/assets/tpl/ProxmoxVPS/xterm/src/browser/Linkifier.ts,Email,13340
modules/servers/Smtphosting/templates/assets/tpl/ProxmoxVPS/xterm/src/browser/Linkifier2.ts,Email,15124
modules/servers/Smtphosting/templates/assets/tpl/ProxmoxVPS/xterm/src/browser/LocalizableStrings.ts,Email,309
modules/servers/Smtphosting/templates/assets/tpl/ProxmoxVPS/xterm/src/browser/MouseZoneManager.ts,Email,7648
modules/servers/Smtphosting/templates/assets/tpl/ProxmoxVPS/xterm/src/browser/RenderDebouncer.ts,Email,1966
modules/servers/Smtphosting/templates/assets/tpl/ProxmoxVPS/xterm/src/browser/ScreenDprMonitor.ts,Email,2306
modules/servers/Smtphosting/templates/assets/tpl/ProxmoxVPS/xterm/src/browser/Terminal.ts,Email,50115
modules/servers/Smtphosting/templates/assets/tpl/ProxmoxVPS/xterm/src/browser/Types.d.ts,Email,9715
modules/servers/Smtphosting/templates/assets/tpl/ProxmoxVPS/xterm/src/browser/Viewport.ts,Email,10101
modules/servers/Smtphosting/templates/assets/tpl/ProxmoxVPS/xterm/src/browser/input/CompositionHelper.ts,Email,9778
modules/servers/Smtphosting/templates/assets/tpl/ProxmoxVPS/xterm/src/browser/input/Mouse.ts,Email,2444
modules/servers/Smtphosting/templates/assets/tpl/ProxmoxVPS/xterm/src/browser/input/MoveToCell.ts,Email,8297
modules/servers/Smtphosting/templates/assets/tpl/ProxmoxVPS/xterm/src/browser/public/AddonManager.ts,Email,1420
modules/servers/Smtphosting/templates/assets/tpl/ProxmoxVPS/xterm/src/browser/public/Terminal.ts,Email,14008
modules/servers/Smtphosting/templates/assets/tpl/ProxmoxVPS/xterm/src/browser/renderer/BaseRenderLayer.ts,Email,16820
modules/servers/Smtphosting/templates/assets/tpl/ProxmoxVPS/xterm/src/browser/renderer/CursorRenderLayer.ts,Email,12206
modules/servers/Smtphosting/templates/assets/tpl/ProxmoxVPS/xterm/src/browser/renderer/GridCache.ts,Email,747
modules/servers/Smtphosting/templates/assets/tpl/ProxmoxVPS/xterm/src/browser/renderer/LinkRenderLayer.ts,Email,2817
modules/servers/Smtphosting/templates/assets/tpl/ProxmoxVPS/xterm/src/browser/renderer/Renderer.ts,Email,8688
modules/servers/Smtphosting/templates/assets/tpl/ProxmoxVPS/xterm/src/browser/renderer/RendererUtils.ts,Email,242
modules/servers/Smtphosting/templates/assets/tpl/ProxmoxVPS/xterm/src/browser/renderer/SelectionRenderLayer.ts,Email,4444
modules/servers/Smtphosting/templates/assets/tpl/ProxmoxVPS/xterm/src/browser/renderer/TextRenderLayer.ts,Email,11521
modules/servers/Smtphosting/templates/assets/tpl/ProxmoxVPS/xterm/src/browser/renderer/Types.d.ts,Email,2480
modules/servers/Smtphosting/templates/assets/tpl/ProxmoxVPS/xterm/src/browser/renderer/atlas/BaseCharAtlas.ts,Email,1718
modules/servers/Smtphosting/templates/assets/tpl/ProxmoxVPS/xterm/src/browser/renderer/atlas/CharAtlasCache.ts,Email,2949
modules/servers/Smtphosting/templates/assets/tpl/ProxmoxVPS/xterm/src/browser/renderer/atlas/CharAtlasUtils.ts,Email,1868
modules/servers/Smtphosting/templates/assets/tpl/ProxmoxVPS/xterm/src/browser/renderer/atlas/Constants.ts,Email,208
modules/servers/Smtphosting/templates/assets/tpl/ProxmoxVPS/xterm/src/browser/renderer/atlas/DynamicCharAtlas.ts,Email,13394
modules/servers/Smtphosting/templates/assets/tpl/ProxmoxVPS/xterm/src/browser/renderer/atlas/LRUMap.ts,Email,3548
modules/servers/Smtphosting/templates/assets/tpl/ProxmoxVPS/xterm/src/browser/renderer/atlas/Types.d.ts,Email,625
modules/servers/Smtphosting/templates/assets/tpl/ProxmoxVPS/xterm/src/browser/renderer/dom/DomRenderer.ts,Email,16409
modules/servers/Smtphosting/templates/assets/tpl/ProxmoxVPS/xterm/src/browser/renderer/dom/DomRendererRowFactory.ts,Email,8786
modules/servers/Smtphosting/templates/assets/tpl/ProxmoxVPS/xterm/src/browser/selection/SelectionModel.ts,Email,4114
modules/servers/Smtphosting/templates/assets/tpl/ProxmoxVPS/xterm/src/browser/selection/Types.d.ts,Email,351
modules/servers/Smtphosting/templates/assets/tpl/ProxmoxVPS/xterm/src/browser/services/CharSizeService.ts,Email,2825
modules/servers/Smtphosting/templates/assets/tpl/ProxmoxVPS/xterm/src/browser/services/CharacterJoinerService.ts,Email,11104
modules/servers/Smtphosting/templates/assets/tpl/ProxmoxVPS/xterm/src/browser/services/CoreBrowserService.ts,Email,559
modules/servers/Smtphosting/templates/assets/tpl/ProxmoxVPS/xterm/src/browser/services/MouseService.ts,Email,1188
modules/servers/Smtphosting/templates/assets/tpl/ProxmoxVPS/xterm/src/browser/services/RenderService.ts,Email,7562
modules/servers/Smtphosting/templates/assets/tpl/ProxmoxVPS/xterm/src/browser/services/SelectionService.ts,Email,36507
modules/servers/Smtphosting/templates/assets/tpl/ProxmoxVPS/xterm/src/browser/services/Services.ts,Email,4061
modules/servers/Smtphosting/templates/assets/tpl/ProxmoxVPS/xterm/src/browser/services/SoundService.ts,Email,1874
modules/servers/Smtphosting/templates/assets/tpl/ProxmoxVPS/xterm/src/browser/tsconfig.json,Email,432
modules/servers/Smtphosting/templates/assets/tpl/ProxmoxVPS/xterm/src/common/CircularList.ts,Email,7440
modules/servers/Smtphosting/templates/assets/tpl/ProxmoxVPS/xterm/src/common/Clone.ts,Email,619
modules/servers/Smtphosting/templates/assets/tpl/ProxmoxVPS/xterm/src/common/CoreTerminal.ts,Email,11999
modules/servers/Smtphosting/templates/assets/tpl/ProxmoxVPS/xterm/src/common/EventEmitter.ts,Email,1729
modules/servers/Smtphosting/templates/assets/tpl/ProxmoxVPS/xterm/src/common/InputHandler.ts,Email,129763
modules/servers/Smtphosting/templates/assets/tpl/ProxmoxVPS/xterm/src/common/Lifecycle.ts,Email,1702
modules/servers/Smtphosting/templates/assets/tpl/ProxmoxVPS/xterm/src/common/Platform.ts,Email,1129
modules/servers/Smtphosting/templates/assets/tpl/ProxmoxVPS/xterm/src/common/TypedArrayUtils.ts,Email,1499
modules/servers/Smtphosting/templates/assets/tpl/ProxmoxVPS/xterm/src/common/Types.d.ts,Email,13270
modules/servers/Smtphosting/templates/assets/tpl/ProxmoxVPS/xterm/src/common/WindowsMode.ts,Email,1361
modules/servers/Smtphosting/templates/assets/tpl/ProxmoxVPS/xterm/src/common/buffer/AttributeData.ts,Email,5768
modules/servers/Smtphosting/templates/assets/tpl/ProxmoxVPS/xterm/src/common/buffer/Buffer.ts,Email,25191
modules/servers/Smtphosting/templates/assets/tpl/ProxmoxVPS/xterm/src/common/buffer/BufferLine.ts,Email,16249
modules/servers/Smtphosting/templates/assets/tpl/ProxmoxVPS/xterm/src/common/buffer/BufferRange.ts,Email,557
modules/servers/Smtphosting/templates/assets/tpl/ProxmoxVPS/xterm/src/common/buffer/BufferReflow.ts,Email,8103
modules/servers/Smtphosting/templates/assets/tpl/ProxmoxVPS/xterm/src/common/buffer/BufferSet.ts,Email,3845
modules/servers/Smtphosting/templates/assets/tpl/ProxmoxVPS/xterm/src/common/buffer/CellData.ts,Email,3312
modules/servers/Smtphosting/templates/assets/tpl/ProxmoxVPS/xterm/src/common/buffer/Constants.ts,Email,3758
modules/servers/Smtphosting/templates/assets/tpl/ProxmoxVPS/xterm/src/common/buffer/Marker.ts,Email,904
modules/servers/Smtphosting/templates/assets/tpl/ProxmoxVPS/xterm/src/common/buffer/Types.d.ts,Email,2040
modules/servers/Smtphosting/templates/assets/tpl/ProxmoxVPS/xterm/src/common/data/Charsets.ts,Email,4669
modules/servers/Smtphosting/templates/assets/tpl/ProxmoxVPS/xterm/src/common/data/EscapeSequences.ts,Email,4556
modules/servers/Smtphosting/templates/assets/tpl/ProxmoxVPS/xterm/src/common/input/Keyboard.ts,Email,10721
modules/servers/Smtphosting/templates/assets/tpl/ProxmoxVPS/xterm/src/common/input/TextDecoder.ts,Email,10491
modules/servers/Smtphosting/templates/assets/tpl/ProxmoxVPS/xterm/src/common/input/UnicodeV6.ts,Email,4945
modules/servers/Smtphosting/templates/assets/tpl/ProxmoxVPS/xterm/src/common/input/WriteBuffer.ts,Email,9376
modules/servers/Smtphosting/templates/assets/tpl/ProxmoxVPS/xterm/src/common/parser/Constants.ts,Email,971
modules/servers/Smtphosting/templates/assets/tpl/ProxmoxVPS/xterm/src/common/parser/DcsParser.ts,Email,6054
modules/servers/Smtphosting/templates/assets/tpl/ProxmoxVPS/xterm/src/common/parser/EscapeSequenceParser.ts,Email,36267
modules/servers/Smtphosting/templates/assets/tpl/ProxmoxVPS/xterm/src/common/parser/OscParser.ts,Email,7078
modules/servers/Smtphosting/templates/assets/tpl/ProxmoxVPS/xterm/src/common/parser/Params.ts,Email,7495
modules/servers/Smtphosting/templates/assets/tpl/ProxmoxVPS/xterm/src/common/parser/Types.d.ts,Email,7897
modules/servers/Smtphosting/templates/assets/tpl/ProxmoxVPS/xterm/src/common/services/BufferService.ts,Email,6082
modules/servers/Smtphosting/templates/assets/tpl/ProxmoxVPS/xterm/src/common/services/CharsetService.ts,Email,784
modules/servers/Smtphosting/templates/assets/tpl/ProxmoxVPS/xterm/src/common/services/CoreMouseService.ts,Email,9375
modules/servers/Smtphosting/templates/assets/tpl/ProxmoxVPS/xterm/src/common/services/CoreService.ts,Email,3208
modules/servers/Smtphosting/templates/assets/tpl/ProxmoxVPS/xterm/src/common/services/DirtyRowService.ts,Email,1159
modules/servers/Smtphosting/templates/assets/tpl/ProxmoxVPS/xterm/src/common/services/InstantiationService.ts,Email,2887
modules/servers/Smtphosting/templates/assets/tpl/ProxmoxVPS/xterm/src/common/services/LogService.ts,Email,2435
modules/servers/Smtphosting/templates/assets/tpl/ProxmoxVPS/xterm/src/common/services/OptionsService.ts,Email,5466
modules/servers/Smtphosting/templates/assets/tpl/ProxmoxVPS/xterm/src/common/services/ServiceRegistry.ts,Email,1743
modules/servers/Smtphosting/templates/assets/tpl/ProxmoxVPS/xterm/src/common/services/Services.ts,Email,10132
modules/servers/Smtphosting/templates/assets/tpl/ProxmoxVPS/xterm/src/common/services/UnicodeService.ts,Email,2684
modules/servers/Smtphosting/templates/assets/tpl/ProxmoxVPS/xterm/src/common/tsconfig.json,Email,311
modules/servers/Smtphosting/templates/assets/tpl/ProxmoxVPS/xterm/src/tsconfig-base.json,Email,227
modules/servers/Smtphosting/templates/assets/tpl/ProxmoxVPS/xterm/src/tsconfig-library-base.json,Email,174
modules/servers/Smtphosting/templates/assets/tpl/ProxmoxVPS/xterm/tsconfig.all.json,Email,540
modules/servers/Smtphosting/templates/assets/tpl/ProxmoxVPS/xterm/typings/xterm.d.ts,Email,53633
modules/servers/Smtphosting/templates/assets/tpl/ProxmoxVPS/xtermjs.tpl,Email,4698
modules/servers/Smtphosting/templates/assets/tpl/SSLCENTERWHMCS/home.tpl,Email,74784
modules/servers/Smtphosting/templates/assets/tpl/SSLCENTERWHMCS/mgLibs.js,Email,23150
modules/servers/Smtphosting/templates/assets/tpl/SSLCENTERWHMCS/stepTwo.tpl,Email,7809
modules/servers/Smtphosting/templates/assets/tpl/Virtualizor/clientarea.tpl,Client Area,3359
modules/servers/Smtphosting/templates/assets/tpl/Virtualizor/graphs.tpl,Email,6175
modules/servers/Smtphosting/templates/assets/tpl/Virtualizor/novnc/LICENSE.txt,Email,2325
modules/servers/Smtphosting/templates/assets/tpl/Virtualizor/novnc/README.md,Email,5569
modules/servers/Smtphosting/templates/assets/tpl/Virtualizor/novnc/app/error-handler.js,Email,2240
modules/servers/Smtphosting/templates/assets/tpl/Virtualizor/novnc/app/images/alt.svg,Email,4124
modules/servers/Smtphosting/templates/assets/tpl/Virtualizor/novnc/app/images/clipboard.svg,Email,4651
modules/servers/Smtphosting/templates/assets/tpl/Virtualizor/novnc/app/images/connect.svg,Email,4049
modules/servers/Smtphosting/templates/assets/tpl/Virtualizor/novnc/app/images/ctrl.svg,Email,4990
modules/servers/Smtphosting/templates/assets/tpl/Virtualizor/novnc/app/images/ctrlaltdel.svg,Email,3866
modules/servers/Smtphosting/templates/assets/tpl/Virtualizor/novnc/app/images/disconnect.svg,Email,5661
modules/servers/Smtphosting/templates/assets/tpl/Virtualizor/novnc/app/images/drag.svg,Email,5119
modules/servers/Smtphosting/templates/assets/tpl/Virtualizor/novnc/app/images/error.svg,Email,3575
modules/servers/Smtphosting/templates/assets/tpl/Virtualizor/novnc/app/images/esc.svg,Email,5093
modules/servers/Smtphosting/templates/assets/tpl/Virtualizor/novnc/app/images/expander.svg,Email,3458
modules/servers/Smtphosting/templates/assets/tpl/Virtualizor/novnc/app/images/fullscreen.svg,Email,3707
modules/servers/Smtphosting/templates/assets/tpl/Virtualizor/novnc/app/images/handle.svg,Email,3038
modules/servers/Smtphosting/templates/assets/tpl/Virtualizor/novnc/app/images/handle_bg.svg,Email,7609
modules/servers/Smtphosting/templates/assets/tpl/Virtualizor/novnc/app/images/icons/Makefile,Email,871
modules/servers/Smtphosting/templates/assets/tpl/Virtualizor/novnc/app/images/icons/novnc-120x120.png,Email,4028
modules/servers/Smtphosting/templates/assets/tpl/Virtualizor/novnc/app/images/icons/novnc-144x144.png,Email,4582
modules/servers/Smtphosting/templates/assets/tpl/Virtualizor/novnc/app/images/icons/novnc-152x152.png,Email,5216
modules/servers/Smtphosting/templates/assets/tpl/Virtualizor/novnc/app/images/icons/novnc-16x16.png,Email,675
modules/servers/Smtphosting/templates/assets/tpl/Virtualizor/novnc/app/images/icons/novnc-192x192.png,Email,5787
modules/servers/Smtphosting/templates/assets/tpl/Virtualizor/novnc/app/images/icons/novnc-24x24.png,Email,1000
modules/servers/Smtphosting/templates/assets/tpl/Virtualizor/novnc/app/images/icons/novnc-32x32.png,Email,1064
modules/servers/Smtphosting/templates/assets/tpl/Virtualizor/novnc/app/images/icons/novnc-48x48.png,Email,1397
modules/servers/Smtphosting/templates/assets/tpl/Virtualizor/novnc/app/images/icons/novnc-60x60.png,Email,1932
modules/servers/Smtphosting/templates/assets/tpl/Virtualizor/novnc/app/images/icons/novnc-64x64.png,Email,1946
modules/servers/Smtphosting/templates/assets/tpl/Virtualizor/novnc/app/images/icons/novnc-72x72.png,Email,2699
modules/servers/Smtphosting/templates/assets/tpl/Virtualizor/novnc/app/images/icons/novnc-76x76.png,Email,2874
modules/servers/Smtphosting/templates/assets/tpl/Virtualizor/novnc/app/images/icons/novnc-96x96.png,Email,2351
modules/servers/Smtphosting/templates/assets/tpl/Virtualizor/novnc/app/images/icons/novnc-icon-sm.svg,Email,13217
modules/servers/Smtphosting/templates/assets/tpl/Virtualizor/novnc/app/images/icons/novnc-icon.svg,Email,12930
modules/servers/Smtphosting/templates/assets/tpl/Virtualizor/novnc/app/images/info.svg,Email,3673
modules/servers/Smtphosting/templates/assets/tpl/Virtualizor/novnc/app/images/keyboard.svg,Email,6932
modules/servers/Smtphosting/templates/assets/tpl/Virtualizor/novnc/app/images/mouse_left.svg,Email,7551
modules/servers/Smtphosting/templates/assets/tpl/Virtualizor/novnc/app/images/mouse_middle.svg,Email,7553
modules/servers/Smtphosting/templates/assets/tpl/Virtualizor/novnc/app/images/mouse_none.svg,Email,7544
modules/servers/Smtphosting/templates/assets/tpl/Virtualizor/novnc/app/images/mouse_right.svg,Email,7552
modules/servers/Smtphosting/templates/assets/tpl/Virtualizor/novnc/app/images/power.svg,Email,4503
modules/servers/Smtphosting/templates/assets/tpl/Virtualizor/novnc/app/images/settings.svg,Email,3517
modules/servers/Smtphosting/templates/assets/tpl/Virtualizor/novnc/app/images/tab.svg,Email,3462
modules/servers/Smtphosting/templates/assets/tpl/Virtualizor/novnc/app/images/toggleextrakeys.svg,Email,4986
modules/servers/Smtphosting/templates/assets/tpl/Virtualizor/novnc/app/images/warning.svg,Email,4339
modules/servers/Smtphosting/templates/assets/tpl/Virtualizor/novnc/app/locale/de.json,Email,2720
modules/servers/Smtphosting/templates/assets/tpl/Virtualizor/novnc/app/locale/el.json,Email,3772
modules/servers/Smtphosting/templates/assets/tpl/Virtualizor/novnc/app/locale/es.json,Email,2539
modules/servers/Smtphosting/templates/assets/tpl/Virtualizor/novnc/app/locale/nl.json,Email,2531
modules/servers/Smtphosting/templates/assets/tpl/Virtualizor/novnc/app/locale/pl.json,Email,2696
modules/servers/Smtphosting/templates/assets/tpl/Virtualizor/novnc/app/locale/sv.json,Email,2344
modules/servers/Smtphosting/templates/assets/tpl/Virtualizor/novnc/app/locale/tr.json,Email,2677
modules/servers/Smtphosting/templates/assets/tpl/Virtualizor/novnc/app/locale/zh.json,Email,2472
modules/servers/Smtphosting/templates/assets/tpl/Virtualizor/novnc/app/localization.js,Email,6670
modules/servers/Smtphosting/templates/assets/tpl/Virtualizor/novnc/app/sounds/CREDITS,Email,157
modules/servers/Smtphosting/templates/assets/tpl/Virtualizor/novnc/app/sounds/bell.mp3,Email,4531
modules/servers/Smtphosting/templates/assets/tpl/Virtualizor/novnc/app/sounds/bell.oga,Email,8495
modules/servers/Smtphosting/templates/assets/tpl/Virtualizor/novnc/app/styles/Orbitron700.ttf,Email,38580
modules/servers/Smtphosting/templates/assets/tpl/Virtualizor/novnc/app/styles/Orbitron700.woff,Email,17472
modules/servers/Smtphosting/templates/assets/tpl/Virtualizor/novnc/app/styles/base.css,Email,19462
modules/servers/Smtphosting/templates/assets/tpl/Virtualizor/novnc/app/styles/lite.css,Email,1197
modules/servers/Smtphosting/templates/assets/tpl/Virtualizor/novnc/app/ui.js,Email,61606
modules/servers/Smtphosting/templates/assets/tpl/Virtualizor/novnc/app/webutil.js,Email,7275
modules/servers/Smtphosting/templates/assets/tpl/Virtualizor/novnc/core/base64.js,Email,4636
modules/servers/Smtphosting/templates/assets/tpl/Virtualizor/novnc/core/des.js,Email,13656
modules/servers/Smtphosting/templates/assets/tpl/Virtualizor/novnc/core/display.js,Email,23348
modules/servers/Smtphosting/templates/assets/tpl/Virtualizor/novnc/core/encodings.js,Email,1356
modules/servers/Smtphosting/templates/assets/tpl/Virtualizor/novnc/core/inflator.js,Email,1224
modules/servers/Smtphosting/templates/assets/tpl/Virtualizor/novnc/core/input/domkeytable.js,Email,11498
modules/servers/Smtphosting/templates/assets/tpl/Virtualizor/novnc/core/input/fixedkeys.js,Email,3052
modules/servers/Smtphosting/templates/assets/tpl/Virtualizor/novnc/core/input/keyboard.js,Email,14024
modules/servers/Smtphosting/templates/assets/tpl/Virtualizor/novnc/core/input/keysym.js,Email,24036
modules/servers/Smtphosting/templates/assets/tpl/Virtualizor/novnc/core/input/keysymdef.js,Email,25413
modules/servers/Smtphosting/templates/assets/tpl/Virtualizor/novnc/core/input/mouse.js,Email,10543
modules/servers/Smtphosting/templates/assets/tpl/Virtualizor/novnc/core/input/util.js,Email,6253
modules/servers/Smtphosting/templates/assets/tpl/Virtualizor/novnc/core/input/vkeys.js,Email,2519
modules/servers/Smtphosting/templates/assets/tpl/Virtualizor/novnc/core/input/xtscancodes.js,Email,14583
modules/servers/Smtphosting/templates/assets/tpl/Virtualizor/novnc/core/rfb.js,Email,96144
modules/servers/Smtphosting/templates/assets/tpl/Virtualizor/novnc/core/util/browser.js,Email,2615
modules/servers/Smtphosting/templates/assets/tpl/Virtualizor/novnc/core/util/events.js,Email,4455
modules/servers/Smtphosting/templates/assets/tpl/Virtualizor/novnc/core/util/eventtarget.js,Email,1127
modules/servers/Smtphosting/templates/assets/tpl/Virtualizor/novnc/core/util/logging.js,Email,1308
modules/servers/Smtphosting/templates/assets/tpl/Virtualizor/novnc/core/util/polyfill.js,Email,2002
modules/servers/Smtphosting/templates/assets/tpl/Virtualizor/novnc/core/util/strings.js,Email,314
modules/servers/Smtphosting/templates/assets/tpl/Virtualizor/novnc/core/websock.js,Email,10485
modules/servers/Smtphosting/templates/assets/tpl/Virtualizor/novnc/index.html,Email,174
modules/servers/Smtphosting/templates/assets/tpl/Virtualizor/novnc/karma.conf.js,Email,5528
modules/servers/Smtphosting/templates/assets/tpl/Virtualizor/novnc/novnc.html,Email,18900
modules/servers/Smtphosting/templates/assets/tpl/Virtualizor/novnc/package.json,Email,2088
modules/servers/Smtphosting/templates/assets/tpl/Virtualizor/novnc/po/Makefile,Email,902
modules/servers/Smtphosting/templates/assets/tpl/Virtualizor/novnc/po/de.po,Email,5896
modules/servers/Smtphosting/templates/assets/tpl/Virtualizor/novnc/po/el.po,Email,7423
modules/servers/Smtphosting/templates/assets/tpl/Virtualizor/novnc/po/es.po,Email,5266
modules/servers/Smtphosting/templates/assets/tpl/Virtualizor/novnc/po/nl.po,Email,5468
modules/servers/Smtphosting/templates/assets/tpl/Virtualizor/novnc/po/noVNC.pot,Email,4255
modules/servers/Smtphosting/templates/assets/tpl/Virtualizor/novnc/po/pl.po,Email,6180
modules/servers/Smtphosting/templates/assets/tpl/Virtualizor/novnc/po/po2js,Email,1440
modules/servers/Smtphosting/templates/assets/tpl/Virtualizor/novnc/po/sv.po,Email,5075
modules/servers/Smtphosting/templates/assets/tpl/Virtualizor/novnc/po/tr.po,Email,5454
modules/servers/Smtphosting/templates/assets/tpl/Virtualizor/novnc/po/xgettext-html,Email,3638
modules/servers/Smtphosting/templates/assets/tpl/Virtualizor/novnc/po/zh.po,Email,5175
modules/servers/Smtphosting/templates/assets/tpl/Virtualizor/novnc/utils/README.md,Email,535
modules/servers/Smtphosting/templates/assets/tpl/Virtualizor/novnc/utils/b64-to-binary.pl,Email,396
modules/servers/Smtphosting/templates/assets/tpl/Virtualizor/novnc/utils/genkeysymdef.js,Email,3351
modules/servers/Smtphosting/templates/assets/tpl/Virtualizor/novnc/utils/img2js.py,Email,908
modules/servers/Smtphosting/templates/assets/tpl/Virtualizor/novnc/utils/json2graph.py,Email,6666
modules/servers/Smtphosting/templates/assets/tpl/Virtualizor/novnc/utils/launch.sh,Email,4794
modules/servers/Smtphosting/templates/assets/tpl/Virtualizor/novnc/utils/u2x11,Email,911
modules/servers/Smtphosting/templates/assets/tpl/Virtualizor/novnc/utils/use_require.js,Email,14066
modules/servers/Smtphosting/templates/assets/tpl/Virtualizor/novnc/utils/use_require_helpers.js,Email,3375
modules/servers/Smtphosting/templates/assets/tpl/Virtualizor/novnc/utils/web.py,Email,1496
modules/servers/Smtphosting/templates/assets/tpl/Virtualizor/novnc/utils/websocket.py,Email,37699
modules/servers/Smtphosting/templates/assets/tpl/Virtualizor/novnc/utils/websockify,Email,17670
modules/servers/Smtphosting/templates/assets/tpl/Virtualizor/novnc/utils/websockify.py,Email,10
modules/servers/Smtphosting/templates/assets/tpl/Virtualizor/novnc/utils/wsproxy.py,Email,10
modules/servers/Smtphosting/templates/assets/tpl/Virtualizor/novnc/vendor/browser-es-module-loader/README.md,Administrative/internal,419
modules/servers/Smtphosting/templates/assets/tpl/Virtualizor/novnc/vendor/browser-es-module-loader/dist/babel-worker.js,Administrative/internal,2227155
modules/servers/Smtphosting/templates/assets/tpl/Virtualizor/novnc/vendor/browser-es-module-loader/dist/browser-es-module-loader.js,Administrative/internal,58295
modules/servers/Smtphosting/templates/assets/tpl/Virtualizor/novnc/vendor/browser-es-module-loader/dist/browser-es-module-loader.js.map,Administrative/internal,80301
modules/servers/Smtphosting/templates/assets/tpl/Virtualizor/novnc/vendor/browser-es-module-loader/rollup.config.js,Administrative/internal,395
modules/servers/Smtphosting/templates/assets/tpl/Virtualizor/novnc/vendor/browser-es-module-loader/src/babel-worker.js,Administrative/internal,1041
modules/servers/Smtphosting/templates/assets/tpl/Virtualizor/novnc/vendor/browser-es-module-loader/src/browser-es-module-loader.js,Administrative/internal,9944
modules/servers/Smtphosting/templates/assets/tpl/Virtualizor/novnc/vendor/pako/LICENSE,Administrative/internal,1084
modules/servers/Smtphosting/templates/assets/tpl/Virtualizor/novnc/vendor/pako/README.md,Administrative/internal,301
modules/servers/Smtphosting/templates/assets/tpl/Virtualizor/novnc/vendor/pako/lib/utils/common.js,Administrative/internal,1186
modules/servers/Smtphosting/templates/assets/tpl/Virtualizor/novnc/vendor/pako/lib/zlib/adler32.js,Administrative/internal,767
modules/servers/Smtphosting/templates/assets/tpl/Virtualizor/novnc/vendor/pako/lib/zlib/constants.js,Administrative/internal,1177
modules/servers/Smtphosting/templates/assets/tpl/Virtualizor/novnc/vendor/pako/lib/zlib/crc32.js,Administrative/internal,846
modules/servers/Smtphosting/templates/assets/tpl/Virtualizor/novnc/vendor/pako/lib/zlib/deflate.js,Administrative/internal,68740
modules/servers/Smtphosting/templates/assets/tpl/Virtualizor/novnc/vendor/pako/lib/zlib/gzheader.js,Administrative/internal,1269
modules/servers/Smtphosting/templates/assets/tpl/Virtualizor/novnc/vendor/pako/lib/zlib/inffast.js,Administrative/internal,18044
modules/servers/Smtphosting/templates/assets/tpl/Virtualizor/novnc/vendor/pako/lib/zlib/inflate.js,Administrative/internal,70189
modules/servers/Smtphosting/templates/assets/tpl/Virtualizor/novnc/vendor/pako/lib/zlib/inftrees.js,Administrative/internal,12914
modules/servers/Smtphosting/templates/assets/tpl/Virtualizor/novnc/vendor/pako/lib/zlib/messages.js,Administrative/internal,551
modules/servers/Smtphosting/templates/assets/tpl/Virtualizor/novnc/vendor/pako/lib/zlib/trees.js,Administrative/internal,42407
modules/servers/Smtphosting/templates/assets/tpl/Virtualizor/novnc/vendor/pako/lib/zlib/zstream.js,Administrative/internal,867
modules/servers/Smtphosting/templates/assets/tpl/Virtualizor/novnc/vendor/promise.js,Administrative/internal,9234
modules/servers/Smtphosting/templates/assets/tpl/Virtualizor/novnc/vendor/sinon.js,Administrative/internal,2711746
modules/servers/Smtphosting/templates/assets/tpl/Virtualizor/novnc/vnc_lite.html,Email,11065
modules/servers/Smtphosting/templates/assets/tpl/Virtualizor/vncconsole.tpl,Email,913
modules/servers/Smtphosting/templates/assets/tpl/clientarea.tpl,Client Area,1195
modules/servers/Smtphosting/templates/assets/tpl/configOptions.tpl,Email,4325
modules/servers/Smtphosting/templates/assets/tpl/controller/css_assets.tpl,Email,185
modules/servers/Smtphosting/templates/assets/tpl/customFields.tpl,Email,4151
modules/servers/Smtphosting/templates/assets/tpl/error.tpl,Email,437
modules/servers/Smtphosting/templates/assets/tpl/graphs.tpl,Email,6847
modules/servers/Smtphosting/templates/client/default/assets/css/layers-ui.css,Email,486371
modules/servers/Smtphosting/templates/client/default/assets/css/mg_styles.css,Email,7214
modules/servers/Smtphosting/templates/client/default/assets/fonts/icons/Material-Design-Iconic-Font.eot,Email,42495
modules/servers/Smtphosting/templates/client/default/assets/fonts/icons/Material-Design-Iconic-Font.svg,Email,246978
modules/servers/Smtphosting/templates/client/default/assets/fonts/icons/Material-Design-Iconic-Font.ttf,Email,99212
modules/servers/Smtphosting/templates/client/default/assets/fonts/icons/Material-Design-Iconic-Font.woff,Email,50312
modules/servers/Smtphosting/templates/client/default/assets/fonts/icons/Material-Design-Iconic-Font.woff2,Email,38384
modules/servers/Smtphosting/templates/client/default/assets/fonts/icons/Pe-icon-7-stroke.eot,Email,58680
modules/servers/Smtphosting/templates/client/default/assets/fonts/icons/Pe-icon-7-stroke.svg,Email,167540
modules/servers/Smtphosting/templates/client/default/assets/fonts/icons/Pe-icon-7-stroke.ttf,Email,58480
modules/servers/Smtphosting/templates/client/default/assets/fonts/icons/Pe-icon-7-stroke.woff,Email,58556
modules/servers/Smtphosting/templates/client/default/assets/img/logo.png,Email,4845
modules/servers/Smtphosting/templates/client/default/assets/js/chart.min.js,Email,403789
modules/servers/Smtphosting/templates/client/default/assets/js/defaultComponents/__base.js,Email,1819
modules/servers/Smtphosting/templates/client/default/assets/js/defaultComponents/__components_handler.js,Email,4673
modules/servers/Smtphosting/templates/client/default/assets/js/defaultComponents/__event_handler.js,Email,3036
modules/servers/Smtphosting/templates/client/default/assets/js/defaultComponents/__page_controler.js,Email,7853
modules/servers/Smtphosting/templates/client/default/assets/js/defaultComponents/__vhook_integration.js,Email,5388
modules/servers/Smtphosting/templates/client/default/assets/js/defaultComponents/__vue_app_modal_object.js,Email,26498
modules/servers/Smtphosting/templates/client/default/assets/js/defaultComponents/__vue_app_object.js,Email,27268
modules/servers/Smtphosting/templates/client/default/assets/js/defaultComponents/ajaxFieldForDataTable.js,Email,3829
modules/servers/Smtphosting/templates/client/default/assets/js/defaultComponents/ajaxSelect.js,Email,6023
modules/servers/Smtphosting/templates/client/default/assets/js/defaultComponents/ajaxSelectRemoteSearch.js,Email,5789
modules/servers/Smtphosting/templates/client/default/assets/js/defaultComponents/categoryMenuDynamicContent.js,Email,8359
modules/servers/Smtphosting/templates/client/default/assets/js/defaultComponents/copyKeyForDataTable.js,Email,1056
modules/servers/Smtphosting/templates/client/default/assets/js/defaultComponents/dataTable.js,Email,13313
modules/servers/Smtphosting/templates/client/default/assets/js/defaultComponents/dataTableSelectFilter.js,Email,1523
modules/servers/Smtphosting/templates/client/default/assets/js/defaultComponents/dataTableTextFilter.js,Email,2416
modules/servers/Smtphosting/templates/client/default/assets/js/defaultComponents/detailsWidget.js,Email,1288
modules/servers/Smtphosting/templates/client/default/assets/js/defaultComponents/dropdawnButtonWrapper.js,Email,1793
modules/servers/Smtphosting/templates/client/default/assets/js/defaultComponents/graph.js,Email,9820
modules/servers/Smtphosting/templates/client/default/assets/js/defaultComponents/passwordGenerateButton.js,Authentication,583
modules/servers/Smtphosting/templates/client/default/assets/js/defaultComponents/passwordToogleButton.js,Authentication,649
modules/servers/Smtphosting/templates/client/default/assets/js/defaultComponents/sidebarAjax.js,Email,2508
modules/servers/Smtphosting/templates/client/default/assets/js/documentation.js,Email,57737
modules/servers/Smtphosting/templates/client/default/assets/js/jscolor.min.js,Email,29140
modules/servers/Smtphosting/templates/client/default/assets/js/layers-ui-table.js,Email,833000
modules/servers/Smtphosting/templates/client/default/assets/js/layers-ui.js,Email,1065859
modules/servers/Smtphosting/templates/client/default/assets/js/mgComponents.js,Email,17038
modules/servers/Smtphosting/templates/client/default/assets/js/moment.js,Email,154567
modules/servers/Smtphosting/templates/client/default/assets/js/vue.min.js,Email,93675
modules/servers/Smtphosting/templates/client/default/assets/js/vuex.min.js,Email,9758
modules/servers/Smtphosting/templates/client/default/controlers/addonIntegration.tpl,Email,476
modules/servers/Smtphosting/templates/client/default/controlers/css_assets.tpl,Email,325
modules/servers/Smtphosting/templates/client/default/controlers/errorPage.tpl,Email,3825
modules/servers/Smtphosting/templates/client/default/controlers/integration.tpl,Email,200
modules/servers/Smtphosting/templates/client/default/controlers/integrationsWrapper.tpl,Email,543
modules/servers/Smtphosting/templates/client/default/controlers/js_assets.tpl,Email,807
modules/servers/Smtphosting/templates/client/default/controlers/main.tpl,Email,1257
modules/servers/Smtphosting/templates/client/default/controlers/pageNotFound.tpl,Email,2318
modules/servers/Smtphosting/templates/client/default/pages/home/home.tpl,Email,0
modules/servers/Smtphosting/templates/client/default/ui/core/default/appLayouts/navbarLeft.tpl,Email,1798
modules/servers/Smtphosting/templates/client/default/ui/core/default/appLayouts/navbarLeftThin.tpl,Email,8813
modules/servers/Smtphosting/templates/client/default/ui/core/default/appLayouts/navbarRight.tpl,Email,8813
modules/servers/Smtphosting/templates/client/default/ui/core/default/appLayouts/navbarRightThin.tpl,Email,8813
modules/servers/Smtphosting/templates/client/default/ui/core/default/appLayouts/navbarTop.tpl,Email,1485
modules/servers/Smtphosting/templates/client/default/ui/core/default/builder/container.tpl,Email,1280
modules/servers/Smtphosting/templates/client/default/ui/core/default/hiddenSearchable.tpl,Email,1551
modules/servers/Smtphosting/templates/client/default/ui/core/default/mainContainer.tpl,Email,1486
modules/servers/Smtphosting/templates/client/default/ui/core/default/mainContainerIntegrationAddon.tpl,Email,1633
modules/servers/Smtphosting/templates/client/default/ui/core/default/searchable.tpl,Email,1244
modules/servers/Smtphosting/templates/client/default/ui/core/default/widget/buttons/buttonBase.tpl,Email,1132
modules/servers/Smtphosting/templates/client/default/ui/core/default/widget/buttons/buttonCreate.tpl,Email,1203
modules/servers/Smtphosting/templates/client/default/ui/core/default/widget/buttons/buttonCustomAction.tpl,Email,1142
modules/servers/Smtphosting/templates/client/default/ui/core/default/widget/buttons/buttonDataTableModalAction.tpl,Email,1500
modules/servers/Smtphosting/templates/client/default/ui/core/default/widget/buttons/buttonDatatableModalContextLang.tpl,Email,1149
modules/servers/Smtphosting/templates/client/default/ui/core/default/widget/buttons/buttonDatatableShowModal.tpl,Email,1133
modules/servers/Smtphosting/templates/client/default/ui/core/default/widget/buttons/buttonMassAction.tpl,Email,1220
modules/servers/Smtphosting/templates/client/default/ui/core/default/widget/buttons/buttonMassActionContextLang.tpl,Email,1178
modules/servers/Smtphosting/templates/client/default/ui/core/default/widget/buttons/buttonModal.tpl,Email,1384
modules/servers/Smtphosting/templates/client/default/ui/core/default/widget/buttons/buttonRedirect.tpl,Email,1341
modules/servers/Smtphosting/templates/client/default/ui/core/default/widget/buttons/buttonSubmitForm.tpl,Email,1117
modules/servers/Smtphosting/templates/client/default/ui/core/default/widget/buttons/buttonSwitchAjax.tpl,Email,1480
modules/servers/Smtphosting/templates/client/default/ui/core/default/widget/buttons/dropdawnButtonWrappers/buttonDropdown.tpl,Email,1008
modules/servers/Smtphosting/templates/client/default/ui/core/default/widget/buttons/dropdawnButtonWrappers/buttonDropdownItem.tpl,Email,1342
modules/servers/Smtphosting/templates/client/default/ui/core/default/widget/buttons/dropdawnButtonWrappers/buttonDropdown_components.tpl,Email,2472
modules/servers/Smtphosting/templates/client/default/ui/core/default/widget/buttons/modalActionButtons/baseAcceptButton.tpl,Email,954
modules/servers/Smtphosting/templates/client/default/ui/core/default/widget/buttons/modalActionButtons/baseCancelButton.tpl,Email,954
modules/servers/Smtphosting/templates/client/default/ui/core/default/widget/categoryMenu/categoryMenuDynamicContent.tpl,Email,6243
modules/servers/Smtphosting/templates/client/default/ui/core/default/widget/categoryMenu/categoryMenuDynamicContent_components.tpl,Email,1466
modules/servers/Smtphosting/templates/client/default/ui/core/default/widget/categoryMenu/itemContent.tpl,Email,912
modules/servers/Smtphosting/templates/client/default/ui/core/default/widget/container.tpl,Email,1281
modules/servers/Smtphosting/templates/client/default/ui/core/default/widget/dataTable/dataTable.tpl,Email,1285
modules/servers/Smtphosting/templates/client/default/ui/core/default/widget/dataTable/dataTable_components.tpl,Email,13372
modules/servers/Smtphosting/templates/client/default/ui/core/default/widget/dataTable/datatableCategorisedTabsContainer.tpl,Email,2849
modules/servers/Smtphosting/templates/client/default/ui/core/default/widget/dataTable/datatableTabsContainer.tpl,Email,2626
modules/servers/Smtphosting/templates/client/default/ui/core/default/widget/dataTable/filters/select.tpl,Email,1611
modules/servers/Smtphosting/templates/client/default/ui/core/default/widget/dataTable/filters/select_components.tpl,Email,1946
modules/servers/Smtphosting/templates/client/default/ui/core/default/widget/dataTable/filters/text.tpl,Email,1739
modules/servers/Smtphosting/templates/client/default/ui/core/default/widget/dataTable/filters/text_components.tpl,Email,1475
modules/servers/Smtphosting/templates/client/default/ui/core/default/widget/forms/ajaxFields/select.tpl,Email,1817
modules/servers/Smtphosting/templates/client/default/ui/core/default/widget/forms/ajaxFields/selectRemoteSearch.tpl,Email,2005
modules/servers/Smtphosting/templates/client/default/ui/core/default/widget/forms/ajaxFields/selectRemoteSearch_components.tpl,Email,1629
modules/servers/Smtphosting/templates/client/default/ui/core/default/widget/forms/ajaxFields/select_components.tpl,Email,1487
modules/servers/Smtphosting/templates/client/default/ui/core/default/widget/forms/baseAutoSaveFormExtSections.tpl,Email,1274
modules/servers/Smtphosting/templates/client/default/ui/core/default/widget/forms/baseForm.tpl,Email,2170
modules/servers/Smtphosting/templates/client/default/ui/core/default/widget/forms/baseStandaloneForm.tpl,Email,2252
modules/servers/Smtphosting/templates/client/default/ui/core/default/widget/forms/baseStandaloneFormExtSections.tpl,Email,1362
modules/servers/Smtphosting/templates/client/default/ui/core/default/widget/forms/fields/autoSaveFields/select2vueByValueOnly.tpl,Email,2308
modules/servers/Smtphosting/templates/client/default/ui/core/default/widget/forms/fields/autoSaveFields/switcher.tpl,Email,1693
modules/servers/Smtphosting/templates/client/default/ui/core/default/widget/forms/fields/checkbox.tpl,Email,2423
modules/servers/Smtphosting/templates/client/default/ui/core/default/widget/forms/fields/colorPicker.tpl,Email,1456
modules/servers/Smtphosting/templates/client/default/ui/core/default/widget/forms/fields/date.tpl,Email,1698
modules/servers/Smtphosting/templates/client/default/ui/core/default/widget/forms/fields/datePicker.tpl,Email,1834
modules/servers/Smtphosting/templates/client/default/ui/core/default/widget/forms/fields/hidden.tpl,Email,161
modules/servers/Smtphosting/templates/client/default/ui/core/default/widget/forms/fields/inputGroupElements/inputAddon.tpl,Email,964
modules/servers/Smtphosting/templates/client/default/ui/core/default/widget/forms/fields/inputGroupElements/select.tpl,Email,1724
modules/servers/Smtphosting/templates/client/default/ui/core/default/widget/forms/fields/inputGroupElements/text.tpl,Email,1084
modules/servers/Smtphosting/templates/client/default/ui/core/default/widget/forms/fields/number.tpl,Email,1622
modules/servers/Smtphosting/templates/client/default/ui/core/default/widget/forms/fields/password.tpl,Authentication,1625
modules/servers/Smtphosting/templates/client/default/ui/core/default/widget/forms/fields/passwordGenerate.tpl,Authentication,1618
modules/servers/Smtphosting/templates/client/default/ui/core/default/widget/forms/fields/passwordGenerate_components.tpl,Authentication,1386
modules/servers/Smtphosting/templates/client/default/ui/core/default/widget/forms/fields/pricingField.tpl,Email,1483
modules/servers/Smtphosting/templates/client/default/ui/core/default/widget/forms/fields/select.tpl,Email,2215
modules/servers/Smtphosting/templates/client/default/ui/core/default/widget/forms/fields/select2vue.tpl,Email,2682
modules/servers/Smtphosting/templates/client/default/ui/core/default/widget/forms/fields/select2vueByValueOnly.tpl,Email,2199
modules/servers/Smtphosting/templates/client/default/ui/core/default/widget/forms/fields/selectGlobalLang.tpl,Email,1716
modules/servers/Smtphosting/templates/client/default/ui/core/default/widget/forms/fields/selectLang.tpl,Email,2420
modules/servers/Smtphosting/templates/client/default/ui/core/default/widget/forms/fields/switcher.tpl,Email,1738
modules/servers/Smtphosting/templates/client/default/ui/core/default/widget/forms/fields/tagger.tpl,Email,1630
modules/servers/Smtphosting/templates/client/default/ui/core/default/widget/forms/fields/text.tpl,Email,1674
modules/servers/Smtphosting/templates/client/default/ui/core/default/widget/forms/fields/textarea.tpl,Email,981
modules/servers/Smtphosting/templates/client/default/ui/core/default/widget/forms/formInTab.tpl,Email,2470
modules/servers/Smtphosting/templates/client/default/ui/core/default/widget/forms/formIntegration.tpl,Email,967
modules/servers/Smtphosting/templates/client/default/ui/core/default/widget/forms/formTabsWidget.tpl,Email,3682
modules/servers/Smtphosting/templates/client/default/ui/core/default/widget/forms/formWidgetStandalone.tpl,Email,2388
modules/servers/Smtphosting/templates/client/default/ui/core/default/widget/forms/sections/baseSection.tpl,Email,1043
modules/servers/Smtphosting/templates/client/default/ui/core/default/widget/forms/sections/boxSection.tpl,Email,2188
modules/servers/Smtphosting/templates/client/default/ui/core/default/widget/forms/sections/halfPageSection.tpl,Email,1081
modules/servers/Smtphosting/templates/client/default/ui/core/default/widget/forms/sections/hiddenPricingSection.tpl,Email,1466
modules/servers/Smtphosting/templates/client/default/ui/core/default/widget/forms/sections/inputGroup.tpl,Email,1473
modules/servers/Smtphosting/templates/client/default/ui/core/default/widget/forms/sections/rawSection.tpl,Email,1658
modules/servers/Smtphosting/templates/client/default/ui/core/default/widget/forms/sections/sectionLuRow.tpl,Email,1085
modules/servers/Smtphosting/templates/client/default/ui/core/default/widget/forms/sections/tabSection.tpl,Email,895
modules/servers/Smtphosting/templates/client/default/ui/core/default/widget/graph.tpl,Email,1
modules/servers/Smtphosting/templates/client/default/ui/core/default/widget/graphs/bar.tpl,Email,1134
modules/servers/Smtphosting/templates/client/default/ui/core/default/widget/graphs/bar_components.tpl,Email,2878
modules/servers/Smtphosting/templates/client/default/ui/core/default/widget/graphs/bubble.tpl,Email,3790
modules/servers/Smtphosting/templates/client/default/ui/core/default/widget/graphs/doughnut.tpl,Email,3790
modules/servers/Smtphosting/templates/client/default/ui/core/default/widget/graphs/emptyGraph.tpl,Email,3787
modules/servers/Smtphosting/templates/client/default/ui/core/default/widget/graphs/line.tpl,Email,1201
modules/servers/Smtphosting/templates/client/default/ui/core/default/widget/graphs/line_components.tpl,Email,2915
modules/servers/Smtphosting/templates/client/default/ui/core/default/widget/graphs/pie.tpl,Email,3790
modules/servers/Smtphosting/templates/client/default/ui/core/default/widget/graphs/polarArea.tpl,Email,3790
modules/servers/Smtphosting/templates/client/default/ui/core/default/widget/graphs/radar.tpl,Email,3787
modules/servers/Smtphosting/templates/client/default/ui/core/default/widget/grid.tpl,Email,1
modules/servers/Smtphosting/templates/client/default/ui/core/default/widget/modals/baseEditModal.tpl,Email,2933
modules/servers/Smtphosting/templates/client/default/ui/core/default/widget/modals/baseModal.tpl,Email,2848
modules/servers/Smtphosting/templates/client/default/ui/core/default/widget/modals/modalTabsEdit.tpl,Email,5571
modules/servers/Smtphosting/templates/client/default/ui/core/default/widget/others/ajaxFieldForDataTable.tpl,Email,318
modules/servers/Smtphosting/templates/client/default/ui/core/default/widget/others/ajaxFieldForDataTable_components.tpl,Email,219
modules/servers/Smtphosting/templates/client/default/ui/core/default/widget/others/copyKeyForDataTable.tpl,Email,324
modules/servers/Smtphosting/templates/client/default/ui/core/default/widget/others/copyKeyForDataTable_components.tpl,Email,493
modules/servers/Smtphosting/templates/client/default/ui/core/default/widget/others/detailsWidget.tpl,Email,999
modules/servers/Smtphosting/templates/client/default/ui/core/default/widget/others/detailsWidget_components.tpl,Email,2470
modules/servers/Smtphosting/templates/client/default/ui/core/default/widget/others/infoWidget.tpl,Email,1982
modules/servers/Smtphosting/templates/client/default/ui/core/default/widget/others/label.tpl,Email,523
modules/servers/Smtphosting/templates/client/default/ui/core/default/widget/others/moduleDescription.tpl,Email,351
modules/servers/Smtphosting/templates/client/default/ui/core/default/widget/others/passwordToggleButton.tpl,Authentication,997
modules/servers/Smtphosting/templates/client/default/ui/core/default/widget/others/passwordToggleButton_components.tpl,Authentication,1678
modules/servers/Smtphosting/templates/client/default/ui/core/default/widget/rawDataTable/rawDataTable.tpl,Email,1303
modules/servers/Smtphosting/templates/client/default/ui/core/default/widget/rawDataTable/rawDataTable_components.tpl,Email,12491
modules/servers/Smtphosting/templates/client/default/ui/core/default/widget/sidebar/sidebar.tpl,Email,862
modules/servers/Smtphosting/templates/client/default/ui/core/default/widget/sidebar/sidebarAjax.tpl,Email,1008
modules/servers/Smtphosting/templates/client/default/ui/core/default/widget/sidebar/sidebarAjax_components.tpl,Email,3065
modules/servers/Smtphosting/templates/client/default/ui/core/default/widget/sidebar/sidebarItem.tpl,Email,362
modules/servers/Smtphosting/templates/client/default/ui/core/default/widget/tab.tpl,Email,984
modules/servers/Smtphosting/templates/client/default/ui/core/default/widget/tabContainer.tpl,Email,2768
modules/servers/Smtphosting/templates/client/default/ui/core/default/widget/tabContainerLeft.tpl,Email,2662
modules/servers/Smtphosting/templates/client/default/ui/core/default/widget/tabContainerRight.tpl,Email,2777
modules/servers/Smtphosting/templates/client/default/ui/core/default/widget/tabs.tpl,Email,1
modules/servers/Smtphosting/templates/client/default/ui/core/default/widget/tabs/tab.tpl,Email,1
modules/servers/Smtphosting/templates/client/default/ui/core/default/widget/tabsWidget/tabsWidget.tpl,Email,1978
modules/servers/Smtphosting/templates/client/default/ui/view.tpl,Email,1151
modules/servers/Smtphosting/templates/error.tpl,Email,437
modules/servers/Smtphosting/vendor/adbario/php-dot-notation/LICENSE.md,Administrative/internal,1088
modules/servers/Smtphosting/vendor/adbario/php-dot-notation/composer.json,Administrative/internal,658
modules/servers/Smtphosting/vendor/adbario/php-dot-notation/src/Dot.php,Administrative/internal,11325
modules/servers/Smtphosting/vendor/adbario/php-dot-notation/src/helpers.php,Administrative/internal,498
modules/servers/Smtphosting/vendor/autoload.php,Administrative/internal,178
modules/servers/Smtphosting/vendor/composer/ClassLoader.php,Administrative/internal,16065
modules/servers/Smtphosting/vendor/composer/InstalledVersions.php,Administrative/internal,14991
modules/servers/Smtphosting/vendor/composer/LICENSE,Administrative/internal,1070
modules/servers/Smtphosting/vendor/composer/autoload_classmap.php,Administrative/internal,232
modules/servers/Smtphosting/vendor/composer/autoload_files.php,Administrative/internal,523
modules/servers/Smtphosting/vendor/composer/autoload_namespaces.php,Administrative/internal,149
modules/servers/Smtphosting/vendor/composer/autoload_psr4.php,Administrative/internal,800
modules/servers/Smtphosting/vendor/composer/autoload_real.php,Administrative/internal,2549
modules/servers/Smtphosting/vendor/composer/autoload_static.php,Administrative/internal,2988
modules/servers/Smtphosting/vendor/composer/installed.json,Administrative/internal,17510
modules/servers/Smtphosting/vendor/composer/installed.php,Administrative/internal,4357
modules/servers/Smtphosting/vendor/composer/platform_check.php,Administrative/internal,925
modules/servers/Smtphosting/vendor/mso/idna-convert/LICENSE,Administrative/internal,26462
modules/servers/Smtphosting/vendor/mso/idna-convert/README.md,Administrative/internal,7898
modules/servers/Smtphosting/vendor/mso/idna-convert/composer.json,Administrative/internal,767
modules/servers/Smtphosting/vendor/mso/idna-convert/src/EncodingHelper.php,Administrative/internal,5731
modules/servers/Smtphosting/vendor/mso/idna-convert/src/IdnaConvert.php,Administrative/internal,15660
modules/servers/Smtphosting/vendor/mso/idna-convert/src/NamePrepData.php,Administrative/internal,145617
modules/servers/Smtphosting/vendor/mso/idna-convert/src/NamePrepData2003.php,Administrative/internal,33952
modules/servers/Smtphosting/vendor/mso/idna-convert/src/NamePrepDataInterface.php,Administrative/internal,71
modules/servers/Smtphosting/vendor/mso/idna-convert/src/Punycode.php,Administrative/internal,19794
modules/servers/Smtphosting/vendor/mso/idna-convert/src/PunycodeInterface.php,Administrative/internal,415
modules/servers/Smtphosting/vendor/mso/idna-convert/src/UnicodeTranscoder.php,Administrative/internal,12644
modules/servers/Smtphosting/vendor/mso/idna-convert/src/UnicodeTranscoderInterface.php,Administrative/internal,1096
modules/servers/Smtphosting/vendor/piwik/ini/README.md,Administrative/internal,2131
modules/servers/Smtphosting/vendor/piwik/ini/composer.json,Administrative/internal,418
modules/servers/Smtphosting/vendor/piwik/ini/phpunit.xml,Administrative/internal,550
modules/servers/Smtphosting/vendor/piwik/ini/src/IniReader.php,Administrative/internal,10920
modules/servers/Smtphosting/vendor/piwik/ini/src/IniReadingException.php,Administrative/internal,280
modules/servers/Smtphosting/vendor/piwik/ini/src/IniWriter.php,Administrative/internal,3138
modules/servers/Smtphosting/vendor/piwik/ini/src/IniWritingException.php,Administrative/internal,280
modules/servers/Smtphosting/vendor/psr/cache/CHANGELOG.md,Administrative/internal,746
modules/servers/Smtphosting/vendor/psr/cache/LICENSE.txt,Administrative/internal,1080
modules/servers/Smtphosting/vendor/psr/cache/README.md,Administrative/internal,277
modules/servers/Smtphosting/vendor/psr/cache/composer.json,Administrative/internal,513
modules/servers/Smtphosting/vendor/psr/cache/src/CacheException.php,Administrative/internal,143
modules/servers/Smtphosting/vendor/psr/cache/src/CacheItemInterface.php,Administrative/internal,3772
modules/servers/Smtphosting/vendor/psr/cache/src/CacheItemPoolInterface.php,Administrative/internal,4389
modules/servers/Smtphosting/vendor/psr/cache/src/InvalidArgumentException.php,Administrative/internal,299
modules/servers/Smtphosting/vendor/psr/log/LICENSE,Administrative/internal,1085
modules/servers/Smtphosting/vendor/psr/log/Psr/Log/AbstractLogger.php,Administrative/internal,3104
modules/servers/Smtphosting/vendor/psr/log/Psr/Log/InvalidArgumentException.php,Administrative/internal,96
modules/servers/Smtphosting/vendor/psr/log/Psr/Log/LogLevel.php,Administrative/internal,336
modules/servers/Smtphosting/vendor/psr/log/Psr/Log/LoggerAwareInterface.php,Administrative/internal,297
modules/servers/Smtphosting/vendor/psr/log/Psr/Log/LoggerAwareTrait.php,Administrative/internal,402
modules/servers/Smtphosting/vendor/psr/log/Psr/Log/LoggerInterface.php,Administrative/internal,3114
modules/servers/Smtphosting/vendor/psr/log/Psr/Log/LoggerTrait.php,Administrative/internal,3415
modules/servers/Smtphosting/vendor/psr/log/Psr/Log/NullLogger.php,Administrative/internal,707
modules/servers/Smtphosting/vendor/psr/log/Psr/Log/Test/DummyTest.php,Administrative/internal,251
modules/servers/Smtphosting/vendor/psr/log/Psr/Log/Test/LoggerInterfaceTest.php,Administrative/internal,4649
modules/servers/Smtphosting/vendor/psr/log/Psr/Log/Test/TestLogger.php,Administrative/internal,4527
modules/servers/Smtphosting/vendor/psr/log/README.md,Administrative/internal,1346
modules/servers/Smtphosting/vendor/psr/log/composer.json,Administrative/internal,562
modules/servers/Smtphosting/vendor/psr/simple-cache/LICENSE.md,Administrative/internal,1137
modules/servers/Smtphosting/vendor/psr/simple-cache/README.md,Administrative/internal,563
modules/servers/Smtphosting/vendor/psr/simple-cache/composer.json,Administrative/internal,552
modules/servers/Smtphosting/vendor/psr/simple-cache/src/CacheException.php,Administrative/internal,154
modules/servers/Smtphosting/vendor/psr/simple-cache/src/CacheInterface.php,Administrative/internal,4608
modules/servers/Smtphosting/vendor/psr/simple-cache/src/InvalidArgumentException.php,Administrative/internal,260
modules/servers/Smtphosting/vendor/rappasoft/laravel-helpers/composer.json,Administrative/internal,456
modules/servers/Smtphosting/vendor/rappasoft/laravel-helpers/readme.md,Administrative/internal,13195
modules/servers/Smtphosting/vendor/rappasoft/laravel-helpers/src/helpers.php,Administrative/internal,44150
modules/servers/Smtphosting/vendor/symfony/cache/Adapter/AbstractAdapter.php,Administrative/internal,9631
modules/servers/Smtphosting/vendor/symfony/cache/Adapter/AdapterInterface.php,Administrative/internal,790
modules/servers/Smtphosting/vendor/symfony/cache/Adapter/ApcuAdapter.php,Administrative/internal,747
modules/servers/Smtphosting/vendor/symfony/cache/Adapter/ArrayAdapter.php,Administrative/internal,4212
modules/servers/Smtphosting/vendor/symfony/cache/Adapter/ChainAdapter.php,Administrative/internal,6930
modules/servers/Smtphosting/vendor/symfony/cache/Adapter/DoctrineAdapter.php,Administrative/internal,827
modules/servers/Smtphosting/vendor/symfony/cache/Adapter/FilesystemAdapter.php,Administrative/internal,822
modules/servers/Smtphosting/vendor/symfony/cache/Adapter/MemcachedAdapter.php,Administrative/internal,1177
modules/servers/Smtphosting/vendor/symfony/cache/Adapter/NullAdapter.php,Administrative/internal,2099
modules/servers/Smtphosting/vendor/symfony/cache/Adapter/PdoAdapter.php,Administrative/internal,2285
modules/servers/Smtphosting/vendor/symfony/cache/Adapter/PhpArrayAdapter.php,Administrative/internal,9132
modules/servers/Smtphosting/vendor/symfony/cache/Adapter/PhpFilesAdapter.php,Administrative/internal,1249
modules/servers/Smtphosting/vendor/symfony/cache/Adapter/ProxyAdapter.php,Administrative/internal,4706
modules/servers/Smtphosting/vendor/symfony/cache/Adapter/RedisAdapter.php,Administrative/internal,873
modules/servers/Smtphosting/vendor/symfony/cache/Adapter/SimpleCacheAdapter.php,Administrative/internal,1759
modules/servers/Smtphosting/vendor/symfony/cache/Adapter/TagAwareAdapter.php,Administrative/internal,10492
modules/servers/Smtphosting/vendor/symfony/cache/Adapter/TagAwareAdapterInterface.php,Administrative/internal,785
modules/servers/Smtphosting/vendor/symfony/cache/Adapter/TraceableAdapter.php,Administrative/internal,5281
modules/servers/Smtphosting/vendor/symfony/cache/Adapter/TraceableTagAwareAdapter.php,Administrative/internal,849
modules/servers/Smtphosting/vendor/symfony/cache/CHANGELOG.md,Administrative/internal,1458
modules/servers/Smtphosting/vendor/symfony/cache/CacheItem.php,Administrative/internal,5126
modules/servers/Smtphosting/vendor/symfony/cache/DataCollector/CacheDataCollector.php,Administrative/internal,5610
modules/servers/Smtphosting/vendor/symfony/cache/DoctrineProvider.php,Administrative/internal,2009
modules/servers/Smtphosting/vendor/symfony/cache/Exception/CacheException.php,Administrative/internal,493
modules/servers/Smtphosting/vendor/symfony/cache/Exception/InvalidArgumentException.php,Administrative/internal,538
modules/servers/Smtphosting/vendor/symfony/cache/LICENSE,Administrative/internal,1065
modules/servers/Smtphosting/vendor/symfony/cache/PruneableInterface.php,Administrative/internal,485
modules/servers/Smtphosting/vendor/symfony/cache/README.md,Administrative/internal,922
modules/servers/Smtphosting/vendor/symfony/cache/ResettableInterface.php,Administrative/internal,377
modules/servers/Smtphosting/vendor/symfony/cache/Simple/AbstractCache.php,Administrative/internal,5869
modules/servers/Smtphosting/vendor/symfony/cache/Simple/ApcuCache.php,Administrative/internal,682
modules/servers/Smtphosting/vendor/symfony/cache/Simple/ArrayCache.php,Administrative/internal,4693
modules/servers/Smtphosting/vendor/symfony/cache/Simple/ChainCache.php,Administrative/internal,6450
modules/servers/Smtphosting/vendor/symfony/cache/Simple/DoctrineCache.php,Administrative/internal,822
modules/servers/Smtphosting/vendor/symfony/cache/Simple/FilesystemCache.php,Administrative/internal,817
modules/servers/Smtphosting/vendor/symfony/cache/Simple/MemcachedCache.php,Administrative/internal,730
modules/servers/Smtphosting/vendor/symfony/cache/Simple/NullCache.php,Administrative/internal,1388
modules/servers/Smtphosting/vendor/symfony/cache/Simple/PdoCache.php,Administrative/internal,2186
modules/servers/Smtphosting/vendor/symfony/cache/Simple/PhpArrayCache.php,Administrative/internal,8327
modules/servers/Smtphosting/vendor/symfony/cache/Simple/PhpFilesCache.php,Administrative/internal,1244
modules/servers/Smtphosting/vendor/symfony/cache/Simple/Psr6Cache.php,Administrative/internal,7422
modules/servers/Smtphosting/vendor/symfony/cache/Simple/RedisCache.php,Administrative/internal,798
modules/servers/Smtphosting/vendor/symfony/cache/Simple/TraceableCache.php,Administrative/internal,5851
modules/servers/Smtphosting/vendor/symfony/cache/Tests/Adapter/AbstractRedisAdapterTest.php,Administrative/internal,1345
modules/servers/Smtphosting/vendor/symfony/cache/Tests/Adapter/AdapterTestCase.php,Administrative/internal,5614
modules/servers/Smtphosting/vendor/symfony/cache/Tests/Adapter/ApcuAdapterTest.php,Administrative/internal,3908
modules/servers/Smtphosting/vendor/symfony/cache/Tests/Adapter/ArrayAdapterTest.php,Administrative/internal,1546
modules/servers/Smtphosting/vendor/symfony/cache/Tests/Adapter/ChainAdapterTest.php,Administrative/internal,3348
modules/servers/Smtphosting/vendor/symfony/cache/Tests/Adapter/DoctrineAdapterTest.php,Administrative/internal,955
modules/servers/Smtphosting/vendor/symfony/cache/Tests/Adapter/FilesystemAdapterTest.php,Administrative/internal,1703
modules/servers/Smtphosting/vendor/symfony/cache/Tests/Adapter/MaxIdLengthAdapterTest.php,Administrative/internal,3339
modules/servers/Smtphosting/vendor/symfony/cache/Tests/Adapter/MemcachedAdapterTest.php,Administrative/internal,7027
modules/servers/Smtphosting/vendor/symfony/cache/Tests/Adapter/NamespacedProxyAdapterTest.php,Administrative/internal,648
modules/servers/Smtphosting/vendor/symfony/cache/Tests/Adapter/NullAdapterTest.php,Administrative/internal,3379
modules/servers/Smtphosting/vendor/symfony/cache/Tests/Adapter/PdoAdapterTest.php,Administrative/internal,1903
modules/servers/Smtphosting/vendor/symfony/cache/Tests/Adapter/PdoDbalAdapterTest.php,Administrative/internal,1289
modules/servers/Smtphosting/vendor/symfony/cache/Tests/Adapter/PhpArrayAdapterTest.php,Administrative/internal,4932
modules/servers/Smtphosting/vendor/symfony/cache/Tests/Adapter/PhpArrayAdapterWithFallbackTest.php,Administrative/internal,1645
modules/servers/Smtphosting/vendor/symfony/cache/Tests/Adapter/PhpFilesAdapterTest.php,Administrative/internal,1253
modules/servers/Smtphosting/vendor/symfony/cache/Tests/Adapter/PredisAdapterTest.php,Administrative/internal,1592
modules/servers/Smtphosting/vendor/symfony/cache/Tests/Adapter/PredisClusterAdapterTest.php,Administrative/internal,629
modules/servers/Smtphosting/vendor/symfony/cache/Tests/Adapter/ProxyAdapterTest.php,Administrative/internal,1768
modules/servers/Smtphosting/vendor/symfony/cache/Tests/Adapter/RedisAdapterTest.php,Administrative/internal,2876
modules/servers/Smtphosting/vendor/symfony/cache/Tests/Adapter/RedisArrayAdapterTest.php,Administrative/internal,672
modules/servers/Smtphosting/vendor/symfony/cache/Tests/Adapter/RedisClusterAdapterTest.php,Administrative/internal,760
modules/servers/Smtphosting/vendor/symfony/cache/Tests/Adapter/SimpleCacheAdapterTest.php,Administrative/internal,737
modules/servers/Smtphosting/vendor/symfony/cache/Tests/Adapter/TagAwareAdapterTest.php,Administrative/internal,5673
modules/servers/Smtphosting/vendor/symfony/cache/Tests/Adapter/TraceableAdapterTest.php,Administrative/internal,5912
modules/servers/Smtphosting/vendor/symfony/cache/Tests/Adapter/TraceableTagAwareAdapterTest.php,Administrative/internal,1087
modules/servers/Smtphosting/vendor/symfony/cache/Tests/CacheItemTest.php,Administrative/internal,1953
modules/servers/Smtphosting/vendor/symfony/cache/Tests/DoctrineProviderTest.php,Administrative/internal,1265
modules/servers/Smtphosting/vendor/symfony/cache/Tests/Fixtures/ArrayCache.php,Administrative/internal,976
modules/servers/Smtphosting/vendor/symfony/cache/Tests/Fixtures/ExternalAdapter.php,Administrative/internal,1614
modules/servers/Smtphosting/vendor/symfony/cache/Tests/Simple/AbstractRedisCacheTest.php,Administrative/internal,1303
modules/servers/Smtphosting/vendor/symfony/cache/Tests/Simple/ApcuCacheTest.php,Administrative/internal,1218
modules/servers/Smtphosting/vendor/symfony/cache/Tests/Simple/ArrayCacheTest.php,Administrative/internal,536
modules/servers/Smtphosting/vendor/symfony/cache/Tests/Simple/CacheTestCase.php,Administrative/internal,4488
modules/servers/Smtphosting/vendor/symfony/cache/Tests/Simple/ChainCacheTest.php,Administrative/internal,3163
modules/servers/Smtphosting/vendor/symfony/cache/Tests/Simple/DoctrineCacheTest.php,Administrative/internal,860
modules/servers/Smtphosting/vendor/symfony/cache/Tests/Simple/FilesystemCacheTest.php,Administrative/internal,860
modules/servers/Smtphosting/vendor/symfony/cache/Tests/Simple/MemcachedCacheTest.php,Administrative/internal,6283
modules/servers/Smtphosting/vendor/symfony/cache/Tests/Simple/MemcachedCacheTextModeTest.php,Administrative/internal,755
modules/servers/Smtphosting/vendor/symfony/cache/Tests/Simple/NullCacheTest.php,Administrative/internal,2229
modules/servers/Smtphosting/vendor/symfony/cache/Tests/Simple/PdoCacheTest.php,Administrative/internal,1118
modules/servers/Smtphosting/vendor/symfony/cache/Tests/Simple/PdoDbalCacheTest.php,Administrative/internal,1279
modules/servers/Smtphosting/vendor/symfony/cache/Tests/Simple/PhpArrayCacheTest.php,Administrative/internal,4876
modules/servers/Smtphosting/vendor/symfony/cache/Tests/Simple/PhpArrayCacheWithFallbackTest.php,Administrative/internal,1918
modules/servers/Smtphosting/vendor/symfony/cache/Tests/Simple/PhpFilesCacheTest.php,Administrative/internal,1095
modules/servers/Smtphosting/vendor/symfony/cache/Tests/Simple/Psr6CacheTest.php,Administrative/internal,709
modules/servers/Smtphosting/vendor/symfony/cache/Tests/Simple/RedisArrayCacheTest.php,Administrative/internal,667
modules/servers/Smtphosting/vendor/symfony/cache/Tests/Simple/RedisCacheTest.php,Administrative/internal,2501
modules/servers/Smtphosting/vendor/symfony/cache/Tests/Simple/RedisClusterCacheTest.php,Administrative/internal,755
modules/servers/Smtphosting/vendor/symfony/cache/Tests/Simple/TraceableCacheTest.php,Administrative/internal,5257
modules/servers/Smtphosting/vendor/symfony/cache/Tests/Traits/PdoPruneableTrait.php,Administrative/internal,964
modules/servers/Smtphosting/vendor/symfony/cache/Traits/AbstractTrait.php,Administrative/internal,7763
modules/servers/Smtphosting/vendor/symfony/cache/Traits/ApcuTrait.php,Administrative/internal,2910
modules/servers/Smtphosting/vendor/symfony/cache/Traits/ArrayTrait.php,Administrative/internal,2575
modules/servers/Smtphosting/vendor/symfony/cache/Traits/DoctrineTrait.php,Administrative/internal,2259
modules/servers/Smtphosting/vendor/symfony/cache/Traits/FilesystemCommonTrait.php,Administrative/internal,3540
modules/servers/Smtphosting/vendor/symfony/cache/Traits/FilesystemTrait.php,Administrative/internal,2733
modules/servers/Smtphosting/vendor/symfony/cache/Traits/MemcachedTrait.php,Administrative/internal,10925
modules/servers/Smtphosting/vendor/symfony/cache/Traits/PdoTrait.php,Administrative/internal,16350
modules/servers/Smtphosting/vendor/symfony/cache/Traits/PhpArrayTrait.php,Administrative/internal,4475
modules/servers/Smtphosting/vendor/symfony/cache/Traits/PhpFilesTrait.php,Administrative/internal,4934
modules/servers/Smtphosting/vendor/symfony/cache/Traits/ProxyTrait.php,Administrative/internal,825
modules/servers/Smtphosting/vendor/symfony/cache/Traits/RedisProxy.php,Administrative/internal,1840
modules/servers/Smtphosting/vendor/symfony/cache/Traits/RedisTrait.php,Administrative/internal,13831
modules/servers/Smtphosting/vendor/symfony/cache/composer.json,Administrative/internal,1285
modules/servers/Smtphosting/vendor/symfony/cache/phpunit.xml.dist,Administrative/internal,1809
modules/servers/Smtphosting/vendor/symfony/polyfill-apcu/Apcu.php,Administrative/internal,2260
modules/servers/Smtphosting/vendor/symfony/polyfill-apcu/LICENSE,Administrative/internal,1065
modules/servers/Smtphosting/vendor/symfony/polyfill-apcu/README.md,Administrative/internal,358
modules/servers/Smtphosting/vendor/symfony/polyfill-apcu/bootstrap.php,Administrative/internal,2195
modules/servers/Smtphosting/vendor/symfony/polyfill-apcu/composer.json,Administrative/internal,820
modules/servers/Smtphosting/whmcs.json,Email,287
modules/servers/cloudhost247_email/README.md,Email,8854
modules/servers/cloudhost247_email/api.php,Email,43955
modules/servers/cloudhost247_email/cloudhost247_email.php,Email,28688
modules/servers/cloudhost247_email/functions.php,Email,27628
modules/servers/cloudhost247_email/templates/error.tpl,Email,4411
modules/servers/cloudhost247_email/templates/overview.tpl,Email,21051
modules/servers/cloudhost247_email/webhook.php,Email,16686
modules/servers/cloudhost247_email_hosting/README.md,Email,17835
modules/servers/cloudhost247_email_hosting/api.php,Email,5254
modules/servers/cloudhost247_email_hosting/bootstrap.php,Administrative/internal,1046
modules/servers/cloudhost247_email_hosting/cloudhost247_email_hosting.php,Email,8618
modules/servers/cloudhost247_email_hosting/cron.php,Email,6041
modules/servers/cloudhost247_email_hosting/functions.php,Email,8685
modules/servers/cloudhost247_email_hosting/hooks.php,Email,2354
modules/servers/cloudhost247_email_hosting/install/migrations/1.0.0_baseline.sql,Administrative/internal,571
modules/servers/cloudhost247_email_hosting/install/schema.sql,Email,7569
modules/servers/cloudhost247_email_hosting/lib/Database/Migrator.php,Administrative/internal,5066
modules/servers/cloudhost247_email_hosting/lib/Dns/RecordSet.php,Administrative/internal,5821
modules/servers/cloudhost247_email_hosting/lib/Providers/AbstractProvider.php,Administrative/internal,10681
modules/servers/cloudhost247_email_hosting/lib/Providers/GoogleWorkspaceProvider.php,Administrative/internal,22878
modules/servers/cloudhost247_email_hosting/lib/Providers/Microsoft365Provider.php,Administrative/internal,26636
modules/servers/cloudhost247_email_hosting/lib/Providers/ProfessionalEmailProvider.php,Administrative/internal,18326
modules/servers/cloudhost247_email_hosting/lib/Providers/ProviderFactory.php,Administrative/internal,2153
modules/servers/cloudhost247_email_hosting/lib/Providers/ProviderInterface.php,Administrative/internal,3780
modules/servers/cloudhost247_email_hosting/lib/Repository/AccountRepository.php,Administrative/internal,7273
modules/servers/cloudhost247_email_hosting/lib/Repository/ContentRepository.php,Administrative/internal,10054
modules/servers/cloudhost247_email_hosting/lib/Repository/OperationRepository.php,Administrative/internal,7644
modules/servers/cloudhost247_email_hosting/lib/Service/ClientAreaPresenter.php,Administrative/internal,14528
modules/servers/cloudhost247_email_hosting/lib/Service/DnsService.php,Administrative/internal,10728
modules/servers/cloudhost247_email_hosting/lib/Service/Provisioner.php,Administrative/internal,20308
modules/servers/cloudhost247_email_hosting/lib/Service/PublicCatalog.php,Administrative/internal,12927
modules/servers/cloudhost247_email_hosting/lib/Service/Reconciler.php,Administrative/internal,10871
modules/servers/cloudhost247_email_hosting/lib/Support/Config.php,Administrative/internal,11330
modules/servers/cloudhost247_email_hosting/lib/Support/CurlClient.php,Administrative/internal,3650
modules/servers/cloudhost247_email_hosting/lib/Support/HttpClient.php,Administrative/internal,1210
modules/servers/cloudhost247_email_hosting/lib/Support/Lock.php,Administrative/internal,2964
modules/servers/cloudhost247_email_hosting/lib/Support/Logger.php,Administrative/internal,6831
modules/servers/cloudhost247_email_hosting/lib/Support/Redactor.php,Administrative/internal,4645
modules/servers/cloudhost247_email_hosting/lib/Support/Result.php,Administrative/internal,3569
modules/servers/cloudhost247_email_hosting/lib/Support/Validator.php,Administrative/internal,5767
modules/servers/cloudhost247_email_hosting/lib/Testing/MockHttpClient.php,Administrative/internal,3575
modules/servers/cloudhost247_email_hosting/lib/Webhook/Verifier.php,Administrative/internal,5679
modules/servers/cloudhost247_email_hosting/templates/assets/clientarea.css,Client Area,1552
modules/servers/cloudhost247_email_hosting/templates/error.tpl,Email,417
modules/servers/cloudhost247_email_hosting/templates/overview.tpl,Email,11869
modules/servers/cloudhost247_email_hosting/webhook.php,Email,8522
modules/servers/cloudhost247_lteproxy/README.md,Administrative/internal,14728
modules/servers/cloudhost247_lteproxy/ajax/proxy-operations.php,Administrative/internal,17849
modules/servers/cloudhost247_lteproxy/ajax/proxy-test.php,Administrative/internal,9840
modules/servers/cloudhost247_lteproxy/ajax/stats.php,Administrative/internal,7575
modules/servers/cloudhost247_lteproxy/assets/css/admin.css,Administrative/internal,5949
modules/servers/cloudhost247_lteproxy/assets/css/client.css,Administrative/internal,18551
modules/servers/cloudhost247_lteproxy/assets/js/admin.js,Administrative/internal,2525
modules/servers/cloudhost247_lteproxy/assets/js/client.js,Administrative/internal,36953
modules/servers/cloudhost247_lteproxy/cloudhost247_lteproxy.php,Administrative/internal,29626
modules/servers/cloudhost247_lteproxy/hooks/AdminSidebar.php,Administrative/internal,3496
modules/servers/cloudhost247_lteproxy/hooks/Automation.php,Administrative/internal,14516
modules/servers/cloudhost247_lteproxy/hooks/Notifications.php,Administrative/internal,7500
modules/servers/cloudhost247_lteproxy/install.php,Administrative/internal,4940
modules/servers/cloudhost247_lteproxy/lang/english.php,Administrative/internal,2466
modules/servers/cloudhost247_lteproxy/lib/ApiClient.php,Administrative/internal,23889
modules/servers/cloudhost247_lteproxy/lib/ApiException.php,Administrative/internal,5034
modules/servers/cloudhost247_lteproxy/lib/Cache.php,Administrative/internal,7250
modules/servers/cloudhost247_lteproxy/lib/Configuration.php,Administrative/internal,3850
modules/servers/cloudhost247_lteproxy/lib/Helpers.php,Administrative/internal,17749
modules/servers/cloudhost247_lteproxy/lib/Logger.php,Administrative/internal,10147
modules/servers/cloudhost247_lteproxy/lib/RateLimiter.php,Administrative/internal,5978
modules/servers/cloudhost247_lteproxy/templates/admin/dashboard.tpl,Administrative/internal,4572
modules/servers/cloudhost247_lteproxy/templates/admin/settings.tpl,Administrative/internal,2893
modules/servers/cloudhost247_lteproxy/templates/client/dashboard.tpl,Administrative/internal,13611
modules/servers/cloudhost247_lteproxy/templates/client/error.tpl,Administrative/internal,406
modules/servers/cloudhost247_ovh/cloudhost247_ovh.php,Administrative/internal,3341
modules/servers/cloudhost247_ovh/templates/clientarea.tpl,Client Area,2320
modules/servers/cloudhost247_smm/cloudhost247_smm.php,Administrative/internal,8312
modules/servers/cloudhost247_smm/templates/clientarea.tpl,Client Area,1556
modules/servers/phoneservices_esim/phoneservices_esim.php,Administrative/internal,4173
modules/servers/phoneservices_esim/templates/overview.tpl,Administrative/internal,2247
modules/servers/phoneservices_numbers/phoneservices_numbers.php,Administrative/internal,4285
modules/servers/phoneservices_numbers/templates/overview.tpl,Administrative/internal,2247
modules/servers/phoneservices_sms/phoneservices_sms.php,Administrative/internal,4154
modules/servers/phoneservices_sms/templates/overview.tpl,Administrative/internal,2247
modules/servers/phoneservices_voip/phoneservices_voip.php,Administrative/internal,4068
modules/servers/phoneservices_voip/templates/overview.tpl,Administrative/internal,2247
modules/servers/smmprovisioning/smmprovisioning.php,Administrative/internal,13274
modules/servers/smmprovisioning/templates/clientarea.tpl,Client Area,3064
modules/servers/soyoustart/ajax/ajax.php,Administrative/internal,5152
modules/servers/soyoustart/ajax/index.php,Administrative/internal,52
modules/servers/soyoustart/assets/css/compatible_clientx_child.css,Administrative/internal,443
modules/servers/soyoustart/assets/css/compatible_cloudhost247.css,Administrative/internal,1567
modules/servers/soyoustart/assets/css/compatible_cloudx.css,Cloud,310
modules/servers/soyoustart/assets/css/compatible_lagom.css,Administrative/internal,2997
modules/servers/soyoustart/assets/css/compatible_six.css,Administrative/internal,3186
modules/servers/soyoustart/assets/css/compatible_twenty-x.css,Administrative/internal,197
modules/servers/soyoustart/assets/css/index.php,Administrative/internal,55
modules/servers/soyoustart/assets/css/jquerygrowl.css,Administrative/internal,2111
modules/servers/soyoustart/assets/css/style.css,Administrative/internal,31556
modules/servers/soyoustart/assets/images/cpuinfo.svg,Administrative/internal,1996
modules/servers/soyoustart/assets/images/ct1.svg,Administrative/internal,118205
modules/servers/soyoustart/assets/images/ct2.svg,Administrative/internal,15725
modules/servers/soyoustart/assets/images/ct3.svg,Administrative/internal,296404
modules/servers/soyoustart/assets/images/ct4.svg,Administrative/internal,26760
modules/servers/soyoustart/assets/images/detail.svg,Administrative/internal,3555
modules/servers/soyoustart/assets/images/ftpbackup.svg,Server Management,10652
modules/servers/soyoustart/assets/images/hardwareinfo.svg,Administrative/internal,1836
modules/servers/soyoustart/assets/images/index.php,Administrative/internal,55
modules/servers/soyoustart/assets/images/interventions.svg,Administrative/internal,2380
modules/servers/soyoustart/assets/images/ips.svg,Administrative/internal,2878
modules/servers/soyoustart/assets/images/licensescp.svg,Administrative/internal,2339
modules/servers/soyoustart/assets/images/login-bg.png,Authentication,134533
modules/servers/soyoustart/assets/images/monitoring.svg,Server Management,4083
modules/servers/soyoustart/assets/images/power.svg,Administrative/internal,2196
modules/servers/soyoustart/assets/images/resources.svg,Administrative/internal,1182
modules/servers/soyoustart/assets/images/serviceinfo.svg,Administrative/internal,1476
modules/servers/soyoustart/assets/images/usage.svg,Administrative/internal,2124
modules/servers/soyoustart/assets/index.php,Administrative/internal,52
modules/servers/soyoustart/assets/js/highcharts.js,Administrative/internal,163024
modules/servers/soyoustart/assets/js/index.php,Administrative/internal,55
modules/servers/soyoustart/assets/js/jquerygrowl.js,Administrative/internal,10376
modules/servers/soyoustart/assets/js/script.js,Administrative/internal,75523
modules/servers/soyoustart/hooks.php,Administrative/internal,53399
modules/servers/soyoustart/index.php,Administrative/internal,50
modules/servers/soyoustart/lang/dutch.php,Administrative/internal,11605
modules/servers/soyoustart/lang/english.php,Administrative/internal,11018
modules/servers/soyoustart/lang/french.php,Administrative/internal,11794
modules/servers/soyoustart/lang/index.php,Administrative/internal,52
modules/servers/soyoustart/lang/spanish.php,Administrative/internal,11654
modules/servers/soyoustart/lang/turkish.php,Administrative/internal,11462
modules/servers/soyoustart/lib/SoyoustartServer.php,Administrative/internal,59417
modules/servers/soyoustart/lib/index.php,Administrative/internal,54
modules/servers/soyoustart/logo.png,Administrative/internal,12464
modules/servers/soyoustart/soyoustart.php,Administrative/internal,67720
modules/servers/soyoustart/templates/clientareanew.tpl,Client Area,79652
modules/servers/soyoustart/templates/clientareanew.tpl_bk,Client Area,85833
modules/servers/soyoustart/templates/index.php,Administrative/internal,54
modules/servers/soyoustart_vps/assets/css/compatible_clientx_child.css,VPS,301
modules/servers/soyoustart_vps/assets/css/compatible_cloudhost247.css,VPS,1567
modules/servers/soyoustart_vps/assets/css/compatible_cloudx.css,VPS,310
modules/servers/soyoustart_vps/assets/css/compatible_lagom.css,VPS,2997
modules/servers/soyoustart_vps/assets/css/compatible_six.css,VPS,2792
modules/servers/soyoustart_vps/assets/css/compatible_twenty-x.css,VPS,197
modules/servers/soyoustart_vps/assets/css/index.php,VPS,50
modules/servers/soyoustart_vps/assets/css/jquerygrowl.css,VPS,2111
modules/servers/soyoustart_vps/assets/css/style.css,VPS,30146
modules/servers/soyoustart_vps/assets/images/cpuinfo.svg,VPS,1996
modules/servers/soyoustart_vps/assets/images/ct1.svg,VPS,118205
modules/servers/soyoustart_vps/assets/images/ct2.svg,VPS,15725
modules/servers/soyoustart_vps/assets/images/ct3.svg,VPS,296404
modules/servers/soyoustart_vps/assets/images/ct4.svg,VPS,26760
modules/servers/soyoustart_vps/assets/images/detail.svg,VPS,3555
modules/servers/soyoustart_vps/assets/images/ftpbackup.svg,Server Management,10652
modules/servers/soyoustart_vps/assets/images/hardwareinfo.svg,VPS,1836
modules/servers/soyoustart_vps/assets/images/index.php,VPS,55
modules/servers/soyoustart_vps/assets/images/interventions.svg,VPS,2380
modules/servers/soyoustart_vps/assets/images/ips.svg,VPS,2878
modules/servers/soyoustart_vps/assets/images/licensescp.svg,VPS,2339
modules/servers/soyoustart_vps/assets/images/login-bg.png,Authentication,134533
modules/servers/soyoustart_vps/assets/images/monitoring.svg,Server Management,4083
modules/servers/soyoustart_vps/assets/images/power.svg,VPS,2196
modules/servers/soyoustart_vps/assets/images/resources.svg,VPS,1182
modules/servers/soyoustart_vps/assets/images/serviceinfo.svg,VPS,1476
modules/servers/soyoustart_vps/assets/images/usage.svg,VPS,2124
modules/servers/soyoustart_vps/assets/index.php,VPS,52
modules/servers/soyoustart_vps/assets/js/highcharts.js,VPS,240582
modules/servers/soyoustart_vps/assets/js/index.php,VPS,50
modules/servers/soyoustart_vps/assets/js/jquerygrowl.js,VPS,10376
modules/servers/soyoustart_vps/assets/js/script.js,VPS,61543
modules/servers/soyoustart_vps/assets/js/script.js__,VPS,61140
modules/servers/soyoustart_vps/hooks.php,VPS,26421
modules/servers/soyoustart_vps/index.php,VPS,50
modules/servers/soyoustart_vps/lang/dutch.php,VPS,12808
modules/servers/soyoustart_vps/lang/english.php,VPS,12323
modules/servers/soyoustart_vps/lang/french.php,VPS,13188
modules/servers/soyoustart_vps/lang/index.php,VPS,51
modules/servers/soyoustart_vps/lang/spanish.php,VPS,13009
modules/servers/soyoustart_vps/lang/turkish.php,VPS,12849
modules/servers/soyoustart_vps/lib/SoyoustartServer.php,Administrative/internal,42247
modules/servers/soyoustart_vps/lib/index.php,Administrative/internal,81
modules/servers/soyoustart_vps/soyoustart_vps.php,VPS,72375
modules/servers/soyoustart_vps/templates/clientareanew.tpl,Client Area,67098
modules/servers/soyoustart_vps/templates/index.php,VPS,53
notfound.php,Marketing,407
offers.php,Marketing,642
operating-systems.php,Operating Systems,330
platform/.env.example,Administrative/internal,3506
platform/.gitignore,Administrative/internal,185
platform/MIGRATION.md,Administrative/internal,15025
platform/README.md,Administrative/internal,12392
platform/docs/WEBSITE-REBUILD-VERIFICATION.md,Administrative/internal,19884
platform/dump-routes.cjs,Administrative/internal,790
platform/manifests/adguard-home/manifest.yaml,Administrative/internal,1044
platform/manifests/adminer/manifest.yaml,Administrative/internal,940
platform/manifests/akaunting/manifest.yaml,Administrative/internal,1089
platform/manifests/bookstack/manifest.yaml,Administrative/internal,1165
platform/manifests/code-server/manifest.yaml,Administrative/internal,1087
platform/manifests/docker-registry/manifest.yaml,Applications,1067
platform/manifests/dockge/manifest.yaml,Administrative/internal,950
platform/manifests/espocrm/manifest.yaml,Administrative/internal,1092
platform/manifests/filebrowser/manifest.yaml,Administrative/internal,991
platform/manifests/firefly-iii/manifest.yaml,Administrative/internal,1277
platform/manifests/focalboard/manifest.yaml,Administrative/internal,975
platform/manifests/ghost/manifest.yaml,Administrative/internal,1068
platform/manifests/gitea/manifest.yaml,Administrative/internal,1215
platform/manifests/grafana/manifest.yaml,Administrative/internal,1193
platform/manifests/home-assistant/manifest.yaml,Administrative/internal,1275
platform/manifests/immich/manifest.yaml,Administrative/internal,1759
platform/manifests/jellyfin/manifest.yaml,Administrative/internal,961
platform/manifests/keycloak/manifest.yaml,Administrative/internal,1364
platform/manifests/mariadb/manifest.yaml,Administrative/internal,970
platform/manifests/matomo/manifest.yaml,Administrative/internal,1153
platform/manifests/minio/manifest.yaml,Administrative/internal,1153
platform/manifests/mongodb/manifest.yaml,Administrative/internal,978
platform/manifests/moodle/manifest.yaml,Administrative/internal,1153
platform/manifests/mysql/manifest.yaml,Administrative/internal,968
platform/manifests/n8n/manifest.yaml,Administrative/internal,1641
platform/manifests/navidrome/manifest.yaml,Administrative/internal,996
platform/manifests/netdata/manifest.yaml,Administrative/internal,1009
platform/manifests/nextcloud/manifest.yaml,Cloud,1597
platform/manifests/node-red/manifest.yaml,Administrative/internal,959
platform/manifests/odoo/manifest.yaml,Administrative/internal,1148
platform/manifests/ollama/manifest.yaml,Administrative/internal,1305
platform/manifests/open-webui/manifest.yaml,Administrative/internal,1125
platform/manifests/openproject/manifest.yaml,Administrative/internal,1139
platform/manifests/paperless-ngx/manifest.yaml,Administrative/internal,1432
platform/manifests/photoprism/manifest.yaml,Administrative/internal,1186
platform/manifests/phpmyadmin/manifest.yaml,Administrative/internal,986
platform/manifests/pi-hole/manifest.yaml,Administrative/internal,1071
platform/manifests/plausible/manifest.yaml,Administrative/internal,1564
platform/manifests/portainer/manifest.yaml,Administrative/internal,947
platform/manifests/postgresql/manifest.yaml,Administrative/internal,1388
platform/manifests/prestashop/manifest.yaml,Administrative/internal,1123
platform/manifests/prometheus/manifest.yaml,Administrative/internal,987
platform/manifests/redis/manifest.yaml,Administrative/internal,967
platform/manifests/rocketchat/manifest.yaml,Administrative/internal,1144
platform/manifests/roundcube/manifest.yaml,Administrative/internal,1123
platform/manifests/traefik/manifest.yaml,Administrative/internal,1389
platform/manifests/umami/manifest.yaml,Administrative/internal,1216
platform/manifests/uptime-kuma/manifest.yaml,Administrative/internal,1002
platform/manifests/vaultwarden/manifest.yaml,Administrative/internal,1522
platform/manifests/vikunja/manifest.yaml,Administrative/internal,1272
platform/manifests/wireguard-easy/manifest.yaml,Administrative/internal,1057
platform/manifests/wordpress/manifest.yaml,Applications,1743
platform/mobile/capacitor.config.json,Administrative/internal,634
platform/mobile/package.json,Administrative/internal,681
platform/mobile/resources/icon.png,Administrative/internal,8718
platform/mobile/resources/splash.png,Administrative/internal,12255
platform/package-lock.json,Administrative/internal,5742
platform/package.json,Administrative/internal,1438
platform/public/404.html,Administrative/internal,13865
platform/public/about.html,Marketing,16572
platform/public/app-deployment.html,Deployment/PaaS,16770
platform/public/applications.html,Applications,15535
platform/public/assets/brand/favicon.svg,Administrative/internal,373
platform/public/assets/brand/icon.svg,Administrative/internal,517
platform/public/assets/brand/logo-compact.svg,Administrative/internal,655
platform/public/assets/brand/logo-dark.svg,Administrative/internal,585
platform/public/assets/brand/logo-white.svg,Administrative/internal,579
platform/public/assets/brand/logo.svg,Administrative/internal,658
platform/public/assets/brand/og.svg,Administrative/internal,1759
platform/public/assets/css/site.css,Administrative/internal,24522
platform/public/assets/icons/icons.svg,Administrative/internal,6969
platform/public/assets/img/hero-applications.webp,Applications,43418
platform/public/assets/img/hero-cloud-network.webp,Cloud,78140
platform/public/assets/img/hero-deployment.webp,Deployment/PaaS,38332
platform/public/assets/img/hero-infrastructure.webp,Cloud,128226
platform/public/assets/img/og-image.jpg,Administrative/internal,145399
platform/public/assets/js/api.js,Developer,13269
platform/public/assets/js/auth-forms.js,Authentication,6062
platform/public/assets/js/site.js,Administrative/internal,34360
platform/public/assets/js/webauthn.js,Authentication,5486
platform/public/blog.html,Marketing,14825
platform/public/business-email.html,Email,17266
platform/public/contact.html,Support,17201
platform/public/control-panels.html,Administrative/internal,14770
platform/public/developers.html,Developer,15932
platform/public/domains.html,Domains,19337
platform/public/domains/brokerage.html,Domains,16163
platform/public/faqs.html,Support,18594
platform/public/favicon.svg,Administrative/internal,419
platform/public/forgot.html,Administrative/internal,14101
platform/public/hosting.html,Hosting,19107
platform/public/hosting/cloud.html,Cloud,18384
platform/public/hosting/dedicated.html,Dedicated,17530
platform/public/hosting/enterprise.html,Hosting,17647
platform/public/hosting/game-servers.html,Dedicated,17325
platform/public/hosting/reseller.html,Hosting,15538
platform/public/hosting/vps.html,VPS,18393
platform/public/hosting/web-hosting.html,Hosting,16880
platform/public/hosting/wordpress.html,Applications,15473
platform/public/icons/apple-touch-icon.png,Administrative/internal,731
platform/public/icons/favicon-32.png,Administrative/internal,176
platform/public/icons/icon-192.png,Administrative/internal,785
platform/public/icons/icon-512.png,Administrative/internal,3053
platform/public/icons/icon-maskable-192.png,Administrative/internal,738
platform/public/icons/icon-maskable-512.png,Administrative/internal,2781
platform/public/index.html,Administrative/internal,33872
platform/public/infrastructure.html,Cloud,16131
platform/public/knowledgebase.html,Support,14946
platform/public/legal/acceptable-use.html,Legal,14801
platform/public/legal/cookies.html,Legal,14478
platform/public/legal/privacy.html,Legal,15163
platform/public/legal/refund-policy.html,Legal,14831
platform/public/legal/sla.html,Legal,14794
platform/public/legal/terms.html,Legal,15667
platform/public/login.html,Authentication,14705
platform/public/manifest.webmanifest,Administrative/internal,1069
platform/public/migration.html,Administrative/internal,15473
platform/public/offers.html,Marketing,14743
platform/public/operating-systems.html,Operating Systems,14793
platform/public/pricing.html,Administrative/internal,14796
platform/public/register.html,Authentication,14370
platform/public/reset.html,Administrative/internal,14126
platform/public/security.html,Administrative/internal,18491
platform/public/server-management.html,Server Management,16143
platform/public/status.html,Support,14388
platform/public/support.html,Support,17068
platform/public/sw.js,Administrative/internal,4093
platform/public/vps-hosting.html,VPS,288
platform/public/web-hosting.html,Hosting,320
platform/scripts/app-catalog.json,Administrative/internal,14754
platform/scripts/build-site.cjs,Administrative/internal,108439
platform/scripts/gen-control-panel-seed.cjs,Administrative/internal,1251
platform/scripts/generate-icons.js,Administrative/internal,7440
platform/scripts/migrate.js,Administrative/internal,1634
platform/scripts/rehash-passwords.js,Administrative/internal,11702
platform/scripts/seed.js,Administrative/internal,18039
platform/server.js,Administrative/internal,6241
platform/spa/index.html,Administrative/internal,593
platform/spa/package-lock.json,Administrative/internal,62184
platform/spa/package.json,Administrative/internal,597
platform/spa/src/App.jsx,Administrative/internal,5922
platform/spa/src/lib/api.js,Administrative/internal,13978
platform/spa/src/lib/format.js,Administrative/internal,2968
platform/spa/src/lib/support-session.js,Administrative/internal,3108
platform/spa/src/lib/useAuth.jsx,Administrative/internal,1436
platform/spa/src/main.jsx,Administrative/internal,762
platform/spa/src/pages/AdminContentPage.jsx,Administrative/internal,8115
platform/spa/src/pages/AdminCustomerDetailPage.jsx,Administrative/internal,15964
platform/spa/src/pages/AdminCustomersPage.jsx,Administrative/internal,5087
platform/spa/src/pages/AdminDashboardPage.jsx,Administrative/internal,5766
platform/spa/src/pages/AdminLayout.jsx,Administrative/internal,4253
platform/spa/src/pages/AdminSiteSettingsPage.jsx,Administrative/internal,5004
platform/spa/src/pages/AdminTicketDetailPage.jsx,Support,5919
platform/spa/src/pages/AdminTicketsPage.jsx,Support,4538
platform/spa/src/pages/AdminUsersPage.jsx,Administrative/internal,3147
platform/spa/src/pages/BillingPage.jsx,Administrative/internal,8777
platform/spa/src/pages/CartPage.jsx,Checkout,6403
platform/spa/src/pages/CatalogPage.jsx,Administrative/internal,5686
platform/spa/src/pages/DashboardPage.jsx,Administrative/internal,7626
platform/spa/src/pages/InvoiceDetailPage.jsx,Checkout,7228
platform/spa/src/pages/SecurityPage.jsx,Administrative/internal,11499
platform/spa/src/pages/ServicesPage.jsx,Administrative/internal,4157
platform/spa/src/pages/SupportPage.jsx,Support,4652
platform/spa/src/styles.css,Administrative/internal,10349
platform/spa/ssr-smoke.jsx,Administrative/internal,2312
platform/spa/vite.config.js,Administrative/internal,963
platform/src/app.js,Administrative/internal,9890
platform/src/core/config.js,Administrative/internal,8228
platform/src/core/cors.js,Administrative/internal,2113
platform/src/core/errors.js,Administrative/internal,2667
platform/src/core/http.js,Administrative/internal,12320
platform/src/core/logger.js,Administrative/internal,3289
platform/src/core/ratelimit.js,Administrative/internal,3545
platform/src/core/router.js,Administrative/internal,7736
platform/src/core/security.js,Administrative/internal,1967
platform/src/core/static.js,Administrative/internal,8773
platform/src/core/validate.js,Administrative/internal,15372
platform/src/domains/account-identity.js,Client Area,9811
platform/src/domains/account.js,Client Area,10695
platform/src/domains/admin-billing.js,Domains,12556
platform/src/domains/admin-cloudflare.js,Domains,21103
platform/src/domains/admin-customers.js,Domains,14665
platform/src/domains/admin-domain-services.js,Domains,28959
platform/src/domains/admin-platform.js,Domains,6600
platform/src/domains/admin-tools.js,Domains,1295
platform/src/domains/admin-users.js,Domains,12225
platform/src/domains/agent.js,Domains,4255
platform/src/domains/ai-os.js,Domains,14725
platform/src/domains/ai-support.js,Domains,20942
platform/src/domains/app-installations.js,Domains,18129
platform/src/domains/audit.js,Domains,3953
platform/src/domains/auth.js,Authentication,36361
platform/src/domains/billing.js,Domains,7078
platform/src/domains/catalog.js,Domains,17440
platform/src/domains/cloudflare.js,Domains,30429
platform/src/domains/commerce.js,Domains,12413
platform/src/domains/content.js,Domains,11333
platform/src/domains/control-panels.js,Domains,15721
platform/src/domains/deployments.js,Domains,9984
platform/src/domains/dns.js,Domains,10114
platform/src/domains/domain-brokerage.js,Domains,25071
platform/src/domains/domain-services.js,Domains,22039
platform/src/domains/domains.js,Domains,8622
platform/src/domains/firewall.js,Domains,2244
platform/src/domains/health.js,Domains,1928
platform/src/domains/infrastructure.js,Domains,78407
platform/src/domains/licenses.js,Domains,5680
platform/src/domains/marketplace-admin.js,Domains,21133
platform/src/domains/marketplace.js,Domains,2552
platform/src/domains/monitoring.js,Domains,6735
platform/src/domains/mrz-tools.js,Domains,24046
platform/src/domains/operating-systems.js,Domains,19372
platform/src/domains/passkeys.js,Authentication,17869
platform/src/domains/payments.js,Checkout,11877
platform/src/domains/provisioning.js,Domains,11488
platform/src/domains/revenue-guardian.js,Domains,12853
platform/src/domains/servers.js,Domains,29611
platform/src/domains/services.js,Domains,11774
platform/src/domains/site.js,Domains,6633
platform/src/domains/ssl.js,Domains,5812
platform/src/domains/tools.js,Domains,13734
platform/src/domains/webhooks.js,Domains,3310
platform/src/lib/auth.js,Administrative/internal,6939
platform/src/lib/base32.js,Administrative/internal,1210
platform/src/lib/billing-apply.js,Administrative/internal,2583
platform/src/lib/crc32.js,Administrative/internal,985
platform/src/lib/gateways/index.js,Administrative/internal,3479
platform/src/lib/gateways/paypal.js,Administrative/internal,9909
platform/src/lib/gateways/paystack.js,Administrative/internal,2747
platform/src/lib/gateways/stripe.js,Administrative/internal,3378
platform/src/lib/ids.js,Administrative/internal,2436
platform/src/lib/jwt.js,Administrative/internal,4156
platform/src/lib/manifest-catalog.js,Administrative/internal,8310
platform/src/lib/manifest-schema.js,Administrative/internal,21470
platform/src/lib/os-availability.js,Administrative/internal,5908
platform/src/lib/password.js,Administrative/internal,4228
platform/src/lib/payments-dto.js,Administrative/internal,902
platform/src/lib/provider-adapters.js,Administrative/internal,16964
platform/src/lib/provider-egress.js,Administrative/internal,13031
platform/src/lib/provider-webhook-service.js,Administrative/internal,11754
platform/src/lib/providers/adapters/aws-client.js,Administrative/internal,9529
platform/src/lib/providers/adapters/aws-replacement.js,Administrative/internal,5052
platform/src/lib/providers/adapters/aws-serial-console.js,Administrative/internal,2568
platform/src/lib/providers/adapters/aws.js,Administrative/internal,24654
platform/src/lib/providers/adapters/contabo.js,Administrative/internal,19109
platform/src/lib/providers/adapters/digitalocean.js,Administrative/internal,16361
platform/src/lib/providers/adapters/generic-http.js,Administrative/internal,7173
platform/src/lib/providers/adapters/hetzner.js,Administrative/internal,11049
platform/src/lib/providers/adapters/mock.js,Administrative/internal,7745
platform/src/lib/providers/adapters/openstack-client.js,Administrative/internal,6016
platform/src/lib/providers/adapters/openstack.js,Administrative/internal,12710
platform/src/lib/providers/adapters/ovh-client.js,Administrative/internal,2607
platform/src/lib/providers/adapters/ovh.js,Administrative/internal,11261
platform/src/lib/providers/adapters/proxmox-client.js,Administrative/internal,3271
platform/src/lib/providers/adapters/proxmox.js,Administrative/internal,18276
platform/src/lib/providers/adapters/solusvm.js,Administrative/internal,12659
platform/src/lib/providers/adapters/virtualizor.js,Administrative/internal,12122
platform/src/lib/providers/adapters/vultr.js,Administrative/internal,13790
platform/src/lib/providers/aws-sigv4.js,Administrative/internal,6656
platform/src/lib/providers/aws-xml.js,Administrative/internal,7344
platform/src/lib/providers/common.js,Administrative/internal,6107
platform/src/lib/providers/error-mapping.js,Administrative/internal,2694
platform/src/lib/providers/http.js,Administrative/internal,5117
platform/src/lib/providers/index.js,Administrative/internal,2897
platform/src/lib/providers/registry.js,Administrative/internal,4440
platform/src/lib/providers/sanitize.js,Administrative/internal,2272
platform/src/lib/providers/types.js,Administrative/internal,3427
platform/src/lib/provisioning-worker.js,Administrative/internal,19643
platform/src/lib/qr.js,Administrative/internal,24557
platform/src/lib/subscription-dto.js,Administrative/internal,1239
platform/src/lib/totp.js,Administrative/internal,4669
platform/src/lib/webauthn/authenticator-data.js,Administrative/internal,3671
platform/src/lib/webauthn/cbor.js,Administrative/internal,5367
platform/src/lib/webauthn/cose.js,Administrative/internal,7015
platform/src/lib/webauthn/options.js,Administrative/internal,3870
platform/src/lib/webauthn/verify.js,Administrative/internal,13255
platform/src/lib/webhook-signing.js,Administrative/internal,2808
platform/src/lib/yaml.js,Administrative/internal,12687
platform/src/store/index.js,Administrative/internal,1175
platform/src/store/json-store.js,Administrative/internal,15976
platform/src/store/pg-store.js,Administrative/internal,14778
platform/src/store/schema.js,Administrative/internal,75754
platform/src/store/seed-data/control-panels.js,Administrative/internal,29417
platform/tests/admin-billing.test.js,Administrative/internal,11341
platform/tests/admin-platform.test.js,Administrative/internal,12825
platform/tests/api.test.js,Administrative/internal,9351
platform/tests/auth-recovery.test.js,Administrative/internal,8689
platform/tests/aws-sigv4.test.js,Administrative/internal,12968
platform/tests/commerce.test.js,Administrative/internal,5160
platform/tests/content.test.js,Administrative/internal,9047
platform/tests/control-panels.test.js,Administrative/internal,10013
platform/tests/crypto.test.js,Administrative/internal,4244
platform/tests/customer-domains.test.js,Administrative/internal,5807
platform/tests/deployments.test.js,Administrative/internal,6543
platform/tests/domains.test.js,Administrative/internal,16939
platform/tests/fixtures/generate-qr-fixtures.py,Administrative/internal,10811
platform/tests/fixtures/qr-reference.json,Administrative/internal,239072
platform/tests/gateways.test.js,Administrative/internal,33857
platform/tests/helpers.js,Administrative/internal,3301
platform/tests/infrastructure-catalog.test.js,Administrative/internal,17452
platform/tests/infrastructure-ops.test.js,Administrative/internal,18297
platform/tests/infrastructure-provider-egress.test.js,Administrative/internal,16866
platform/tests/legacy-prefix.test.js,Administrative/internal,6425
platform/tests/manifests.test.js,Administrative/internal,13621
platform/tests/marketplace-admin.test.js,Administrative/internal,6446
platform/tests/mrz-tools.test.js,Administrative/internal,15584
platform/tests/os-availability.test.js,Administrative/internal,12390
platform/tests/payments.test.js,Administrative/internal,5110
platform/tests/pg-store.test.js,Administrative/internal,2332
platform/tests/provider-adapters.test.js,Administrative/internal,85018
platform/tests/provisioning-worker.test.js,Administrative/internal,23104
platform/tests/qr.test.js,Administrative/internal,26495
platform/tests/rehash-passwords.test.js,Administrative/internal,14378
platform/tests/router.test.js,Administrative/internal,4014
platform/tests/servers-provider-actions.test.js,Administrative/internal,14276
platform/tests/servers.test.js,Administrative/internal,8183
platform/tests/site-footer-links.test.js,Administrative/internal,5247
platform/tests/site.test.js,Administrative/internal,9468
platform/tests/small-modules.test.js,Administrative/internal,10388
platform/tests/spa-admin.test.js,Administrative/internal,20433
platform/tests/spa-commerce.test.js,Administrative/internal,16053
platform/tests/spa-format.test.js,Administrative/internal,3843
platform/tests/ssl.test.js,Administrative/internal,7160
platform/tests/store.test.js,Administrative/internal,4120
platform/tests/validate.test.js,Administrative/internal,2627
platform/tests/webauthn-browser.test.js,Administrative/internal,15276
platform/tests/webauthn.test.js,Administrative/internal,41863
platform/tests/webhooks.test.js,Administrative/internal,7789
plesk-hosting.php,Hosting,818
privacy-policy.php,Legal,624
recovery/5c-fix-concurrent-manual-confirm.patch,Administrative/internal,4282
recovery/README.md,Administrative/internal,9149
recovery/check-production-state.sh,Administrative/internal,1665
recovery/check-production-state.sql,Administrative/internal,5124
recovery/option-b-disable-payment-routes.patch,Checkout,2280
refund-and-cancellation-policy.php,Legal,487
refund-policy.php,Legal,8667
robots.txt,Administrative/internal,664
scripts/audit-legacy-branding-in-database.sql,Administrative/internal,12351
scripts/branding-audit.py,Administrative/internal,15325
scripts/compare-financial-evidence.py,Administrative/internal,1978
scripts/generate-staging-report.py,Administrative/internal,2823
scripts/generate-website-assets.py,Administrative/internal,11898
scripts/inventory-website.py,Administrative/internal,5103
scripts/lib/staging-common.php,Administrative/internal,2362
scripts/migrate-legacy-names-to-cloudhost247.sql,Administrative/internal,15033
scripts/php-cleanup-pass.cjs,Administrative/internal,3794
scripts/php-lint-targets.sh,Administrative/internal,2829
scripts/php-syntax-check.cjs,Administrative/internal,4238
scripts/php-wasm/README.md,Administrative/internal,3307
scripts/php-wasm/package-lock.json,Administrative/internal,14624
scripts/php-wasm/package.json,Administrative/internal,293
scripts/php-wasm/php,Administrative/internal,2913
scripts/php-wasm/shim.mjs,Administrative/internal,3047
scripts/regen-php-pages.cjs,Administrative/internal,30476
scripts/release-candidate-check.sh,Administrative/internal,6070
scripts/staging-backup-verify.php,Administrative/internal,2010
scripts/staging-baseline-evidence.php,Administrative/internal,3738
scripts/staging-financial-snapshot.php,Administrative/internal,2421
scripts/staging-preflight.php,Administrative/internal,5191
scripts/validate-migrations.py,Administrative/internal,3136
scripts/verify-website.py,Administrative/internal,6710
server-agent/README.md,Administrative/internal,4995
server-agent/install.sh,Administrative/internal,3189
server-agent/package.json,Administrative/internal,625
server-agent/src/attestation.js,Administrative/internal,3341
server-agent/src/auth.js,Authentication,4248
server-agent/src/backups.js,Server Management,14355
server-agent/src/config.js,Administrative/internal,1999
server-agent/src/docker.js,Applications,8661
server-agent/src/server.js,Administrative/internal,8330
server-agent/tests/attestation.test.js,Administrative/internal,5761
server-agent/tests/auth.test.js,Administrative/internal,13535
server-agent/tests/docker-backups.test.js,Administrative/internal,30498
server-management.php,Server Management,330
service-error.php,Administrative/internal,608
site-search.php,Marketing,1449
ssl-certificate.php,Administrative/internal,828
tables.php,Administrative/internal,790
templates/cloudhost247/aboutus.tpl,Marketing,737
templates/cloudhost247/acceptableusepolicy.tpl,Legal,124
templates/cloudhost247/access-denied.tpl,Administrative/internal,69
templates/cloudhost247/backuppolicy.tpl,Legal,117
templates/cloudhost247/cloudhost247-builder-page.tpl,Administrative/internal,1928
templates/cloudhost247/cloudhost247-email-hosting.tpl,Email,18453
templates/cloudhost247/cloudhost247-error.tpl,Administrative/internal,854
templates/cloudhost247/cloudhost247-infrastructure.tpl,Cloud,857
templates/cloudhost247/cloudhost247-page.tpl,Administrative/internal,2855
templates/cloudhost247/cloudhost247-platform.tpl,Administrative/internal,1937
templates/cloudhost247/cloudhost247-product-catalog.tpl,Administrative/internal,2074
templates/cloudhost247/cloudhost247-search.tpl,Marketing,2382
templates/cloudhost247/cookiepolicy.tpl,Legal,117
templates/cloudhost247/css/announcementbar.css,Marketing,5532
templates/cloudhost247/css/custom.css,Administrative/internal,6850
templates/cloudhost247/css/email-hosting.css,Email,11735
templates/cloudhost247/css/site.css,Administrative/internal,19009
templates/cloudhost247/cybercrimepolicy.tpl,Legal,121
templates/cloudhost247/datadeletion.tpl,Administrative/internal,117
templates/cloudhost247/dataprivacynoticeandconsentform.tpl,Legal,136
templates/cloudhost247/domainagreement.tpl,Legal,120
templates/cloudhost247/domainbrokerageterms.tpl,Legal,125
templates/cloudhost247/domainregistrationaddendum.tpl,Legal,131
templates/cloudhost247/domainrenewalpolicy.tpl,Legal,124
templates/cloudhost247/error/page-not-found.tpl,Administrative/internal,69
templates/cloudhost247/fairusagepolicy.tpl,Legal,120
templates/cloudhost247/faqs.tpl,Support,1824
templates/cloudhost247/footer.tpl,Administrative/internal,5316
templates/cloudhost247/header.tpl,Administrative/internal,6949
templates/cloudhost247/homepage.tpl,Marketing,6836
templates/cloudhost247/images/brand/favicon.svg,Administrative/internal,373
templates/cloudhost247/images/brand/icon.svg,Administrative/internal,517
templates/cloudhost247/images/brand/logo-compact.svg,Administrative/internal,655
templates/cloudhost247/images/brand/logo-dark.svg,Administrative/internal,585
templates/cloudhost247/images/brand/logo-white.svg,Administrative/internal,579
templates/cloudhost247/images/brand/logo.svg,Administrative/internal,658
templates/cloudhost247/images/brand/og.svg,Administrative/internal,1759
templates/cloudhost247/images/hero/hero-applications.webp,Applications,43418
templates/cloudhost247/images/hero/hero-cloud-network.webp,Cloud,78140
templates/cloudhost247/images/hero/hero-deployment.webp,Deployment/PaaS,38332
templates/cloudhost247/images/hero/hero-infrastructure.webp,Cloud,128226
templates/cloudhost247/images/icons/icons.svg,Administrative/internal,6969
templates/cloudhost247/includes/announcementbar-config.tpl,Marketing,138
templates/cloudhost247/includes/announcementbar-header-integration.tpl,Marketing,3937
templates/cloudhost247/includes/announcementbar.tpl,Marketing,11475
templates/cloudhost247/includes/application-logo.tpl,Applications,226
templates/cloudhost247/includes/legal-layout.tpl,Legal,603
templates/cloudhost247/includes/legal/acceptableusepolicy.tpl,Legal,5059
templates/cloudhost247/includes/legal/backuppolicy.tpl,Legal,3913
templates/cloudhost247/includes/legal/cookiepolicy.tpl,Legal,5984
templates/cloudhost247/includes/legal/cybercrimepolicy.tpl,Legal,4424
templates/cloudhost247/includes/legal/datadeletion.tpl,Legal,7145
templates/cloudhost247/includes/legal/dataprivacynoticeandconsentform.tpl,Legal,16710
templates/cloudhost247/includes/legal/domainagreement.tpl,Legal,16084
templates/cloudhost247/includes/legal/domainbrokerageterms.tpl,Legal,1020
templates/cloudhost247/includes/legal/domainregistrationaddendum.tpl,Legal,8510
templates/cloudhost247/includes/legal/domainrenewalpolicy.tpl,Legal,5677
templates/cloudhost247/includes/legal/fairusagepolicy.tpl,Legal,3876
templates/cloudhost247/includes/legal/legal.tpl,Legal,2154
templates/cloudhost247/includes/legal/privacypolicy.tpl,Legal,8991
templates/cloudhost247/includes/legal/refundpolicy.tpl,Legal,3913
templates/cloudhost247/includes/legal/trademarkpolicy.tpl,Legal,3980
templates/cloudhost247/includes/product-faq.tpl,Support,998
templates/cloudhost247/includes/product-hero.tpl,Administrative/internal,1198
templates/cloudhost247/includes/product-plans.tpl,Administrative/internal,1501
templates/cloudhost247/includes/search-form.tpl,Marketing,374
templates/cloudhost247/includes/site-cta.tpl,Administrative/internal,430
templates/cloudhost247/includes/site-footer.tpl,Administrative/internal,1079
templates/cloudhost247/includes/site-head.tpl,Administrative/internal,1576
templates/cloudhost247/includes/site-nav.tpl,Administrative/internal,2704
templates/cloudhost247/js/site.js,Administrative/internal,4291
templates/cloudhost247/legal.tpl,Legal,110
templates/cloudhost247/privacypolicy.tpl,Legal,118
templates/cloudhost247/refund-and-vancellation-policy.tpl,Legal,936
templates/cloudhost247/refundpolicy.tpl,Legal,117
templates/cloudhost247/theme.yaml,Administrative/internal,212
templates/cloudhost247/trademarkpolicy.tpl,Legal,120
templates/cloudhost247_legacy/3dsecure.tpl,Administrative/internal,529
templates/cloudhost247_legacy/README.md,Administrative/internal,73
templates/cloudhost247_legacy/aboutus.tpl,Marketing,15681
templates/cloudhost247_legacy/acceptableusepolicy.tpl,Legal,5058
templates/cloudhost247_legacy/access-denied.tpl,Administrative/internal,1048
templates/cloudhost247_legacy/account-contacts-manage.tpl,Client Area,6896
templates/cloudhost247_legacy/account-contacts-new.tpl,Client Area,5440
templates/cloudhost247_legacy/account-paymentmethods-billing-contacts.tpl,Checkout,2241
templates/cloudhost247_legacy/account-paymentmethods-manage.tpl,Checkout,27229
templates/cloudhost247_legacy/account-paymentmethods.tpl,Checkout,5434
templates/cloudhost247_legacy/account-user-management.tpl,Client Area,8395
templates/cloudhost247_legacy/account-user-permissions.tpl,Client Area,905
templates/cloudhost247_legacy/affiliates.tpl,Business,4433
templates/cloudhost247_legacy/affiliatessignup.tpl,Business,813
templates/cloudhost247_legacy/all-element-cloudhost247.tpl,Administrative/internal,104887
templates/cloudhost247_legacy/announcements.tpl,Marketing,2893
templates/cloudhost247_legacy/backuppolicy.tpl,Legal,3930
templates/cloudhost247_legacy/banned.tpl,Administrative/internal,287
templates/cloudhost247_legacy/banners/banner.jpg,Administrative/internal,69966
templates/cloudhost247_legacy/banners/banner_1.jpg,Administrative/internal,292685
templates/cloudhost247_legacy/banners/banner_2.jpg,Administrative/internal,410202
templates/cloudhost247_legacy/banners/banner_3.jpg,Administrative/internal,140593
templates/cloudhost247_legacy/banners/banner_4.jpg,Administrative/internal,148336
templates/cloudhost247_legacy/banners/banner_5.jpg,Administrative/internal,173458
templates/cloudhost247_legacy/banners/banner_6.jpg,Administrative/internal,463436
templates/cloudhost247_legacy/banners/c_panel_banner.png,Administrative/internal,236755
templates/cloudhost247_legacy/banners/c_panel_banner.webp,Administrative/internal,41318
templates/cloudhost247_legacy/banners/dedicated.png,Dedicated,282318
templates/cloudhost247_legacy/banners/dedicated.webp,Dedicated,64572
templates/cloudhost247_legacy/banners/default-image.png,Administrative/internal,15922
templates/cloudhost247_legacy/banners/enterprise-servers-cloudhost247.png,Dedicated,220510
templates/cloudhost247_legacy/banners/enterprise-servers-cloudhost247.webp,Dedicated,25870
templates/cloudhost247_legacy/banners/game-servers-cloudhost247.png,Dedicated,204010
templates/cloudhost247_legacy/banners/game-servers-cloudhost247.webp,Dedicated,28350
templates/cloudhost247_legacy/banners/hosting-servers-cloudhost247.png,Hosting,286954
templates/cloudhost247_legacy/banners/hosting-servers-cloudhost247.webp,Hosting,25730
templates/cloudhost247_legacy/banners/index.php,Administrative/internal,46
templates/cloudhost247_legacy/banners/plesk-banner.png,Hosting,269038
templates/cloudhost247_legacy/banners/plesk-banner.webp,Hosting,396539
templates/cloudhost247_legacy/banners/ssl-certificates-banner.png,Administrative/internal,196004
templates/cloudhost247_legacy/banners/ssl-certificates-banner.webp,Administrative/internal,40604
templates/cloudhost247_legacy/banners/vps-private-cloud_banner.png,VPS,185546
templates/cloudhost247_legacy/banners/vps-private-cloud_banner.webp,VPS,38066
templates/cloudhost247_legacy/banners/vps-public-cloud_banner.png,VPS,200795
templates/cloudhost247_legacy/banners/vps-public-cloud_banner.webp,VPS,27742
templates/cloudhost247_legacy/banners/vps_ssd_banner.png,VPS,225322
templates/cloudhost247_legacy/banners/vps_ssd_banner.webp,VPS,45964
templates/cloudhost247_legacy/banners/web-design-new.png,Administrative/internal,69485
templates/cloudhost247_legacy/banners/web-design-new.webp,Administrative/internal,17182
templates/cloudhost247_legacy/banners/web-hosting.webp,Hosting,12792
templates/cloudhost247_legacy/banners/window-hosting.png,Hosting,153131
templates/cloudhost247_legacy/banners/window-hosting.webp,Hosting,23042
templates/cloudhost247_legacy/banners/wordpress-hosting-banner.png,Applications,286187
templates/cloudhost247_legacy/banners/wordpress-hosting-banner.webp,Applications,65916
templates/cloudhost247_legacy/blog.tpl,Marketing,1309
templates/cloudhost247_legacy/bulkdomainmanagement.tpl,Domains,9405
templates/cloudhost247_legacy/caticons/Codeguard.png,Administrative/internal,6651
templates/cloudhost247_legacy/caticons/Soyoustart.png,Administrative/internal,1364
templates/cloudhost247_legacy/caticons/cpanelhosting.png,Hosting,1442
templates/cloudhost247_legacy/caticons/dedicated-server.png,Dedicated,2816
templates/cloudhost247_legacy/caticons/default_icon.jpg,Administrative/internal,6356
templates/cloudhost247_legacy/caticons/diy-icon.png,Administrative/internal,2672
templates/cloudhost247_legacy/caticons/email-security.png,Email,2548
templates/cloudhost247_legacy/caticons/hx_blueicon1.svg,Administrative/internal,2452
templates/cloudhost247_legacy/caticons/hx_blueicon2.svg,Administrative/internal,1769
templates/cloudhost247_legacy/caticons/hx_blueicon3.svg,Administrative/internal,1403
templates/cloudhost247_legacy/caticons/hx_blueicon4.svg,Administrative/internal,2469
templates/cloudhost247_legacy/caticons/hx_blueicon5.svg,Administrative/internal,1611
templates/cloudhost247_legacy/caticons/hx_blueicon6.svg,Administrative/internal,1332
templates/cloudhost247_legacy/caticons/hx_icon1.svg,Administrative/internal,2471
templates/cloudhost247_legacy/caticons/hx_icon2.svg,Administrative/internal,1321
templates/cloudhost247_legacy/caticons/hx_icon3.svg,Administrative/internal,1113
templates/cloudhost247_legacy/caticons/hx_icon4.svg,Administrative/internal,2073
templates/cloudhost247_legacy/caticons/hx_icon5.svg,Administrative/internal,1163
templates/cloudhost247_legacy/caticons/hx_icon6.svg,Administrative/internal,918
templates/cloudhost247_legacy/caticons/index.php,Administrative/internal,45
templates/cloudhost247_legacy/caticons/joomla.png,Administrative/internal,3229
templates/cloudhost247_legacy/caticons/multi-site-group.png,Administrative/internal,779
templates/cloudhost247_legacy/caticons/plesk_hosting.png,Hosting,2891
templates/cloudhost247_legacy/caticons/pleskhosting.png,Hosting,1625
templates/cloudhost247_legacy/caticons/postfix-server.png,Administrative/internal,1248
templates/cloudhost247_legacy/caticons/product-01.png,Administrative/internal,2256
templates/cloudhost247_legacy/caticons/share-server.png,Administrative/internal,2902
templates/cloudhost247_legacy/caticons/share_hosting.png,Hosting,2349
templates/cloudhost247_legacy/caticons/sharedhosting.png,Hosting,2256
templates/cloudhost247_legacy/caticons/sites_build.png,Administrative/internal,3123
templates/cloudhost247_legacy/caticons/ssl_certificate.png,Administrative/internal,2728
templates/cloudhost247_legacy/caticons/vpn.png,Administrative/internal,1515
templates/cloudhost247_legacy/caticons/vps_server.png,VPS,2172
templates/cloudhost247_legacy/caticons/website_builder.png,Administrative/internal,2202
templates/cloudhost247_legacy/caticons/website_hosting.png,Hosting,1961
templates/cloudhost247_legacy/caticons/website_security.png,Administrative/internal,1799
templates/cloudhost247_legacy/caticons/window.png,Administrative/internal,1765
templates/cloudhost247_legacy/caticons/wordpress-hosting.png,Applications,1724
templates/cloudhost247_legacy/clientareaaddcontact.tpl,Client Area,9603
templates/cloudhost247_legacy/clientareaaddfunds.tpl,Client Area,2965
templates/cloudhost247_legacy/clientareacancelrequest.tpl,Client Area,3197
templates/cloudhost247_legacy/clientareachangepw.tpl,Client Area,2242
templates/cloudhost247_legacy/clientareacontacts.tpl,Client Area,11212
templates/cloudhost247_legacy/clientareacreditcard.tpl,Client Area,0
templates/cloudhost247_legacy/clientareadetails.tpl,Client Area,7969
templates/cloudhost247_legacy/clientareadomainaddons.tpl,Client Area,3462
templates/cloudhost247_legacy/clientareadomaincontactinfo.tpl,Client Area,6917
templates/cloudhost247_legacy/clientareadomaindetails.tpl,Client Area,17573
templates/cloudhost247_legacy/clientareadomaindns.tpl,Client Area,4556
templates/cloudhost247_legacy/clientareadomainemailforwarding.tpl,Client Area,1997
templates/cloudhost247_legacy/clientareadomaingetepp.tpl,Client Area,466
templates/cloudhost247_legacy/clientareadomainregisterns.tpl,Authentication,3347
templates/cloudhost247_legacy/clientareadomains.tpl,Client Area,8256
templates/cloudhost247_legacy/clientareaemails.tpl,Client Area,1636
templates/cloudhost247_legacy/clientareahome.tpl,Client Area,14086
templates/cloudhost247_legacy/clientareainvoices.tpl,Checkout,2458
templates/cloudhost247_legacy/clientareaproductdetails.tpl,Client Area,28698
templates/cloudhost247_legacy/clientareaproducts.tpl,Client Area,2472
templates/cloudhost247_legacy/clientareaproductusagebilling.tpl,Client Area,1534
templates/cloudhost247_legacy/clientareaquotes.tpl,Checkout,2712
templates/cloudhost247_legacy/clientareasecurity.tpl,Client Area,1195
templates/cloudhost247_legacy/clientregister.tpl,Authentication,19395
templates/cloudhost247_legacy/cloudhost247_legacy.tpl,Administrative/internal,629
templates/cloudhost247_legacy/cloudhost247_legacy_includes/cookie-offers.tpl,Marketing,7549
templates/cloudhost247_legacy/cloudhost247_legacy_includes/livechatoptions.tpl,Administrative/internal,2444
templates/cloudhost247_legacy/cloudhost247_legacy_includes/login-register-logout-psw-view.tpl,Authentication,1972
templates/cloudhost247_legacy/cloudhost247_legacy_includes/mega-menu-hover-setting.tpl,Administrative/internal,1122
templates/cloudhost247_legacy/cloudhost247_legacy_includes/mobile-menu.tpl,Administrative/internal,2446
templates/cloudhost247_legacy/cloudhost247_legacy_includes/page-css.tpl,Administrative/internal,102
templates/cloudhost247_legacy/cloudhost247_legacy_includes/second-side-menu-helper.tpl,Support,1384
templates/cloudhost247_legacy/cloudhost247_legacy_includes/seo-meta-tags.tpl,Administrative/internal,2125
templates/cloudhost247_legacy/cloudhost247_legacy_includes/seo-trackers.tpl,Administrative/internal,2392
templates/cloudhost247_legacy/cloudhost247_legacy_includes/side-menu-custom.tpl,Administrative/internal,1328
templates/cloudhost247_legacy/cloudhost247_legacy_includes/social-sharing.tpl,Administrative/internal,590
templates/cloudhost247_legacy/cloudhost247_legacy_includes/sticky-header-setting.tpl,Administrative/internal,2500
templates/cloudhost247_legacy/cloudhost247_legacy_includes/top-mega-menu-default.tpl,Administrative/internal,22901
templates/cloudhost247_legacy/cloudhost247_legacy_includes/top-mega-menu-latest.tpl,Administrative/internal,24791
templates/cloudhost247_legacy/cloudhost247_legacy_includes/top-menu-dropdown.tpl,Administrative/internal,17546
templates/cloudhost247_legacy/cloudhost247_legacy_includes/top-menu-header.tpl,Administrative/internal,3015
templates/cloudhost247_legacy/cloudhost247_legacy_includes/top-most-header.tpl,Administrative/internal,15673
templates/cloudhost247_legacy/comingsoon.tpl,Marketing,310
templates/cloudhost247_legacy/configuressl-complete.tpl,Administrative/internal,4836
templates/cloudhost247_legacy/configuressl-stepone.tpl,Administrative/internal,8081
templates/cloudhost247_legacy/configuressl-steptwo.tpl,Administrative/internal,2878
templates/cloudhost247_legacy/contact.tpl,Support,5657
templates/cloudhost247_legacy/contactaccessdenied.tpl,Support,31
templates/cloudhost247_legacy/cookiepolicy.tpl,Legal,6114
templates/cloudhost247_legacy/creditcard.tpl,Administrative/internal,0
templates/cloudhost247_legacy/css/all.css,Administrative/internal,283854
templates/cloudhost247_legacy/css/all.min.css,Administrative/internal,224871
templates/cloudhost247_legacy/css/animate.css,Administrative/internal,57481
templates/cloudhost247_legacy/css/announcementbar.css,Marketing,3602
templates/cloudhost247_legacy/css/blue.png,Administrative/internal,2185
templates/cloudhost247_legacy/css/blue@2x.png,Administrative/internal,4485
templates/cloudhost247_legacy/css/bootstrap.min.css,Administrative/internal,140580
templates/cloudhost247_legacy/css/cookies_library_style_cloudhost247.css,Administrative/internal,4059
templates/cloudhost247_legacy/css/custom-responsive.css,Administrative/internal,203133
templates/cloudhost247_legacy/css/custom.css,Administrative/internal,231117
templates/cloudhost247_legacy/css/font-awesome.css,Administrative/internal,37473
templates/cloudhost247_legacy/css/font-awesome/HELP-US-OUT.txt,Support,323
templates/cloudhost247_legacy/css/font-awesome/css/font-awesome.css,Administrative/internal,37414
templates/cloudhost247_legacy/css/font-awesome/css/font-awesome.min.css,Administrative/internal,31000
templates/cloudhost247_legacy/css/font-awesome/fonts/FontAwesome.otf,Administrative/internal,134808
templates/cloudhost247_legacy/css/font-awesome/fonts/fontawesome-webfont.eot,Administrative/internal,165742
templates/cloudhost247_legacy/css/font-awesome/fonts/fontawesome-webfont.svg,Administrative/internal,444379
templates/cloudhost247_legacy/css/font-awesome/fonts/fontawesome-webfont.ttf,Administrative/internal,165548
templates/cloudhost247_legacy/css/font-awesome/fonts/fontawesome-webfont.woff,Administrative/internal,98024
templates/cloudhost247_legacy/css/font-awesome/fonts/fontawesome-webfont.woff2,Administrative/internal,77160
templates/cloudhost247_legacy/css/font-awesome/less/animated.less,Administrative/internal,713
templates/cloudhost247_legacy/css/font-awesome/less/bordered-pulled.less,Administrative/internal,585
templates/cloudhost247_legacy/css/font-awesome/less/core.less,Administrative/internal,452
templates/cloudhost247_legacy/css/font-awesome/less/fixed-width.less,Administrative/internal,119
templates/cloudhost247_legacy/css/font-awesome/less/font-awesome.less,Administrative/internal,495
templates/cloudhost247_legacy/css/font-awesome/less/icons.less,Administrative/internal,49712
templates/cloudhost247_legacy/css/font-awesome/less/larger.less,Administrative/internal,370
templates/cloudhost247_legacy/css/font-awesome/less/list.less,Administrative/internal,377
templates/cloudhost247_legacy/css/font-awesome/less/mixins.less,Administrative/internal,1603
templates/cloudhost247_legacy/css/font-awesome/less/path.less,Administrative/internal,771
templates/cloudhost247_legacy/css/font-awesome/less/rotated-flipped.less,Administrative/internal,622
templates/cloudhost247_legacy/css/font-awesome/less/screen-reader.less,Administrative/internal,118
templates/cloudhost247_legacy/css/font-awesome/less/stacked.less,Administrative/internal,476
templates/cloudhost247_legacy/css/font-awesome/less/variables.less,Administrative/internal,22563
templates/cloudhost247_legacy/css/font-awesome/scss/_animated.scss,Administrative/internal,715
templates/cloudhost247_legacy/css/font-awesome/scss/_bordered-pulled.scss,Administrative/internal,592
templates/cloudhost247_legacy/css/font-awesome/scss/_core.scss,Administrative/internal,459
templates/cloudhost247_legacy/css/font-awesome/scss/_fixed-width.scss,Administrative/internal,120
templates/cloudhost247_legacy/css/font-awesome/scss/_icons.scss,Administrative/internal,50498
templates/cloudhost247_legacy/css/font-awesome/scss/_larger.scss,Administrative/internal,375
templates/cloudhost247_legacy/css/font-awesome/scss/_list.scss,Administrative/internal,378
templates/cloudhost247_legacy/css/font-awesome/scss/_mixins.scss,Administrative/internal,1637
templates/cloudhost247_legacy/css/font-awesome/scss/_path.scss,Administrative/internal,783
templates/cloudhost247_legacy/css/font-awesome/scss/_rotated-flipped.scss,Administrative/internal,672
templates/cloudhost247_legacy/css/font-awesome/scss/_screen-reader.scss,Administrative/internal,134
templates/cloudhost247_legacy/css/font-awesome/scss/_stacked.scss,Administrative/internal,482
templates/cloudhost247_legacy/css/font-awesome/scss/_variables.scss,Administrative/internal,22644
templates/cloudhost247_legacy/css/font-awesome/scss/font-awesome.scss,Administrative/internal,430
templates/cloudhost247_legacy/css/fw4.7.css,Administrative/internal,30999
templates/cloudhost247_legacy/css/hc-offcanvas-nav.css,Administrative/internal,11338
templates/cloudhost247_legacy/css/index.php,Administrative/internal,45
templates/cloudhost247_legacy/css/invoice.css,Checkout,2756
templates/cloudhost247_legacy/css/ion.rangeSlider.css,Administrative/internal,3520
templates/cloudhost247_legacy/css/layoutfive/custom-color-scheme.css,Administrative/internal,60919
templates/cloudhost247_legacy/css/layoutfour/custom-color-scheme.css,Administrative/internal,49031
templates/cloudhost247_legacy/css/layoutthree/custom-color-scheme.css,Administrative/internal,47597
templates/cloudhost247_legacy/css/layouttwo/custom-color-scheme.css,Administrative/internal,52292
templates/cloudhost247_legacy/css/main-style.css,Administrative/internal,284268
templates/cloudhost247_legacy/css/normalize.css,Administrative/internal,1981
templates/cloudhost247_legacy/css/oauth.css,Authentication,848
templates/cloudhost247_legacy/css/opensans-300-800.css,Administrative/internal,10614
templates/cloudhost247_legacy/css/overrides.css,Administrative/internal,4751
templates/cloudhost247_legacy/css/overrides/index.php,Administrative/internal,45
templates/cloudhost247_legacy/css/overrides/override.css,Administrative/internal,0
templates/cloudhost247_legacy/css/overrides/override.css.new,Administrative/internal,0
templates/cloudhost247_legacy/css/owl.carousel.css,Administrative/internal,4600
templates/cloudhost247_legacy/css/quote.css,Checkout,1933
templates/cloudhost247_legacy/css/responsive.css,Administrative/internal,14400
templates/cloudhost247_legacy/css/slick.css,Administrative/internal,1327
templates/cloudhost247_legacy/css/store.css,Administrative/internal,90337
templates/cloudhost247_legacy/css/style-design.css,Administrative/internal,5173
templates/cloudhost247_legacy/css/style-ovh.css,Administrative/internal,8349
templates/cloudhost247_legacy/css/style-rtl.css,Administrative/internal,35003
templates/cloudhost247_legacy/css/style.css,Administrative/internal,37339
templates/cloudhost247_legacy/css/style_offer_pop_up.css,Administrative/internal,6708
templates/cloudhost247_legacy/css/styles.css,Administrative/internal,80061
templates/cloudhost247_legacy/css/thirdpartymodule.css,Administrative/internal,3687
templates/cloudhost247_legacy/cybercrimepolicy.tpl,Legal,4445
templates/cloudhost247_legacy/datadeletion.tpl,Administrative/internal,7243
templates/cloudhost247_legacy/dataprivacynoticeandconsentform.tpl,Legal,20030
templates/cloudhost247_legacy/dataprotectionstandards.tpl,Administrative/internal,7797
templates/cloudhost247_legacy/domain-pricing.tpl,Domains,7694
templates/cloudhost247_legacy/domain_icons/biz.png,Domains,5465
templates/cloudhost247_legacy/domain_icons/blog.png,Domains,3729
templates/cloudhost247_legacy/domain_icons/br_com.png,Domains,6176
templates/cloudhost247_legacy/domain_icons/ca.png,Domains,2875
templates/cloudhost247_legacy/domain_icons/club.png,Domains,1368
templates/cloudhost247_legacy/domain_icons/co.png,Domains,2110
templates/cloudhost247_legacy/domain_icons/co_bz.png,Domains,1719
templates/cloudhost247_legacy/domain_icons/co_uk.png,Domains,2295
templates/cloudhost247_legacy/domain_icons/com.png,Domains,3195
templates/cloudhost247_legacy/domain_icons/eu.png,Domains,5012
templates/cloudhost247_legacy/domain_icons/expert.png,Domains,3018
templates/cloudhost247_legacy/domain_icons/fr.png,Domains,2983
templates/cloudhost247_legacy/domain_icons/guru.png,Domains,3504
templates/cloudhost247_legacy/domain_icons/in.png,Domains,5136
templates/cloudhost247_legacy/domain_icons/index.php,Domains,45
templates/cloudhost247_legacy/domain_icons/info.png,Domains,4046
templates/cloudhost247_legacy/domain_icons/london.png,Domains,3753
templates/cloudhost247_legacy/domain_icons/me.png,Domains,2745
templates/cloudhost247_legacy/domain_icons/mobi.png,Domains,4587
templates/cloudhost247_legacy/domain_icons/net.png,Domains,5497
templates/cloudhost247_legacy/domain_icons/nyc.png,Domains,3101
templates/cloudhost247_legacy/domain_icons/online.png,Domains,6858
templates/cloudhost247_legacy/domain_icons/org.png,Domains,6090
templates/cloudhost247_legacy/domain_icons/party.png,Domains,6594
templates/cloudhost247_legacy/domain_icons/pro.png,Domains,4346
templates/cloudhost247_legacy/domain_icons/review.png,Domains,5157
templates/cloudhost247_legacy/domain_icons/services.png,Domains,2145
templates/cloudhost247_legacy/domain_icons/shop.png,Domains,2220
templates/cloudhost247_legacy/domain_icons/social.png,Domains,5345
templates/cloudhost247_legacy/domain_icons/tech.png,Domains,3874
templates/cloudhost247_legacy/domain_icons/us.png,Domains,3283
templates/cloudhost247_legacy/domain_icons/web.png,Domains,1667
templates/cloudhost247_legacy/domain_icons/website.png,Domains,4687
templates/cloudhost247_legacy/domain_icons/xyz.png,Domains,4579
templates/cloudhost247_legacy/domainagreement.tpl,Legal,16085
templates/cloudhost247_legacy/domainbrokerageterms.tpl,Legal,3124
templates/cloudhost247_legacy/domainregistrationaddendum.tpl,Legal,8510
templates/cloudhost247_legacy/domainrenewalpolicy.tpl,Legal,5678
templates/cloudhost247_legacy/downloaddenied.tpl,Administrative/internal,1407
templates/cloudhost247_legacy/downloads.tpl,Administrative/internal,2111
templates/cloudhost247_legacy/downloadscat.tpl,Administrative/internal,1982
templates/cloudhost247_legacy/error/index.php,Administrative/internal,45
templates/cloudhost247_legacy/error/internal-error.tpl,Administrative/internal,1592
templates/cloudhost247_legacy/error/page-not-found.tpl,Administrative/internal,764
templates/cloudhost247_legacy/error/unknown-routepath.tpl,Administrative/internal,211
templates/cloudhost247_legacy/fairusagepolicy.tpl,Legal,3876
templates/cloudhost247_legacy/faqs.tpl,Support,10804
templates/cloudhost247_legacy/flags/LICENSE,Administrative/internal,1039
templates/cloudhost247_legacy/flags/README.md,Administrative/internal,5477
templates/cloudhost247_legacy/flags/blank.gif,Administrative/internal,46
templates/cloudhost247_legacy/flags/flags.css,Administrative/internal,14540
templates/cloudhost247_legacy/flags/flags.min.css,Administrative/internal,11357
templates/cloudhost247_legacy/flags/flags.png,Administrative/internal,228277
templates/cloudhost247_legacy/flags/index.php,Administrative/internal,46
templates/cloudhost247_legacy/fonts/FontAwesome.otf,Administrative/internal,134808
templates/cloudhost247_legacy/fonts/fa-brands-400.eot,Administrative/internal,133034
templates/cloudhost247_legacy/fonts/fa-brands-400.svg,Administrative/internal,715890
templates/cloudhost247_legacy/fonts/fa-brands-400.ttf,Administrative/internal,132728
templates/cloudhost247_legacy/fonts/fa-brands-400.woff,Administrative/internal,89824
templates/cloudhost247_legacy/fonts/fa-brands-400.woff2,Administrative/internal,76612
templates/cloudhost247_legacy/fonts/fa-regular-400.eot,Administrative/internal,34390
templates/cloudhost247_legacy/fonts/fa-regular-400.svg,Administrative/internal,144322
templates/cloudhost247_legacy/fonts/fa-regular-400.ttf,Administrative/internal,34092
templates/cloudhost247_legacy/fonts/fa-regular-400.woff,Administrative/internal,16800
templates/cloudhost247_legacy/fonts/fa-regular-400.woff2,Administrative/internal,13584
templates/cloudhost247_legacy/fonts/fa-solid-900.eot,Administrative/internal,202902
templates/cloudhost247_legacy/fonts/fa-solid-900.svg,Administrative/internal,897426
templates/cloudhost247_legacy/fonts/fa-solid-900.ttf,Administrative/internal,202616
templates/cloudhost247_legacy/fonts/fa-solid-900.woff,Administrative/internal,103300
templates/cloudhost247_legacy/fonts/fa-solid-900.woff2,Administrative/internal,79444
templates/cloudhost247_legacy/fonts/fontawesome-webfont.eot,Administrative/internal,165742
templates/cloudhost247_legacy/fonts/fontawesome-webfont.svg,Administrative/internal,444379
templates/cloudhost247_legacy/fonts/fontawesome-webfont.ttf,Administrative/internal,165548
templates/cloudhost247_legacy/fonts/fontawesome-webfont.woff,Administrative/internal,98024
templates/cloudhost247_legacy/fonts/fontawesome-webfont.woff2,Administrative/internal,77160
templates/cloudhost247_legacy/fonts/glyphicons-halflings-regular.eot,Administrative/internal,20127
templates/cloudhost247_legacy/fonts/glyphicons-halflings-regular.svg,Administrative/internal,108738
templates/cloudhost247_legacy/fonts/glyphicons-halflings-regular.ttf,Administrative/internal,45404
templates/cloudhost247_legacy/fonts/glyphicons-halflings-regular.woff,Administrative/internal,23424
templates/cloudhost247_legacy/fonts/glyphicons-halflings-regular.woff2,Administrative/internal,18028
templates/cloudhost247_legacy/fonts/index.php,Administrative/internal,45
templates/cloudhost247_legacy/fonts/samsungsharpsans-bold.otf,Administrative/internal,148384
templates/cloudhost247_legacy/fonts/samsungsharpsans-medium.otf,Administrative/internal,146236
templates/cloudhost247_legacy/fonts/samsungsharpsans.otf,Administrative/internal,145216
templates/cloudhost247_legacy/fonts/slick.eot,Administrative/internal,2048
templates/cloudhost247_legacy/fonts/slick.svg,Administrative/internal,2152
templates/cloudhost247_legacy/fonts/slick.ttf,Administrative/internal,1892
templates/cloudhost247_legacy/fonts/slick.woff,Administrative/internal,1380
templates/cloudhost247_legacy/fonts/suraj.eot,Administrative/internal,7408
templates/cloudhost247_legacy/fonts/suraj.svg,Administrative/internal,5367
templates/cloudhost247_legacy/fonts/suraj.ttf,Administrative/internal,7252
templates/cloudhost247_legacy/fonts/suraj.woff,Administrative/internal,4536
templates/cloudhost247_legacy/fonts/suraj.woff2,Administrative/internal,3800
templates/cloudhost247_legacy/footer.tpl,Administrative/internal,4605
templates/cloudhost247_legacy/forwardpage.tpl,Administrative/internal,560
templates/cloudhost247_legacy/future-element.tpl,Administrative/internal,18437
templates/cloudhost247_legacy/header.tpl,Administrative/internal,4153
templates/cloudhost247_legacy/helpcenter.tpl,Support,14356
templates/cloudhost247_legacy/homepage.tpl,Marketing,170
templates/cloudhost247_legacy/images/24hras.png,Administrative/internal,1779
templates/cloudhost247_legacy/images/30day.png,Administrative/internal,10790
templates/cloudhost247_legacy/images/404_not_found.png,Administrative/internal,27694
templates/cloudhost247_legacy/images/AntiddosShe2.png,Administrative/internal,23220
templates/cloudhost247_legacy/images/EASY.png,Administrative/internal,2795
templates/cloudhost247_legacy/images/Forma-1.png,Administrative/internal,653
templates/cloudhost247_legacy/images/Forma-2.png,Administrative/internal,1622
templates/cloudhost247_legacy/images/Forma-3.png,Administrative/internal,1424
templates/cloudhost247_legacy/images/Forma-4.png,Administrative/internal,807
templates/cloudhost247_legacy/images/Forma-5.png,Administrative/internal,1299
templates/cloudhost247_legacy/images/Forma-6.png,Administrative/internal,1020
templates/cloudhost247_legacy/images/Hero-WordPress_Domain-icon.svg,Domains,1280
templates/cloudhost247_legacy/images/PRIVATe.png,Administrative/internal,3900
templates/cloudhost247_legacy/images/Secure-Environment.png,Administrative/internal,2231
templates/cloudhost247_legacy/images/Shape 8.svg,Administrative/internal,4434
templates/cloudhost247_legacy/images/Shape-img.svg,Administrative/internal,3127
templates/cloudhost247_legacy/images/Snapshot.png,Administrative/internal,1438
templates/cloudhost247_legacy/images/about-metus-left.png,Marketing,285200
templates/cloudhost247_legacy/images/about-usbg.png,Marketing,689657
templates/cloudhost247_legacy/images/abt-banner-inner.png,Administrative/internal,239929
templates/cloudhost247_legacy/images/additional-disk.png,Administrative/internal,1156
templates/cloudhost247_legacy/images/alert-icon.svg,Administrative/internal,2617
templates/cloudhost247_legacy/images/api-feature.svg,Developer,3465
templates/cloudhost247_legacy/images/arro.png,Administrative/internal,1640
templates/cloudhost247_legacy/images/australia.jpg,Administrative/internal,2844
templates/cloudhost247_legacy/images/automated-backup.png,Server Management,1269
templates/cloudhost247_legacy/images/award-wining-supports.png,Support,192967
templates/cloudhost247_legacy/images/b-support-img.png,Support,30432
templates/cloudhost247_legacy/images/back_img_sssl.png,Administrative/internal,28331
templates/cloudhost247_legacy/images/background-img.png,Administrative/internal,6317
templates/cloudhost247_legacy/images/backup-icon.svg,Server Management,846
templates/cloudhost247_legacy/images/backup_space.png,Server Management,1185
templates/cloudhost247_legacy/images/bag_icon.png,Administrative/internal,1286
templates/cloudhost247_legacy/images/banner-logo.png,Administrative/internal,5551
templates/cloudhost247_legacy/images/banner02.jpg,Administrative/internal,243015
templates/cloudhost247_legacy/images/banner03.jpg,Administrative/internal,276100
templates/cloudhost247_legacy/images/banner1-bg.jpg,Administrative/internal,23992
templates/cloudhost247_legacy/images/banner1-bg.png,Administrative/internal,23977
templates/cloudhost247_legacy/images/banner1.jpg,Administrative/internal,200553
templates/cloudhost247_legacy/images/banner2_btn_bg.png,Administrative/internal,2061
templates/cloudhost247_legacy/images/banner3-bg.png,Administrative/internal,36296
templates/cloudhost247_legacy/images/banner_btn_bg.png,Administrative/internal,2006
templates/cloudhost247_legacy/images/banner_icon.png,Administrative/internal,27667
templates/cloudhost247_legacy/images/banner_sitelock_icon.png,Administrative/internal,11350
templates/cloudhost247_legacy/images/banner_spamexpert_icon.png,Administrative/internal,12343
templates/cloudhost247_legacy/images/banner_ssl_icon.png,Administrative/internal,27667
templates/cloudhost247_legacy/images/banner_weebly_icon.png,Administrative/internal,9780
templates/cloudhost247_legacy/images/bck-7-bg.jpg,Administrative/internal,61221
templates/cloudhost247_legacy/images/before-img.svg,Administrative/internal,4434
templates/cloudhost247_legacy/images/bg-1.jpg,Administrative/internal,9912
templates/cloudhost247_legacy/images/bg-2.jpg,Administrative/internal,27026
templates/cloudhost247_legacy/images/bg-2a.jpg,Administrative/internal,77581
templates/cloudhost247_legacy/images/bg-3.jpg,Administrative/internal,12325
templates/cloudhost247_legacy/images/bg-pop-dis.png,Administrative/internal,2433
templates/cloudhost247_legacy/images/blc-5-icon1.png,Administrative/internal,852
templates/cloudhost247_legacy/images/blc-5-icon2.png,Administrative/internal,8536
templates/cloudhost247_legacy/images/blc-5-icon3.png,Administrative/internal,2436
templates/cloudhost247_legacy/images/blc-5-icon4.png,Administrative/internal,2062
templates/cloudhost247_legacy/images/blc-5-icon5.png,Administrative/internal,11393
templates/cloudhost247_legacy/images/blc-5-icon6.png,Administrative/internal,5581
templates/cloudhost247_legacy/images/blc-icon1.png,Administrative/internal,6250
templates/cloudhost247_legacy/images/blc-icon1.svg,Administrative/internal,2332
templates/cloudhost247_legacy/images/blc-icon2.png,Administrative/internal,5786
templates/cloudhost247_legacy/images/blc-icon2.svg,Administrative/internal,939
templates/cloudhost247_legacy/images/blc-icon3.png,Administrative/internal,4704
templates/cloudhost247_legacy/images/blc-icon3.svg,Administrative/internal,959
templates/cloudhost247_legacy/images/blk-icon1.png,Administrative/internal,5316
templates/cloudhost247_legacy/images/blk-icon1.svg,Administrative/internal,2592
templates/cloudhost247_legacy/images/blk-icon2.png,Administrative/internal,3667
templates/cloudhost247_legacy/images/blk-icon2.svg,Administrative/internal,1608
templates/cloudhost247_legacy/images/blk-icon3.png,Administrative/internal,5454
templates/cloudhost247_legacy/images/blk-icon3.svg,Administrative/internal,2983
templates/cloudhost247_legacy/images/blk-icon4.png,Administrative/internal,4036
templates/cloudhost247_legacy/images/blk-icon4.svg,Administrative/internal,1882
templates/cloudhost247_legacy/images/blog_icons.png,Marketing,20425
templates/cloudhost247_legacy/images/bluiding_banner_img.png,Administrative/internal,83437
templates/cloudhost247_legacy/images/bnr-b-icon.svg,Administrative/internal,5321
templates/cloudhost247_legacy/images/bnr-graphic.png,Administrative/internal,61865
templates/cloudhost247_legacy/images/bottom-arro.svg,Administrative/internal,2701
templates/cloudhost247_legacy/images/bottom_mask.svg,Administrative/internal,342
templates/cloudhost247_legacy/images/bulider_icon.png,Administrative/internal,2088
templates/cloudhost247_legacy/images/bullet_bold_icon_ko_grey.svg,Administrative/internal,430
templates/cloudhost247_legacy/images/bullet_bold_icon_ok_green.svg,Administrative/internal,403
templates/cloudhost247_legacy/images/business-banner2.png,Business,73005
templates/cloudhost247_legacy/images/business-bannerone.png,Business,69244
templates/cloudhost247_legacy/images/business-bannertwo.png,Business,77072
templates/cloudhost247_legacy/images/business-right-arrow3.svg,Business,841
templates/cloudhost247_legacy/images/cPanel-hosting.png,Hosting,695
templates/cloudhost247_legacy/images/c_panel_banner.webp,Administrative/internal,41318
templates/cloudhost247_legacy/images/captcha.png,Administrative/internal,5459
templates/cloudhost247_legacy/images/cart-order-home.png,Checkout,4924
templates/cloudhost247_legacy/images/cercle-icon.png,Administrative/internal,3892
templates/cloudhost247_legacy/images/certified-datacenter.svg,Administrative/internal,3822
templates/cloudhost247_legacy/images/chart.png,Administrative/internal,1834
templates/cloudhost247_legacy/images/chart.svg,Administrative/internal,3990
templates/cloudhost247_legacy/images/chcek_price_icon.png,Administrative/internal,657
templates/cloudhost247_legacy/images/check.svg,Administrative/internal,2713
templates/cloudhost247_legacy/images/check1.svg,Administrative/internal,3064
templates/cloudhost247_legacy/images/check_list.png,Administrative/internal,513
templates/cloudhost247_legacy/images/checked.svg,Administrative/internal,523
templates/cloudhost247_legacy/images/choose_icon1.png,Administrative/internal,1201
templates/cloudhost247_legacy/images/choose_icon2.png,Administrative/internal,2506
templates/cloudhost247_legacy/images/choose_icon3.png,Administrative/internal,2404
templates/cloudhost247_legacy/images/choose_icon4.png,Administrative/internal,2594
templates/cloudhost247_legacy/images/circle_deactive.png,Administrative/internal,4280
templates/cloudhost247_legacy/images/click-restore-feature.svg,Administrative/internal,3327
templates/cloudhost247_legacy/images/client-icon.svg,Administrative/internal,2105
templates/cloudhost247_legacy/images/cloase-icon-bg.png,Administrative/internal,796
templates/cloudhost247_legacy/images/clock.png,Administrative/internal,1682
templates/cloudhost247_legacy/images/close.png,Administrative/internal,280
templates/cloudhost247_legacy/images/cloud-iconn.png,Cloud,3089
templates/cloudhost247_legacy/images/cloud.png,Cloud,3608
templates/cloudhost247_legacy/images/cloudhost247-banner-wordmark.svg,Administrative/internal,1416
templates/cloudhost247_legacy/images/cloudhost247-wordmark-white.svg,Administrative/internal,723
templates/cloudhost247_legacy/images/cloudhost247-wordmark.svg,Administrative/internal,723
templates/cloudhost247_legacy/images/codegaurd.jpg,Administrative/internal,12378
templates/cloudhost247_legacy/images/coma-about.png,Marketing,411
templates/cloudhost247_legacy/images/comingsoon.png,Marketing,65127
templates/cloudhost247_legacy/images/completeord.png,Administrative/internal,8214
templates/cloudhost247_legacy/images/contact-us-banner.jpg,Support,26246
templates/cloudhost247_legacy/images/contact.png,Support,681
templates/cloudhost247_legacy/images/control_panel_software.png,Administrative/internal,1315
templates/cloudhost247_legacy/images/cpanel-back.png,Hosting,100433
templates/cloudhost247_legacy/images/cpanel-img.png,Hosting,45271
templates/cloudhost247_legacy/images/cpu.png,Administrative/internal,2786
templates/cloudhost247_legacy/images/crt-icon1.png,Administrative/internal,1478
templates/cloudhost247_legacy/images/crt-icon2.png,Administrative/internal,1401
templates/cloudhost247_legacy/images/crt-icon3.png,Administrative/internal,1338
templates/cloudhost247_legacy/images/crt-icon4.png,Administrative/internal,1246
templates/cloudhost247_legacy/images/crt-icon5.png,Administrative/internal,1296
templates/cloudhost247_legacy/images/crt-icon6.png,Administrative/internal,1547
templates/cloudhost247_legacy/images/crt-icon7.png,Administrative/internal,1599
templates/cloudhost247_legacy/images/csm-icon.png,Administrative/internal,47107
templates/cloudhost247_legacy/images/custom.png,Administrative/internal,3486
templates/cloudhost247_legacy/images/custom_chnages.png,Administrative/internal,623
templates/cloudhost247_legacy/images/d-arow.png,Administrative/internal,1093
templates/cloudhost247_legacy/images/d-block-bg-new.png,Administrative/internal,257958
templates/cloudhost247_legacy/images/d-block-bg.png,Administrative/internal,40123
templates/cloudhost247_legacy/images/d-icon-qty.png,Administrative/internal,1317
templates/cloudhost247_legacy/images/d-icon1.png,Administrative/internal,1138
templates/cloudhost247_legacy/images/d-icon2.png,Administrative/internal,1196
templates/cloudhost247_legacy/images/d-icon3.png,Administrative/internal,1260
templates/cloudhost247_legacy/images/d-icon4.png,Administrative/internal,1138
templates/cloudhost247_legacy/images/d-icon5.png,Administrative/internal,1265
templates/cloudhost247_legacy/images/daily-backups-feature.svg,Server Management,5194
templates/cloudhost247_legacy/images/ddos-icon.png,Administrative/internal,2617
templates/cloudhost247_legacy/images/ddos-icon.svg,Administrative/internal,3278
templates/cloudhost247_legacy/images/dedicated.webp,Dedicated,64572
templates/cloudhost247_legacy/images/developer_friendly-img.png,Developer,324218
templates/cloudhost247_legacy/images/developer_friendly.png,Developer,624
templates/cloudhost247_legacy/images/developer_friendly_back.png,Developer,518293
templates/cloudhost247_legacy/images/disk.svg,Administrative/internal,3285
templates/cloudhost247_legacy/images/doller.png,Administrative/internal,1843
templates/cloudhost247_legacy/images/domain-1-img.png,Domains,2763
templates/cloudhost247_legacy/images/domain-2-img.png,Domains,2087
templates/cloudhost247_legacy/images/domain-3-img.png,Domains,2004
templates/cloudhost247_legacy/images/domain-4-img.png,Domains,2407
templates/cloudhost247_legacy/images/domain-co.png,Domains,2087
templates/cloudhost247_legacy/images/domain-com.png,Domains,2763
templates/cloudhost247_legacy/images/domain-in.png,Domains,4006
templates/cloudhost247_legacy/images/domain-info.png,Domains,2407
templates/cloudhost247_legacy/images/domain-logo1.png,Domains,4006
templates/cloudhost247_legacy/images/domain-logo2.png,Domains,3088
templates/cloudhost247_legacy/images/domain-logo3.png,Domains,3852
templates/cloudhost247_legacy/images/domain-logo4.png,Domains,4777
templates/cloudhost247_legacy/images/domain-net.png,Domains,2004
templates/cloudhost247_legacy/images/domain-org.png,Domains,3954
templates/cloudhost247_legacy/images/domain-xyz.png,Domains,3852
templates/cloudhost247_legacy/images/ecommerce-iocns.png,Administrative/internal,20718
templates/cloudhost247_legacy/images/ecommerce_features_icon_analysis.svg,Administrative/internal,1273
templates/cloudhost247_legacy/images/ecommerce_features_icon_drag-and-drop.svg,Administrative/internal,2355
templates/cloudhost247_legacy/images/ecommerce_features_icon_google.svg,Administrative/internal,320
templates/cloudhost247_legacy/images/ecommerce_features_icon_shipping.svg,Administrative/internal,1294
templates/cloudhost247_legacy/images/ecommerce_features_icon_stock.svg,Administrative/internal,1065
templates/cloudhost247_legacy/images/ecommerce_features_icon_template-1.svg,Administrative/internal,1987
templates/cloudhost247_legacy/images/email-feature.svg,Email,5791
templates/cloudhost247_legacy/images/email-security_banner.png,Email,23125
templates/cloudhost247_legacy/images/email-security_bg.jpg,Email,83652
templates/cloudhost247_legacy/images/email_icon.png,Email,3064
templates/cloudhost247_legacy/images/enterprise_server.png,Administrative/internal,656
templates/cloudhost247_legacy/images/enterprise_servers_back.png,Administrative/internal,33536
templates/cloudhost247_legacy/images/europe.jpg,Administrative/internal,2389
templates/cloudhost247_legacy/images/extra-b-icon.svg,Administrative/internal,2786
templates/cloudhost247_legacy/images/faq-b-icon.svg,Support,1590
templates/cloudhost247_legacy/images/favicon.ico,Administrative/internal,1150
templates/cloudhost247_legacy/images/feature-b-icon.svg,Administrative/internal,6746
templates/cloudhost247_legacy/images/fgr-icon1.png,Administrative/internal,3817
templates/cloudhost247_legacy/images/fgr-icon1.svg,Administrative/internal,793
templates/cloudhost247_legacy/images/fgr-icon2.png,Administrative/internal,6185
templates/cloudhost247_legacy/images/fgr-icon2.svg,Administrative/internal,939
templates/cloudhost247_legacy/images/fgr-icon3.png,Administrative/internal,6547
templates/cloudhost247_legacy/images/fgr-icon3.svg,Administrative/internal,2983
templates/cloudhost247_legacy/images/fgr-icon4.png,Administrative/internal,5086
templates/cloudhost247_legacy/images/fgr-icon4.svg,Administrative/internal,1419
templates/cloudhost247_legacy/images/fgr-icon5.png,Administrative/internal,23219
templates/cloudhost247_legacy/images/fgr-icon5.svg,Administrative/internal,1213
templates/cloudhost247_legacy/images/fgr-icon6.png,Administrative/internal,8215
templates/cloudhost247_legacy/images/fgr-icon6.svg,Administrative/internal,1446
templates/cloudhost247_legacy/images/fgr-icon7.png,Administrative/internal,13189
templates/cloudhost247_legacy/images/fgr-icon7.svg,Administrative/internal,1145
templates/cloudhost247_legacy/images/fgr-icon8.png,Administrative/internal,2173
templates/cloudhost247_legacy/images/fgr-icon8.svg,Administrative/internal,1484
templates/cloudhost247_legacy/images/file-monitoring-feature.svg,Server Management,14700
templates/cloudhost247_legacy/images/flag1.png,Administrative/internal,1483
templates/cloudhost247_legacy/images/flag_icon.png,Administrative/internal,2216
templates/cloudhost247_legacy/images/flags/ad.png,Administrative/internal,643
templates/cloudhost247_legacy/images/flags/ae.png,Administrative/internal,408
templates/cloudhost247_legacy/images/flags/af.png,Administrative/internal,604
templates/cloudhost247_legacy/images/flags/ag.png,Administrative/internal,591
templates/cloudhost247_legacy/images/flags/ai.png,Administrative/internal,643
templates/cloudhost247_legacy/images/flags/al.png,Administrative/internal,600
templates/cloudhost247_legacy/images/flags/am.png,Administrative/internal,497
templates/cloudhost247_legacy/images/flags/an.png,Administrative/internal,488
templates/cloudhost247_legacy/images/flags/ao.png,Administrative/internal,428
templates/cloudhost247_legacy/images/flags/ar.png,Administrative/internal,506
templates/cloudhost247_legacy/images/flags/as.png,Administrative/internal,647
templates/cloudhost247_legacy/images/flags/at.png,Administrative/internal,403
templates/cloudhost247_legacy/images/flags/au.png,Administrative/internal,673
templates/cloudhost247_legacy/images/flags/aw.png,Administrative/internal,524
templates/cloudhost247_legacy/images/flags/ax.png,Administrative/internal,663
templates/cloudhost247_legacy/images/flags/az.png,Administrative/internal,589
templates/cloudhost247_legacy/images/flags/ba.png,Administrative/internal,593
templates/cloudhost247_legacy/images/flags/bb.png,Administrative/internal,585
templates/cloudhost247_legacy/images/flags/bd.png,Administrative/internal,504
templates/cloudhost247_legacy/images/flags/be.png,Administrative/internal,449
templates/cloudhost247_legacy/images/flags/bf.png,Administrative/internal,497
templates/cloudhost247_legacy/images/flags/bg.png,Administrative/internal,462
templates/cloudhost247_legacy/images/flags/bh.png,Administrative/internal,457
templates/cloudhost247_legacy/images/flags/bi.png,Administrative/internal,675
templates/cloudhost247_legacy/images/flags/bj.png,Administrative/internal,486
templates/cloudhost247_legacy/images/flags/bm.png,Administrative/internal,611
templates/cloudhost247_legacy/images/flags/bn.png,Administrative/internal,639
templates/cloudhost247_legacy/images/flags/bo.png,Administrative/internal,500
templates/cloudhost247_legacy/images/flags/br.png,Administrative/internal,593
templates/cloudhost247_legacy/images/flags/bs.png,Administrative/internal,526
templates/cloudhost247_legacy/images/flags/bt.png,Administrative/internal,631
templates/cloudhost247_legacy/images/flags/bv.png,Administrative/internal,512
templates/cloudhost247_legacy/images/flags/bw.png,Administrative/internal,443
templates/cloudhost247_legacy/images/flags/by.png,Administrative/internal,514
templates/cloudhost247_legacy/images/flags/bz.png,Administrative/internal,600
templates/cloudhost247_legacy/images/flags/ca.png,Administrative/internal,628
templates/cloudhost247_legacy/images/flags/catalonia.png,Administrative/internal,398
templates/cloudhost247_legacy/images/flags/cc.png,Administrative/internal,625
templates/cloudhost247_legacy/images/flags/cd.png,Administrative/internal,528
templates/cloudhost247_legacy/images/flags/cf.png,Administrative/internal,614
templates/cloudhost247_legacy/images/flags/cg.png,Administrative/internal,521
templates/cloudhost247_legacy/images/flags/ch.png,Administrative/internal,367
templates/cloudhost247_legacy/images/flags/check.svg,Administrative/internal,2713
templates/cloudhost247_legacy/images/flags/ci.png,Administrative/internal,453
templates/cloudhost247_legacy/images/flags/ck.png,Administrative/internal,586
templates/cloudhost247_legacy/images/flags/cl.png,Administrative/internal,450
templates/cloudhost247_legacy/images/flags/cm.png,Administrative/internal,525
templates/cloudhost247_legacy/images/flags/cn.png,Administrative/internal,472
templates/cloudhost247_legacy/images/flags/co.png,Administrative/internal,483
templates/cloudhost247_legacy/images/flags/cr.png,Administrative/internal,477
templates/cloudhost247_legacy/images/flags/cs.png,Administrative/internal,439
templates/cloudhost247_legacy/images/flags/cu.png,Administrative/internal,563
templates/cloudhost247_legacy/images/flags/cv.png,Administrative/internal,529
templates/cloudhost247_legacy/images/flags/cx.png,Administrative/internal,608
templates/cloudhost247_legacy/images/flags/cy.png,Administrative/internal,428
templates/cloudhost247_legacy/images/flags/cz.png,Administrative/internal,476
templates/cloudhost247_legacy/images/flags/de.png,Administrative/internal,545
templates/cloudhost247_legacy/images/flags/dj.png,Administrative/internal,572
templates/cloudhost247_legacy/images/flags/dk.png,Administrative/internal,495
templates/cloudhost247_legacy/images/flags/dm.png,Administrative/internal,620
templates/cloudhost247_legacy/images/flags/do.png,Administrative/internal,508
templates/cloudhost247_legacy/images/flags/dz.png,Administrative/internal,582
templates/cloudhost247_legacy/images/flags/ec.png,Administrative/internal,500
templates/cloudhost247_legacy/images/flags/ee.png,Administrative/internal,429
templates/cloudhost247_legacy/images/flags/eg.png,Administrative/internal,465
templates/cloudhost247_legacy/images/flags/eh.png,Administrative/internal,508
templates/cloudhost247_legacy/images/flags/england.png,Administrative/internal,496
templates/cloudhost247_legacy/images/flags/er.png,Administrative/internal,653
templates/cloudhost247_legacy/images/flags/es.png,Administrative/internal,469
templates/cloudhost247_legacy/images/flags/et.png,Administrative/internal,592
templates/cloudhost247_legacy/images/flags/europeanunion.png,Administrative/internal,479
templates/cloudhost247_legacy/images/flags/fam.png,Administrative/internal,532
templates/cloudhost247_legacy/images/flags/fi.png,Administrative/internal,489
templates/cloudhost247_legacy/images/flags/fj.png,Administrative/internal,610
templates/cloudhost247_legacy/images/flags/fk.png,Administrative/internal,648
templates/cloudhost247_legacy/images/flags/fm.png,Administrative/internal,552
templates/cloudhost247_legacy/images/flags/fo.png,Administrative/internal,474
templates/cloudhost247_legacy/images/flags/fr.png,Administrative/internal,545
templates/cloudhost247_legacy/images/flags/ga.png,Administrative/internal,489
templates/cloudhost247_legacy/images/flags/gb.png,Administrative/internal,599
templates/cloudhost247_legacy/images/flags/gd.png,Administrative/internal,637
templates/cloudhost247_legacy/images/flags/ge.png,Administrative/internal,594
templates/cloudhost247_legacy/images/flags/gf.png,Administrative/internal,545
templates/cloudhost247_legacy/images/flags/gh.png,Administrative/internal,490
templates/cloudhost247_legacy/images/flags/gi.png,Administrative/internal,463
templates/cloudhost247_legacy/images/flags/gl.png,Administrative/internal,470
templates/cloudhost247_legacy/images/flags/gm.png,Administrative/internal,493
templates/cloudhost247_legacy/images/flags/gn.png,Administrative/internal,480
templates/cloudhost247_legacy/images/flags/gp.png,Administrative/internal,488
templates/cloudhost247_legacy/images/flags/gq.png,Administrative/internal,537
templates/cloudhost247_legacy/images/flags/gr.png,Administrative/internal,487
templates/cloudhost247_legacy/images/flags/gs.png,Administrative/internal,630
templates/cloudhost247_legacy/images/flags/gt.png,Administrative/internal,493
templates/cloudhost247_legacy/images/flags/gu.png,Administrative/internal,509
templates/cloudhost247_legacy/images/flags/gw.png,Administrative/internal,516
templates/cloudhost247_legacy/images/flags/gy.png,Administrative/internal,645
templates/cloudhost247_legacy/images/flags/hk.png,Administrative/internal,527
templates/cloudhost247_legacy/images/flags/hm.png,Administrative/internal,673
templates/cloudhost247_legacy/images/flags/hn.png,Administrative/internal,537
templates/cloudhost247_legacy/images/flags/hr.png,Administrative/internal,524
templates/cloudhost247_legacy/images/flags/ht.png,Administrative/internal,487
templates/cloudhost247_legacy/images/flags/hu.png,Administrative/internal,432
templates/cloudhost247_legacy/images/flags/id.png,Administrative/internal,430
templates/cloudhost247_legacy/images/flags/ie.png,Administrative/internal,481
templates/cloudhost247_legacy/images/flags/il.png,Administrative/internal,431
templates/cloudhost247_legacy/images/flags/in.png,Administrative/internal,503
templates/cloudhost247_legacy/images/flags/io.png,Administrative/internal,658
templates/cloudhost247_legacy/images/flags/iq.png,Administrative/internal,515
templates/cloudhost247_legacy/images/flags/ir.png,Administrative/internal,512
templates/cloudhost247_legacy/images/flags/is.png,Administrative/internal,532
templates/cloudhost247_legacy/images/flags/it.png,Administrative/internal,420
templates/cloudhost247_legacy/images/flags/jm.png,Administrative/internal,637
templates/cloudhost247_legacy/images/flags/jo.png,Administrative/internal,473
templates/cloudhost247_legacy/images/flags/jp.png,Administrative/internal,420
templates/cloudhost247_legacy/images/flags/ke.png,Administrative/internal,569
templates/cloudhost247_legacy/images/flags/kg.png,Administrative/internal,510
templates/cloudhost247_legacy/images/flags/kh.png,Administrative/internal,549
templates/cloudhost247_legacy/images/flags/ki.png,Administrative/internal,656
templates/cloudhost247_legacy/images/flags/km.png,Administrative/internal,577
templates/cloudhost247_legacy/images/flags/kn.png,Administrative/internal,604
templates/cloudhost247_legacy/images/flags/kp.png,Administrative/internal,561
templates/cloudhost247_legacy/images/flags/kr.png,Administrative/internal,592
templates/cloudhost247_legacy/images/flags/kw.png,Administrative/internal,486
templates/cloudhost247_legacy/images/flags/ky.png,Administrative/internal,643
templates/cloudhost247_legacy/images/flags/kz.png,Administrative/internal,616
templates/cloudhost247_legacy/images/flags/la.png,Administrative/internal,563
templates/cloudhost247_legacy/images/flags/lb.png,Administrative/internal,517
templates/cloudhost247_legacy/images/flags/lc.png,Administrative/internal,520
templates/cloudhost247_legacy/images/flags/li.png,Administrative/internal,537
templates/cloudhost247_legacy/images/flags/lk.png,Administrative/internal,627
templates/cloudhost247_legacy/images/flags/lr.png,Administrative/internal,466
templates/cloudhost247_legacy/images/flags/ls.png,Administrative/internal,628
templates/cloudhost247_legacy/images/flags/lt.png,Administrative/internal,508
templates/cloudhost247_legacy/images/flags/lu.png,Administrative/internal,481
templates/cloudhost247_legacy/images/flags/lv.png,Administrative/internal,465
templates/cloudhost247_legacy/images/flags/ly.png,Administrative/internal,419
templates/cloudhost247_legacy/images/flags/ma.png,Administrative/internal,432
templates/cloudhost247_legacy/images/flags/mc.png,Administrative/internal,380
templates/cloudhost247_legacy/images/flags/md.png,Administrative/internal,566
templates/cloudhost247_legacy/images/flags/me.png,Administrative/internal,448
templates/cloudhost247_legacy/images/flags/mg.png,Administrative/internal,453
templates/cloudhost247_legacy/images/flags/mh.png,Administrative/internal,628
templates/cloudhost247_legacy/images/flags/mk.png,Administrative/internal,664
templates/cloudhost247_legacy/images/flags/ml.png,Administrative/internal,474
templates/cloudhost247_legacy/images/flags/mm.png,Administrative/internal,483
templates/cloudhost247_legacy/images/flags/mn.png,Administrative/internal,492
templates/cloudhost247_legacy/images/flags/mo.png,Administrative/internal,588
templates/cloudhost247_legacy/images/flags/mp.png,Administrative/internal,597
templates/cloudhost247_legacy/images/flags/mq.png,Administrative/internal,655
templates/cloudhost247_legacy/images/flags/mr.png,Administrative/internal,569
templates/cloudhost247_legacy/images/flags/ms.png,Administrative/internal,614
templates/cloudhost247_legacy/images/flags/mt.png,Administrative/internal,420
templates/cloudhost247_legacy/images/flags/mu.png,Administrative/internal,496
templates/cloudhost247_legacy/images/flags/mv.png,Administrative/internal,542
templates/cloudhost247_legacy/images/flags/mw.png,Administrative/internal,529
templates/cloudhost247_legacy/images/flags/mx.png,Administrative/internal,574
templates/cloudhost247_legacy/images/flags/my.png,Administrative/internal,571
templates/cloudhost247_legacy/images/flags/mz.png,Administrative/internal,584
templates/cloudhost247_legacy/images/flags/na.png,Administrative/internal,647
templates/cloudhost247_legacy/images/flags/nc.png,Administrative/internal,591
templates/cloudhost247_legacy/images/flags/ne.png,Administrative/internal,537
templates/cloudhost247_legacy/images/flags/nf.png,Administrative/internal,602
templates/cloudhost247_legacy/images/flags/ng.png,Administrative/internal,482
templates/cloudhost247_legacy/images/flags/ni.png,Administrative/internal,508
templates/cloudhost247_legacy/images/flags/nl.png,Administrative/internal,453
templates/cloudhost247_legacy/images/flags/no.png,Administrative/internal,512
templates/cloudhost247_legacy/images/flags/np.png,Administrative/internal,443
templates/cloudhost247_legacy/images/flags/nr.png,Administrative/internal,527
templates/cloudhost247_legacy/images/flags/nu.png,Administrative/internal,572
templates/cloudhost247_legacy/images/flags/nz.png,Administrative/internal,639
templates/cloudhost247_legacy/images/flags/om.png,Administrative/internal,478
templates/cloudhost247_legacy/images/flags/pa.png,Administrative/internal,519
templates/cloudhost247_legacy/images/flags/pe.png,Administrative/internal,397
templates/cloudhost247_legacy/images/flags/pf.png,Administrative/internal,498
templates/cloudhost247_legacy/images/flags/pg.png,Administrative/internal,593
templates/cloudhost247_legacy/images/flags/ph.png,Administrative/internal,538
templates/cloudhost247_legacy/images/flags/pk.png,Administrative/internal,569
templates/cloudhost247_legacy/images/flags/pl.png,Administrative/internal,374
templates/cloudhost247_legacy/images/flags/pm.png,Administrative/internal,689
templates/cloudhost247_legacy/images/flags/pn.png,Administrative/internal,657
templates/cloudhost247_legacy/images/flags/pr.png,Administrative/internal,556
templates/cloudhost247_legacy/images/flags/ps.png,Administrative/internal,472
templates/cloudhost247_legacy/images/flags/pt.png,Administrative/internal,554
templates/cloudhost247_legacy/images/flags/pw.png,Administrative/internal,550
templates/cloudhost247_legacy/images/flags/py.png,Administrative/internal,473
templates/cloudhost247_legacy/images/flags/qa.png,Administrative/internal,450
templates/cloudhost247_legacy/images/flags/re.png,Administrative/internal,545
templates/cloudhost247_legacy/images/flags/ro.png,Administrative/internal,495
templates/cloudhost247_legacy/images/flags/rs.png,Administrative/internal,423
templates/cloudhost247_legacy/images/flags/ru.png,Administrative/internal,420
templates/cloudhost247_legacy/images/flags/rw.png,Administrative/internal,533
templates/cloudhost247_legacy/images/flags/sa.png,Administrative/internal,551
templates/cloudhost247_legacy/images/flags/sb.png,Administrative/internal,624
templates/cloudhost247_legacy/images/flags/sc.png,Administrative/internal,608
templates/cloudhost247_legacy/images/flags/scotland.png,Administrative/internal,649
templates/cloudhost247_legacy/images/flags/sd.png,Administrative/internal,492
templates/cloudhost247_legacy/images/flags/se.png,Administrative/internal,542
templates/cloudhost247_legacy/images/flags/sg.png,Administrative/internal,468
templates/cloudhost247_legacy/images/flags/sh.png,Administrative/internal,645
templates/cloudhost247_legacy/images/flags/si.png,Administrative/internal,510
templates/cloudhost247_legacy/images/flags/sj.png,Administrative/internal,512
templates/cloudhost247_legacy/images/flags/sk.png,Administrative/internal,562
templates/cloudhost247_legacy/images/flags/sl.png,Administrative/internal,436
templates/cloudhost247_legacy/images/flags/sm.png,Administrative/internal,502
templates/cloudhost247_legacy/images/flags/sn.png,Administrative/internal,532
templates/cloudhost247_legacy/images/flags/so.png,Administrative/internal,527
templates/cloudhost247_legacy/images/flags/sr.png,Administrative/internal,513
templates/cloudhost247_legacy/images/flags/st.png,Administrative/internal,584
templates/cloudhost247_legacy/images/flags/sv.png,Administrative/internal,501
templates/cloudhost247_legacy/images/flags/sy.png,Administrative/internal,422
templates/cloudhost247_legacy/images/flags/sz.png,Administrative/internal,643
templates/cloudhost247_legacy/images/flags/tc.png,Administrative/internal,624
templates/cloudhost247_legacy/images/flags/td.png,Administrative/internal,570
templates/cloudhost247_legacy/images/flags/tf.png,Administrative/internal,527
templates/cloudhost247_legacy/images/flags/tg.png,Administrative/internal,562
templates/cloudhost247_legacy/images/flags/th.png,Administrative/internal,452
templates/cloudhost247_legacy/images/flags/tj.png,Administrative/internal,496
templates/cloudhost247_legacy/images/flags/tk.png,Administrative/internal,638
templates/cloudhost247_legacy/images/flags/tl.png,Administrative/internal,514
templates/cloudhost247_legacy/images/flags/tm.png,Administrative/internal,593
templates/cloudhost247_legacy/images/flags/tn.png,Administrative/internal,495
templates/cloudhost247_legacy/images/flags/to.png,Administrative/internal,426
templates/cloudhost247_legacy/images/flags/tr.png,Administrative/internal,492
templates/cloudhost247_legacy/images/flags/tt.png,Administrative/internal,617
templates/cloudhost247_legacy/images/flags/tv.png,Administrative/internal,536
templates/cloudhost247_legacy/images/flags/tw.png,Administrative/internal,465
templates/cloudhost247_legacy/images/flags/tz.png,Administrative/internal,642
templates/cloudhost247_legacy/images/flags/ua.png,Administrative/internal,446
templates/cloudhost247_legacy/images/flags/ug.png,Administrative/internal,531
templates/cloudhost247_legacy/images/flags/um.png,Administrative/internal,571
templates/cloudhost247_legacy/images/flags/us.png,Administrative/internal,609
templates/cloudhost247_legacy/images/flags/uy.png,Administrative/internal,532
templates/cloudhost247_legacy/images/flags/uz.png,Administrative/internal,515
templates/cloudhost247_legacy/images/flags/va.png,Administrative/internal,553
templates/cloudhost247_legacy/images/flags/vc.png,Administrative/internal,577
templates/cloudhost247_legacy/images/flags/ve.png,Administrative/internal,528
templates/cloudhost247_legacy/images/flags/vg.png,Administrative/internal,630
templates/cloudhost247_legacy/images/flags/vi.png,Administrative/internal,616
templates/cloudhost247_legacy/images/flags/vn.png,Administrative/internal,474
templates/cloudhost247_legacy/images/flags/vu.png,Administrative/internal,604
templates/cloudhost247_legacy/images/flags/wales.png,Administrative/internal,652
templates/cloudhost247_legacy/images/flags/wf.png,Administrative/internal,554
templates/cloudhost247_legacy/images/flags/ws.png,Administrative/internal,476
templates/cloudhost247_legacy/images/flags/ye.png,Administrative/internal,413
templates/cloudhost247_legacy/images/flags/yt.png,Administrative/internal,593
templates/cloudhost247_legacy/images/flags/za.png,Administrative/internal,642
templates/cloudhost247_legacy/images/flags/zm.png,Administrative/internal,500
templates/cloudhost247_legacy/images/flags/zw.png,Administrative/internal,574
templates/cloudhost247_legacy/images/for-logo.png,Administrative/internal,151341
templates/cloudhost247_legacy/images/form-c.png,Administrative/internal,1088
templates/cloudhost247_legacy/images/form-d.png,Administrative/internal,1302
templates/cloudhost247_legacy/images/form-global.png,Administrative/internal,1270
templates/cloudhost247_legacy/images/form_icon.png,Administrative/internal,20353
templates/cloudhost247_legacy/images/game_back.png,Administrative/internal,22234
templates/cloudhost247_legacy/images/great-services-peoples-1.png,Administrative/internal,18255
templates/cloudhost247_legacy/images/great-services-peoples-2.png,Administrative/internal,13260
templates/cloudhost247_legacy/images/great-services-peoples-3.png,Administrative/internal,20772
templates/cloudhost247_legacy/images/great-services-peoples-4.png,Administrative/internal,19368
templates/cloudhost247_legacy/images/great-services-peoples-5.png,Administrative/internal,14563
templates/cloudhost247_legacy/images/great-services-peoples-6.png,Administrative/internal,16124
templates/cloudhost247_legacy/images/great-services-peoples-7.png,Administrative/internal,17445
templates/cloudhost247_legacy/images/great-services-peoples-8.png,Administrative/internal,16097
templates/cloudhost247_legacy/images/group-icon.png,Administrative/internal,1527
templates/cloudhost247_legacy/images/has_no_block.png,Administrative/internal,3779
templates/cloudhost247_legacy/images/heading-bg.png,Administrative/internal,2839
templates/cloudhost247_legacy/images/host-logo.png,Administrative/internal,7939
templates/cloudhost247_legacy/images/hosting_bg.jpg,Hosting,24449
templates/cloudhost247_legacy/images/hosting_icon.png,Hosting,2095
templates/cloudhost247_legacy/images/hosting_server.png,Hosting,664
templates/cloudhost247_legacy/images/hosting_server_back.png,Hosting,74249
templates/cloudhost247_legacy/images/hosting_server_back1.png,Hosting,95417
templates/cloudhost247_legacy/images/hot_bar.png,Administrative/internal,1685
templates/cloudhost247_legacy/images/hot_bar_left.png,Administrative/internal,1677
templates/cloudhost247_legacy/images/hot_bar_left_rtl.png,Administrative/internal,1686
templates/cloudhost247_legacy/images/hs-shape.png,Administrative/internal,2031
templates/cloudhost247_legacy/images/http-domain-ssl.png,Domains,22932
templates/cloudhost247_legacy/images/hx-business-icon1.svg,Business,3628
templates/cloudhost247_legacy/images/hx-business-icon2.svg,Business,1920
templates/cloudhost247_legacy/images/hx-business-icon3.svg,Business,1981
templates/cloudhost247_legacy/images/hx-circleimg.png,Administrative/internal,92698
templates/cloudhost247_legacy/images/hx-icon1.svg,Administrative/internal,2288
templates/cloudhost247_legacy/images/hx-icon2.svg,Administrative/internal,2004
templates/cloudhost247_legacy/images/hx-icon3.svg,Administrative/internal,1755
templates/cloudhost247_legacy/images/hx-icon4.svg,Administrative/internal,3458
templates/cloudhost247_legacy/images/hx-icon5.svg,Administrative/internal,1369
templates/cloudhost247_legacy/images/hx-icon6.svg,Administrative/internal,1329
templates/cloudhost247_legacy/images/hx-img1.png,Administrative/internal,2087
templates/cloudhost247_legacy/images/hx-img1.svg,Administrative/internal,3630
templates/cloudhost247_legacy/images/hx-img2.png,Administrative/internal,1171
templates/cloudhost247_legacy/images/hx-img2.svg,Administrative/internal,1868
templates/cloudhost247_legacy/images/hx-img3.png,Administrative/internal,1590
templates/cloudhost247_legacy/images/hx-img3.svg,Administrative/internal,1950
templates/cloudhost247_legacy/images/hx-img4.png,Administrative/internal,928
templates/cloudhost247_legacy/images/hx-img4.svg,Administrative/internal,1344
templates/cloudhost247_legacy/images/hx-mail.svg,Email,1556
templates/cloudhost247_legacy/images/hx-right-arrow.svg,Administrative/internal,357
templates/cloudhost247_legacy/images/hx-right-img.png,Administrative/internal,550334
templates/cloudhost247_legacy/images/hx-right-img.webp,Administrative/internal,51708
templates/cloudhost247_legacy/images/hx-shape.png,Administrative/internal,1951
templates/cloudhost247_legacy/images/hx-svg4.svg,Administrative/internal,1823
templates/cloudhost247_legacy/images/hx_attchment.svg,Administrative/internal,2508
templates/cloudhost247_legacy/images/hx_db.svg,Administrative/internal,1734
templates/cloudhost247_legacy/images/hx_hand.svg,Administrative/internal,2346
templates/cloudhost247_legacy/images/hx_headphone.svg,Administrative/internal,1777
templates/cloudhost247_legacy/images/hx_shape.png,Administrative/internal,1582
templates/cloudhost247_legacy/images/icloudlogo.png,Cloud,1260
templates/cloudhost247_legacy/images/icon-01.png,Administrative/internal,16124
templates/cloudhost247_legacy/images/icon-01.svg,Administrative/internal,3286
templates/cloudhost247_legacy/images/icon-02.png,Administrative/internal,12834
templates/cloudhost247_legacy/images/icon-02.svg,Administrative/internal,3069
templates/cloudhost247_legacy/images/icon-03.png,Administrative/internal,12638
templates/cloudhost247_legacy/images/icon-03.svg,Administrative/internal,3170
templates/cloudhost247_legacy/images/icon-a1.png,Administrative/internal,3564
templates/cloudhost247_legacy/images/icon-a1.svg,Administrative/internal,1046
templates/cloudhost247_legacy/images/icon-a2.png,Administrative/internal,2463
templates/cloudhost247_legacy/images/icon-a2.svg,Administrative/internal,1319
templates/cloudhost247_legacy/images/icon-a3.png,Administrative/internal,2578
templates/cloudhost247_legacy/images/icon-a3.svg,Administrative/internal,714
templates/cloudhost247_legacy/images/icon-a4.png,Administrative/internal,3057
templates/cloudhost247_legacy/images/icon-a4.svg,Administrative/internal,1502
templates/cloudhost247_legacy/images/icon-a5.png,Administrative/internal,3264
templates/cloudhost247_legacy/images/icon-a5.svg,Administrative/internal,1105
templates/cloudhost247_legacy/images/icon-a6.png,Administrative/internal,2478
templates/cloudhost247_legacy/images/icon-a6.svg,Administrative/internal,473
templates/cloudhost247_legacy/images/icon-b1.png,Administrative/internal,3168
templates/cloudhost247_legacy/images/icon001.svg,Administrative/internal,4339
templates/cloudhost247_legacy/images/icon002.svg,Administrative/internal,1599
templates/cloudhost247_legacy/images/icon003.svg,Administrative/internal,817
templates/cloudhost247_legacy/images/icon004.svg,Administrative/internal,3176
templates/cloudhost247_legacy/images/icon005.svg,Administrative/internal,3132
templates/cloudhost247_legacy/images/icon006.svg,Administrative/internal,1944
templates/cloudhost247_legacy/images/icon007.svg,Administrative/internal,3135
templates/cloudhost247_legacy/images/icon008.svg,Administrative/internal,3358
templates/cloudhost247_legacy/images/icon009.svg,Administrative/internal,3535
templates/cloudhost247_legacy/images/icon01.png,Administrative/internal,1600
templates/cloudhost247_legacy/images/icon010.svg,Administrative/internal,4392
templates/cloudhost247_legacy/images/icon011.svg,Administrative/internal,3509
templates/cloudhost247_legacy/images/icon012.svg,Administrative/internal,3982
templates/cloudhost247_legacy/images/icon013.svg,Administrative/internal,4001
templates/cloudhost247_legacy/images/icon02.png,Administrative/internal,1588
templates/cloudhost247_legacy/images/icon03.svg,Administrative/internal,3091
templates/cloudhost247_legacy/images/icon05.svg,Administrative/internal,3132
templates/cloudhost247_legacy/images/icon1.svg,Administrative/internal,4586
templates/cloudhost247_legacy/images/icon2.svg,Administrative/internal,4011
templates/cloudhost247_legacy/images/icon3.svg,Administrative/internal,3845
templates/cloudhost247_legacy/images/icon4.svg,Administrative/internal,2810
templates/cloudhost247_legacy/images/icon5.svg,Administrative/internal,4167
templates/cloudhost247_legacy/images/icon_1a.png,Administrative/internal,347
templates/cloudhost247_legacy/images/icon_a1.png,Administrative/internal,20936
templates/cloudhost247_legacy/images/icon_a2.png,Administrative/internal,20804
templates/cloudhost247_legacy/images/icon_a3.png,Administrative/internal,21045
templates/cloudhost247_legacy/images/icon_a4.png,Administrative/internal,20853
templates/cloudhost247_legacy/images/icon_a5.png,Administrative/internal,20878
templates/cloudhost247_legacy/images/icon_a6.png,Administrative/internal,20996
templates/cloudhost247_legacy/images/icon_b1.png,Administrative/internal,7195
templates/cloudhost247_legacy/images/icon_b2.png,Administrative/internal,4779
templates/cloudhost247_legacy/images/icon_b3.png,Administrative/internal,11170
templates/cloudhost247_legacy/images/im-not-robot.jpg,Administrative/internal,5357
templates/cloudhost247_legacy/images/img001.png,Administrative/internal,63072
templates/cloudhost247_legacy/images/img002.png,Administrative/internal,25739
templates/cloudhost247_legacy/images/img003.png,Administrative/internal,73754
templates/cloudhost247_legacy/images/img004.png,Administrative/internal,50152
templates/cloudhost247_legacy/images/img005A.jpg,Administrative/internal,314162
templates/cloudhost247_legacy/images/img01.png,Administrative/internal,38197
templates/cloudhost247_legacy/images/index.php,Administrative/internal,46
templates/cloudhost247_legacy/images/inner01.jpg,Administrative/internal,123095
templates/cloudhost247_legacy/images/issued.png,Administrative/internal,501
templates/cloudhost247_legacy/images/key.png,Administrative/internal,2139
templates/cloudhost247_legacy/images/knowledgebase.png,Support,772
templates/cloudhost247_legacy/images/kvm-over-ip.svg,Administrative/internal,5324
templates/cloudhost247_legacy/images/layoutfive/arro.png,Administrative/internal,1466
templates/cloudhost247_legacy/images/layoutfive/background-img.png,Administrative/internal,6286
templates/cloudhost247_legacy/images/layoutfive/bg-2a.jpg,Administrative/internal,12946
templates/cloudhost247_legacy/images/layoutfive/bg-prple.jpg,Administrative/internal,25595
templates/cloudhost247_legacy/images/layoutfive/bg-prple.png,Administrative/internal,91973
templates/cloudhost247_legacy/images/layoutfive/blc-5-icon1.png,Administrative/internal,1852
templates/cloudhost247_legacy/images/layoutfive/blc-5-icon2.png,Administrative/internal,15437
templates/cloudhost247_legacy/images/layoutfive/blc-5-icon3.png,Administrative/internal,3867
templates/cloudhost247_legacy/images/layoutfive/blc-5-icon4.png,Administrative/internal,5231
templates/cloudhost247_legacy/images/layoutfive/blc-5-icon5.png,Administrative/internal,19756
templates/cloudhost247_legacy/images/layoutfive/blc-5-icon6.png,Administrative/internal,9476
templates/cloudhost247_legacy/images/layoutfive/blc-icon1.png,Administrative/internal,7750
templates/cloudhost247_legacy/images/layoutfive/blc-icon1.svg,Administrative/internal,4752
templates/cloudhost247_legacy/images/layoutfive/blc-icon2.png,Administrative/internal,6639
templates/cloudhost247_legacy/images/layoutfive/blc-icon2.svg,Administrative/internal,1792
templates/cloudhost247_legacy/images/layoutfive/blc-icon3.png,Administrative/internal,5528
templates/cloudhost247_legacy/images/layoutfive/blc-icon3.svg,Administrative/internal,2573
templates/cloudhost247_legacy/images/layoutfive/blk-icon1.png,Administrative/internal,6292
templates/cloudhost247_legacy/images/layoutfive/blk-icon1.svg,Administrative/internal,5670
templates/cloudhost247_legacy/images/layoutfive/blk-icon2.png,Administrative/internal,4509
templates/cloudhost247_legacy/images/layoutfive/blk-icon2.svg,Administrative/internal,3601
templates/cloudhost247_legacy/images/layoutfive/blk-icon3.png,Administrative/internal,6553
templates/cloudhost247_legacy/images/layoutfive/blk-icon3.svg,Administrative/internal,5787
templates/cloudhost247_legacy/images/layoutfive/blk-icon4.png,Administrative/internal,4887
templates/cloudhost247_legacy/images/layoutfive/blk-icon4.svg,Administrative/internal,3369
templates/cloudhost247_legacy/images/layoutfive/check.svg,Administrative/internal,219
templates/cloudhost247_legacy/images/layoutfive/circle_deactive.png,Administrative/internal,3795
templates/cloudhost247_legacy/images/layoutfive/cloud-iconn.png,Cloud,2726
templates/cloudhost247_legacy/images/layoutfive/completeord.png,Administrative/internal,8891
templates/cloudhost247_legacy/images/layoutfive/fgr-icon1.png,Administrative/internal,4556
templates/cloudhost247_legacy/images/layoutfive/fgr-icon1.svg,Administrative/internal,766
templates/cloudhost247_legacy/images/layoutfive/fgr-icon2.png,Administrative/internal,7259
templates/cloudhost247_legacy/images/layoutfive/fgr-icon2.svg,Administrative/internal,1792
templates/cloudhost247_legacy/images/layoutfive/fgr-icon3.png,Administrative/internal,7292
templates/cloudhost247_legacy/images/layoutfive/fgr-icon3.svg,Administrative/internal,5787
templates/cloudhost247_legacy/images/layoutfive/fgr-icon4.png,Administrative/internal,6353
templates/cloudhost247_legacy/images/layoutfive/fgr-icon4.svg,Administrative/internal,2583
templates/cloudhost247_legacy/images/layoutfive/fgr-icon5.png,Administrative/internal,24617
templates/cloudhost247_legacy/images/layoutfive/fgr-icon5.svg,Administrative/internal,2310
templates/cloudhost247_legacy/images/layoutfive/fgr-icon6.png,Administrative/internal,8197
templates/cloudhost247_legacy/images/layoutfive/fgr-icon6.svg,Administrative/internal,2261
templates/cloudhost247_legacy/images/layoutfive/fgr-icon7.png,Administrative/internal,14090
templates/cloudhost247_legacy/images/layoutfive/fgr-icon7.svg,Administrative/internal,1812
templates/cloudhost247_legacy/images/layoutfive/fgr-icon8.png,Administrative/internal,2948
templates/cloudhost247_legacy/images/layoutfive/fgr-icon8.svg,Administrative/internal,2451
templates/cloudhost247_legacy/images/layoutfive/heading-bg.png,Administrative/internal,2754
templates/cloudhost247_legacy/images/layoutfive/hosting_icon.png,Hosting,2027
templates/cloudhost247_legacy/images/layoutfive/hx_hand.svg,Administrative/internal,1315
templates/cloudhost247_legacy/images/layoutfive/icon-a1.png,Administrative/internal,3309
templates/cloudhost247_legacy/images/layoutfive/icon-a1.svg,Administrative/internal,2069
templates/cloudhost247_legacy/images/layoutfive/icon-a2.png,Administrative/internal,2190
templates/cloudhost247_legacy/images/layoutfive/icon-a2.svg,Administrative/internal,1982
templates/cloudhost247_legacy/images/layoutfive/icon-a3.png,Administrative/internal,2299
templates/cloudhost247_legacy/images/layoutfive/icon-a3.svg,Administrative/internal,848
templates/cloudhost247_legacy/images/layoutfive/icon-a4.png,Administrative/internal,2807
templates/cloudhost247_legacy/images/layoutfive/icon-a4.svg,Administrative/internal,2708
templates/cloudhost247_legacy/images/layoutfive/icon-a5.png,Administrative/internal,2990
templates/cloudhost247_legacy/images/layoutfive/icon-a5.svg,Administrative/internal,1900
templates/cloudhost247_legacy/images/layoutfive/icon-a6.png,Administrative/internal,1615
templates/cloudhost247_legacy/images/layoutfive/icon-a6.svg,Administrative/internal,829
templates/cloudhost247_legacy/images/layoutfive/li-about-img.png,Marketing,1147
templates/cloudhost247_legacy/images/layoutfive/loader.gif,Administrative/internal,24077
templates/cloudhost247_legacy/images/layoutfive/lock-img-icon.png,Administrative/internal,1095
templates/cloudhost247_legacy/images/layoutfive/pending-icon.png,Administrative/internal,3012
templates/cloudhost247_legacy/images/layoutfive/red_star_shape.png,Administrative/internal,2366
templates/cloudhost247_legacy/images/layoutfive/server_icon.png,Administrative/internal,1526
templates/cloudhost247_legacy/images/layoutfive/sprite-icon-img.png,Administrative/internal,6549
templates/cloudhost247_legacy/images/layoutfive/terminate.png,Administrative/internal,3438
templates/cloudhost247_legacy/images/layoutfive/ticketicon1.png,Support,3845
templates/cloudhost247_legacy/images/layoutfour/arro.png,Administrative/internal,1460
templates/cloudhost247_legacy/images/layoutfour/background-img.png,Administrative/internal,6277
templates/cloudhost247_legacy/images/layoutfour/blc-5-icon1.png,Administrative/internal,852
templates/cloudhost247_legacy/images/layoutfour/blc-5-icon2.png,Administrative/internal,8536
templates/cloudhost247_legacy/images/layoutfour/blc-5-icon3.png,Administrative/internal,2436
templates/cloudhost247_legacy/images/layoutfour/blc-5-icon4.png,Administrative/internal,2062
templates/cloudhost247_legacy/images/layoutfour/blc-5-icon5.png,Administrative/internal,11393
templates/cloudhost247_legacy/images/layoutfour/blc-5-icon6.png,Administrative/internal,5581
templates/cloudhost247_legacy/images/layoutfour/blc-icon1.png,Administrative/internal,6333
templates/cloudhost247_legacy/images/layoutfour/blc-icon1.svg,Administrative/internal,11044
templates/cloudhost247_legacy/images/layoutfour/blc-icon2.png,Administrative/internal,5706
templates/cloudhost247_legacy/images/layoutfour/blc-icon2.svg,Administrative/internal,3295
templates/cloudhost247_legacy/images/layoutfour/blc-icon3.png,Administrative/internal,4601
templates/cloudhost247_legacy/images/layoutfour/blc-icon3.svg,Administrative/internal,4609
templates/cloudhost247_legacy/images/layoutfour/blk-icon1.png,Administrative/internal,5391
templates/cloudhost247_legacy/images/layoutfour/blk-icon1.svg,Administrative/internal,11234
templates/cloudhost247_legacy/images/layoutfour/blk-icon2.png,Administrative/internal,3665
templates/cloudhost247_legacy/images/layoutfour/blk-icon2.svg,Administrative/internal,6980
templates/cloudhost247_legacy/images/layoutfour/blk-icon3.png,Administrative/internal,5471
templates/cloudhost247_legacy/images/layoutfour/blk-icon3.svg,Administrative/internal,13021
templates/cloudhost247_legacy/images/layoutfour/blk-icon4.png,Administrative/internal,4093
templates/cloudhost247_legacy/images/layoutfour/blk-icon4.svg,Administrative/internal,7016
templates/cloudhost247_legacy/images/layoutfour/check.svg,Administrative/internal,2713
templates/cloudhost247_legacy/images/layoutfour/circle_deactive.png,Administrative/internal,3158
templates/cloudhost247_legacy/images/layoutfour/cloud-iconn.png,Cloud,2142
templates/cloudhost247_legacy/images/layoutfour/completeord.png,Administrative/internal,8256
templates/cloudhost247_legacy/images/layoutfour/fgr-icon1.png,Administrative/internal,3856
templates/cloudhost247_legacy/images/layoutfour/fgr-icon1.svg,Administrative/internal,1266
templates/cloudhost247_legacy/images/layoutfour/fgr-icon2.png,Administrative/internal,6214
templates/cloudhost247_legacy/images/layoutfour/fgr-icon2.svg,Administrative/internal,3295
templates/cloudhost247_legacy/images/layoutfour/fgr-icon3.png,Administrative/internal,6500
templates/cloudhost247_legacy/images/layoutfour/fgr-icon3.svg,Administrative/internal,13021
templates/cloudhost247_legacy/images/layoutfour/fgr-icon4.png,Administrative/internal,5110
templates/cloudhost247_legacy/images/layoutfour/fgr-icon4.svg,Administrative/internal,5541
templates/cloudhost247_legacy/images/layoutfour/fgr-icon5.png,Administrative/internal,23403
templates/cloudhost247_legacy/images/layoutfour/fgr-icon5.svg,Administrative/internal,4668
templates/cloudhost247_legacy/images/layoutfour/fgr-icon6.png,Administrative/internal,8146
templates/cloudhost247_legacy/images/layoutfour/fgr-icon6.svg,Administrative/internal,4536
templates/cloudhost247_legacy/images/layoutfour/fgr-icon7.png,Administrative/internal,13176
templates/cloudhost247_legacy/images/layoutfour/fgr-icon7.svg,Administrative/internal,3688
templates/cloudhost247_legacy/images/layoutfour/fgr-icon8.png,Administrative/internal,2131
templates/cloudhost247_legacy/images/layoutfour/fgr-icon8.svg,Administrative/internal,5709
templates/cloudhost247_legacy/images/layoutfour/hosting_icon.png,Hosting,2095
templates/cloudhost247_legacy/images/layoutfour/icon-a1.png,Administrative/internal,2152
templates/cloudhost247_legacy/images/layoutfour/icon-a1.svg,Administrative/internal,3828
templates/cloudhost247_legacy/images/layoutfour/icon-a2.png,Administrative/internal,1017
templates/cloudhost247_legacy/images/layoutfour/icon-a2.svg,Administrative/internal,3658
templates/cloudhost247_legacy/images/layoutfour/icon-a3.png,Administrative/internal,604
templates/cloudhost247_legacy/images/layoutfour/icon-a3.svg,Administrative/internal,1604
templates/cloudhost247_legacy/images/layoutfour/icon-a4.png,Administrative/internal,1685
templates/cloudhost247_legacy/images/layoutfour/icon-a4.svg,Administrative/internal,5419
templates/cloudhost247_legacy/images/layoutfour/icon-a5.png,Administrative/internal,950
templates/cloudhost247_legacy/images/layoutfour/icon-a5.svg,Administrative/internal,3505
templates/cloudhost247_legacy/images/layoutfour/icon-a6.png,Administrative/internal,515
templates/cloudhost247_legacy/images/layoutfour/icon-a6.svg,Administrative/internal,1303
templates/cloudhost247_legacy/images/layoutfour/li-about-img.png,Marketing,1155
templates/cloudhost247_legacy/images/layoutfour/loader.gif,Administrative/internal,24078
templates/cloudhost247_legacy/images/layoutfour/lock-img-icon.png,Administrative/internal,1089
templates/cloudhost247_legacy/images/layoutfour/pending-icon.png,Administrative/internal,1648
templates/cloudhost247_legacy/images/layoutfour/red_star_shape.png,Administrative/internal,1253
templates/cloudhost247_legacy/images/layoutfour/server_icon.png,Administrative/internal,1503
templates/cloudhost247_legacy/images/layoutfour/sprite-icon-img.png,Administrative/internal,6561
templates/cloudhost247_legacy/images/layoutfour/terminate.png,Administrative/internal,2184
templates/cloudhost247_legacy/images/layoutfour/ticketicon1.png,Support,4275
templates/cloudhost247_legacy/images/layoutthree/arro.png,Administrative/internal,1460
templates/cloudhost247_legacy/images/layoutthree/background-img.png,Administrative/internal,6251
templates/cloudhost247_legacy/images/layoutthree/blc-5-icon1.png,Administrative/internal,972
templates/cloudhost247_legacy/images/layoutthree/blc-5-icon2.png,Administrative/internal,12215
templates/cloudhost247_legacy/images/layoutthree/blc-5-icon3.png,Administrative/internal,2280
templates/cloudhost247_legacy/images/layoutthree/blc-5-icon4.png,Administrative/internal,2941
templates/cloudhost247_legacy/images/layoutthree/blc-5-icon5.png,Administrative/internal,16695
templates/cloudhost247_legacy/images/layoutthree/blc-5-icon6.png,Administrative/internal,7312
templates/cloudhost247_legacy/images/layoutthree/blc-icon1.png,Administrative/internal,3294
templates/cloudhost247_legacy/images/layoutthree/blc-icon1.svg,Administrative/internal,11071
templates/cloudhost247_legacy/images/layoutthree/blc-icon2.png,Administrative/internal,4348
templates/cloudhost247_legacy/images/layoutthree/blc-icon2.svg,Administrative/internal,3295
templates/cloudhost247_legacy/images/layoutthree/blc-icon3.png,Administrative/internal,3306
templates/cloudhost247_legacy/images/layoutthree/blc-icon3.svg,Administrative/internal,4609
templates/cloudhost247_legacy/images/layoutthree/blk-icon1.png,Administrative/internal,3766
templates/cloudhost247_legacy/images/layoutthree/blk-icon1.svg,Administrative/internal,11234
templates/cloudhost247_legacy/images/layoutthree/blk-icon2.png,Administrative/internal,2696
templates/cloudhost247_legacy/images/layoutthree/blk-icon2.svg,Administrative/internal,6980
templates/cloudhost247_legacy/images/layoutthree/blk-icon3.png,Administrative/internal,3831
templates/cloudhost247_legacy/images/layoutthree/blk-icon3.svg,Administrative/internal,13021
templates/cloudhost247_legacy/images/layoutthree/blk-icon4.png,Administrative/internal,2982
templates/cloudhost247_legacy/images/layoutthree/blk-icon4.svg,Administrative/internal,7016
templates/cloudhost247_legacy/images/layoutthree/check.svg,Administrative/internal,2713
templates/cloudhost247_legacy/images/layoutthree/circle_deactive.png,Administrative/internal,1648
templates/cloudhost247_legacy/images/layoutthree/completeord.png,Administrative/internal,8099
templates/cloudhost247_legacy/images/layoutthree/fgr-icon1.png,Administrative/internal,2735
templates/cloudhost247_legacy/images/layoutthree/fgr-icon1.svg,Administrative/internal,1266
templates/cloudhost247_legacy/images/layoutthree/fgr-icon2.png,Administrative/internal,4188
templates/cloudhost247_legacy/images/layoutthree/fgr-icon2.svg,Administrative/internal,3295
templates/cloudhost247_legacy/images/layoutthree/fgr-icon3.png,Administrative/internal,4412
templates/cloudhost247_legacy/images/layoutthree/fgr-icon3.svg,Administrative/internal,13021
templates/cloudhost247_legacy/images/layoutthree/fgr-icon4.png,Administrative/internal,2603
templates/cloudhost247_legacy/images/layoutthree/fgr-icon4.svg,Administrative/internal,5541
templates/cloudhost247_legacy/images/layoutthree/fgr-icon5.png,Administrative/internal,15080
templates/cloudhost247_legacy/images/layoutthree/fgr-icon5.svg,Administrative/internal,4668
templates/cloudhost247_legacy/images/layoutthree/fgr-icon6.png,Administrative/internal,4520
templates/cloudhost247_legacy/images/layoutthree/fgr-icon6.svg,Administrative/internal,4536
templates/cloudhost247_legacy/images/layoutthree/fgr-icon7.png,Administrative/internal,8353
templates/cloudhost247_legacy/images/layoutthree/fgr-icon7.svg,Administrative/internal,3688
templates/cloudhost247_legacy/images/layoutthree/fgr-icon8.png,Administrative/internal,760
templates/cloudhost247_legacy/images/layoutthree/fgr-icon8.svg,Administrative/internal,5709
templates/cloudhost247_legacy/images/layoutthree/hosting_icon.png,Hosting,2095
templates/cloudhost247_legacy/images/layoutthree/icon-a1.png,Administrative/internal,2813
templates/cloudhost247_legacy/images/layoutthree/icon-a1.svg,Administrative/internal,3828
templates/cloudhost247_legacy/images/layoutthree/icon-a2.png,Administrative/internal,1706
templates/cloudhost247_legacy/images/layoutthree/icon-a2.svg,Administrative/internal,3658
templates/cloudhost247_legacy/images/layoutthree/icon-a3.png,Administrative/internal,1817
templates/cloudhost247_legacy/images/layoutthree/icon-a3.svg,Administrative/internal,1604
templates/cloudhost247_legacy/images/layoutthree/icon-a4.png,Administrative/internal,2378
templates/cloudhost247_legacy/images/layoutthree/icon-a4.svg,Administrative/internal,5419
templates/cloudhost247_legacy/images/layoutthree/icon-a5.png,Administrative/internal,2457
templates/cloudhost247_legacy/images/layoutthree/icon-a5.svg,Administrative/internal,3505
templates/cloudhost247_legacy/images/layoutthree/icon-a6.png,Administrative/internal,1679
templates/cloudhost247_legacy/images/layoutthree/icon-a6.svg,Administrative/internal,1303
templates/cloudhost247_legacy/images/layoutthree/li-about-img.png,Marketing,1110
templates/cloudhost247_legacy/images/layoutthree/loader.gif,Administrative/internal,80385
templates/cloudhost247_legacy/images/layoutthree/lock-img-icon.png,Administrative/internal,1042
templates/cloudhost247_legacy/images/layoutthree/pending-icon.png,Administrative/internal,1648
templates/cloudhost247_legacy/images/layoutthree/server_icon.png,Administrative/internal,1521
templates/cloudhost247_legacy/images/layoutthree/sprite-icon-img.png,Administrative/internal,6576
templates/cloudhost247_legacy/images/layoutthree/terminate.png,Administrative/internal,2184
templates/cloudhost247_legacy/images/layoutthree/ticketicon1.png,Support,4275
templates/cloudhost247_legacy/images/layouttwo/arro.png,Administrative/internal,1461
templates/cloudhost247_legacy/images/layouttwo/background-img.png,Administrative/internal,6179
templates/cloudhost247_legacy/images/layouttwo/blc-5-icon1.png,Administrative/internal,852
templates/cloudhost247_legacy/images/layouttwo/blc-5-icon2.png,Administrative/internal,8536
templates/cloudhost247_legacy/images/layouttwo/blc-5-icon3.png,Administrative/internal,2436
templates/cloudhost247_legacy/images/layouttwo/blc-5-icon4.png,Administrative/internal,2062
templates/cloudhost247_legacy/images/layouttwo/blc-5-icon5.png,Administrative/internal,11393
templates/cloudhost247_legacy/images/layouttwo/blc-5-icon6.png,Administrative/internal,5581
templates/cloudhost247_legacy/images/layouttwo/blc-icon1.png,Administrative/internal,3294
templates/cloudhost247_legacy/images/layouttwo/blc-icon1.svg,Administrative/internal,11044
templates/cloudhost247_legacy/images/layouttwo/blc-icon2.png,Administrative/internal,4348
templates/cloudhost247_legacy/images/layouttwo/blc-icon2.svg,Administrative/internal,3295
templates/cloudhost247_legacy/images/layouttwo/blc-icon3.png,Administrative/internal,3306
templates/cloudhost247_legacy/images/layouttwo/blc-icon3.svg,Administrative/internal,4609
templates/cloudhost247_legacy/images/layouttwo/blk-icon1.png,Administrative/internal,3766
templates/cloudhost247_legacy/images/layouttwo/blk-icon1.svg,Administrative/internal,11234
templates/cloudhost247_legacy/images/layouttwo/blk-icon2.png,Administrative/internal,2696
templates/cloudhost247_legacy/images/layouttwo/blk-icon2.svg,Administrative/internal,6980
templates/cloudhost247_legacy/images/layouttwo/blk-icon3.png,Administrative/internal,3831
templates/cloudhost247_legacy/images/layouttwo/blk-icon3.svg,Administrative/internal,13021
templates/cloudhost247_legacy/images/layouttwo/blk-icon4.png,Administrative/internal,2982
templates/cloudhost247_legacy/images/layouttwo/blk-icon4.svg,Administrative/internal,7016
templates/cloudhost247_legacy/images/layouttwo/business-bannertwo.png,Business,77072
templates/cloudhost247_legacy/images/layouttwo/check.svg,Administrative/internal,2713
templates/cloudhost247_legacy/images/layouttwo/check1.svg,Administrative/internal,1202
templates/cloudhost247_legacy/images/layouttwo/circle_deactive.png,Administrative/internal,3137
templates/cloudhost247_legacy/images/layouttwo/completeord.png,Administrative/internal,8137
templates/cloudhost247_legacy/images/layouttwo/fgr-icon1.png,Administrative/internal,2735
templates/cloudhost247_legacy/images/layouttwo/fgr-icon1.svg,Administrative/internal,1266
templates/cloudhost247_legacy/images/layouttwo/fgr-icon2.png,Administrative/internal,4188
templates/cloudhost247_legacy/images/layouttwo/fgr-icon2.svg,Administrative/internal,3295
templates/cloudhost247_legacy/images/layouttwo/fgr-icon3.png,Administrative/internal,4412
templates/cloudhost247_legacy/images/layouttwo/fgr-icon3.svg,Administrative/internal,13021
templates/cloudhost247_legacy/images/layouttwo/fgr-icon4.png,Administrative/internal,2603
templates/cloudhost247_legacy/images/layouttwo/fgr-icon4.svg,Administrative/internal,5541
templates/cloudhost247_legacy/images/layouttwo/fgr-icon5.png,Administrative/internal,15080
templates/cloudhost247_legacy/images/layouttwo/fgr-icon5.svg,Administrative/internal,4668
templates/cloudhost247_legacy/images/layouttwo/fgr-icon6.png,Administrative/internal,4520
templates/cloudhost247_legacy/images/layouttwo/fgr-icon6.svg,Administrative/internal,4536
templates/cloudhost247_legacy/images/layouttwo/fgr-icon7.png,Administrative/internal,8353
templates/cloudhost247_legacy/images/layouttwo/fgr-icon7.svg,Administrative/internal,3688
templates/cloudhost247_legacy/images/layouttwo/fgr-icon8.png,Administrative/internal,760
templates/cloudhost247_legacy/images/layouttwo/fgr-icon8.svg,Administrative/internal,5709
templates/cloudhost247_legacy/images/layouttwo/hosting_icon.png,Hosting,2095
templates/cloudhost247_legacy/images/layouttwo/icon-a1.png,Administrative/internal,2814
templates/cloudhost247_legacy/images/layouttwo/icon-a1.svg,Administrative/internal,3828
templates/cloudhost247_legacy/images/layouttwo/icon-a2.png,Administrative/internal,1707
templates/cloudhost247_legacy/images/layouttwo/icon-a2.svg,Administrative/internal,3658
templates/cloudhost247_legacy/images/layouttwo/icon-a3.png,Administrative/internal,1821
templates/cloudhost247_legacy/images/layouttwo/icon-a3.svg,Administrative/internal,1604
templates/cloudhost247_legacy/images/layouttwo/icon-a4.png,Administrative/internal,2372
templates/cloudhost247_legacy/images/layouttwo/icon-a4.svg,Administrative/internal,5419
templates/cloudhost247_legacy/images/layouttwo/icon-a5.png,Administrative/internal,2451
templates/cloudhost247_legacy/images/layouttwo/icon-a5.svg,Administrative/internal,3505
templates/cloudhost247_legacy/images/layouttwo/icon-a6-svg.svg,Administrative/internal,1303
templates/cloudhost247_legacy/images/layouttwo/icon-a6.png,Administrative/internal,1685
templates/cloudhost247_legacy/images/layouttwo/icon-a6.svg,Administrative/internal,1303
templates/cloudhost247_legacy/images/layouttwo/li-about-img.png,Marketing,1110
templates/cloudhost247_legacy/images/layouttwo/loader.gif,Administrative/internal,80431
templates/cloudhost247_legacy/images/layouttwo/pending-icon.png,Administrative/internal,1648
templates/cloudhost247_legacy/images/layouttwo/red_star_shape.png,Administrative/internal,1253
templates/cloudhost247_legacy/images/layouttwo/server_icon.png,Administrative/internal,1506
templates/cloudhost247_legacy/images/layouttwo/sprite-icon-img.png,Administrative/internal,6573
templates/cloudhost247_legacy/images/layouttwo/terminate.png,Administrative/internal,2184
templates/cloudhost247_legacy/images/layouttwo/ticketicon1.png,Support,4275
templates/cloudhost247_legacy/images/left-arro.svg,Administrative/internal,2826
templates/cloudhost247_legacy/images/left-img-grl-reg.png,Administrative/internal,255978
templates/cloudhost247_legacy/images/left-img-grl.png,Administrative/internal,366342
templates/cloudhost247_legacy/images/lg-icon1.png,Administrative/internal,1147
templates/cloudhost247_legacy/images/lg-icon2.png,Administrative/internal,2290
templates/cloudhost247_legacy/images/lg-icon3.png,Administrative/internal,1086
templates/cloudhost247_legacy/images/lg-icon4.png,Administrative/internal,1131
templates/cloudhost247_legacy/images/lg-icon5.png,Administrative/internal,1422
templates/cloudhost247_legacy/images/li-about-img.png,Marketing,1110
templates/cloudhost247_legacy/images/lic-icon1.png,Administrative/internal,2134
templates/cloudhost247_legacy/images/lic-icon2.png,Administrative/internal,1293
templates/cloudhost247_legacy/images/lic-icon3.png,Administrative/internal,2582
templates/cloudhost247_legacy/images/lic-icon4.png,Administrative/internal,1943
templates/cloudhost247_legacy/images/lic-icon5.png,Administrative/internal,1140
templates/cloudhost247_legacy/images/lic-icon6.png,Administrative/internal,2424
templates/cloudhost247_legacy/images/loader.gif,Administrative/internal,80370
templates/cloudhost247_legacy/images/loaderforblock.gif,Administrative/internal,3030
templates/cloudhost247_legacy/images/loading.gif,Administrative/internal,8476
templates/cloudhost247_legacy/images/lock-img-icon.png,Administrative/internal,1104
templates/cloudhost247_legacy/images/logo-aftaer-shape.png,Administrative/internal,4478
templates/cloudhost247_legacy/images/logo-register-page.png,Authentication,5444
templates/cloudhost247_legacy/images/logo-white.png,Administrative/internal,2657
templates/cloudhost247_legacy/images/logo.png,Administrative/internal,2754
templates/cloudhost247_legacy/images/logo_old.png,Administrative/internal,5030
templates/cloudhost247_legacy/images/malware-feature.svg,Administrative/internal,3508
templates/cloudhost247_legacy/images/malware-icon.svg,Administrative/internal,3410
templates/cloudhost247_legacy/images/marketgoo.jpg,Administrative/internal,11186
templates/cloudhost247_legacy/images/marketingemail.png,Email,3821
templates/cloudhost247_legacy/images/marketingemailbg.jpg,Email,15448
templates/cloudhost247_legacy/images/men-img.png,Administrative/internal,92259
templates/cloudhost247_legacy/images/men-img.webp,Administrative/internal,15240
templates/cloudhost247_legacy/images/min-icon-accordian.png,Administrative/internal,970
templates/cloudhost247_legacy/images/network.png,Administrative/internal,2269
templates/cloudhost247_legacy/images/new-design.png,Administrative/internal,547
templates/cloudhost247_legacy/images/new/closed-lock-.svg,Administrative/internal,1438
templates/cloudhost247_legacy/images/new/history-clock-button.svg,Administrative/internal,1121
templates/cloudhost247_legacy/images/new/icon.svg,Administrative/internal,1739
templates/cloudhost247_legacy/images/new/index.php,Administrative/internal,46
templates/cloudhost247_legacy/images/new/shield-checked.svg,Administrative/internal,1436
templates/cloudhost247_legacy/images/new/tag-black-shape.svg,Administrative/internal,1473
templates/cloudhost247_legacy/images/new/wordpress-logo.svg,Applications,2210
templates/cloudhost247_legacy/images/new/worldwide.svg,Administrative/internal,5885
templates/cloudhost247_legacy/images/new_bar.png,Administrative/internal,1675
templates/cloudhost247_legacy/images/new_bar_left.png,Administrative/internal,1683
templates/cloudhost247_legacy/images/new_bar_left_rtl.png,Administrative/internal,1619
templates/cloudhost247_legacy/images/new_hx-banner.png,Administrative/internal,10681
templates/cloudhost247_legacy/images/next.png,Administrative/internal,1350
templates/cloudhost247_legacy/images/offer-b-icon.svg,Administrative/internal,6010
templates/cloudhost247_legacy/images/offer-bg-inner.png,Administrative/internal,2855
templates/cloudhost247_legacy/images/offer-howitwork-icon1.png,Administrative/internal,2521
templates/cloudhost247_legacy/images/offer-howitwork-icon2.png,Administrative/internal,2292
templates/cloudhost247_legacy/images/offer-howitwork-icon3.png,Administrative/internal,2750
templates/cloudhost247_legacy/images/offersimg.png,Marketing,1207
templates/cloudhost247_legacy/images/os-icon1.png,Administrative/internal,1293
templates/cloudhost247_legacy/images/os-icon2.png,Administrative/internal,2067
templates/cloudhost247_legacy/images/os-icon3.png,Administrative/internal,2659
templates/cloudhost247_legacy/images/os-icon4.png,Administrative/internal,1914
templates/cloudhost247_legacy/images/os-icon5.png,Administrative/internal,2132
templates/cloudhost247_legacy/images/payment-accept-img1.png,Checkout,11107
templates/cloudhost247_legacy/images/payment-accept-img2.png,Checkout,48563
templates/cloudhost247_legacy/images/payment-info.png,Checkout,5863
templates/cloudhost247_legacy/images/pending-icon.png,Administrative/internal,2820
templates/cloudhost247_legacy/images/photos_icon.png,Administrative/internal,21006
templates/cloudhost247_legacy/images/pick-backup.svg,Server Management,5695
templates/cloudhost247_legacy/images/plesk-hosting.png,Hosting,706
templates/cloudhost247_legacy/images/plesk-hosting_back.png,Hosting,207728
templates/cloudhost247_legacy/images/pleskhosting.png,Hosting,2389
templates/cloudhost247_legacy/images/plus-icon-accordian.png,Administrative/internal,1090
templates/cloudhost247_legacy/images/premium-network.svg,Administrative/internal,3348
templates/cloudhost247_legacy/images/prev.png,Administrative/internal,1360
templates/cloudhost247_legacy/images/pricein-b-icon.svg,Administrative/internal,5118
templates/cloudhost247_legacy/images/product-01.png,Administrative/internal,2256
templates/cloudhost247_legacy/images/protected_banner_bg.jpg,Administrative/internal,81034
templates/cloudhost247_legacy/images/protected_banner_img_sec.png,Administrative/internal,121854
templates/cloudhost247_legacy/images/public_cloud.png,Cloud,756
templates/cloudhost247_legacy/images/ram.svg,Administrative/internal,5205
templates/cloudhost247_legacy/images/recent_news_icon.png,Administrative/internal,1115
templates/cloudhost247_legacy/images/red_star_shape.png,Administrative/internal,2370
templates/cloudhost247_legacy/images/register-domain.png,Authentication,644
templates/cloudhost247_legacy/images/register.png,Authentication,1228
templates/cloudhost247_legacy/images/register_back.png,Authentication,6850
templates/cloudhost247_legacy/images/reisusses.png,Administrative/internal,1000
templates/cloudhost247_legacy/images/review-b-icon.svg,Administrative/internal,7956
templates/cloudhost247_legacy/images/review-logo-google.png,Administrative/internal,4869
templates/cloudhost247_legacy/images/review-logo-hostadvice.png,Administrative/internal,6398
templates/cloudhost247_legacy/images/review-logo-hostingseeker.svg,Hosting,14488
templates/cloudhost247_legacy/images/review-logo-hostreview.png,Administrative/internal,2828
templates/cloudhost247_legacy/images/review-logo-searchen.png,Marketing,6114
templates/cloudhost247_legacy/images/review-logo-trustpilot.png,Administrative/internal,4040
templates/cloudhost247_legacy/images/right-arro.svg,Administrative/internal,2853
templates/cloudhost247_legacy/images/rpn.svg,Administrative/internal,4069
templates/cloudhost247_legacy/images/rpn1.svg,Administrative/internal,8153
templates/cloudhost247_legacy/images/russianFlag.png,Administrative/internal,451
templates/cloudhost247_legacy/images/s-icon1.png,Administrative/internal,1362
templates/cloudhost247_legacy/images/s-icon2.png,Administrative/internal,1443
templates/cloudhost247_legacy/images/s-icon3.png,Administrative/internal,1419
templates/cloudhost247_legacy/images/s-icon4.png,Administrative/internal,1247
templates/cloudhost247_legacy/images/sale.png,Administrative/internal,1600
templates/cloudhost247_legacy/images/sale1.png,Administrative/internal,1504
templates/cloudhost247_legacy/images/sale_bar.png,Administrative/internal,1661
templates/cloudhost247_legacy/images/sale_bar_left.png,Administrative/internal,1621
templates/cloudhost247_legacy/images/sale_bar_left_rtl.png,Administrative/internal,1604
templates/cloudhost247_legacy/images/sale_icon.png,Administrative/internal,4275
templates/cloudhost247_legacy/images/search-icon-p.png,Marketing,1370
templates/cloudhost247_legacy/images/search-icon.svg,Marketing,2959
templates/cloudhost247_legacy/images/search-icon1.png,Marketing,1308
templates/cloudhost247_legacy/images/search-icon11.png,Marketing,2087
templates/cloudhost247_legacy/images/select-icon.png,Administrative/internal,319
templates/cloudhost247_legacy/images/seo-icons.png,Administrative/internal,20463
templates/cloudhost247_legacy/images/server-img.png,Administrative/internal,34256
templates/cloudhost247_legacy/images/server_icon.png,Administrative/internal,2226
templates/cloudhost247_legacy/images/servers-feature.svg,Administrative/internal,8920
templates/cloudhost247_legacy/images/setting_icon1.png,Administrative/internal,1424
templates/cloudhost247_legacy/images/shadow-shape-l.png,Administrative/internal,1211
templates/cloudhost247_legacy/images/shadow-shape-r.png,Administrative/internal,1218
templates/cloudhost247_legacy/images/sharedhosting.png,Hosting,2256
templates/cloudhost247_legacy/images/side_img.png,Administrative/internal,207214
templates/cloudhost247_legacy/images/sidebar_icon.png,Administrative/internal,3669
templates/cloudhost247_legacy/images/simplySite_allfeatures_icon_action.svg,Administrative/internal,1186
templates/cloudhost247_legacy/images/simplySite_allfeatures_icon_clickCall.svg,Administrative/internal,2136
templates/cloudhost247_legacy/images/simplySite_allfeatures_icon_font.svg,Administrative/internal,780
templates/cloudhost247_legacy/images/simplySite_pricingPlan_icon_premium.svg,Administrative/internal,2045
templates/cloudhost247_legacy/images/simplySite_pricingPlan_icon_professional.svg,Administrative/internal,2083
templates/cloudhost247_legacy/images/simplySite_pricingPlan_icon_starter.svg,Administrative/internal,1859
templates/cloudhost247_legacy/images/simplySite_table_icon_autoMarketing.svg,Administrative/internal,1883
templates/cloudhost247_legacy/images/simplySite_table_icon_backup.svg,Server Management,885
templates/cloudhost247_legacy/images/simplySite_table_icon_blog.svg,Marketing,798
templates/cloudhost247_legacy/images/simplySite_table_icon_coupon.svg,Administrative/internal,857
templates/cloudhost247_legacy/images/simplySite_table_icon_fbImport.svg,Administrative/internal,1054
templates/cloudhost247_legacy/images/simplySite_table_icon_formContatto.svg,Administrative/internal,765
templates/cloudhost247_legacy/images/simplySite_table_icon_listeColonne.svg,Administrative/internal,2049
templates/cloudhost247_legacy/images/simplySite_table_icon_maps.svg,Administrative/internal,838
templates/cloudhost247_legacy/images/simplySite_table_icon_multiDevice.svg,Administrative/internal,763
templates/cloudhost247_legacy/images/simplySite_table_icon_multilingua.svg,Administrative/internal,1179
templates/cloudhost247_legacy/images/simplySite_table_icon_pagine.svg,Administrative/internal,597
templates/cloudhost247_legacy/images/simplySite_table_icon_paypal.svg,Administrative/internal,768
templates/cloudhost247_legacy/images/simplySite_table_icon_privacy.svg,Legal,905
templates/cloudhost247_legacy/images/simplySite_table_icon_seo.svg,Administrative/internal,1998
templates/cloudhost247_legacy/images/simplySite_table_icon_social.svg,Administrative/internal,1832
templates/cloudhost247_legacy/images/simplySite_table_icon_ssl.svg,Administrative/internal,1003
templates/cloudhost247_legacy/images/simplySite_table_icon_supporto.svg,Support,864
templates/cloudhost247_legacy/images/simplySite_table_icon_whatsapp.svg,Administrative/internal,1654
templates/cloudhost247_legacy/images/singapore.jpg,Administrative/internal,1934
templates/cloudhost247_legacy/images/sitelock.jpg,Administrative/internal,10688
templates/cloudhost247_legacy/images/sitelockvpn.jpg,Administrative/internal,9725
templates/cloudhost247_legacy/images/sl-certificate-bg.jpg,Administrative/internal,81314
templates/cloudhost247_legacy/images/solutions.svg,Administrative/internal,3613
templates/cloudhost247_legacy/images/spainFlag.png,Administrative/internal,2202
templates/cloudhost247_legacy/images/speed.png.svg,Administrative/internal,5352
templates/cloudhost247_legacy/images/spoons-folks.jpg,Administrative/internal,83297
templates/cloudhost247_legacy/images/sprite-icon-img-bkp.png,Administrative/internal,9060
templates/cloudhost247_legacy/images/sprite-icon-img.gif,Administrative/internal,5379
templates/cloudhost247_legacy/images/sprite-icon-img.png,Administrative/internal,7593
templates/cloudhost247_legacy/images/sprite-icon-white-img.png,Administrative/internal,6493
templates/cloudhost247_legacy/images/sprite-skin-flat.png,Administrative/internal,304
templates/cloudhost247_legacy/images/sprite-skin-modern.png,Administrative/internal,505
templates/cloudhost247_legacy/images/sprite-skin-nice.png,Administrative/internal,694
templates/cloudhost247_legacy/images/sprite-skin-simple.png,Administrative/internal,358
templates/cloudhost247_legacy/images/ssl-banner-ryt.png,Administrative/internal,79292
templates/cloudhost247_legacy/images/ssl-certificates_banner_icon.png,Administrative/internal,196004
templates/cloudhost247_legacy/images/ssl-certificates_lr.png,Administrative/internal,16659
templates/cloudhost247_legacy/images/ssl-effect-img.png,Administrative/internal,70614
templates/cloudhost247_legacy/images/ssl-icon-1.png,Administrative/internal,2029
templates/cloudhost247_legacy/images/ssl-icon-2.png,Administrative/internal,2355
templates/cloudhost247_legacy/images/ssl-icon-3.png,Administrative/internal,1583
templates/cloudhost247_legacy/images/ssl-icon-4.png,Administrative/internal,1958
templates/cloudhost247_legacy/images/ssl_img_icon.png,Administrative/internal,19141
templates/cloudhost247_legacy/images/ssl_img_l.png,Administrative/internal,19141
templates/cloudhost247_legacy/images/ssl_rank.png,Administrative/internal,985
templates/cloudhost247_legacy/images/sslbnr.jpg,Administrative/internal,1154
templates/cloudhost247_legacy/images/star-img-rat.png,Administrative/internal,9998
templates/cloudhost247_legacy/images/support-icon.png,Support,1139
templates/cloudhost247_legacy/images/support-icon.svg,Support,4526
templates/cloudhost247_legacy/images/support-ticket.png,Support,1136
templates/cloudhost247_legacy/images/support.svg,Support,3671
templates/cloudhost247_legacy/images/support1.png,Support,3050
templates/cloudhost247_legacy/images/support_icon.png,Support,3104
templates/cloudhost247_legacy/images/sura.svg,Administrative/internal,8969
templates/cloudhost247_legacy/images/sydney.jpg,Administrative/internal,3113
templates/cloudhost247_legacy/images/system_icon1.png,Administrative/internal,3124
templates/cloudhost247_legacy/images/system_icon2.png,Administrative/internal,2309
templates/cloudhost247_legacy/images/system_icon3.png,Administrative/internal,3157
templates/cloudhost247_legacy/images/system_icon4.png,Administrative/internal,2496
templates/cloudhost247_legacy/images/system_icon5.png,Administrative/internal,2208
templates/cloudhost247_legacy/images/system_icon6.png,Administrative/internal,1829
templates/cloudhost247_legacy/images/system_icon7.png,Administrative/internal,1853
templates/cloudhost247_legacy/images/system_icon8.png,Administrative/internal,1431
templates/cloudhost247_legacy/images/tag.svg,Administrative/internal,23935
templates/cloudhost247_legacy/images/templ_icon.png,Administrative/internal,20560
templates/cloudhost247_legacy/images/term_bg_1.jpg,Administrative/internal,61082
templates/cloudhost247_legacy/images/terminate.png,Administrative/internal,3911
templates/cloudhost247_legacy/images/tick.png,Administrative/internal,2699
templates/cloudhost247_legacy/images/ticket_submit.png,Support,4550
templates/cloudhost247_legacy/images/ticketicon0.png,Support,3064
templates/cloudhost247_legacy/images/ticketicon1.png,Support,4275
templates/cloudhost247_legacy/images/ticketicon2.png,Support,3104
templates/cloudhost247_legacy/images/ticketicon3.png,Support,3064
templates/cloudhost247_legacy/images/ticketicon4.png,Support,3064
templates/cloudhost247_legacy/images/toll-free.svg,Administrative/internal,3786
templates/cloudhost247_legacy/images/top_search-back.png,Marketing,28782
templates/cloudhost247_legacy/images/transfer_domain.png,Domains,885
templates/cloudhost247_legacy/images/united-kingdom.jpg,Administrative/internal,3278
templates/cloudhost247_legacy/images/unlimited-files-feature.svg,Administrative/internal,1798
templates/cloudhost247_legacy/images/us.jpg,Administrative/internal,2231
templates/cloudhost247_legacy/images/user-icon.png,Administrative/internal,1507
templates/cloudhost247_legacy/images/user01.png,Administrative/internal,20690
templates/cloudhost247_legacy/images/user02.png,Administrative/internal,22313
templates/cloudhost247_legacy/images/user03.png,Administrative/internal,23135
templates/cloudhost247_legacy/images/user04.png,Administrative/internal,22649
templates/cloudhost247_legacy/images/user05.png,Administrative/internal,11886
templates/cloudhost247_legacy/images/video_icon.png,Administrative/internal,20679
templates/cloudhost247_legacy/images/vps-private.png,VPS,1421
templates/cloudhost247_legacy/images/vps-ssd.png,VPS,663
templates/cloudhost247_legacy/images/vps_public_cloud_back.png,VPS,153928
templates/cloudhost247_legacy/images/vps_public_cloud_back1.png,VPS,36765
templates/cloudhost247_legacy/images/vps_ssd_back.png,VPS,108308
templates/cloudhost247_legacy/images/we-take-care-img.png,Administrative/internal,354027
templates/cloudhost247_legacy/images/weebly.jpg,Administrative/internal,12011
templates/cloudhost247_legacy/images/wesite-reating-bg.png,Administrative/internal,57236
templates/cloudhost247_legacy/images/why-choos-icon-1.png,Administrative/internal,1888
templates/cloudhost247_legacy/images/why-choos-icon-2.png,Administrative/internal,2956
templates/cloudhost247_legacy/images/why-choos-icon-3.png,Administrative/internal,2783
templates/cloudhost247_legacy/images/window-hosting.webp,Hosting,23042
templates/cloudhost247_legacy/images/window-hosting_back.png,Hosting,14141
templates/cloudhost247_legacy/images/windowshosting.png,Hosting,2660
templates/cloudhost247_legacy/images/wordpree_hosting_back.png,Hosting,1149894
templates/cloudhost247_legacy/images/wordpresshosting.png,Applications,2530
templates/cloudhost247_legacy/images/wp-feature.svg,Administrative/internal,1987
templates/cloudhost247_legacy/images/wp-icon.svg,Administrative/internal,1465
templates/cloudhost247_legacy/images/www-icon.png,Administrative/internal,1615
templates/cloudhost247_legacy/images/www-img.png,Administrative/internal,59179
templates/cloudhost247_legacy/img/flags.png,Administrative/internal,65960
templates/cloudhost247_legacy/img/flags@2x.png,Administrative/internal,173609
templates/cloudhost247_legacy/img/globe.png,Administrative/internal,85380
templates/cloudhost247_legacy/img/index.php,Administrative/internal,45
templates/cloudhost247_legacy/img/loader.gif,Administrative/internal,7364
templates/cloudhost247_legacy/img/worldmap.png,Administrative/internal,31275
templates/cloudhost247_legacy/includes/active-products-services-item.tpl,Administrative/internal,5059
templates/cloudhost247_legacy/includes/alert.tpl,Administrative/internal,413
templates/cloudhost247_legacy/includes/announcementbar.tpl,Marketing,4923
templates/cloudhost247_legacy/includes/blocks/all_hosting_features.tpl,Hosting,4205
templates/cloudhost247_legacy/includes/blocks/all_services.tpl,Administrative/internal,3409
templates/cloudhost247_legacy/includes/blocks/all_tlds_below.tpl,Administrative/internal,3269
templates/cloudhost247_legacy/includes/blocks/available_operating_system.tpl,Operating Systems,7968
templates/cloudhost247_legacy/includes/blocks/banner.tpl,Administrative/internal,427
templates/cloudhost247_legacy/includes/blocks/banner_bottombar.tpl,Administrative/internal,986
templates/cloudhost247_legacy/includes/blocks/banner_v1.tpl,Administrative/internal,1291
templates/cloudhost247_legacy/includes/blocks/banner_v2.tpl,Administrative/internal,1705
templates/cloudhost247_legacy/includes/blocks/banner_v3.tpl,Administrative/internal,1453
templates/cloudhost247_legacy/includes/blocks/best_vps_server.tpl,VPS,2219
templates/cloudhost247_legacy/includes/blocks/build_sites.tpl,Administrative/internal,306
templates/cloudhost247_legacy/includes/blocks/call_us.tpl,Administrative/internal,1059
templates/cloudhost247_legacy/includes/blocks/cloudhost247_web_hosting.tpl,Hosting,1341
templates/cloudhost247_legacy/includes/blocks/cloudhost247_web_hosting_2.tpl,Hosting,1532
templates/cloudhost247_legacy/includes/blocks/copyright.tpl,Administrative/internal,378
templates/cloudhost247_legacy/includes/blocks/cpanel_pricing.tpl,Hosting,9359
templates/cloudhost247_legacy/includes/blocks/custom.tpl,Administrative/internal,107
templates/cloudhost247_legacy/includes/blocks/dedicated_server.tpl,Dedicated,3081
templates/cloudhost247_legacy/includes/blocks/dedicated_side_bar.tpl,Dedicated,3088
templates/cloudhost247_legacy/includes/blocks/dedicated_why_choose_us.tpl,Dedicated,1927
templates/cloudhost247_legacy/includes/blocks/domain_services.tpl,Domains,2095
templates/cloudhost247_legacy/includes/blocks/find_best_domain.tpl,Domains,1202
templates/cloudhost247_legacy/includes/blocks/find_ideal_domain_name.tpl,Domains,1755
templates/cloudhost247_legacy/includes/blocks/footer_block.tpl,Administrative/internal,5295
templates/cloudhost247_legacy/includes/blocks/footer_block_latest.tpl,Administrative/internal,7607
templates/cloudhost247_legacy/includes/blocks/free_trial.tpl,Administrative/internal,468
templates/cloudhost247_legacy/includes/blocks/frequently_asked.tpl,Administrative/internal,3310
templates/cloudhost247_legacy/includes/blocks/frequently_asked_advanced.tpl,Administrative/internal,7799
templates/cloudhost247_legacy/includes/blocks/frequently_asked_basic.tpl,Administrative/internal,2900
templates/cloudhost247_legacy/includes/blocks/get_your_custom_email_address.tpl,Email,848
templates/cloudhost247_legacy/includes/blocks/google_recent_changes_effact.tpl,Administrative/internal,997
templates/cloudhost247_legacy/includes/blocks/highest_rated_hosting_block.tpl,Hosting,4419
templates/cloudhost247_legacy/includes/blocks/how_it_works.tpl,Administrative/internal,453
templates/cloudhost247_legacy/includes/blocks/include_all_features.tpl,Administrative/internal,4377
templates/cloudhost247_legacy/includes/blocks/more_feature.tpl,Administrative/internal,2618
templates/cloudhost247_legacy/includes/blocks/offer_block_2.tpl,Administrative/internal,971
templates/cloudhost247_legacy/includes/blocks/offers.tpl,Marketing,1597
templates/cloudhost247_legacy/includes/blocks/other_options.tpl,Administrative/internal,2291
templates/cloudhost247_legacy/includes/blocks/our_products.tpl,Administrative/internal,3459
templates/cloudhost247_legacy/includes/blocks/perfect_domain_name.tpl,Domains,460
templates/cloudhost247_legacy/includes/blocks/premium_everything.tpl,Administrative/internal,1155
templates/cloudhost247_legacy/includes/blocks/price_compare_table_block.tpl,Administrative/internal,12892
templates/cloudhost247_legacy/includes/blocks/pricing_vps_block.tpl,VPS,10432
templates/cloudhost247_legacy/includes/blocks/ready_to_grab.tpl,Administrative/internal,3425
templates/cloudhost247_legacy/includes/blocks/security_optimizations.tpl,Administrative/internal,1589
templates/cloudhost247_legacy/includes/blocks/ssl_effect_site.tpl,Administrative/internal,1661
templates/cloudhost247_legacy/includes/blocks/ssl_four_easy_steps.tpl,Administrative/internal,2688
templates/cloudhost247_legacy/includes/blocks/sslpricing_section.tpl,Administrative/internal,9227
templates/cloudhost247_legacy/includes/blocks/sslpricing_sections.tpl,Administrative/internal,9371
templates/cloudhost247_legacy/includes/blocks/technical_specifications.tpl,Administrative/internal,1662
templates/cloudhost247_legacy/includes/blocks/testimonial_manager.tpl,Administrative/internal,6278
templates/cloudhost247_legacy/includes/blocks/testimonials.tpl,Administrative/internal,781
templates/cloudhost247_legacy/includes/blocks/testimonials_new.tpl,Administrative/internal,1231
templates/cloudhost247_legacy/includes/blocks/the_best_managed_cloud_hosting.tpl,Cloud,409
templates/cloudhost247_legacy/includes/blocks/three_in_one_price.tpl,Administrative/internal,9204
templates/cloudhost247_legacy/includes/blocks/three_simple_steps.tpl,Administrative/internal,1422
templates/cloudhost247_legacy/includes/blocks/unlimited_bandwidth.tpl,Administrative/internal,784
templates/cloudhost247_legacy/includes/blocks/vps_pricing_plan.tpl,VPS,1448
templates/cloudhost247_legacy/includes/blocks/we_have_hosting_solution.tpl,Hosting,3234
templates/cloudhost247_legacy/includes/blocks/what_customers_have_to_say.tpl,Administrative/internal,3054
templates/cloudhost247_legacy/includes/blocks/why_choose_us.tpl,Administrative/internal,7318
templates/cloudhost247_legacy/includes/blocks/why_choose_vps_hosting.tpl,VPS,1945
templates/cloudhost247_legacy/includes/blocks/why_cloudhost247.tpl,Administrative/internal,414
templates/cloudhost247_legacy/includes/breadcrumb.tpl,Administrative/internal,262
templates/cloudhost247_legacy/includes/captcha.tpl,Administrative/internal,1486
templates/cloudhost247_legacy/includes/confirmation.tpl,Administrative/internal,1612
templates/cloudhost247_legacy/includes/existing-paymethods.tpl,Administrative/internal,1984
templates/cloudhost247_legacy/includes/flashmessage.tpl,Administrative/internal,279
templates/cloudhost247_legacy/includes/generate-password.tpl,Authentication,2866
templates/cloudhost247_legacy/includes/head.tpl,Administrative/internal,2868
templates/cloudhost247_legacy/includes/index.php,Administrative/internal,45
templates/cloudhost247_legacy/includes/linkedaccounts.tpl,Client Area,4259
templates/cloudhost247_legacy/includes/modal.tpl,Administrative/internal,1617
templates/cloudhost247_legacy/includes/navbar.tpl,Administrative/internal,2096
templates/cloudhost247_legacy/includes/pageheader.tpl,Administrative/internal,247
templates/cloudhost247_legacy/includes/panel.tpl,Administrative/internal,528
templates/cloudhost247_legacy/includes/pwstrength.tpl,Administrative/internal,4566
templates/cloudhost247_legacy/includes/sidebar.tpl,Administrative/internal,5516
templates/cloudhost247_legacy/includes/subheader.tpl,Administrative/internal,17
templates/cloudhost247_legacy/includes/tablelist.tpl,Administrative/internal,5371
templates/cloudhost247_legacy/includes/validateuser.tpl,Administrative/internal,1679
templates/cloudhost247_legacy/includes/verifyemail.tpl,Email,1259
templates/cloudhost247_legacy/index.php,Administrative/internal,42
templates/cloudhost247_legacy/invoice-payment.tpl,Checkout,3339
templates/cloudhost247_legacy/invoicepdf.tpl,Checkout,6802
templates/cloudhost247_legacy/js/base.js,Administrative/internal,78686
templates/cloudhost247_legacy/js/bootstrap.min.js,Administrative/internal,51039
templates/cloudhost247_legacy/js/cookies_library_cloudhost247_file.js,Administrative/internal,20808
templates/cloudhost247_legacy/js/custom.js,Administrative/internal,5033
templates/cloudhost247_legacy/js/custom_scripts.js,Administrative/internal,25575
templates/cloudhost247_legacy/js/hc-offcanvas-nav.js,Administrative/internal,10945
templates/cloudhost247_legacy/js/index.php,Administrative/internal,45
templates/cloudhost247_legacy/js/ion.rangeSlider.min.js,Administrative/internal,40897
templates/cloudhost247_legacy/js/overrides/override.js,Administrative/internal,0
templates/cloudhost247_legacy/js/overrides/override.js.new,Administrative/internal,0
templates/cloudhost247_legacy/js/owl.carousel.js,Administrative/internal,20375
templates/cloudhost247_legacy/js/pop-offer-cookies-lib.js,Administrative/internal,1690
templates/cloudhost247_legacy/js/popper.min.js,Administrative/internal,20297
templates/cloudhost247_legacy/js/scripts.js,Administrative/internal,1502171
templates/cloudhost247_legacy/js/scripts.min.js,Administrative/internal,629578
templates/cloudhost247_legacy/js/scrollBarWgs.js,Administrative/internal,2909
templates/cloudhost247_legacy/js/slick.js,Administrative/internal,41329
templates/cloudhost247_legacy/js/twitter.js,Administrative/internal,366
templates/cloudhost247_legacy/js/whmcs.js,Administrative/internal,46909
templates/cloudhost247_legacy/js/wow.min.js,Administrative/internal,8415
templates/cloudhost247_legacy/knowledgebase.tpl,Support,2034
templates/cloudhost247_legacy/knowledgebasearticle.tpl,Support,2384
templates/cloudhost247_legacy/knowledgebasecat.tpl,Support,2198
templates/cloudhost247_legacy/legal.tpl,Legal,7846
templates/cloudhost247_legacy/legalnotice.tpl,Legal,8175
templates/cloudhost247_legacy/login.tpl,Authentication,2686
templates/cloudhost247_legacy/logintwofa.tpl,Authentication,2000
templates/cloudhost247_legacy/logout.tpl,Administrative/internal,694
templates/cloudhost247_legacy/managessl.tpl,Administrative/internal,6264
templates/cloudhost247_legacy/markdown-guide.tpl,Administrative/internal,2033
templates/cloudhost247_legacy/marketconnect/codeguard/bg.jpg,Administrative/internal,12378
templates/cloudhost247_legacy/marketconnect/codeguard/codeguard.png,Administrative/internal,3556
templates/cloudhost247_legacy/marketconnect/codeguard/index.php,Administrative/internal,46
templates/cloudhost247_legacy/marketconnect/codeguard/logo.png,Administrative/internal,4998
templates/cloudhost247_legacy/marketconnect/cpanelseo/bg.jpg,Hosting,3346
templates/cloudhost247_legacy/marketconnect/cpanelseo/cpanel-seo-logo.svg,Hosting,6460
templates/cloudhost247_legacy/marketconnect/cpanelseo/logo.png,Hosting,7599
templates/cloudhost247_legacy/marketconnect/index.php,Administrative/internal,45
templates/cloudhost247_legacy/marketconnect/marketgoo/bg.jpg,Administrative/internal,11186
templates/cloudhost247_legacy/marketconnect/marketgoo/index.php,Administrative/internal,46
templates/cloudhost247_legacy/marketconnect/marketgoo/logo.png,Administrative/internal,3982
templates/cloudhost247_legacy/marketconnect/marketgoo/marketgoo.png,Administrative/internal,2820
templates/cloudhost247_legacy/marketconnect/nordvpn/bg.jpg,Administrative/internal,9307
templates/cloudhost247_legacy/marketconnect/nordvpn/index.php,Administrative/internal,46
templates/cloudhost247_legacy/marketconnect/nordvpn/logo.png,Administrative/internal,826
templates/cloudhost247_legacy/marketconnect/nordvpn/nordvpn.png,Administrative/internal,643
templates/cloudhost247_legacy/marketconnect/nordvpn/nordvpn.svg,Administrative/internal,426
templates/cloudhost247_legacy/marketconnect/ox/bg.jpg,Administrative/internal,1880
templates/cloudhost247_legacy/marketconnect/ox/index.php,Administrative/internal,46
templates/cloudhost247_legacy/marketconnect/ox/logo.png,Administrative/internal,6328
templates/cloudhost247_legacy/marketconnect/ox/ox.png,Administrative/internal,1873
templates/cloudhost247_legacy/marketconnect/sitebuilder/bg.jpg,Administrative/internal,11125
templates/cloudhost247_legacy/marketconnect/sitebuilder/logo.png,Administrative/internal,6507
templates/cloudhost247_legacy/marketconnect/sitebuilder/sitebuilder.png,Administrative/internal,1677
templates/cloudhost247_legacy/marketconnect/sitelock/bg.jpg,Administrative/internal,10688
templates/cloudhost247_legacy/marketconnect/sitelock/index.php,Administrative/internal,46
templates/cloudhost247_legacy/marketconnect/sitelock/logo.png,Administrative/internal,3993
templates/cloudhost247_legacy/marketconnect/sitelock/sitelock.png,Administrative/internal,2229
templates/cloudhost247_legacy/marketconnect/sitelockvpn/bg.jpg,Administrative/internal,9725
templates/cloudhost247_legacy/marketconnect/sitelockvpn/index.php,Administrative/internal,46
templates/cloudhost247_legacy/marketconnect/sitelockvpn/logo.png,Administrative/internal,4135
templates/cloudhost247_legacy/marketconnect/sitelockvpn/sitelockvpn.png,Administrative/internal,3620
templates/cloudhost247_legacy/marketconnect/spamexperts/bg.jpg,Administrative/internal,8762
templates/cloudhost247_legacy/marketconnect/spamexperts/index.php,Administrative/internal,46
templates/cloudhost247_legacy/marketconnect/spamexperts/logo.png,Administrative/internal,2597
templates/cloudhost247_legacy/marketconnect/spamexperts/spamexpert.png,Administrative/internal,2480
templates/cloudhost247_legacy/marketconnect/ssl/bg.jpg,Administrative/internal,1154
templates/cloudhost247_legacy/marketconnect/ssl/index.php,Administrative/internal,46
templates/cloudhost247_legacy/marketconnect/ssl/logo.png,Administrative/internal,7425
templates/cloudhost247_legacy/marketconnect/ssl/ssl.png,Administrative/internal,3518
templates/cloudhost247_legacy/marketconnect/symantec/bg.jpg,Administrative/internal,1154
templates/cloudhost247_legacy/marketconnect/symantec/index.php,Administrative/internal,46
templates/cloudhost247_legacy/marketconnect/symantec/logo.png,Administrative/internal,7425
templates/cloudhost247_legacy/marketconnect/symantec/ssl.png,Administrative/internal,3518
templates/cloudhost247_legacy/marketconnect/threesixtymonitoring/bg.jpg,Server Management,10213
templates/cloudhost247_legacy/marketconnect/threesixtymonitoring/index.php,Server Management,46
templates/cloudhost247_legacy/marketconnect/threesixtymonitoring/logo.png,Server Management,1349
templates/cloudhost247_legacy/marketconnect/threesixtymonitoring/threesixtymonitoring.png,Server Management,1725
templates/cloudhost247_legacy/marketconnect/threesixtymonitoring/threesixtymonitoring.svg,Server Management,7777
templates/cloudhost247_legacy/marketconnect/weebly/bg.jpg,Administrative/internal,12011
templates/cloudhost247_legacy/marketconnect/weebly/index.php,Administrative/internal,46
templates/cloudhost247_legacy/marketconnect/weebly/logo.png,Administrative/internal,5129
templates/cloudhost247_legacy/marketconnect/weebly/weebly.png,Administrative/internal,3154
templates/cloudhost247_legacy/marketconnect/xovinow/bg.jpg,Administrative/internal,12943
templates/cloudhost247_legacy/marketconnect/xovinow/index.php,Administrative/internal,46
templates/cloudhost247_legacy/marketconnect/xovinow/logo.png,Administrative/internal,1466
templates/cloudhost247_legacy/marketconnect/xovinow/xovinow.png,Administrative/internal,985
templates/cloudhost247_legacy/marketconnect/xovinow/xovinow.svg,Administrative/internal,2279
templates/cloudhost247_legacy/masspay.tpl,Administrative/internal,3348
templates/cloudhost247_legacy/notfound.tpl,Marketing,294
templates/cloudhost247_legacy/oauth/authorize.tpl,Authentication,1192
templates/cloudhost247_legacy/oauth/css/index.php,Authentication,48
templates/cloudhost247_legacy/oauth/css/style.css,Authentication,818
templates/cloudhost247_legacy/oauth/error.tpl,Authentication,159
templates/cloudhost247_legacy/oauth/index.php,Authentication,45
templates/cloudhost247_legacy/oauth/layout.tpl,Authentication,2608
templates/cloudhost247_legacy/oauth/login-twofactorauth.tpl,Authentication,2464
templates/cloudhost247_legacy/oauth/login.tpl,Authentication,2060
templates/cloudhost247_legacy/oauth/redirect.tpl,Authentication,354
templates/cloudhost247_legacy/og_images/default-image.png,Administrative/internal,15922
templates/cloudhost247_legacy/og_images/index.php,Administrative/internal,46
templates/cloudhost247_legacy/password-reset-change-prompt.tpl,Authentication,2191
templates/cloudhost247_legacy/password-reset-container.tpl,Authentication,752
templates/cloudhost247_legacy/password-reset-email-prompt.tpl,Authentication,1196
templates/cloudhost247_legacy/password-reset-security-prompt.tpl,Authentication,742
templates/cloudhost247_legacy/payment/bank/inputs.tpl,Checkout,3424
templates/cloudhost247_legacy/payment/bank/select.tpl,Checkout,2388
templates/cloudhost247_legacy/payment/bank/validate.tpl,Checkout,3407
templates/cloudhost247_legacy/payment/billing-address.tpl,Checkout,5273
templates/cloudhost247_legacy/payment/card/inputs.tpl,Checkout,3862
templates/cloudhost247_legacy/payment/card/select.tpl,Checkout,2899
templates/cloudhost247_legacy/payment/card/validate.tpl,Checkout,3799
templates/cloudhost247_legacy/payment/invoice-summary.tpl,Checkout,2006
templates/cloudhost247_legacy/privacypolicy.tpl,Legal,9107
templates/cloudhost247_legacy/pwreset.tpl,Authentication,0
templates/cloudhost247_legacy/pwresetvalidation.tpl,Authentication,2301
templates/cloudhost247_legacy/quotepdf.tpl,Checkout,4208
templates/cloudhost247_legacy/refund-and-vancellation-policy.tpl,Legal,5516
templates/cloudhost247_legacy/refundpolicy.tpl,Legal,3930
templates/cloudhost247_legacy/serverstatus.tpl,Support,4045
templates/cloudhost247_legacy/ssl-certificate.tpl,Administrative/internal,238
templates/cloudhost247_legacy/sslcloudhost247.tpl,Administrative/internal,4
templates/cloudhost247_legacy/store/addon/wp-toolkit-cpanel.tpl,Hosting,17715
templates/cloudhost247_legacy/store/addon/wp-toolkit-plesk.tpl,Hosting,18856
templates/cloudhost247_legacy/store/codeguard/index.php,Administrative/internal,48
templates/cloudhost247_legacy/store/codeguard/index.tpl,Administrative/internal,15856
templates/cloudhost247_legacy/store/cpanelseo/index.php,Hosting,48
templates/cloudhost247_legacy/store/cpanelseo/index.tpl,Hosting,32132
templates/cloudhost247_legacy/store/css/index.php,Administrative/internal,48
templates/cloudhost247_legacy/store/css/store-custom.css,Administrative/internal,57201
templates/cloudhost247_legacy/store/css/style.css,Administrative/internal,39847
templates/cloudhost247_legacy/store/index.php,Administrative/internal,45
templates/cloudhost247_legacy/store/marketgoo/index.php,Administrative/internal,49
templates/cloudhost247_legacy/store/marketgoo/index.tpl,Administrative/internal,14513
templates/cloudhost247_legacy/store/nordvpn/index.php,Administrative/internal,49
templates/cloudhost247_legacy/store/nordvpn/index.tpl,Administrative/internal,33627
templates/cloudhost247_legacy/store/not-found.tpl,Administrative/internal,611
templates/cloudhost247_legacy/store/order.tpl,Administrative/internal,14292
templates/cloudhost247_legacy/store/ox/index.php,Administrative/internal,49
templates/cloudhost247_legacy/store/ox/index.tpl,Administrative/internal,9193
templates/cloudhost247_legacy/store/ox/manage.tpl,Administrative/internal,48702
templates/cloudhost247_legacy/store/promos/index.php,Administrative/internal,48
templates/cloudhost247_legacy/store/promos/upsell.tpl,Administrative/internal,2115
templates/cloudhost247_legacy/store/sitebuilder/index.php,Administrative/internal,49
templates/cloudhost247_legacy/store/sitebuilder/index.tpl,Administrative/internal,23531
templates/cloudhost247_legacy/store/sitebuilder/upgrade.tpl,Administrative/internal,3646
templates/cloudhost247_legacy/store/sitelock/index.php,Administrative/internal,48
templates/cloudhost247_legacy/store/sitelock/index.tpl,Administrative/internal,20471
templates/cloudhost247_legacy/store/sitelockvpn/index.php,Administrative/internal,49
templates/cloudhost247_legacy/store/sitelockvpn/index.tpl,Administrative/internal,14163
templates/cloudhost247_legacy/store/spamexperts/index.php,Administrative/internal,48
templates/cloudhost247_legacy/store/spamexperts/index.tpl,Administrative/internal,29180
templates/cloudhost247_legacy/store/spamexperts/master.js,Administrative/internal,2785
templates/cloudhost247_legacy/store/ssl/competitive-upgrade.tpl,Administrative/internal,5680
templates/cloudhost247_legacy/store/ssl/dv.tpl,Administrative/internal,2656
templates/cloudhost247_legacy/store/ssl/ev.tpl,Administrative/internal,3247
templates/cloudhost247_legacy/store/ssl/index.php,Administrative/internal,48
templates/cloudhost247_legacy/store/ssl/index.tpl,Administrative/internal,20451
templates/cloudhost247_legacy/store/ssl/ov.tpl,Administrative/internal,3313
templates/cloudhost247_legacy/store/ssl/shared/certificate-pricing.tpl,Administrative/internal,5168
templates/cloudhost247_legacy/store/ssl/shared/currency-chooser.tpl,Administrative/internal,539
templates/cloudhost247_legacy/store/ssl/shared/features.tpl,Administrative/internal,5397
templates/cloudhost247_legacy/store/ssl/shared/index.php,Administrative/internal,51
templates/cloudhost247_legacy/store/ssl/shared/logos.tpl,Administrative/internal,762
templates/cloudhost247_legacy/store/ssl/shared/nav.tpl,Administrative/internal,2113
templates/cloudhost247_legacy/store/ssl/wildcard.tpl,Administrative/internal,1835
templates/cloudhost247_legacy/store/threesixtymonitoring/index.php,Server Management,49
templates/cloudhost247_legacy/store/threesixtymonitoring/index.tpl,Server Management,102991
templates/cloudhost247_legacy/store/weebly/index.php,Administrative/internal,48
templates/cloudhost247_legacy/store/weebly/index.tpl,Administrative/internal,15587
templates/cloudhost247_legacy/store/weebly/master.js,Administrative/internal,1286
templates/cloudhost247_legacy/store/weebly/upgrade.tpl,Administrative/internal,3727
templates/cloudhost247_legacy/store/xovinow/index.php,Administrative/internal,48
templates/cloudhost247_legacy/store/xovinow/index.tpl,Administrative/internal,31812
templates/cloudhost247_legacy/subscription-manage.tpl,Administrative/internal,1143
templates/cloudhost247_legacy/supportticketslist.tpl,Support,3505
templates/cloudhost247_legacy/supportticketsubmit-confirm.tpl,Support,1565
templates/cloudhost247_legacy/supportticketsubmit-customfields.tpl,Support,321
templates/cloudhost247_legacy/supportticketsubmit-kbsuggestions.tpl,Support,430
templates/cloudhost247_legacy/supportticketsubmit-stepone.tpl,Support,1483
templates/cloudhost247_legacy/supportticketsubmit-steptwo.tpl,Support,5900
templates/cloudhost247_legacy/tables.tpl,Administrative/internal,8208
templates/cloudhost247_legacy/termsofservice.tpl,Legal,18126
templates/cloudhost247_legacy/testimonial_images/default_profile.png,Administrative/internal,5300
templates/cloudhost247_legacy/testimonial_images/index.php,Administrative/internal,46
templates/cloudhost247_legacy/testimonial_images/user_female.png,Administrative/internal,11886
templates/cloudhost247_legacy/ticketfeedback.tpl,Support,4546
templates/cloudhost247_legacy/trademarkpolicy.tpl,Legal,4000
templates/cloudhost247_legacy/twitterfeed.tpl,Administrative/internal,2118
templates/cloudhost247_legacy/two-factor-challenge.tpl,Administrative/internal,2336
templates/cloudhost247_legacy/two-factor-new-backup-code.tpl,Server Management,618
templates/cloudhost247_legacy/upgrade-configure.tpl,Administrative/internal,6710
templates/cloudhost247_legacy/upgrade.tpl,Administrative/internal,7468
templates/cloudhost247_legacy/upgradesummary.tpl,Administrative/internal,5872
templates/cloudhost247_legacy/usagebillingpricing.tpl,Administrative/internal,1697
templates/cloudhost247_legacy/user-invite-accept.tpl,Administrative/internal,7953
templates/cloudhost247_legacy/user-password.tpl,Authentication,2024
templates/cloudhost247_legacy/user-profile.tpl,Administrative/internal,2787
templates/cloudhost247_legacy/user-security.tpl,Administrative/internal,3728
templates/cloudhost247_legacy/user-switch-account-forced.tpl,Client Area,747
templates/cloudhost247_legacy/user-switch-account.tpl,Client Area,1373
templates/cloudhost247_legacy/user-verify-email.tpl,Email,1228
templates/cloudhost247_legacy/viewannouncement.tpl,Marketing,2665
templates/cloudhost247_legacy/viewemail.tpl,Email,1162
templates/cloudhost247_legacy/viewinvoice.tpl,Checkout,14073
templates/cloudhost247_legacy/viewquote.tpl,Checkout,10082
templates/cloudhost247_legacy/viewticket.tpl,Support,8002
templates/cloudhost247_legacy/webfonts/fa-brands-400.eot,Administrative/internal,116748
templates/cloudhost247_legacy/webfonts/fa-brands-400.svg,Administrative/internal,630145
templates/cloudhost247_legacy/webfonts/fa-brands-400.ttf,Administrative/internal,116512
templates/cloudhost247_legacy/webfonts/fa-brands-400.woff,Administrative/internal,75012
templates/cloudhost247_legacy/webfonts/fa-brands-400.woff2,Administrative/internal,64224
templates/cloudhost247_legacy/webfonts/fa-light-300.eot,Administrative/internal,303832
templates/cloudhost247_legacy/webfonts/fa-light-300.svg,Administrative/internal,1179812
templates/cloudhost247_legacy/webfonts/fa-light-300.ttf,Administrative/internal,303616
templates/cloudhost247_legacy/webfonts/fa-light-300.woff,Administrative/internal,139684
templates/cloudhost247_legacy/webfonts/fa-light-300.woff2,Administrative/internal,106624
templates/cloudhost247_legacy/webfonts/fa-regular-400.eot,Administrative/internal,279556
templates/cloudhost247_legacy/webfonts/fa-regular-400.svg,Administrative/internal,1064473
templates/cloudhost247_legacy/webfonts/fa-regular-400.ttf,Administrative/internal,279332
templates/cloudhost247_legacy/webfonts/fa-regular-400.woff,Administrative/internal,130488
templates/cloudhost247_legacy/webfonts/fa-regular-400.woff2,Administrative/internal,99900
templates/cloudhost247_legacy/webfonts/fa-solid-900.eot,Administrative/internal,239340
templates/cloudhost247_legacy/webfonts/fa-solid-900.svg,Administrative/internal,885433
templates/cloudhost247_legacy/webfonts/fa-solid-900.ttf,Administrative/internal,239124
templates/cloudhost247_legacy/webfonts/fa-solid-900.woff,Administrative/internal,108964
templates/cloudhost247_legacy/webfonts/fa-solid-900.woff2,Administrative/internal,83144
templates/cloudhost247_legacy/webfonts/index.php,Administrative/internal,46
templates/cloudhost247_legacy/websitedesign.tpl,Administrative/internal,225
templates/cloudhost247_legacy/whois.tpl,Domains,9
templates/orderforms/cloudhost247/css/custom.css,Checkout,1315
templates/orderforms/cloudhost247/theme.yaml,Checkout,224
templates/orderforms/cloudhost247_legacy/adddomain.tpl,Checkout,4169
templates/orderforms/cloudhost247_legacy/addons.tpl,Checkout,4117
templates/orderforms/cloudhost247_legacy/checkout.tpl,Checkout,44261
templates/orderforms/cloudhost247_legacy/common.tpl,Checkout,411
templates/orderforms/cloudhost247_legacy/complete.tpl,Checkout,2735
templates/orderforms/cloudhost247_legacy/configuredomains.tpl,Checkout,11182
templates/orderforms/cloudhost247_legacy/configureproduct.tpl,Checkout,45187
templates/orderforms/cloudhost247_legacy/configureproduct.tpl_ovh,Checkout,45961
templates/orderforms/cloudhost247_legacy/configureproductdomain.tpl,Checkout,23629
templates/orderforms/cloudhost247_legacy/css/all.css,Checkout,44957
templates/orderforms/cloudhost247_legacy/css/all.min.css,Checkout,35697
templates/orderforms/cloudhost247_legacy/css/blue.png,Checkout,2185
templates/orderforms/cloudhost247_legacy/css/blue@2x.png,Checkout,4485
templates/orderforms/cloudhost247_legacy/css/custom.css,Checkout,9738
templates/orderforms/cloudhost247_legacy/css/font-awesome.css,Checkout,37473
templates/orderforms/cloudhost247_legacy/css/index.php,Checkout,46
templates/orderforms/cloudhost247_legacy/css/responsive.css,Checkout,14534
templates/orderforms/cloudhost247_legacy/css/style-design.css,Checkout,5231
templates/orderforms/cloudhost247_legacy/css/style-ovh.css,Checkout,8072
templates/orderforms/cloudhost247_legacy/css/style.css,Checkout,40069
templates/orderforms/cloudhost247_legacy/domain-renewals.tpl,Checkout,11860
templates/orderforms/cloudhost247_legacy/domainoptions.tpl,Checkout,8281
templates/orderforms/cloudhost247_legacy/domainregister.tpl,Authentication,19451
templates/orderforms/cloudhost247_legacy/domaintransfer.tpl,Checkout,4686
templates/orderforms/cloudhost247_legacy/error.tpl,Checkout,1080
templates/orderforms/cloudhost247_legacy/fonts/FontAwesome.otf,Checkout,134808
templates/orderforms/cloudhost247_legacy/fonts/fa-brands-400.eot,Checkout,133034
templates/orderforms/cloudhost247_legacy/fonts/fa-brands-400.svg,Checkout,715890
templates/orderforms/cloudhost247_legacy/fonts/fa-brands-400.ttf,Checkout,132728
templates/orderforms/cloudhost247_legacy/fonts/fa-brands-400.woff,Checkout,89824
templates/orderforms/cloudhost247_legacy/fonts/fa-brands-400.woff2,Checkout,76612
templates/orderforms/cloudhost247_legacy/fonts/fa-regular-400.eot,Checkout,34390
templates/orderforms/cloudhost247_legacy/fonts/fa-regular-400.svg,Checkout,144322
templates/orderforms/cloudhost247_legacy/fonts/fa-regular-400.ttf,Checkout,34092
templates/orderforms/cloudhost247_legacy/fonts/fa-regular-400.woff,Checkout,16800
templates/orderforms/cloudhost247_legacy/fonts/fa-regular-400.woff2,Checkout,13584
templates/orderforms/cloudhost247_legacy/fonts/fa-solid-900.eot,Checkout,202902
templates/orderforms/cloudhost247_legacy/fonts/fa-solid-900.svg,Checkout,897426
templates/orderforms/cloudhost247_legacy/fonts/fa-solid-900.ttf,Checkout,202616
templates/orderforms/cloudhost247_legacy/fonts/fa-solid-900.woff,Checkout,103300
templates/orderforms/cloudhost247_legacy/fonts/fa-solid-900.woff2,Checkout,79444
templates/orderforms/cloudhost247_legacy/fonts/fontawesome-webfont.eot,Checkout,165742
templates/orderforms/cloudhost247_legacy/fonts/fontawesome-webfont.svg,Checkout,444379
templates/orderforms/cloudhost247_legacy/fonts/fontawesome-webfont.ttf,Checkout,165548
templates/orderforms/cloudhost247_legacy/fonts/fontawesome-webfont.woff,Checkout,98024
templates/orderforms/cloudhost247_legacy/fonts/fontawesome-webfont.woff2,Checkout,77160
templates/orderforms/cloudhost247_legacy/fonts/index.php,Checkout,46
templates/orderforms/cloudhost247_legacy/fonts/slick.eot,Checkout,2048
templates/orderforms/cloudhost247_legacy/fonts/slick.svg,Checkout,2152
templates/orderforms/cloudhost247_legacy/fonts/slick.ttf,Checkout,1892
templates/orderforms/cloudhost247_legacy/fonts/slick.woff,Checkout,1380
templates/orderforms/cloudhost247_legacy/fraudcheck.tpl,Checkout,2563
templates/orderforms/cloudhost247_legacy/images/Snapshot.png,Checkout,1438
templates/orderforms/cloudhost247_legacy/images/additional-disk.png,Checkout,1156
templates/orderforms/cloudhost247_legacy/images/australia.jpg,Checkout,2844
templates/orderforms/cloudhost247_legacy/images/automated-backup.png,Checkout,1269
templates/orderforms/cloudhost247_legacy/images/backup_space.png,Checkout,1185
templates/orderforms/cloudhost247_legacy/images/control_panel_software.png,Checkout,1315
templates/orderforms/cloudhost247_legacy/images/crt-icon1.png,Checkout,1478
templates/orderforms/cloudhost247_legacy/images/crt-icon2.png,Checkout,1401
templates/orderforms/cloudhost247_legacy/images/crt-icon3.png,Checkout,1338
templates/orderforms/cloudhost247_legacy/images/crt-icon4.png,Checkout,1246
templates/orderforms/cloudhost247_legacy/images/crt-icon5.png,Checkout,1296
templates/orderforms/cloudhost247_legacy/images/crt-icon6.png,Checkout,1547
templates/orderforms/cloudhost247_legacy/images/crt-icon7.png,Checkout,1599
templates/orderforms/cloudhost247_legacy/images/d-arow.png,Checkout,1093
templates/orderforms/cloudhost247_legacy/images/europe.jpg,Checkout,2389
templates/orderforms/cloudhost247_legacy/images/lg-icon1.png,Checkout,1147
templates/orderforms/cloudhost247_legacy/images/lg-icon2.png,Checkout,2290
templates/orderforms/cloudhost247_legacy/images/lg-icon3.png,Checkout,1086
templates/orderforms/cloudhost247_legacy/images/lg-icon4.png,Checkout,1131
templates/orderforms/cloudhost247_legacy/images/lg-icon5.png,Checkout,1422
templates/orderforms/cloudhost247_legacy/images/lic-icon1.png,Checkout,2134
templates/orderforms/cloudhost247_legacy/images/lic-icon2.png,Checkout,1293
templates/orderforms/cloudhost247_legacy/images/lic-icon3.png,Checkout,2582
templates/orderforms/cloudhost247_legacy/images/lic-icon4.png,Checkout,1943
templates/orderforms/cloudhost247_legacy/images/lic-icon5.png,Checkout,1140
templates/orderforms/cloudhost247_legacy/images/lic-icon6.png,Checkout,2424
templates/orderforms/cloudhost247_legacy/images/os-icon1.png,Checkout,1293
templates/orderforms/cloudhost247_legacy/images/os-icon2.png,Checkout,2067
templates/orderforms/cloudhost247_legacy/images/os-icon3.png,Checkout,2659
templates/orderforms/cloudhost247_legacy/images/os-icon4.png,Checkout,1914
templates/orderforms/cloudhost247_legacy/images/os-icon5.png,Checkout,2132
templates/orderforms/cloudhost247_legacy/images/singapore.jpg,Checkout,1934
templates/orderforms/cloudhost247_legacy/images/sydney.jpg,Checkout,3113
templates/orderforms/cloudhost247_legacy/images/tick.png,Checkout,2699
templates/orderforms/cloudhost247_legacy/images/united-kingdom.jpg,Checkout,3278
templates/orderforms/cloudhost247_legacy/images/us.jpg,Checkout,2231
templates/orderforms/cloudhost247_legacy/includes/existing-paymethods.tpl,Checkout,1984
templates/orderforms/cloudhost247_legacy/includes/product-recommendations.tpl,Checkout,6817
templates/orderforms/cloudhost247_legacy/index.php,Checkout,45
templates/orderforms/cloudhost247_legacy/js/base.js,Checkout,88272
templates/orderforms/cloudhost247_legacy/js/index.php,Checkout,46
templates/orderforms/cloudhost247_legacy/js/scripts.js,Checkout,153925
templates/orderforms/cloudhost247_legacy/js/scripts.min.js,Checkout,69753
templates/orderforms/cloudhost247_legacy/linkedaccounts.tpl,Checkout,4294
templates/orderforms/cloudhost247_legacy/marketconnect-promo.tpl,Checkout,1766
templates/orderforms/cloudhost247_legacy/ordersummary.tpl,Checkout,8682
templates/orderforms/cloudhost247_legacy/products.tpl,Checkout,5361
templates/orderforms/cloudhost247_legacy/recommendations-modal.tpl,Checkout,2662
templates/orderforms/cloudhost247_legacy/service-renewal-item.tpl,Checkout,3368
templates/orderforms/cloudhost247_legacy/service-renewals.tpl,Checkout,5759
templates/orderforms/cloudhost247_legacy/sidebar-categories-collapsed.tpl,Checkout,1008
templates/orderforms/cloudhost247_legacy/sidebar-categories-selector.tpl,Checkout,1594
templates/orderforms/cloudhost247_legacy/sidebar-categories.tpl,Checkout,2877
templates/orderforms/cloudhost247_legacy/theme.yaml,Checkout,64
templates/orderforms/cloudhost247_legacy/thumbnail.gif,Checkout,81380
templates/orderforms/cloudhost247_legacy/viewcart.tpl,Checkout,42703
templates/orderforms/index.php,Checkout,43
templates/orderforms/ovh_cart/common.tpl,Checkout,811
templates/orderforms/ovh_cart/configureproduct.tpl,Checkout,77592
templates/orderforms/ovh_cart/css/clientx-child.css,Checkout,106
templates/orderforms/ovh_cart/css/cloudhost247.css,Checkout,1836
templates/orderforms/ovh_cart/css/cloudx.css,Checkout,1091
templates/orderforms/ovh_cart/css/font-awesome.css,Checkout,39815
templates/orderforms/ovh_cart/css/lagom2.css,Checkout,120
templates/orderforms/ovh_cart/css/six.css,Checkout,296
templates/orderforms/ovh_cart/css/style-design.css,Checkout,5081
templates/orderforms/ovh_cart/css/style-ovh.css,Checkout,16555
templates/orderforms/ovh_cart/css/twenty-x.css,Checkout,154
templates/orderforms/ovh_cart/images/AU.svg,Checkout,1197
templates/orderforms/ovh_cart/images/CA.svg,Checkout,735
templates/orderforms/ovh_cart/images/DE.svg,Checkout,736
templates/orderforms/ovh_cart/images/FR.svg,Checkout,736
templates/orderforms/ovh_cart/images/GB.svg,Checkout,1480
templates/orderforms/ovh_cart/images/IN.svg,Checkout,1156
templates/orderforms/ovh_cart/images/JP.svg,Checkout,703
templates/orderforms/ovh_cart/images/KR.svg,Checkout,1178
templates/orderforms/ovh_cart/images/MX.svg,Checkout,1147
templates/orderforms/ovh_cart/images/NL.svg,Checkout,736
templates/orderforms/ovh_cart/images/PL.svg,Checkout,769
templates/orderforms/ovh_cart/images/SG.svg,Checkout,954
templates/orderforms/ovh_cart/images/US.svg,Checkout,1142
templates/orderforms/ovh_cart/images/almalinux.svg,Checkout,26937
templates/orderforms/ovh_cart/images/blue.svg,Checkout,1877
templates/orderforms/ovh_cart/images/camera.svg,Checkout,1124
templates/orderforms/ovh_cart/images/centos.svg,Checkout,1648
templates/orderforms/ovh_cart/images/cloudlinux.svg,Checkout,6751
templates/orderforms/ovh_cart/images/control-panels.svg,Checkout,2070
templates/orderforms/ovh_cart/images/control_panel_software.png,Checkout,1315
templates/orderforms/ovh_cart/images/cpanel.svg,Checkout,2744
templates/orderforms/ovh_cart/images/crt-icon2.png,Checkout,1854
templates/orderforms/ovh_cart/images/crt-icon5.png,Checkout,1296
templates/orderforms/ovh_cart/images/d-arow.png,Checkout,1093
templates/orderforms/ovh_cart/images/data-center.svg,Checkout,2933
templates/orderforms/ovh_cart/images/database.svg,Checkout,2351
templates/orderforms/ovh_cart/images/datacenter-location.svg,Checkout,4478
templates/orderforms/ovh_cart/images/debian.svg,Checkout,5842
templates/orderforms/ovh_cart/images/disk.svg,Checkout,1672
templates/orderforms/ovh_cart/images/europe.jpg,Checkout,2389
templates/orderforms/ovh_cart/images/fedora.svg,Checkout,2377
templates/orderforms/ovh_cart/images/freebsd-14.3.svg,Checkout,1196
templates/orderforms/ovh_cart/images/ftp-bckup.svg,Checkout,4709
templates/orderforms/ovh_cart/images/ip.svg,Checkout,3070
templates/orderforms/ovh_cart/images/lg-icon2.png,Checkout,2290
templates/orderforms/ovh_cart/images/lg-icon4.png,Checkout,1131
templates/orderforms/ovh_cart/images/lic-icon1.png,Checkout,2134
templates/orderforms/ovh_cart/images/lic-icon2.png,Checkout,1293
templates/orderforms/ovh_cart/images/lic-icon3.png,Checkout,2582
templates/orderforms/ovh_cart/images/lic-icon4.png,Checkout,1943
templates/orderforms/ovh_cart/images/lic-icon5.png,Checkout,1140
templates/orderforms/ovh_cart/images/lic-icon6.png,Checkout,2424
templates/orderforms/ovh_cart/images/linux.svg,Checkout,50564
templates/orderforms/ovh_cart/images/memory-card.svg,Checkout,3522
templates/orderforms/ovh_cart/images/networking.svg,Checkout,3384
templates/orderforms/ovh_cart/images/no-control-panel.svg,Checkout,2282
templates/orderforms/ovh_cart/images/nutanix.svg,Checkout,31235
templates/orderforms/ovh_cart/images/operating-systems.svg,Checkout,3518
templates/orderforms/ovh_cart/images/os-icon1.png,Checkout,1293
templates/orderforms/ovh_cart/images/os-icon2.png,Checkout,2067
templates/orderforms/ovh_cart/images/os-icon3.png,Checkout,2659
templates/orderforms/ovh_cart/images/os-icon4.png,Checkout,1914
templates/orderforms/ovh_cart/images/os-icon5.png,Checkout,2132
templates/orderforms/ovh_cart/images/os.svg,Checkout,5229
templates/orderforms/ovh_cart/images/os_family.svg,Checkout,4564
templates/orderforms/ovh_cart/images/plesk.svg,Checkout,4374
templates/orderforms/ovh_cart/images/proxmox.svg,Checkout,2239
templates/orderforms/ovh_cart/images/rocky.svg,Checkout,615
templates/orderforms/ovh_cart/images/snapshot.svg,Checkout,3130
templates/orderforms/ovh_cart/images/sql.svg,Checkout,8596
templates/orderforms/ovh_cart/images/ubuntu.svg,Checkout,2661
templates/orderforms/ovh_cart/images/united-kingdom.jpg,Checkout,3278
templates/orderforms/ovh_cart/images/vmware.svg,Checkout,2685
templates/orderforms/ovh_cart/images/windows.svg,Checkout,407
templates/orderforms/ovh_cart/index.php,Checkout,46
templates/orderforms/ovh_cart/theme.yaml,Checkout,179
templates/orderforms/ovh_cart/thumbnail.gif,Checkout,97646
terms-of-service.php,Legal,830
tests/broker/fakes.php,Administrative/internal,15830
tests/broker/run.php,Administrative/internal,36892
tests/broker/test_static.py,Administrative/internal,24035
tests/builder/fakes.php,Administrative/internal,18723
tests/builder/run.php,Administrative/internal,81832
tests/builder/test_static.py,Administrative/internal,28939
tests/cart_recovery/fakes.php,Administrative/internal,22415
tests/cart_recovery/run.php,Administrative/internal,41542
tests/cart_recovery/test_static.py,Administrative/internal,9697
tests/cloudhost247_email/run.php,Administrative/internal,51856
tests/currency/run.php,Administrative/internal,1863
tests/currency/test_static.py,Administrative/internal,1602
tests/customaffiliate/run.php,Administrative/internal,16367
tests/digitalproducts/run.py,Administrative/internal,1445
tests/digitalproducts/test_static.py,Administrative/internal,1895
tests/foundation/run.php,Administrative/internal,6380
tests/foundation/test_static.py,Administrative/internal,4612
tests/integrations/run.php,Administrative/internal,42020
tests/integrations/test_static.py,Administrative/internal,14742
tests/marketing/fakes.php,Administrative/internal,13321
tests/marketing/run.php,Administrative/internal,19554
tests/marketing/session10.php,Administrative/internal,27855
tests/marketing/session11.php,Administrative/internal,19530
tests/marketing/session12.php,Administrative/internal,21137
tests/marketing/session2.php,Administrative/internal,26939
tests/marketing/session3.php,Administrative/internal,24656
tests/marketing/session4.php,Administrative/internal,22705
tests/marketing/session5.php,Administrative/internal,26875
tests/marketing/session6.php,Administrative/internal,11230
tests/marketing/session7.php,Administrative/internal,25190
tests/marketing/session8.php,Administrative/internal,24086
tests/marketing/session9.php,Administrative/internal,13983
tests/marketing/test_static.py,Administrative/internal,20968
tests/modules/fakes.php,Administrative/internal,13224
tests/modules/run.php,Administrative/internal,75432
tests/modules/test_static.py,Administrative/internal,19535
tests/ovh/fakes.php,Administrative/internal,14570
tests/ovh/run.php,Administrative/internal,44626
tests/ovh/test_product_services_static.py,Administrative/internal,6538
tests/ovh/test_public_catalog_static.py,Administrative/internal,1776
tests/ovh/test_static.py,Administrative/internal,10872
tests/passkey/fakes.php,Administrative/internal,21456
tests/passkey/fixtures/README.md,Administrative/internal,1164
tests/passkey/run.php,Administrative/internal,37426
tests/passkey/test_static.py,Administrative/internal,10878
tests/payments/run.php,Administrative/internal,8566
tests/payments/test_static.py,Administrative/internal,11854
tests/phoneservices/run.php,Administrative/internal,12255
tests/rdp/run.php,Administrative/internal,6328
tests/rdp/test_static.py,Administrative/internal,8930
tests/security/test_archive_integration.py,Administrative/internal,8606
tests/security/test_release_gate_static.py,Administrative/internal,21978
tests/security/test_security.py,Administrative/internal,12151
tests/smm/fakes.php,Administrative/internal,16458
tests/smm/fixtures/add.json,Administrative/internal,18
tests/smm/fixtures/add_error.json,Administrative/internal,34
tests/smm/fixtures/balance.json,Administrative/internal,39
tests/smm/fixtures/balance_error.json,Administrative/internal,31
tests/smm/fixtures/cancel.json,Administrative/internal,3
tests/smm/fixtures/notjson.txt,Administrative/internal,29
tests/smm/fixtures/refill.json,Administrative/internal,17
tests/smm/fixtures/refill_status.json,Administrative/internal,26
tests/smm/fixtures/services.json,Administrative/internal,895
tests/smm/fixtures/status_completed.json,Administrative/internal,100
tests/smm/fixtures/status_inprogress.json,Administrative/internal,104
tests/smm/fixtures/status_notfound.json,Administrative/internal,32
tests/smm/fixtures/status_partial.json,Administrative/internal,100
tests/smm/fixtures/status_processing.json,Administrative/internal,103
tests/smm/run.php,Administrative/internal,37271
tests/smm/test_static.py,Administrative/internal,21534
tests/staging/test_staging_tools.py,Administrative/internal,3812
tests/theme/fakes.php,Administrative/internal,14538
tests/theme/run.php,Administrative/internal,23346
tests/theme/test_static.py,Administrative/internal,10291
tests/tools/run.php,Administrative/internal,53663
tests/tools/test_static.py,Administrative/internal,11081
tests/website/browser.cjs,Administrative/internal,6254
tests/website/preview.py,Administrative/internal,1434
tests/website/render-fixtures.php,Administrative/internal,5073
tests/website/render-shell.php,Administrative/internal,2928
tests/website/run.php,Administrative/internal,8996
tests/website/test_static.py,Administrative/internal,2322
tools/build-manifests.py,Developer,58579
trademark-policy.php,Legal,13760
vps-hosting.php,VPS,810
vps-privatecloud.php,VPS,832
vps-publiccloud.php,VPS,680
web-hosting.php,Hosting,810
website-design.php,Business,822
windows-hosting.php,Hosting,826
wordpress-hosting.php,Applications,834
